source,target,correlation,distance,edge_type
GOOG,GOOGL,0.9954295603255324,0.09560794605541502,MST+Strong
LBRDA,LBRDK,0.9933120675080043,0.11565407465364745,MST+Strong
Z,ZG,0.9925462091184284,0.12209660831957299,MST+Strong
CCL,CUK,0.9874729935987345,0.1582845943310054,MST+Strong
LBTYA,LBTYK,0.9788154009313853,0.20583779569658578,MST+Strong
LEN,LEN-B,0.9785891137406478,0.20693422268610945,MST+Strong
UA,UAA,0.9775740228528278,0.2117827998075963,MST+Strong
CENT,CENTA,0.9763346020001803,0.2175564202675697,MST+Strong
BRK-A,BRK-B,0.974141264367585,0.22741475604021402,MST+Strong
FWONA,FWONK,0.973326411777734,0.23097007694619645,MST+Strong
BATRA,BATRK,0.9715980467031137,0.238335701467012,MST+Strong
NWS,NWSA,0.9715740731788194,0.2384362674644133,MST+Strong
PBR,PBR-A,0.9713216191592771,0.23949271738707606,MST+Strong
LILA,LILAK,0.9569193444111138,0.29353247039769276,MST+Strong
PAA,PAGP,0.95685216744724,0.2937612382625046,MST+Strong
CLM,CRF,0.942660644540999,0.3386424529175308,MST+Strong
CTBB,CTDD,0.9370783562934292,0.35474397445642636,MST+Strong
HEI,HEI-A,0.9298846440270414,0.37447391357198323,MST+Strong
CHTR,LBRDK,0.9242633864218885,0.3891956155408523,MST+Strong
HPF,HPI,0.9201594765674493,0.3996011096895269,MST+Strong
CHTR,LBRDA,0.9197113635516377,0.4007209414252324,Strong
CHI,CHY,0.9190257243714479,0.40242831816002234,MST+Strong
HQH,HQL,0.9143582286735223,0.4138641596622681,MST+Strong
BMA,GGAL,0.9143214205258849,0.41395308785927676,MST+Strong
EQR,UDR,0.9119482737569552,0.41964681874892085,MST+Strong
AVB,EQR,0.9116385373318365,0.4203842591443297,MST+Strong
FRT,REG,0.9107687887927991,0.4224481298507567,MST+Strong
NCV,NCZ,0.910447059209051,0.42320902823769957,MST+Strong
AMAT,LRCX,0.9068754308780783,0.43156591413577067,MST+Strong
BRX,KIM,0.9065268018907136,0.43237298275744857,MST+Strong
FITB,RF,0.9064828464539931,0.4324746317323292,MST+Strong
CFG,FITB,0.9040605905695918,0.43803974575467064,MST+Strong
MTG,RDN,0.9039758044277637,0.43823326111155986,MST+Strong
CFG,KEY,0.9034268560161317,0.43948411571720836,MST+Strong
RMT,RVT,0.9026924484812175,0.44115201805904153,MST+Strong
AVB,UDR,0.902226686418679,0.4422065435547534,Strong
CFG,RF,0.9017846007492563,0.44320514268393535,Strong
HPF,HPS,0.9006225243440004,0.44581941558438126,MST+Strong
MA,V,0.8980169025702093,0.4516261671555153,MST+Strong
BF-A,BF-B,0.8972812864229991,0.45325205697713256,MST+Strong
ESS,UDR,0.8968442125158876,0.45421533986450163,MST+Strong
MET,PRU,0.8966240276313869,0.4546998402652305,MST+Strong
PFL,PFN,0.8965142972114285,0.4549411012176664,MST+Strong
EQR,ESS,0.8949066976204676,0.4584611267698329,Strong
FFC,FLC,0.8948767900243307,0.4585263568774848,MST+Strong
DHI,LEN,0.8944430665990919,0.4594712905087936,MST+Strong
FITB,KEY,0.8926085386987879,0.46344678508154985,Strong
HPI,HPS,0.8921824651626619,0.46436523305979344,Strong
BBAR,GGAL,0.8920622453425305,0.46462405158895825,MST+Strong
KYN,TYG,0.8909031514749579,0.4671120818926483,MST+Strong
MUFG,SMFG,0.8904404570121758,0.46810157655753354,MST+Strong
AVB,ESS,0.8900407178681965,0.468954757160653,Strong
DAL,UAL,0.8896868174625991,0.46970880881116306,MST+Strong
CPT,MAA,0.8894695411544516,0.47017115786817115,MST+Strong
CMS,LNT,0.8880050247962084,0.4732757657091511,MST+Strong
EGP,FR,0.887692558876234,0.4739355254119826,MST+Strong
NAD,NEA,0.8856008514299782,0.478328649716953,MST+Strong
MLM,VMC,0.8853105159037629,0.4789352442580043,MST+Strong
DHI,LEN-B,0.8850831257458511,0.4794097918360635,Strong
BBAR,BMA,0.884963458024697,0.4796593415650382,Strong
LEN,PHM,0.883640776497859,0.4824090038590511,MST+Strong
KEY,RF,0.8830744682029976,0.48358149633128517,Strong
CMS,WEC,0.8817500131969418,0.48631262949476894,MST+Strong
BAC,JPM,0.8805376998122006,0.4887991411363145,MST+Strong
KLAC,LRCX,0.8804248509766287,0.4890299561854494,MST+Strong
DHI,PHM,0.8795748325717933,0.490765050565353,Strong
FITB,PNC,0.8793495059690769,0.4912239693478385,MST+Strong
FNB,WTFC,0.8779252020949789,0.4941149621394217,MST+Strong
FITB,TFC,0.8778355048973744,0.4942964598348356,MST+Strong
AD,TDS,0.8772251633138942,0.49552968969801553,MST+Strong
LEN-B,PHM,0.8772082394205706,0.49556384165802375,Strong
NNN,O,0.8771035681208449,0.49577501324523227,MST+Strong
CFG,HBAN,0.8769420129413763,0.49610077012361853,MST+Strong
BHP,RIO,0.8761773007934478,0.4976398280012407,MST+Strong
CHSCM,CHSCN,0.8761570543140745,0.4976805113442267,MST+Strong
BP,SHEL,0.8761557907176579,0.49768305030881266,MST+Strong
HBAN,KEY,0.8756282231193476,0.4987419711246535,Strong
BBD,ITUB,0.8756079678253744,0.4987825822432567,MST+Strong
CFG,PNC,0.8745853096618507,0.5008286939426481,Strong
EVT,GDV,0.8741673190118203,0.5016625977450974,MST+Strong
HBAN,RF,0.8741669815408085,0.5016632704497938,Strong
FITB,HBAN,0.8740275855416474,0.5019410611981303,Strong
CPT,UDR,0.8734348450868471,0.5031205718575874,MST+Strong
AEE,CMS,0.8732683659863169,0.5034513561679681,MST+Strong
CATY,UCB,0.8724747160086588,0.505025314199875,MST+Strong
BRX,KRG,0.8724669767102199,0.5050406385426427,MST+Strong
SLG,VNO,0.8718782864234818,0.5062049260458026,MST+Strong
AEE,LNT,0.870789113871991,0.5083520160833613,Strong
CATY,UBSI,0.8705802528848698,0.5087627091584644,MST+Strong
ASB,HWC,0.8704081083011344,0.5091009559976599,MST+Strong
ASB,FNB,0.8703301670694795,0.5092540288117915,MST+Strong
CUZ,HIW,0.8702017403493947,0.5095061523683602,MST+Strong
HLT,MAR,0.8697863902311186,0.510320702634885,MST+Strong
CATY,HOPE,0.8695965272348918,0.5106926135457771,MST+Strong
CFG,TFC,0.8695942605222412,0.5106970520333142,Strong
NCLH,RCL,0.8692248687763237,0.5114198494850906,MST+Strong
AMAT,KLAC,0.8684288527721044,0.5129739705441118,Strong
ASB,CATY,0.8683113019012504,0.5132030750078367,MST+Strong
BGR,PEO,0.8682105123211615,0.5133994306168219,MST+Strong
CATY,FULT,0.8681629933609641,0.5134919797602215,MST+Strong
BUSE,TOWN,0.8681510471783233,0.5135152438276331,MST+Strong
NUE,STLD,0.86780339320357,0.5141918062288234,MST+Strong
FULT,ONB,0.8676261187123032,0.5145364540782252,MST+Strong
PNC,RF,0.867412985339857,0.5149505115254145,Strong
GLO,GLQ,0.8673646148026585,0.5150444353593999,MST+Strong
MCO,SPGI,0.867245444970836,0.5152757611787382,MST+Strong
CATY,HWC,0.8671662776464025,0.5154293789717413,Strong
LNT,WEC,0.8670840025776412,0.5155889785912007,Strong
ASB,FULT,0.8665082700859895,0.5167044221099921,Strong
GHY,ISD,0.8664684069510864,0.5167815651683283,MST+Strong
FULT,UCB,0.866337671136187,0.5170344840797624,Strong
PNC,TFC,0.8648135782764995,0.5199738872741602,Strong
CATY,HOMB,0.8645745185766833,0.5204334374794084,MST+Strong
PFG,PRU,0.8644343738182093,0.5207026525413342,MST+Strong
VTR,WELL,0.8641387511940327,0.5212700812553264,MST+Strong
CCL,RCL,0.8640040161547967,0.5215284917340629,MST+Strong
TOWN,UBSI,0.8635157973215133,0.5224637837754627,MST+Strong
GS,MS,0.8634982837570379,0.5224973038073252,MST+Strong
DEI,KRC,0.8632439576578058,0.5229838283201388,MST+Strong
FULT,TRMK,0.8630919301804348,0.5232744400781776,MST+Strong
RSG,WM,0.8629807564886174,0.5234868546800056,MST+Strong
BAC,C,0.8627852296666936,0.523860230086817,MST+Strong
TFC,USB,0.8626257156502934,0.5241646389250357,MST+Strong
ESNT,MTG,0.8624514367301612,0.5244970224316603,MST+Strong
ASB,ONB,0.8622764476918424,0.5248305484785686,Strong
BSBR,ITUB,0.8621648083667414,0.5250432203795391,MST+Strong
KEY,TFC,0.8617921426172073,0.5257525223577967,Strong
RUSHA,RUSHB,0.8617208486178662,0.525888108597511,MST+Strong
MTH,PHM,0.8615350387623806,0.5262413158193101,MST+Strong
CATY,FFBC,0.8614277936013949,0.5264450710161604,MST+Strong
FULT,UBSI,0.8613251212658672,0.5266400644351562,Strong
UBSI,UCB,0.8612056028803688,0.5268669606639443,Strong
BUSE,SRCE,0.8609334227317068,0.5273833089287017,MST+Strong
VKQ,VMO,0.8608827751259668,0.5274793358493454,MST+Strong
CBU,NBTB,0.860300180964845,0.528582669097569,MST+Strong
HOMB,UBSI,0.8602917143327105,0.5285986864669445,Strong
CCL,NCLH,0.8601713532705195,0.5288263358220362,Strong
CUK,RCL,0.8601196602547517,0.5289240772459659,Strong
RNP,RQI,0.8599060558071594,0.5293277702763017,MST+Strong
ETY,EXG,0.8597848162607595,0.5295567651144502,MST+Strong
AUB,FULT,0.8597792676128054,0.529567242920471,MST+Strong
HAL,SLB,0.8595757954102161,0.5299513271797399,MST+Strong
BUSE,CATY,0.8592977889690537,0.5304756564272224,Strong
HBAN,TFC,0.8588585498624969,0.5313030211423668,Strong
FRT,KIM,0.8588488540016809,0.5313212700397362,MST+Strong
BUSE,FFBC,0.8588108866094343,0.5313927236810186,Strong
BANR,CATY,0.8587706552093763,0.531468427642929,MST+Strong
CUBE,EXR,0.8586187470220151,0.5317541781274218,MST+Strong
BDJ,GDV,0.8585661911887559,0.531853003773118,MST+Strong
ETG,EVT,0.8585199216039737,0.5319399936008314,MST+Strong
COF,SYF,0.8582034013931473,0.5325346910894213,MST+Strong
MAA,UDR,0.8576863806136451,0.53350467549283,Strong
CUK,NCLH,0.857643084348105,0.5335858237470239,Strong
AOD,GDV,0.8576281878589889,0.5336137407170305,MST+Strong
CFG,FNB,0.8576040024651955,0.5336590625761067,MST+Strong
CCD,CHY,0.8575883212846209,0.5336884460345362,MST+Strong
ETW,ETY,0.8573918040881768,0.5340565436577351,MST+Strong
CSQ,ETG,0.8573682502664288,0.534100645447225,MST+Strong
KIM,REG,0.8573072306275744,0.5342148806845904,Strong
CATY,FNB,0.8572359767008908,0.5343482446852599,Strong
PSX,VLO,0.8570714194743259,0.5346561147610194,MST+Strong
AEE,WEC,0.8568808935889831,0.5350123482893023,Strong
ASB,RF,0.8567697625876523,0.5352200246858253,Strong
ETW,EXG,0.8567663427426249,0.5352264142535851,Strong
CFG,WTFC,0.8567611308411831,0.5352361519158004,Strong
BOKF,HWC,0.856519212434728,0.5356879456647724,MST+Strong
FNB,RF,0.8564362937710356,0.5358427124240179,Strong
ASB,WBS,0.8564308005151267,0.5358529639460313,MST+Strong
ABCB,CATY,0.8563409349206325,0.536020643407262,MST+Strong
KIM,KRG,0.856166345800322,0.5363462579335815,Strong
NBTB,STBA,0.8561651400069799,0.5363485060909933,MST+Strong
GDV,TY,0.8561471287772692,0.5363820862458605,MST+Strong
KBH,PHM,0.8559125639685675,0.5368192173002612,MST+Strong
FRME,UBSI,0.8558261422832218,0.5369801816022229,MST+Strong
CSQ,GDV,0.8557108658123841,0.5371948141738078,Strong
WBS,WTFC,0.8557065667028105,0.5372028170015296,Strong
FFBC,UBSI,0.8555593267760232,0.5374768334058256,Strong
AKR,BRX,0.8554135870002787,0.537747920497553,MST+Strong
RF,TFC,0.8551795325422084,0.538182993892954,Strong
FULT,HOMB,0.8548708233746176,0.5387563022840334,Strong
CATY,SFNC,0.8547858621761886,0.5389139779664496,MST+Strong
CATY,FRME,0.8547335644678444,0.539011012006537,Strong
CATY,ONB,0.854721543891813,0.5390333127148766,Strong
FULT,SFNC,0.8546778105236282,0.5391144395698779,Strong
PHM,TOL,0.8546314922870785,0.5392003481321604,MST+Strong
ASB,FFBC,0.8546077177072322,0.5392444386227229,Strong
VGM,VKQ,0.8543481675051461,0.5397255459858351,MST+Strong
FNB,HWC,0.8542323154347515,0.5399401532859887,Strong
FRT,UE,0.8542243430776941,0.5399549183446816,MST+Strong
BRX,FRT,0.8542024233851381,0.5399955122310961,Strong
RNST,TRMK,0.8540790172408114,0.5402239956891746,MST+Strong
ASB,WTFC,0.8540668371678174,0.540246541557061,Strong
CATY,WSBC,0.8540503566587403,0.5402770462295426,MST+Strong
BXMT,STWD,0.8537062508370435,0.5409135775019083,MST+Strong
PNC,USB,0.8536680532222689,0.5409841897463014,Strong
LNC,PRU,0.853636571730469,0.5410423796146305,MST+Strong
SFNC,UCB,0.8535437072513754,0.5412139923332075,Strong
BRX,UE,0.8533885741432287,0.541500555598554,Strong
GGAL,SUPV,0.8533521196754881,0.541567872615265,MST+Strong
UBSI,WSBC,0.8533083956365576,0.5416486026261721,Strong
FRME,TOWN,0.8531935636261078,0.5418605657803347,Strong
NVG,NZF,0.8530606969108573,0.5421057149470806,MST+Strong
AOD,ETG,0.8529183500994997,0.5423682326620916,Strong
BANR,FULT,0.8522104814315283,0.5436718101363573,Strong
TRMK,UBSI,0.8521854455812764,0.5437178577511016,Strong
KEY,ZION,0.8520556277765712,0.543956564853167,MST+Strong
FFBC,FNB,0.8520027514737939,0.5440537630164984,Strong
EMO,KYN,0.8519728223809169,0.544108771513717,MST+Strong
AGNC,NLY,0.8518597623533639,0.5443165212385824,MST+Strong
ETG,ETO,0.851725037979531,0.5445639760771345,MST+Strong
AVB,CPT,0.8517159255654532,0.5445807092333456,Strong
KEY,PNC,0.8516920942865561,0.5446244682594492,Strong
ETG,EXG,0.8516489579607057,0.544703666298097,MST+Strong
HST,SHO,0.8516195825068539,0.5447575928670405,MST+Strong
AKR,KIM,0.8515339739513063,0.5449147200226724,Strong
ONB,TRMK,0.8514447867179594,0.5450783673602183,Strong
BUSE,PEBO,0.8514098876803193,0.5451423893253591,MST+Strong
BBVA,SAN,0.8513412579543289,0.5452682680033216,MST+Strong
FITB,WTFC,0.8511637282859429,0.5455937531058381,Strong
CATY,TRMK,0.8510564630555574,0.5457903204426451,Strong
CMS,XEL,0.850968469530855,0.5459515188533594,MST+Strong
FRME,WSBC,0.850885220214548,0.5461039823796416,Strong
CBRE,JLL,0.8506989633595258,0.5464449407588549,MST+Strong
BXP,VNO,0.8504867983267169,0.5468330671663576,MST+Strong
HOMB,SFNC,0.8504152567239388,0.546963880482178,Strong
MPC,VLO,0.8503109698632545,0.5471545122481318,MST+Strong
FCF,FFBC,0.8500949824182324,0.5475491166676604,MST+Strong
FRME,FULT,0.8498531884105124,0.5479905320158144,Strong
APLE,RLJ,0.8497869076347287,0.5481114710809677,MST+Strong
HBAN,PNC,0.8495791758772929,0.5484903355989185,Strong
CATY,GBCI,0.8494802908286722,0.5486705918332563,MST+Strong
FITB,USB,0.8494793982444029,0.5486722186435123,Strong
ASB,CFG,0.8494349581600046,0.5487532083550772,Strong
RNST,UBSI,0.8493412592632843,0.5489239304980531,Strong
FFBC,HOMB,0.8493319168387826,0.5489409497591109,Strong
HOMB,TOWN,0.8492853623185095,0.5490257510927707,Strong
CATY,FCF,0.8490697157449579,0.5494183911283678,Strong
ABCB,UCB,0.8490346070534454,0.5494822889712727,Strong
CFG,WBS,0.8490024307600424,0.5495408433227826,Strong
LNT,XEL,0.848784252989561,0.5499377183107903,Strong
BRX,REG,0.8486444795437941,0.5501918219243284,Strong
ELS,SUI,0.8486272001255335,0.5502232271986826,MST+Strong
CATY,TOWN,0.8485835078359666,0.5503026297666284,Strong
FCF,TRMK,0.8485314040995572,0.5503973035915835,Strong
FNB,WBS,0.8484548590784152,0.5505363583299195,Strong
AUB,UBSI,0.8483220472926619,0.5507775462150541,Strong
HWC,WTFC,0.8483161856478513,0.550788188602749,Strong
BUSE,FRME,0.8482551980249518,0.5508989053811021,Strong
ONB,UCB,0.8482047523633447,0.5509904674976788,Strong
KBH,MTH,0.8481897828802317,0.5510176351438641,Strong
FR,PLD,0.848135142814374,0.5511167883228129,MST+Strong
REG,UE,0.848018270296972,0.5513288124214588,Strong
SFNC,UBSI,0.8479341913807519,0.5514812936433078,Strong
AVB,MAA,0.8478652586577177,0.5516062750590902,Strong
CCD,CHI,0.8476875257825764,0.5519283906765868,Strong
BUSE,UBSI,0.8476305559141203,0.5520316007003218,Strong
FNB,HOMB,0.8473195546264036,0.5525946893946708,Strong
ABCB,FNB,0.8472946844840911,0.5526396936809894,Strong
KRG,UE,0.8472340716453195,0.552749361563956,Strong
ABCB,ASB,0.8471322206585853,0.5529335933752166,Strong
BAC,PNC,0.8469296782246329,0.5532997772914192,MST+Strong
BANR,UCB,0.8468742947599148,0.5533998649079799,Strong
HIW,PDM,0.8468699030855646,0.5534078006577705,MST+Strong
KBH,TMHC,0.8468419334382159,0.5534583391038284,MST+Strong
FCF,STBA,0.8467353536778883,0.5536508761342507,MST+Strong
AUB,CATY,0.8466668638812856,0.5537745680666716,Strong
GBCI,UBSI,0.8466074188630456,0.553881902822171,Strong
ASB,CFR,0.8465853862367628,0.5539216799570805,MST+Strong
FFBC,FRME,0.8465394107607441,0.5540046736973541,Strong
COP,EOG,0.8465014131389005,0.5540732566386859,MST+Strong
RF,WTFC,0.8463615965278262,0.5543255423885387,Strong
NBTB,SFNC,0.8462083178104148,0.5546019873559509,Strong
ESNT,RDN,0.8460798047632377,0.5548336601843156,Strong
ETV,ETY,0.8460735807955876,0.5548448777891212,MST+Strong
DRH,RHP,0.8460011293246981,0.5549754421148776,MST+Strong
FULT,RNST,0.8459879092727175,0.5549992625711903,Strong
ABCB,FFBC,0.8459648864404601,0.5550407436567876,Strong
BOKF,CFR,0.8459328806630234,0.5550984044959535,Strong
C,JPM,0.8458090321290588,0.5553214706292945,Strong
AUB,FRME,0.8457871890879883,0.5553608032837961,Strong
FCF,FULT,0.8456621258379737,0.5555859504379611,Strong
AKR,FRT,0.8456161727772739,0.5556686552662947,Strong
AKR,KRG,0.8454236116063327,0.5560150868342824,Strong
RNST,UCB,0.8453845342037757,0.5560853635840891,Strong
TRMK,UCB,0.8453441184747017,0.5561580378369053,Strong
BANR,TOWN,0.8452781692008738,0.5562766052947511,Strong
BUSE,CTBI,0.8452314239888868,0.5563606312655724,MST+Strong
CFR,PB,0.8451129312789046,0.5565735687599536,MST+Strong
FR,REXR,0.8449525357979923,0.5568616779811799,MST+Strong
CBU,UBSI,0.8448672249565682,0.5570148562532813,Strong
HBAN,USB,0.8447762535050076,0.5571781519316643,Strong
LEN-B,MTH,0.8446989124865634,0.5573169430646024,Strong
AEP,CMS,0.8445359248150344,0.5576093169683692,MST+Strong
ABCB,HWC,0.8445016697241255,0.5576707456481368,Strong
LEN,MTH,0.8443638505285808,0.5579178245430401,Strong
BUSE,WSBC,0.844279476163884,0.5580690348623834,Strong
BUSE,FCF,0.8442790666543436,0.5580697686591819,Strong
STBA,TOWN,0.8442171371773238,0.5581807284790047,Strong
KBH,TOL,0.844206962362739,0.5581989567121405,Strong
ETG,ETY,0.8441782934879912,0.558250313948875,Strong
MET,PFG,0.8440970899527773,0.5583957557990975,Strong
BKU,FNB,0.8440670812466531,0.5584494941413178,MST+Strong
AUB,UCB,0.8440128615316235,0.5585465754408965,Strong
ASB,PNFP,0.8438680089651996,0.5588058536465064,MST+Strong
AOD,EVT,0.8438664788956062,0.5588085917456779,Strong
HOMB,UCB,0.8438182080960419,0.5588949667047612,Strong
EFSC,FRME,0.8438126387420096,0.5589049315545361,MST+Strong
CATY,WTFC,0.8437366223354783,0.5590409245565511,Strong
EOS,ETY,0.8436331902938652,0.5592259108913585,MST+Strong
BXP,KRC,0.8435067100497327,0.559452035388678,MST+Strong
TMHC,TPH,0.8433468178060247,0.5597377639466097,MST+Strong
ASB,EWBC,0.8433161506003701,0.5597925497889908,MST+Strong
CMS,DUK,0.8432654305371324,0.55988314756361,MST+Strong
ABCB,FULT,0.8432471475399422,0.559915801634599,Strong
HWC,RF,0.8432020047230024,0.5599964201260532,Strong
FITB,FNB,0.8430970348206758,0.5601838362168695,Strong
EOI,EOS,0.8430818405202425,0.5602109593354231,MST+Strong
ATMP,PAA,0.8430338672365391,0.5602965871098288,MST+Strong
ED,WEC,0.8429917178713098,0.5603718089424025,MST+Strong
KEY,WTFC,0.8428500269359546,0.5606246035700635,Strong
OKE,TRGP,0.8428353629332116,0.5606507595050387,MST+Strong
CATY,PNFP,0.8428037757214596,0.5607070969383934,Strong
FULT,HWC,0.8427001317968584,0.5608919115179708,Strong
AKR,UE,0.8425469254479935,0.5611649927641719,Strong
MHO,TMHC,0.8425379453768522,0.5611809950865189,MST+Strong
CHCO,STBA,0.8423116789134694,0.5615840472921763,MST+Strong
ASB,HOMB,0.8422598176235369,0.5616763879254016,Strong
ASB,UBSI,0.842219797828942,0.5617476340333941,Strong
CATY,SRCE,0.8422141192381043,0.5617577427359515,Strong
MTH,TMHC,0.8421638634464993,0.5618471972938919,Strong
KBH,LEN-B,0.8420164322938916,0.562109540403129,Strong
FFBC,FULT,0.8419583629764117,0.5622128369640599,Strong
AOD,CSQ,0.8419418244428594,0.5622422530495919,Strong
NBTB,UBSI,0.841926071730588,0.5622702700115169,Strong
PCN,PTY,0.8418959491234301,0.5623238406409066,MST+Strong
BUSE,UVSP,0.8417358368965703,0.5626085017193212,MST+Strong
CII,CSQ,0.8416776666883445,0.5627118859801266,MST+Strong
ABCB,HOMB,0.8416179759220492,0.5628179529438463,Strong
CATY,UMBF,0.8415413651474818,0.5629540564780011,MST+Strong
FULT,NBTB,0.8414848745471283,0.5630543942691003,Strong
EXR,PSA,0.8414641985444147,0.5630911142179129,MST+Strong
ETY,EVT,0.84142891304317,0.5631537746598703,Strong
HBAN,MTB,0.8414079842799317,0.5631909369300403,MST+Strong
AGD,AOD,0.841142996194523,0.563661252536445,MST+Strong
DUK,LNT,0.8411357532224502,0.5636741022568801,Strong
GEF,GEF-B,0.841115526762529,0.5637099843669101,MST+Strong
CATY,VLY,0.8410728916842424,0.5637856122955918,MST+Strong
NFJ,NIE,0.8410329696812421,0.5638564184590931,MST+Strong
ASB,UCB,0.8410070558371712,0.563902374818246,Strong
VGM,VMO,0.8409500570941263,0.56400344485805,Strong
KBH,LEN,0.8409228351964654,0.564051708274223,Strong
ABCB,UBSI,0.8409208191059833,0.564055282563716,Strong
AEP,LNT,0.8408176778120491,0.564238109645123,Strong
CSQ,EVT,0.84060802779439,0.5646095504073766,Strong
GDV,STEW,0.8405046705303643,0.5647925804569953,MST+Strong
ASB,HBAN,0.8404799480098821,0.5648363515038987,Strong
PK,RLJ,0.8404415016855602,0.5649044137098591,MST+Strong
BANR,UBSI,0.8403841472754494,0.565005933994592,Strong
AAL,DAL,0.84035682006117,0.5650542981675832,MST+Strong
FNB,PNFP,0.8403472050985744,0.5650713139090067,Strong
FR,STAG,0.8403101600082954,0.5651368683632393,MST+Strong
ABCB,TOWN,0.8402817274416173,0.5651871770632853,Strong
CBU,TRMK,0.8402597806733421,0.5652260067029081,Strong
BBAR,SUPV,0.840221442162884,0.5652938312720492,Strong
CATY,RNST,0.8401765706610623,0.5653732030065409,Strong
MFG,SMFG,0.8401420382396558,0.5654342786926597,MST+Strong
FULT,TOWN,0.8400022241494004,0.5656814931577656,Strong
RNST,TOWN,0.8399671448786046,0.5657435021657702,Strong
NBTB,TRMK,0.8398599112075409,0.565933015104189,Strong
CTBI,UBSI,0.8397988680398419,0.5660408677121433,Strong
CSQ,TY,0.8397746906215112,0.5660835793034255,Strong
BBD,BSBR,0.8397269556869321,0.5661678979120379,Strong
ABCB,RNST,0.8397024173036542,0.5662112374306002,Strong
HOMB,TRMK,0.8396823497266236,0.5662466781772347,Strong
HBAN,ZION,0.8395323596446673,0.5665115009518036,Strong
FCF,UBSI,0.8394325206092457,0.5666877083381187,Strong
FULT,STBA,0.839371761509965,0.5667949161558086,Strong
BXP,DEI,0.8392974848777813,0.5669259477607612,Strong
BUSE,EFSC,0.8392873061870928,0.5669439016567815,Strong
CATY,NBTB,0.8392803880831398,0.5669561039743028,Strong
FULT,WAFD,0.8391437987665408,0.567196969726495,MST+Strong
CFG,USB,0.8391349152071365,0.5672126317226434,Strong
RF,WBS,0.8390746318017624,0.5673189018501632,Strong
BUSE,GSBC,0.8390653484494487,0.567335265166112,MST+Strong
BANR,FFBC,0.8386941072459235,0.5679892477047017,Strong
TOWN,WSBC,0.8386838276374268,0.5680073456612568,Strong
CSQ,NFJ,0.8386725702651304,0.568027164376616,MST+Strong
BGB,BGX,0.83865916199065,0.5680507688743145,MST+Strong
HWC,UBSI,0.8386541430541613,0.5680596041716727,Strong
ADI,MCHP,0.8386453741420189,0.568075040567672,MST+Strong
FCF,HOPE,0.8385419321276464,0.5682571035585101,Strong
ABCB,BANR,0.8384703268552242,0.5683830981737157,Strong
MTB,RF,0.8384604544743842,0.5684004671455078,Strong
HOPE,UCB,0.838439947417976,0.5684365445360177,Strong
SFNC,TOWN,0.8383616386433869,0.5685742895288409,Strong
FFBC,TOWN,0.8383433239782435,0.5686065001769791,Strong
FANG,MTDR,0.8383167672000164,0.5686532032794392,MST+Strong
STBA,UBSI,0.8382236669712241,0.5688169002917827,Strong
H,MAR,0.8381789463340154,0.5688955153030909,MST+Strong
BUSE,STBA,0.8380139598927256,0.569185453270328,Strong
DVN,FANG,0.8379464401899733,0.5693040660491134,MST+Strong
MTH,TPH,0.8379186659711407,0.5693528502235837,Strong
BDJ,CII,0.8379137977223636,0.5693614006545163,Strong
FRME,ONB,0.8378097575078486,0.5695441027561455,Strong
FNB,KEY,0.8377692385773996,0.5696152410576817,Strong
FFBC,ONB,0.8377557204060436,0.5696389726729666,Strong
CFG,HWC,0.8376822938004587,0.5697678583415202,Strong
NBTB,TOWN,0.8376734275185563,0.5697834193471124,Strong
ONB,SFNC,0.8375946600408082,0.5699216436654987,Strong
ABCB,SBCF,0.8375634599634657,0.5699763855398472,MST+Strong
FULT,WSBC,0.837532856889581,0.5700300748388966,Strong
REXR,TRNO,0.8375044649593522,0.5700798804389572,MST+Strong
HWC,WBS,0.8374949136575202,0.5700966345146756,Strong
SSB,UCB,0.8374105945402684,0.5702445185352184,MST+Strong
CATY,STBA,0.8373450618356185,0.5703594273164624,Strong
BUSE,FULT,0.8373325097634222,0.5703814341939573,Strong
FRT,KRG,0.8372252844156096,0.5705693920714472,Strong
FFBC,TRMK,0.8370421793657582,0.5708902182280614,Strong
CPT,ESS,0.8369698360685378,0.5710169243226723,Strong
BXP,SLG,0.8369023607497347,0.5711350790316864,Strong
CATY,SSB,0.8369005804240313,0.5711381961941764,Strong
CATY,WBS,0.8368690166724824,0.5711934581689774,Strong
ATMP,PAGP,0.8368568018527519,0.5712148425019226,Strong
ASB,UMBF,0.8368551489006477,0.5712177362431112,Strong
NAD,NZF,0.8368063462745146,0.571303165973173,MST+Strong
AUB,SSB,0.8367634865440599,0.5713781820404769,Strong
LEN-B,TOL,0.8367036082995637,0.5714829686008784,Strong
BUSE,HOMB,0.8366518996056159,0.571573443040147,Strong
BDJ,EVT,0.8365811473250742,0.5716972147473273,Strong
HOMB,ONB,0.8365552769936568,0.5717424647624894,Strong
AUB,WSBC,0.8364625818104553,0.5719045692937672,Strong
FCF,RNST,0.8363388351937049,0.5721209047155944,Strong
HOMB,RNST,0.836303318449093,0.5721829804370399,Strong
CVBF,NBTB,0.8362482222289317,0.5722792635961368,MST+Strong
NWBI,STBA,0.8361995845512539,0.5723642466974088,MST+Strong
HOPE,UBSI,0.8360526955167542,0.5726208247754282,Strong
ONB,UBSI,0.8360350390885545,0.572651658360378,Strong
FCF,NBTB,0.8360130259652039,0.572690097757585,Strong
CBSH,UCB,0.8359122395857714,0.5728660583665759,MST+Strong
CCS,MHO,0.835892253411395,0.5729009453450135,MST+Strong
LEN,TOL,0.8358790178679811,0.572924047552586,Strong
BGY,BOE,0.8358369469030498,0.5729974748582235,MST+Strong
BUSE,TRMK,0.8357759623937717,0.5731038956528358,Strong
PEBO,TOWN,0.8357669307568587,0.5731196545977835,Strong
BANR,FRME,0.8357217674706298,0.5731984517239561,Strong
IQI,VKQ,0.8357121208182473,0.5732152809926698,MST+Strong
BANR,BUSE,0.8356996630096936,0.5732370137915144,Strong
FCF,TOWN,0.8356847363556374,0.5732630524364231,Strong
FRME,STBA,0.8356220816305893,0.5733723369145232,Strong
CII,GDV,0.8356012821808421,0.5734086114092776,Strong
CTBI,SRCE,0.8355928576293136,0.5734233032772325,Strong
AAL,UAL,0.8355516519502565,0.5734951578692596,Strong
CBU,FULT,0.8354855209508834,0.5736104584979542,Strong
HTD,PDT,0.8353956437719431,0.5737671238892255,MST+Strong
AEE,XEL,0.8353922520514376,0.5737730351777824,Strong
RNST,SFNC,0.835365225949761,0.5738201356701226,Strong
FNB,FULT,0.8353579254872916,0.5738328580914628,Strong
BANR,FCF,0.8353021409473524,0.5739300637754526,Strong
JFR,JQC,0.8352758029634502,0.5739759525216188,MST+Strong
FULT,HOPE,0.835244231063526,0.5740309555006141,Strong
CSQ,EOS,0.8351592983605453,0.5741788948393257,Strong
KEY,WBS,0.8350977976101415,0.5742859956325916,Strong
CVX,PEO,0.8350751270217488,0.5743254704055031,MST+Strong
CMS,ED,0.8349884138915444,0.5744764331257733,Strong
GDV,GGZ,0.8349847270943425,0.5744828507547594,MST+Strong
EMO,NML,0.8349676842067792,0.5745125164750038,MST+Strong
CATY,TCBK,0.8349573187208004,0.5745305584200019,MST+Strong
FFBC,SFNC,0.834952959984262,0.5745381449751409,Strong
WEC,XEL,0.834940878774269,0.5745591722803335,Strong
EGP,STAG,0.8347795450929718,0.5748398992885378,Strong
SFNC,TRMK,0.8345888861372192,0.5751714768011029,Strong
EWBC,ZION,0.8345704915590528,0.5752034569453615,Strong
CII,ETY,0.8344877955611308,0.5753472072390187,Strong
CBSH,FULT,0.8342882027227441,0.5756940112199465,Strong
BOKF,CATY,0.8342486010290083,0.575762796594208,Strong
AWR,CWT,0.8341900217677923,0.5758645296112753,MST+Strong
CATY,EFSC,0.8341815982319737,0.5758791570599275,Strong
FFBC,UCB,0.8341603531768987,0.5759160473942383,Strong
NWBI,UBSI,0.8341496698916938,0.5759345971693421,Strong
BUSE,IBOC,0.8341397487856796,0.5759518230100854,MST+Strong
ONB,UMBF,0.8340964262984333,0.576027037041781,Strong
BK,STT,0.8340685832525531,0.5760753713663637,MST+Strong
TCBK,TOWN,0.8340534057585197,0.5761017171324527,Strong
PHM,TMHC,0.8340522344466916,0.5761037502973025,Strong
CPT,EQR,0.8340477547828833,0.5761115260383474,Strong
NBTB,UCB,0.8339955824536172,0.576202078348183,Strong
PNFP,WBS,0.8339492899777211,0.576282413443754,Strong
DVN,MUR,0.8339426710579768,0.5762938988780346,MST+Strong
BAC,RF,0.8339254917258931,0.5763237081260962,Strong
BMA,SUPV,0.8339233029651467,0.5763275059110979,Strong
ABCB,FCF,0.8339152791907068,0.5763414279908969,Strong
HST,PK,0.8338778638431552,0.5764063430546975,MST+Strong
BUSE,FNB,0.8338764724993554,0.5764087568742249,Strong
NEA,NZF,0.8338669505845339,0.576425276016703,Strong
CBU,UCB,0.8337381587179825,0.5766486647552693,Strong
BAC,WFC,0.8337273828143548,0.5766673515739299,MST+Strong
FITB,HWC,0.833720554608534,0.5766791922576469,Strong
MTDR,SM,0.8337073093300331,0.5767021599924295,MST+Strong
INN,XHR,0.8336192066050111,0.5768549096523127,MST+Strong
SFNC,STBA,0.8336136204411269,0.5768645933993057,Strong
MTB,PNC,0.8335359752737697,0.5769991763013711,Strong
FRME,SFNC,0.8335238906240438,0.5770201198848377,Strong
CATY,FIBK,0.8335124552775993,0.5770399374781622,MST+Strong
DRH,PEB,0.8335115714906736,0.577041469063232,MST+Strong
TCBK,WSBC,0.8334309445082246,0.5771811769137579,Strong
DVN,EOG,0.8333906298168056,0.5772510202384997,MST+Strong
FFBC,STBA,0.8333154780324425,0.5773811946497002,Strong
KB,SHG,0.8333073317240969,0.5773953035415219,MST+Strong
FFIN,UBSI,0.833287647141362,0.5774293945732897,MST+Strong
FULT,NWBI,0.8332663618976739,0.5774662554683626,Strong
KEY,USB,0.8332156420887775,0.577554080430954,Strong
SRCE,TOWN,0.8331370313213298,0.5776901741914436,Strong
BANR,HOMB,0.8329771439745819,0.577966877987689,Strong
RJF,SF,0.8329393120384427,0.578032331209176,MST+Strong
AUB,TOWN,0.8329134287375268,0.5780771077675939,Strong
ABCB,WTFC,0.832867016993879,0.5781573886168385,Strong
FPF,LDP,0.8328602944734352,0.5781690159919758,MST+Strong
CSQ,NIE,0.8328191905825955,0.5782401048308644,Strong
HOPE,STBA,0.8327513040982126,0.5783574948105841,Strong
STBA,WSBC,0.8327474975362139,0.57836407644975,Strong
ASB,KEY,0.8325988539326591,0.5786210263503063,Strong
DUK,SO,0.8325943252008854,0.5786288530640598,MST+Strong
AU,GFI,0.8325621847842966,0.5786843962225064,MST+Strong
ABCB,BUSE,0.8324789437530776,0.5788282236500262,Strong
FRME,HOMB,0.8324553305406128,0.5788690170658423,Strong
CVBF,FULT,0.8324051796924234,0.5789556465007947,Strong
STBA,TCBK,0.832389079772136,0.5789834543885757,Strong
HOPE,NBTB,0.8323859202330268,0.5789889114084538,Strong
HOPE,WSBC,0.832381166205462,0.5789971222632079,Strong
FRME,TCBK,0.8323109009645407,0.5791184663528858,Strong
ABCB,PNFP,0.8320428849986516,0.579581081474108,Strong
FIBK,UBSI,0.8320102671045627,0.5796373571388188,Strong
CATY,CVBF,0.8319615995854452,0.5797213130712977,Strong
FRME,SRCE,0.831928027167837,0.5797792214837697,Strong
ETW,GDV,0.8318669543459786,0.5798845499821864,Strong
EWBC,KEY,0.8318652104020007,0.5798875573729778,Strong
BANR,HOPE,0.8318517716398678,0.5799107316822688,Strong
FFBC,RNST,0.8318490270520228,0.5799154644393909,Strong
CTBI,PEBO,0.8317880594245295,0.5800205868337269,Strong
FRME,NBTB,0.8317844338968083,0.5800268374880453,Strong
CII,EOS,0.8317754264308886,0.5800423666752479,Strong
NBTB,ONB,0.8317694778662096,0.5800526219814723,Strong
BUSE,TCBK,0.831732698076303,0.5801160261942381,Strong
KBH,TPH,0.8316967994439509,0.5801779047086317,Strong
FULT,TCBK,0.8315902043178912,0.5803616039713668,Strong
SRCE,UBSI,0.8315759236938547,0.5803862098743306,Strong
FRA,JFR,0.8315722503225365,0.5803925390241738,MST+Strong
HOPE,TRMK,0.8315574159073523,0.5804180977410124,Strong
TOWN,TRMK,0.8315047653616952,0.580508802066437,Strong
BANR,TCBK,0.8314980102596473,0.5805204384694008,Strong
CATY,EWBC,0.8314843262234374,0.5805440100053787,Strong
BANR,HFWA,0.8314794110642687,0.580552476414891,MST+Strong
FFBC,WSBC,0.8314457700083608,0.5806104201470021,Strong
CBU,SFNC,0.8313991107444834,0.5806907770156448,Strong
RNST,STBA,0.8313936051522065,0.5807002580467715,Strong
SHEL,TTE,0.8313096897337027,0.5808447473573249,MST+Strong
BANR,SFNC,0.8312805169007448,0.5808949700234204,Strong
HOPE,ONB,0.8312548825271359,0.5809390974497484,Strong
CUBE,PSA,0.8311918436839567,0.5810475992826117,Strong
ASB,VLY,0.8311539633636067,0.5811127887706367,Strong
GSBC,SRCE,0.8310811044876387,0.5812381534489306,Strong
EGP,TRNO,0.8310651317251952,0.5812656333808232,Strong
DHI,MTH,0.8310563092915163,0.5812808111549592,Strong
CTBI,GSBC,0.8310408728564043,0.5813073664484146,Strong
ASB,BOKF,0.8310387866058584,0.5813109553313813,Strong
HWC,PNFP,0.8309965258425642,0.5813836498516892,Strong
ABCB,AUB,0.8309934248987751,0.581388983557867,Strong
BAC,FITB,0.8309671604977483,0.5814341570672499,Strong
ASB,BUSE,0.8309667386804779,0.5814348825440767,Strong
ONB,RNST,0.8308654099924145,0.5816091299276267,Strong
HWC,UCB,0.8308602800474221,0.5816179501228929,Strong
CFG,EWBC,0.8308194956364958,0.5816880682350364,Strong
FRME,TRMK,0.830695338676297,0.5819014715975601,Strong
PB,UCB,0.830695280508764,0.581901571558689,Strong
HBAN,HWC,0.8306007345416856,0.5820640264752914,Strong
HOPE,SFNC,0.830589302092204,0.5820836673671508,Strong
CHCO,NBTB,0.8305571152488567,0.5821389606462418,Strong
ABCB,SFNC,0.8305192473809992,0.5822040065458168,Strong
RLJ,XHR,0.8305173008801923,0.5822073498673952,MST+Strong
ETW,EVT,0.8304683132935149,0.5822914849222597,Strong
STBA,TRMK,0.8303530531026272,0.5824893937186716,Strong
BAC,CFG,0.8302207055788371,0.5827165596088083,Strong
MHO,MTH,0.8301979551425037,0.5827556003291539,Strong
CTBI,TOWN,0.830184447177774,0.5827787793360806,Strong
BXP,HIW,0.8301369541860938,0.5828602676695439,MST+Strong
CATY,SBCF,0.8301316202282356,0.5828694189469275,Strong
IQI,VMO,0.8301062482320513,0.5829129467904256,Strong
BPOP,FBP,0.8300681160967956,0.5829783596381676,MST+Strong
CSQ,ETY,0.8300443001914402,0.5830192103328325,Strong
CNQ,SU,0.8299847200350016,0.5831213938195003,MST+Strong
FULT,SSB,0.8299820130669958,0.5831260360042315,Strong
PEB,RLJ,0.829849997425954,0.5833523850539157,MST+Strong
EGP,REXR,0.8298253880915425,0.5833945695812698,Strong
BANR,STBA,0.8298240440394892,0.5833968734241054,Strong
AOD,CII,0.8297804035191899,0.5834716728013625,Strong
BGT,FRA,0.8297626611579781,0.5835020802739641,MST+Strong
NBTB,TCBK,0.8297325515061382,0.5835536796111593,Strong
CBU,FCF,0.82970550243491,0.583600030097823,Strong
UCB,WAFD,0.829702530070202,0.5836051232293938,Strong
PNFP,RF,0.8296400542987643,0.5837121648573648,Strong
UBSI,VLY,0.8296382223088566,0.5837153033648225,Strong
FFBC,HWC,0.8295529772099884,0.583861323928913,Strong
AOD,ETW,0.8294973974376344,0.5839565096175666,Strong
FULT,PNFP,0.8294011603505855,0.584121288174664,Strong
ASB,FCF,0.8293413114240127,0.584223738949364,Strong
FCF,SFNC,0.8293318417206247,0.5842399477601224,Strong
AWK,WTRG,0.8292852880332009,0.5843196248061485,MST+Strong
RF,USB,0.8292577902131439,0.5843666824637695,Strong
MHO,TPH,0.8292035171505849,0.584459550096352,Strong
ABCB,WSBC,0.8291992764562244,0.584466805804702,Strong
PNFP,WTFC,0.8291135225816401,0.5846135089413517,Strong
PEB,PK,0.8291130455911385,0.5846143248482053,Strong
ASB,HOPE,0.8290749442194625,0.5846794947328622,Strong
BUSE,PFS,0.8289698745949524,0.5848591717756465,MST+Strong
FFIN,GBCI,0.8289622722002162,0.5848721703069548,Strong
ABCB,BKU,0.828919846513924,0.58494470420045,Strong
INDB,UCB,0.8288999918131406,0.5849786460835292,MST+Strong
ABCB,SSB,0.8288938501815558,0.5849891448880812,Strong
CII,ETG,0.8288763414111668,0.5850190741998643,Strong
KIM,UE,0.8288445007486095,0.5850734983767262,Strong
BUSE,HWC,0.8287763666969374,0.5851899406228076,Strong
CATY,NWBI,0.8287117184481758,0.5853004041546942,Strong
ASB,SFNC,0.8286708776721415,0.5853701774567244,Strong
CCS,TMHC,0.8286674504601189,0.5853760322047378,Strong
EOI,ETY,0.8286367743305755,0.5854284340026961,Strong
EWBC,RF,0.8285637401969359,0.5855531740210518,Strong
ETV,ETW,0.8285379455261814,0.5855972241631932,Strong
CBU,CVBF,0.8285329581141935,0.5856057408970757,Strong
HWC,ONB,0.8284535234279262,0.5857413705246945,Strong
ETG,ETW,0.8284287286530234,0.5857836995802744,Strong
AOD,ETY,0.8284162362080321,0.58580502522933,Strong
BUSE,NBTB,0.8283914949793726,0.585847258286027,Strong
MTDR,OVV,0.8283336130644997,0.5859460503075352,MST+Strong
EVT,STEW,0.828318361676211,0.5859720783856327,Strong
ABCB,HOPE,0.8283026411677324,0.5859989058560904,Strong
HOMB,HWC,0.8280964165960886,0.5863507199687086,Strong
FCF,WSBC,0.8280777726379649,0.5863825157046125,Strong
BAC,MS,0.8280348718414478,0.5864556729345403,MST+Strong
FFC,FPF,0.8279430194406553,0.586612274947166,MST+Strong
DRH,INN,0.827888979795784,0.5867043892868298,Strong
FFBC,SRCE,0.827880299970478,0.5867191833058163,Strong
ASB,BANR,0.8277968626431188,0.5868613760623222,Strong
FFBC,HOPE,0.8276212972583825,0.5871604597409765,Strong
NBTB,NWBI,0.8276152976406088,0.5871706776728401,Strong
FRME,UCB,0.827614065350757,0.5871727763601494,Strong
CFR,HWC,0.8276015978891637,0.5871940090137779,Strong
PEBO,SRCE,0.8275723446681851,0.5872438255645008,Strong
UCB,WSBC,0.8275718861436213,0.587244606371789,Strong
CFG,ZION,0.8274991891700556,0.5873683866704853,Strong
ETO,GDV,0.8274837092250643,0.5873947408258533,Strong
AUB,RNST,0.8274316015271815,0.5874834439757745,Strong
FCF,UCB,0.8273030697033392,0.5877021869904191,Strong
FNB,ONB,0.8273026150264234,0.5877029606418136,Strong
NBTB,WSBC,0.8272917961951353,0.5877213690259436,Strong
LEN-B,TMHC,0.8272771207855839,0.5877463385073805,Strong
CATY,COLB,0.8272035554308221,0.587871490326207,MST+Strong
KRG,REG,0.827169190549299,0.5879299438720585,Strong
ETO,EVT,0.827143684052612,0.5879733258361097,Strong
BOH,FHB,0.8271340187295513,0.5879897639762935,MST+Strong
ETG,GDV,0.8271129562705896,0.588025584017244,Strong
ASB,FITB,0.8270751853193867,0.5880898140260776,Strong
CVBF,TCBK,0.8270267602269641,0.5881721512840198,Strong
EQR,MAA,0.8269844624831181,0.5882440607721967,Strong
HD,LOW,0.8269666670399184,0.5882743117969399,MST+Strong
HWC,UMBF,0.8269183317582603,0.5883564705886044,Strong
FFIN,UMBF,0.8268895915207043,0.5884053169020411,Strong
CATY,CBU,0.8268860771107277,0.5884112896423255,Strong
AUB,ONB,0.826881771655141,0.588418606682112,Strong
CATY,FFIN,0.82687608856808,0.5884282648410424,Strong
CATY,CFR,0.8268436498240154,0.5884833900391491,Strong
FRME,RNST,0.8267808295413333,0.5885901298164399,Strong
ABCB,FRME,0.8267041559109084,0.5887203819965665,Strong
KBH,MHO,0.8266740951733558,0.5887714409287261,Strong
MTB,TFC,0.8266503305394184,0.5888118026340532,Strong
FFBC,UVSP,0.8266458068855655,0.588819485265959,Strong
CATY,GSBC,0.8266230527186587,0.5888581277036793,Strong
GDV,USA,0.8266043129286267,0.5888899507911021,MST+Strong
BKU,KEY,0.8266008267782292,0.588895870628706,Strong
NBTB,TMP,0.8265928532531602,0.5889094102607629,MST+Strong
CATY,WAFD,0.8265518839874734,0.5889789741790901,Strong
HOPE,RNST,0.8265432559302925,0.5889936231738124,Strong
TOWN,UCB,0.82648369118024,0.5890947441961437,Strong
LRCX,MKSI,0.8264420154745694,0.5891654852847892,MST+Strong
BANR,CVBF,0.8264007315763259,0.5892355529390163,Strong
BKU,HWC,0.8263529220195347,0.5893166856291535,Strong
DEI,HIW,0.8263427334768491,0.5893339741151038,Strong
ABCB,ONB,0.8263156417142139,0.5893799424578107,Strong
CATY,WSFS,0.826295322139827,0.5894144176386814,MST+Strong
CVBF,HOPE,0.8262933956490687,0.5894176861122024,Strong
FITB,MTB,0.8262916445274272,0.5894206570397288,Strong
EWBC,FITB,0.8262793773885662,0.5894414688693591,Strong
FULT,UMBF,0.8261408048923171,0.5896765131963166,Strong
HWC,IBOC,0.8261386579276472,0.5896801541044989,Strong
ETV,EXG,0.826100444229225,0.5897449546554425,Strong
TOWN,UVSP,0.8260959446023126,0.5897525843905855,Strong
BUSE,ONB,0.8260642950468255,0.5898062477681538,Strong
EFR,EFT,0.8260536501975329,0.5898242955363354,MST+Strong
EFSC,UCB,0.8260443746227434,0.5898400213231663,Strong
ASB,TRMK,0.8260308138944372,0.5898630113942775,Strong
BANR,TRMK,0.8259567548376298,0.5899885510115772,Strong
H,HLT,0.8259405024385652,0.5900160973421569,Strong
FR,TRNO,0.8259116498696564,0.590064996640783,Strong
AMH,INVH,0.8259095752570056,0.5900685125356112,MST+Strong
AKR,REG,0.8258865550744192,0.5901075239743699,Strong
HBAN,WBS,0.8258058650723076,0.5902442459316184,Strong
FFC,HPI,0.825792569490853,0.5902667710605892,MST+Strong
HFWA,TCBK,0.8257818310995536,0.5902849632176758,Strong
BUSE,FBNC,0.8257652686228604,0.5903130209933364,MST+Strong
ASB,AUB,0.8257206241361279,0.5903886446466804,Strong
E,TTE,0.8256738550754624,0.590467856745035,MST+Strong
EAD,ISD,0.8256086324271198,0.5905783056849958,MST+Strong
FFBC,PEBO,0.825579515061216,0.5906276067689082,Strong
PB,UBSI,0.8255592932683624,0.5906618435816513,Strong
CATY,PB,0.8255567868459728,0.5906660869798218,Strong
CB,TRV,0.8255216104286672,0.5907256377902228,MST+Strong
CFG,MTB,0.825502561836274,0.5907578830006858,Strong
CVBF,UCB,0.8254865487226105,0.5907849884304602,Strong
TCBK,UBSI,0.8254486026566372,0.5908492148481925,Strong
FIBK,FULT,0.8254482196288564,0.5908498631143848,Strong
BKU,CFG,0.825308409431585,0.5910864413407145,Strong
FLC,HPI,0.8252415131769104,0.5911996055869618,Strong
BANR,NBTB,0.8252034094825175,0.5912640535623361,Strong
FCF,FRME,0.825200925144317,0.5912682552880427,Strong
IDA,LNT,0.8251787740372102,0.5913057178191157,MST+Strong
CATY,CTBI,0.8251610364292292,0.5913357144140218,Strong
CVX,XOM,0.8251372343172123,0.5913759644807822,MST+Strong
TMHC,TOL,0.8251091138918456,0.5914235134117588,Strong
CBU,STBA,0.8250838057876252,0.5914663037103209,Strong
UBSI,UMBF,0.8250510807077278,0.5915216298535028,Strong
FPF,JPC,0.8249463122958516,0.5916987201340703,MST+Strong
CSQ,FFA,0.8249285487345878,0.5917287406665528,MST+Strong
ASB,FRME,0.824895814778413,0.5917840572735751,Strong
DRH,RLJ,0.8248917373081197,0.5917909473655039,Strong
FRME,HFWA,0.8248566551104924,0.5918502257995811,Strong
SSB,UBSI,0.8248328231835202,0.5918904912506701,Strong
MTB,USB,0.8247671143377061,0.5920014960492818,Strong
BANR,COLB,0.8247187121654119,0.5920832506237413,Strong
ONB,SSB,0.8247115020578732,0.5920954280217451,Strong
HOMB,PB,0.8246899485729702,0.5921318289486385,Strong
CTBI,NBTB,0.8246492788032634,0.5922005086062263,Strong
EGP,PLD,0.8246189389630584,0.5922517387681384,Strong
HFWA,NBTB,0.8245591435400544,0.5923526930131162,Strong
EVT,EXG,0.8245215720693558,0.5924161171518617,Strong
BUSE,RNST,0.8245119783764238,0.592432311110014,Strong
GSBC,TOWN,0.8244852836011747,0.5924773690172905,Strong
SRCE,STBA,0.824473771541926,0.5924967990767106,Strong
SRCE,UVSP,0.8244130785368858,0.5925992262281722,Strong
FRME,HOPE,0.8243518290701258,0.5927025745344358,Strong
FIBK,FRME,0.8243327572379143,0.592734751405864,Strong
FNB,UBSI,0.8243227566320295,0.5927516231407056,Strong
ATMP,KYN,0.8242503650833347,0.5928737385256077,MST+Strong
TFC,ZION,0.824234943927789,0.5928997488146053,Strong
ETY,GDV,0.8241550500360237,0.5930344846026684,Strong
CTBI,STBA,0.8241495508216826,0.5930437575395552,Strong
OHI,SBRA,0.8241470796016146,0.5930479245362644,MST+Strong
EWBC,WBS,0.8241343833625819,0.5930693326035634,Strong
CATY,RF,0.824000734140955,0.5932946415720355,Strong
HOMB,PNFP,0.8239463198066754,0.5933863500171277,Strong
DHI,KBH,0.8239420377768994,0.5933935662325647,Strong
ASB,BKU,0.8237705545616628,0.593682483215291,Strong
BUSE,MBWM,0.8237676157609892,0.593687433316574,MST+Strong
AEP,WEC,0.8237304849086892,0.593749972785365,Strong
BRK-B,STEW,0.8237285630125173,0.5937532096544536,MST+Strong
ASB,PB,0.8237264483621294,0.5937567711409625,Strong
FCF,SRCE,0.823647373889305,0.5938899327496553,Strong
CVBF,TRMK,0.8236165019908476,0.5939419130001728,Strong
DRH,PK,0.8235928405329245,0.5939817496642056,Strong
AUB,SFNC,0.8235488010530262,0.5940558878539524,Strong
AMT,CCI,0.8235449977759763,0.5940622900404026,MST+Strong
FCF,NWBI,0.8235426521406741,0.5940662384942034,Strong
GBCI,ONB,0.8234634014371897,0.5941996273354778,Strong
BKU,PNFP,0.8233523794611404,0.5943864408595803,Strong
UCB,UMBF,0.8233456141077526,0.5943978228295379,Strong
HOPE,TOWN,0.8232795321291976,0.5945089870991059,Strong
AUB,BANR,0.8232730366996182,0.5945199127033204,Strong
GBCI,UCB,0.8232604626134343,0.59454106231036,Strong
GSBC,PEBO,0.8232522172285183,0.5945549306354826,Strong
CATY,PEBO,0.8232204270447202,0.5946083971073396,Strong
FRME,PEBO,0.8232090418194576,0.5946275442334342,Strong
PHM,TPH,0.8231876090833817,0.5946635871089103,Strong
FFIN,HOMB,0.8231195888614051,0.5947779604837335,Strong
BANR,RNST,0.823082393244019,0.5948404941763481,Strong
AOD,EXG,0.8230634826346344,0.5948722843860952,Strong
CHW,CSQ,0.8229808456942383,0.5950111836020591,MST+Strong
CBU,TMP,0.822952644205086,0.5950585782843804,Strong
CTBI,WSBC,0.8228956842098297,0.595154292247263,Strong
BMO,CM,0.8228929225054631,0.5951589325458149,MST+Strong
CBU,RNST,0.8228500374602876,0.5952309846432936,Strong
FCF,UVSP,0.8228494709387185,0.5952319364101384,Strong
AUB,BUSE,0.8228059128285686,0.5953051102945973,Strong
FIBK,ONB,0.8227896941026566,0.5953323540634147,Strong
FITB,WBS,0.8227674631019695,0.5953696950601879,Strong
ADI,TXN,0.8227091210114295,0.5954676800441323,MST+Strong
FFBC,IBOC,0.822697545335881,0.5954871193638347,Strong
ETG,NFJ,0.8226903851710042,0.5954991432890492,Strong
BP,TTE,0.8226515204201456,0.5955644038722503,Strong
BUSE,HOPE,0.8226494793297447,0.5955678310155028,Strong
AUB,HOPE,0.8226378252209642,0.5955873987569512,Strong
RF,ZION,0.8226307228957354,0.5955993235460643,Strong
STBA,UCB,0.822625726644033,0.5956077120991081,Strong
ONB,TOWN,0.8225590198551671,0.5957196994305843,Strong
GSBC,NBTB,0.8225133355127584,0.5957963821428284,Strong
AOD,NFJ,0.8224568524711416,0.595891177194055,Strong
CHCO,CTBI,0.822414217789084,0.5959627206644993,Strong
CFR,WBS,0.8223945794772447,0.5959956720023314,Strong
CATY,FITB,0.8223683544625743,0.5960396724001276,Strong
EFSC,TOWN,0.8223556270633741,0.596061025292924,Strong
SFNC,WSBC,0.8223091369601827,0.59613901573344,Strong
CATY,UVSP,0.822173198423369,0.5963670037428814,Strong
CFR,RF,0.8221286465155588,0.5964417045855214,Strong
EFSC,FULT,0.8221026427451203,0.5964853011682344,Strong
RNST,WSBC,0.8220691185283269,0.596541501442562,Strong
FFC,LDP,0.8219913891184705,0.5966717873027507,Strong
AEM,ASA,0.8219764693338237,0.5966967917898943,MST+Strong
BLD,IBP,0.82189925232004,0.596826185216366,MST+Strong
NWBI,TRMK,0.8218843209258764,0.5968512026864378,Strong
PEBO,UBSI,0.8218693550628202,0.5968762768567365,Strong
CATY,CBSH,0.8218130507658481,0.5969706010083778,Strong
BOKF,UCB,0.8218087410447746,0.59697782028351,Strong
FRME,GSBC,0.8217923008421963,0.5970053586992392,Strong
ONB,PNFP,0.8217564297884167,0.5970654406538421,Strong
CATY,HFWA,0.8216557688602392,0.5972340096474092,Strong
GSBC,UBSI,0.8216515301659674,0.5972411068137099,Strong
FCF,ONB,0.8216034123834759,0.5973216681429263,Strong
FCF,HOMB,0.821592066824855,0.5973406618926005,Strong
IBOC,TOWN,0.8215697189084514,0.5973780730685527,Strong
CTBI,FRME,0.8215645115544385,0.5973867900206055,Strong
FIBK,GBCI,0.8215134445395363,0.597472267909505,Strong
COP,PEO,0.8215103344393263,0.5974774733170677,MST+Strong
HFWA,STBA,0.8214892484343149,0.5975127639903354,Strong
HPI,JPC,0.821479732699835,0.5975286893533481,Strong
HWC,WSBC,0.8214710527806849,0.5975432155406253,Strong
GBCI,HOMB,0.821415919321475,0.5976354753167269,Strong
AUB,TRMK,0.821411497746885,0.5976428737182682,Strong
JPM,PNC,0.8213623309180982,0.5977251359645198,Strong
TRMK,WSBC,0.8213593629349282,0.5977301014087744,Strong
FNB,PNC,0.8213372744071348,0.5977670542826281,Strong
FRME,SBCF,0.8212936206217886,0.5978400779108263,Strong
PNFP,UBSI,0.8212847528227326,0.5978549107890098,Strong
FULT,VLY,0.8212723810775502,0.5978756039887392,Strong
CHCO,UBSI,0.8211737607572296,0.5980405324771397,Strong
GDV,NFJ,0.8211425423118061,0.5980927314191236,Strong
CII,EVT,0.8210822506341596,0.5981935294966678,Strong
NFJ,TY,0.821063495456702,0.5982248817013516,Strong
CNOB,PFS,0.8210464067464358,0.5982534467156277,MST+Strong
FNB,HBAN,0.8209517345152568,0.5984116734903209,Strong
BUSE,NWBI,0.8209007821936424,0.5984968133688894,Strong
FFIN,ONB,0.8208837661984256,0.598525243914698,Strong
ASB,RNST,0.8208333178799886,0.5986095256843336,Strong
AUB,FFBC,0.8208167074900737,0.5986372733298959,Strong
FULT,SRCE,0.8207754160985437,0.5987062450007622,Strong
NBTB,RNST,0.8207521793500714,0.598745055344808,Strong
FFBC,FFIN,0.8207379187003933,0.5987688724367805,Strong
FULT,PB,0.8206939124179309,0.5988423625330277,Strong
HOMB,IBOC,0.8205855919315245,0.5990232183621526,Strong
BAC,TFC,0.8205434602786678,0.5990935481564331,Strong
ASB,WSBC,0.820502969172274,0.599161131629424,Strong
MBWM,PEBO,0.8204835838463457,0.5991934848672077,Strong
FULT,HFWA,0.820479147101514,0.5992008893492832,Strong
BUSE,CNOB,0.8204781591849077,0.5992025380705464,Strong
BAC,HBAN,0.8203712104288139,0.5993809966476851,Strong
APLE,PK,0.8203623204450831,0.5993958284054318,Strong
CSQ,ETW,0.8203470192314496,0.5994213555897895,Strong
FCF,FNB,0.8202972035123821,0.5995044561762954,Strong
HOMB,HOPE,0.8202687371943571,0.5995519373759756,Strong
HBAN,WTFC,0.8202380831433689,0.599603063462206,Strong
FFBC,PNFP,0.8202350186812746,0.5996081742583659,Strong
DUK,ED,0.8202239998031964,0.5996265507744026,Strong
CATY,PFS,0.8202098064279474,0.5996502206654353,Strong
CLDT,XHR,0.8202029322799252,0.5996616841521138,MST+Strong
FIBK,UCB,0.8200908777301879,0.5998485179940218,Strong
CBU,FRME,0.8200784901191338,0.59986916887079,Strong
EFSC,FCF,0.8200389606986394,0.5999350619881466,Strong
ASB,SSB,0.819934664125818,0.6001088832440027,Strong
FNB,VLY,0.819881131663467,0.600198081197421,Strong
ABCB,VLY,0.8198761263564218,0.6002064205647557,Strong
GBCI,WSBC,0.8198616503775518,0.6002305384141134,Strong
HOMB,STBA,0.8198594617592119,0.6002341846992524,Strong
CII,TY,0.8198452007647287,0.6002579432798392,Strong
ABCB,WSFS,0.8198436718940028,0.6002604902973329,Strong
JRS,RQI,0.8198025554338931,0.6003289840847381,MST+Strong
CBU,ONB,0.8197592336321216,0.6004011431832529,Strong
SFNC,WAFD,0.8197304367567614,0.6004491039934002,Strong
IBOC,UBSI,0.8197138866917117,0.6004766661716144,Strong
NWBI,TOWN,0.8195438574817456,0.6007597565054676,Strong
BANR,WSBC,0.8195252705317561,0.6007906947818749,Strong
EOS,NIE,0.8193901370432836,0.6010155787610109,Strong
EWBC,HBAN,0.8193829203757944,0.601027586096022,Strong
FITB,ZION,0.8192581871856452,0.6012350834978857,Strong
CVBF,SFNC,0.8192510227265457,0.6012469996157225,Strong
BOH,UCB,0.8192360952492915,0.6012718266320292,MST+Strong
COLB,UCB,0.8192227882349266,0.6012939576697465,Strong
CVBF,GBCI,0.8191998905325414,0.6013320371765646,Strong
COP,DVN,0.8191762375898758,0.6013713701368302,Strong
EOS,ETG,0.819161422610639,0.6013960049574009,Strong
BUSE,GABC,0.8191272936258348,0.6014527518835793,MST+Strong
FULT,GBCI,0.8191172520801394,0.6014694471373597,Strong
CHCO,TOWN,0.8191096289969095,0.6014821211026816,Strong
HOPE,NWBI,0.8190895775248821,0.6015154569503894,Strong
PEBO,UVSP,0.8190740612363424,0.6015412517253619,Strong
BANR,CBU,0.8190595718032275,0.6015653384243019,Strong
ABCB,UMBF,0.8190537124672282,0.6015750784944,Strong
ATMP,OKE,0.8189970935864865,0.6016691888629723,MST+Strong
PEB,XHR,0.8189219241565618,0.6017941107113598,Strong
CHCO,FCF,0.8189001217009512,0.6018303387152376,Strong
AOD,BOE,0.8188755150986179,0.6018712236041562,MST+Strong
BANR,ONB,0.8188620479109145,0.6018935987183872,Strong
LEN,TMHC,0.8188304108919663,0.6019461589013319,Strong
HFWA,UBSI,0.818810509907822,0.6019792190635455,Strong
CBSH,HOMB,0.8188075483837622,0.6019841386884505,Strong
FFBC,NBTB,0.8188053524222482,0.6019877865501124,Strong
CVBF,UBSI,0.8187396906951979,0.6020968515194247,Strong
ASA,B,0.8187246706363366,0.6021217972531195,MST+Strong
SRCE,WSBC,0.8186687770247218,0.6022146178486174,Strong
FFC,JPC,0.8186612335841641,0.6022271438848235,Strong
ASB,PNC,0.8186563008065315,0.6022353347213504,Strong
BOH,CVBF,0.8186200783556649,0.602295478389694,Strong
BKU,RF,0.81859734192265,0.6023332268393468,Strong
DUK,WEC,0.8185906420200384,0.602344349985889,Strong
CTBI,MBWM,0.8185304645112336,0.6024442471943215,Strong
ESS,MAA,0.8185070399251071,0.6024831285187875,Strong
FCF,HWC,0.8184607182745047,0.6025600081742818,Strong
FCF,TCBK,0.8184307315931033,0.6026097715883749,Strong
EFSC,FFBC,0.8184213219465787,0.6026253862117349,Strong
EWBC,FULT,0.8184147406902688,0.6026363070870046,Strong
CII,EOI,0.8184106237471356,0.6026431386033768,Strong
CVBF,ONB,0.81838851547318,0.6026798230019319,Strong
CATY,INDB,0.8183880553167858,0.6026805865186204,Strong
EOG,FANG,0.8183045542284323,0.6028191200875561,Strong
BKU,WTFC,0.8182928307323462,0.602838567557939,Strong
MPC,PSX,0.8182833704569302,0.6028542602371982,Strong
FRME,GBCI,0.8182832674244596,0.6028544311449331,Strong
EOS,ETV,0.8182555384767689,0.6029004254820709,Strong
FCF,PEBO,0.8181624388645924,0.603054825261199,Strong
CBU,FFIN,0.8181389310858649,0.6030938051648933,Strong
BUSE,GBCI,0.8181115110665618,0.6031392690472711,Strong
ABCB,TRMK,0.8179914738587036,0.6033382569360182,Strong
EFSC,UBSI,0.8179710078228709,0.6033721773120286,Strong
STBA,UVSP,0.81792914481944,0.603441555049965,Strong
GABC,TOWN,0.8179266307303893,0.6034457212866965,Strong
AUB,EFSC,0.8179051116475539,0.6034813805784668,Strong
PLD,REXR,0.8178965041933297,0.6034956434087495,Strong
CUZ,PDM,0.8178824218018269,0.603518977660476,Strong
CVBF,FRME,0.8177936678881261,0.6036660204316189,Strong
FULT,UVSP,0.8177602240008874,0.6037214191978161,Strong
FRME,GABC,0.817697146415252,0.6038258914368412,Strong
ETB,ETV,0.8176662496842696,0.6038770575468659,MST+Strong
TRMK,WAFD,0.8176300972327268,0.6039369218176235,Strong
BKU,VLY,0.8175830834292066,0.604014762354023,Strong
FBNC,TOWN,0.8175682914863547,0.6040392512306553,Strong
MFG,MUFG,0.8175646248114713,0.6040453214594559,Strong
EWBC,WTFC,0.8175303460611112,0.6041020674337886,Strong
DEI,VNO,0.8175180999905253,0.6041223386193805,Strong
ONB,WSBC,0.8175086854370834,0.6041379222709274,Strong
SRCE,TCBK,0.8175058565561443,0.6041426047612529,Strong
PNFP,VLY,0.8174802238403627,0.6041850315253388,Strong
MHO,PHM,0.8174693937494567,0.6042029563822794,Strong
BDJ,STEW,0.8174431981006866,0.604246310537869,Strong
TOWN,WSFS,0.8174188108586091,0.6042866689600076,Strong
FULT,PEBO,0.8172749640721102,0.6045246660441405,Strong
ASB,TOWN,0.8172742152182996,0.6045259047910195,Strong
GBCI,RNST,0.8172127057565526,0.60462764449444,Strong
NWBI,UCB,0.8171953926208904,0.6046562781930072,Strong
SFNC,SSB,0.8170763651229331,0.6048530976643285,Strong
FFA,GDV,0.8170704791291302,0.6048628288643133,Strong
BUSE,IBCP,0.8170571128761517,0.6048849264510537,MST+Strong
CVBF,STBA,0.8170495073650623,0.6048974998046159,Strong
CFG,PNFP,0.8170022448566422,0.604975627845218,Strong
EOI,ETG,0.8169640629608123,0.6050387376675773,Strong
CATY,CFG,0.8169495226045079,0.6050627692983466,Strong
CSX,NSC,0.8168577992744641,0.6052143433950254,MST+Strong
BOH,FULT,0.8168121059234056,0.6052898381380517,Strong
AOD,ETO,0.8167900874662196,0.6053262137621009,Strong
NIE,TY,0.8167452478775321,0.6054002843119053,Strong
BANR,EFSC,0.8166756167695294,0.6055152900306823,Strong
CATY,CHCO,0.8166739173865707,0.6055180965312751,Strong
ABCB,RF,0.8165873969368656,0.6056609663221404,Strong
CLDT,RLJ,0.8165777578999914,0.605676881018268,Strong
IMO,SU,0.8165055732499492,0.6057960494259612,MST+Strong
CTBI,TRMK,0.8164588296838702,0.6058732050786366,Strong
HOPE,HWC,0.8164252360526773,0.605928649177975,Strong
HOPE,VLY,0.8163612357701047,0.606034263437135,Strong
DRH,XHR,0.8163512326469654,0.6060507690829781,Strong
GS,JPM,0.8163288087713774,0.6060877679488716,Strong
BUSE,SFNC,0.8163245857236543,0.606094735625291,Strong
CFR,WTFC,0.8162713710412561,0.6061825285485286,Strong
AUB,HOMB,0.8162340628541149,0.6062440715518546,Strong
BMO,RY,0.8162219059163677,0.6062641240971336,MST+Strong
CHCO,SRCE,0.8162218957328667,0.6062641408942694,Strong
NWBI,TCBK,0.8162063257500123,0.606289822197252,Strong
AEP,DUK,0.8162000698907849,0.6063001403747407,Strong
FRME,SSB,0.8161990496615291,0.6063018230856161,Strong
HWC,KEY,0.8161907561553176,0.6063155017722744,Strong
CFR,UCB,0.8161781674427092,0.6063362640602833,Strong
CLDT,INN,0.8161658987311351,0.6063564978935493,Strong
FNB,TOWN,0.8161549425327183,0.6063745665300974,Strong
GBCI,TOWN,0.8160772503015945,0.6065026788043157,Strong
EWBC,TFC,0.8160422770351182,0.6065603398918887,Strong
CSQ,USA,0.8159726767123171,0.6066750749580584,Strong
FFBC,NWBI,0.815915049696202,0.6067700557934579,Strong
ONB,STBA,0.8158769476138411,0.6068328474731058,Strong
TCBK,UCB,0.815849970190514,0.6068773019474135,Strong
GSBC,THFF,0.8158136464768703,0.6069371524682432,MST+Strong
AMP,PRU,0.815792332415076,0.6069722688639474,MST+Strong
INDB,TRMK,0.815789001760281,0.6069777561652799,Strong
CTBI,FFBC,0.815786713900969,0.6069815254174232,Strong
GSBC,UVSP,0.8157455139191018,0.6070493984527094,Strong
CHCO,FULT,0.8156700332696133,0.6071737259308685,Strong
BAC,USB,0.8156534615335188,0.6072010185539566,Strong
GBCI,SFNC,0.8156510491019702,0.6072049915770288,Strong
CLDT,DRH,0.8156262359559641,0.6072458547310734,Strong
FHB,FULT,0.8156192544823078,0.6072573515696491,Strong
NBTB,SBSI,0.8156105108201431,0.6072717500095931,MST+Strong
BUSE,QCRH,0.8156080272085399,0.6072758397819893,MST+Strong
HFWA,UCB,0.815597817755303,0.6072926514370102,Strong
MTH,TOL,0.8155871487750568,0.6073102192865574,Strong
NEA,NVG,0.8155554697780343,0.6073623798391957,Strong
BANR,WAFD,0.8155493866163335,0.6073723954604235,Strong
LEN-B,TPH,0.8155113807194545,0.6074349665281799,Strong
CVBF,INDB,0.8154730843346671,0.6074980093223893,Strong
CTBI,FULT,0.815462430492012,0.6075155463162866,Strong
INDB,STBA,0.8154599826587023,0.607519575555056,Strong
FNB,UCB,0.8154402784860599,0.6075520084962934,Strong
GSBC,STBA,0.8154291841766743,0.6075702688962417,Strong
TCBK,UVSP,0.8153970455020982,0.6076231636432268,Strong
BANR,WSFS,0.8153822339870289,0.6076475393070742,Strong
ETO,ETW,0.8153803011334771,0.6076507201781676,Strong
UBSI,WSFS,0.8153528094280095,0.6076959611055359,Strong
CFR,HBAN,0.8153291786690917,0.6077348456866831,Strong
DVN,MTDR,0.8152985365568818,0.6077852637949002,Strong
DHI,TOL,0.815241160729596,0.6078796579429254,Strong
ABCB,BOKF,0.8152285542588464,0.6079003960208507,Strong
AOD,TY,0.815216966349898,0.6079194579055714,Strong
GSBC,TCBK,0.8152062665299876,0.607937058370375,Strong
KYN,NML,0.8151273806167469,0.6080668045260373,Strong
BANR,UVSP,0.8150831725632236,0.6081395028063485,Strong
LTC,NHI,0.8149183301542989,0.608410502614314,MST+Strong
AUB,SBCF,0.8148638148884154,0.6085000987864909,Strong
EFSC,WSBC,0.814849450711788,0.6085237042025757,Strong
CBU,FFBC,0.814843459532457,0.6085335495558861,Strong
BANR,NWBI,0.814806182793721,0.6085948031429106,Strong
BDJ,BOE,0.8147967164200564,0.6086103574208109,Strong
IIM,IQI,0.8147711643031429,0.6086523403337197,MST+Strong
PB,UMBF,0.8147616070866693,0.6086680423898246,Strong
UBSI,WAFD,0.814737320488671,0.6087079423029225,Strong
LNC,MET,0.8147245611683072,0.6087289032593949,Strong
PEO,XOM,0.8146898449255777,0.6087859313000298,Strong
ETG,ETV,0.8146791145135811,0.6088035569646729,Strong
BANR,HWC,0.8146395446805532,0.6088685495563829,Strong
EOS,ETW,0.8146303744903792,0.6088836104045185,Strong
CTBI,UVSP,0.8145941272199677,0.6089431381993433,Strong
HFWA,SFNC,0.8145742722121676,0.6089757430108894,Strong
PEBO,STBA,0.8145429837404103,0.6090271196910523,Strong
CATY,IBOC,0.8144969321231846,0.6091027300493987,Strong
CBSH,UBSI,0.8144806570118811,0.6091294492767837,Strong
CVBF,HFWA,0.814453853762247,0.6091734502385228,Strong
BANR,SBCF,0.8144282756155747,0.60921543707366,Strong
NWBI,ONB,0.8144026403430279,0.6092575147783934,Strong
HOPE,UMBF,0.81438956490412,0.6092789756685849,Strong
FFIN,SFNC,0.8143328191443197,0.6093721044742373,Strong
UCB,VLY,0.8142640595112943,0.6094849308862454,Strong
BMO,BNS,0.8142557629663341,0.6094985431215828,MST+Strong
FFBC,WTFC,0.8142186503383542,0.6095594305096851,Strong
FRME,MBWM,0.814176652536986,0.609628325232701,Strong
ABCB,WBS,0.8141723788406995,0.6096353355232954,Strong
CBSH,ONB,0.8141624310534746,0.6096516529076672,Strong
FULT,INDB,0.8141287080702841,0.6097069655657804,Strong
CFR,EWBC,0.8141216223404679,0.6097185869883451,Strong
UVSP,WSBC,0.8140123305988854,0.6098978101307047,Strong
BUSE,THFF,0.8139997002726044,0.6099185187013026,Strong
BUSE,PNFP,0.8139197977213737,0.6100495099229674,Strong
HOMB,SRCE,0.813914583146531,0.6100580576526615,Strong
CSQ,EOI,0.8139145060848981,0.6100581839711715,Strong
HWC,SFNC,0.8138849089147668,0.6101066973656872,Strong
SSB,TRMK,0.8137872920842103,0.6102666759963052,Strong
BANR,GBCI,0.8137754680962521,0.6102860508052725,Strong
PB,PNFP,0.8137328526434885,0.61035587546367,Strong
TCBK,TRMK,0.8137258201420983,0.6103673973237786,Strong
LYG,NWG,0.8137077945383193,0.6103969289924068,MST+Strong
PNFP,UCB,0.8136989272563392,0.6104114558945644,Strong
CBSH,CFR,0.8136757393365376,0.6104494420727443,Strong
CATY,CPF,0.8136351248575034,0.6105159705404872,MST+Strong
AUB,FCF,0.8135811210976653,0.6106044200664366,Strong
SSB,WSBC,0.8135764173403733,0.6106121234623936,Strong
CCS,MTH,0.8135658048285355,0.6106295033348201,Strong
CNO,PRU,0.813535525853767,0.6106790878132852,MST+Strong
APLE,XHR,0.8135233625214143,0.6106990052040132,Strong
LNT,SO,0.813518350201741,0.6107072126612866,Strong
EOS,QQQX,0.8135161015545234,0.610710894688275,MST+Strong
HWC,VLY,0.8134844390173647,0.6107627378657531,Strong
AEE,DUK,0.8134785787889589,0.6107723327247905,Strong
AG,EXK,0.8134775604045161,0.6107740000941164,MST+Strong
BUSE,HFWA,0.8134712648980016,0.610784307431025,Strong
HOPE,TCBK,0.8134676811533562,0.6107901748499951,Strong
GBCI,NBTB,0.8134623773833131,0.6107988582449823,Strong
JPM,MS,0.8134561898149532,0.6108089884490026,Strong
BOKF,HOMB,0.8134528930175269,0.6108143858529743,Strong
SFNC,VLY,0.8134307967819552,0.6108505598230141,Strong
MCHP,TXN,0.8134298783114633,0.6108520634139443,Strong
FFBC,PB,0.813413042549454,0.6108796239039995,Strong
NBTB,WAFD,0.8134014561402121,0.6108985903728833,Strong
BAC,PRU,0.8133859691236145,0.6109239410538525,MST+Strong
BUSE,WSFS,0.8133710782084637,0.6109483149850506,Strong
EFSC,PEBO,0.8133580216838364,0.610969685526481,Strong
FNB,RNST,0.8133528761371169,0.6109781074030117,Strong
AUB,HWC,0.8133262814875678,0.6110216338435689,Strong
FCF,GSBC,0.8133140735161178,0.6110416131228416,Strong
CTRE,OHI,0.8132930393448324,0.6110760356210471,MST+Strong
HP,PTEN,0.8132758639208301,0.6111041418271846,MST+Strong
HOMB,VLY,0.8132612038466991,0.6111281308421351,Strong
COLB,FULT,0.8132591238601913,0.6111315343521535,Strong
FNB,WSBC,0.8132189391980331,0.6111972853375036,Strong
CFR,PNFP,0.8132151748462647,0.6112034442863281,Strong
HIW,KRC,0.8131775412455404,0.6112650141378281,Strong
HOMB,WSBC,0.8131661751300514,0.6112836082702506,Strong
C,MS,0.8131581643129331,0.6112967130405118,Strong
NWBI,WSBC,0.8131401241487685,0.611326223633882,Strong
FRME,WSFS,0.8130850706480843,0.6114162728484018,Strong
BRK-A,STEW,0.8130546599559235,0.6114660089392975,Strong
ETO,ETY,0.8130473229263856,0.6114780079015343,Strong
PNFP,UMBF,0.8130153169758365,0.6115303476102613,Strong
HWC,TRMK,0.8130008138533658,0.6115540632628227,Strong
EMO,TYG,0.812971934690575,0.6116012840232188,Strong
BUSE,SBCF,0.8129342283696364,0.6116629327176262,Strong
CFG,CFR,0.8129246361195374,0.6116786147650785,Strong
NBTB,SRCE,0.8128987556108471,0.611720923933705,Strong
SBCF,UCB,0.812875659118977,0.6117586793516264,Strong
ONB,VLY,0.8128543873977058,0.6117934497888878,Strong
CBU,HOPE,0.8128278785923416,0.6118367779198278,Strong
FULT,WSFS,0.8127884442785224,0.61190122686832,Strong
BKU,CATY,0.8127834417254177,0.6119094022395509,Strong
PB,SFNC,0.8127545586574887,0.6119566019621184,Strong
AUB,GBCI,0.8126429782413116,0.6121389086779052,Strong
COLB,CVBF,0.812599842274849,0.6122093722333086,Strong
FULT,SBCF,0.812578076692188,0.6122449237156843,Strong
ONB,WBS,0.8125779478605641,0.6122451341406249,Strong
C,GS,0.8125547584008783,0.6122830090719841,Strong
CFR,FULT,0.8125267836414942,0.6123286966303405,Strong
CBSH,PB,0.812513210862999,0.61235086206684,Strong
FNB,PB,0.8125098121446535,0.612356412321038,Strong
ED,LNT,0.8125085067082678,0.6123585441417997,Strong
MTDR,MUR,0.8124960324703315,0.6123789146103391,Strong
PFS,TOWN,0.812469931052582,0.6124215361128607,Strong
CNQ,CVE,0.8124551904753132,0.6124456049718812,MST+Strong
COP,CVX,0.8124526076396322,0.612449822206469,Strong
CBU,CHCO,0.8124378472612779,0.6124739222835893,Strong
IDA,POR,0.8124036751536101,0.612529713314203,MST+Strong
BUSE,WTFC,0.8123671181774648,0.6125893923706731,Strong
BUSE,UCB,0.812304720313641,0.6126912431010566,Strong
AMAT,MKSI,0.8122319345894419,0.6128100283294295,Strong
AMP,PFG,0.8122167670388637,0.612834778649411,Strong
B,NEM,0.8122105442542683,0.612844932663609,MST+Strong
AUB,STBA,0.8121919275905474,0.612875309356565,Strong
AEM,B,0.8121883241014898,0.6128811889730509,Strong
HWC,PB,0.8121179203083507,0.6129960516865492,Strong
INDB,NBTB,0.8121020258875237,0.6130219802135586,Strong
CATY,SBSI,0.8120770439110452,0.6130627310299572,Strong
SBCF,UBSI,0.8120546192322718,0.6130993080533171,Strong
JPC,LDP,0.8119857436361644,0.6132116377953628,Strong
ASB,SBCF,0.8119563584007,0.6132595561412801,Strong
BOKF,FULT,0.8119271327235698,0.6133072105828045,Strong
FFBC,UMBF,0.8119165920526488,0.6133243969505064,Strong
EWBC,FNB,0.8119008423358043,0.613350075673258,Strong
UCB,WSFS,0.8118985315459006,0.6133538431510792,Strong
CATY,HBAN,0.8118778438209919,0.6133875710821146,Strong
HFWA,WSBC,0.811839396091858,0.6134502488517583,Strong
CII,NFJ,0.8118382942924769,0.6134520449187909,Strong
BKU,WBS,0.811833131863914,0.6134604602353536,Strong
CBSH,TRMK,0.8118120487096444,0.6134948268573348,Strong
BNS,CM,0.8117532991469059,0.6135905815005542,Strong
NWBI,SRCE,0.8117413232546926,0.613610098915113,Strong
FULT,WBS,0.8117145165148696,0.6136537842874114,Strong
RNST,WSFS,0.8116815126242269,0.6137075645220174,Strong
CMS,SO,0.8116776825960326,0.613713805293587,Strong
EWBC,PNFP,0.8116598168748596,0.6137429154379551,Strong
ABCB,CFG,0.8116355195004196,0.613782503008322,Strong
BAC,KEY,0.8115737187128644,0.6138831831662039,Strong
AUB,FIBK,0.8115432775325792,0.6139327690674621,Strong
FFBC,PFS,0.8115337712441092,0.6139482531221843,Strong
AEE,IDA,0.8115077558176911,0.6139906256325237,Strong
BDJ,CSQ,0.8114517438058996,0.6140818450240985,Strong
FFIN,FRME,0.8114430363412258,0.614096024508829,Strong
FCF,SBCF,0.8113388511223343,0.6142656573139438,Strong
ASA,PAAS,0.8112879285744746,0.6143485515983991,MST+Strong
AEE,AEP,0.8112842950128217,0.614354466065281,Strong
CTBI,HOMB,0.8112708809263852,0.614376300118445,Strong
QRVO,SWKS,0.8112690078039506,0.6143793489303646,MST+Strong
CFR,KEY,0.8112601746320265,0.6143937261528205,Strong
SFNC,TCBK,0.8111870446995232,0.6145127424235837,Strong
IQI,VGM,0.8111862319401052,0.6145140650300769,Strong
FNB,HOPE,0.8111696316588132,0.6145410781081877,Strong
MBWM,SRCE,0.8111609296620975,0.6145552380997211,Strong
BOKF,PB,0.8111573901974984,0.6145609974648596,Strong
FFIN,UCB,0.8111438399684497,0.6145830457009862,Strong
APLE,DRH,0.8111413864970626,0.6145870377789259,Strong
COLB,FRME,0.8111347980969458,0.6145977577294831,Strong
NWBI,RNST,0.8111200553564116,0.6146217448863787,Strong
FRME,UVSP,0.8110931534043286,0.614665513260133,Strong
CSQ,ETO,0.810975614168963,0.6148567082354017,Strong
GSBC,WSBC,0.8109359556401294,0.6149212052936059,Strong
TCBK,TMP,0.8109250689841211,0.6149389091867239,Strong
CM,RY,0.810887869156866,0.6149993997446405,Strong
AOD,BDJ,0.8108720009467458,0.6150252011962667,Strong
BOE,CII,0.8108612363638869,0.6150427036167703,Strong
BANR,FIBK,0.8108603075080306,0.6150442138447761,Strong
HOPE,WSFS,0.8108553614269771,0.615052255622273,Strong
AUB,CBU,0.8107685614373756,0.615193365638194,Strong
BCS,LYG,0.8107399726177389,0.6152398351574142,MST+Strong
CHCO,TRMK,0.8106503400574547,0.6153855050983006,Strong
CSQ,EXG,0.810649307448429,0.6153871830832537,Strong
GSBC,MBWM,0.8106238080560666,0.6154286180280104,Strong
CHCO,UCB,0.8106220644183584,0.6154314512301782,Strong
SBSI,UBSI,0.8106060221114101,0.6154575174430643,Strong
CBU,TOWN,0.8105967271062877,0.6154726198519513,Strong
EFSC,HOPE,0.8104477550812572,0.6157146172030395,Strong
BANF,BUSE,0.810411392737529,0.6157736715100297,MST+Strong
CFR,FNB,0.8104027547178992,0.615787699263473,Strong
EFSC,SRCE,0.8103897778868061,0.6158087724500096,Strong
ETO,EXG,0.8103241689046218,0.6159153043972494,Strong
HFWA,HOPE,0.8102894618303318,0.615971652220568,Strong
ASA,KGC,0.8102830600752873,0.6159820450706542,MST+Strong
AG,PAAS,0.8102769822041517,0.6159919119531495,MST+Strong
ETJ,ETY,0.810273199134796,0.6159980533495281,MST+Strong
CFR,HOMB,0.8102683072947249,0.6160059946222523,Strong
STBA,TMP,0.8102633612084542,0.6160140238526162,Strong
HOPE,UVSP,0.8101861534509848,0.6161393455201757,Strong
ADC,O,0.8101670650436363,0.6161703254074536,MST+Strong
GBCI,HOPE,0.8101421435625087,0.616210769846635,Strong
UBSI,UVSP,0.8101415005855909,0.6162118132824282,Strong
ABCB,FFIN,0.8100873285539615,0.6162997183936376,Strong
HOMB,UMBF,0.8100442829561418,0.6163695596699404,Strong
BGR,COP,0.8100276943670541,0.6163964724638613,Strong
SFNC,UMBF,0.8099921152725923,0.6164541908810544,Strong
GDV,RVT,0.8099891977486028,0.6164589236135644,MST+Strong
PNC,WTFC,0.8099855731762416,0.6164648032511805,Strong
FRME,TMP,0.8099665267590689,0.6164956986726365,Strong
FIBK,TOWN,0.8099639428974869,0.6164998898661915,Strong
KEY,PNFP,0.8099295522610026,0.6165556710289791,Strong
MBWM,TOWN,0.8099224077127246,0.616567258759781,Strong
CVBF,FFIN,0.8098523297625219,0.6166809065269949,Strong
ASB,EFSC,0.809844425942005,0.6166937231040949,Strong
ABCB,UVSP,0.8098387992013342,0.6167028470806112,Strong
HOMB,SSB,0.8098359177778615,0.6167075193673879,Strong
FFIN,PB,0.8098210655993944,0.6167316019154615,Strong
APLE,CLDT,0.8097935554396188,0.6167762066752919,Strong
FFBC,SBCF,0.8097503600273447,0.6168462368737534,Strong
ES,WEC,0.8097188890365382,0.6168972539466548,MST+Strong
EWBC,HWC,0.8097160246914646,0.616901897076894,Strong
PK,RHP,0.8096938434222909,0.6169378519392519,Strong
ATMP,TRGP,0.8096707604553091,0.6169752661893196,Strong
BANR,CPF,0.8096594712973181,0.6169935635039995,Strong
RNST,TCBK,0.80965310106294,0.6170038880542975,Strong
ASB,FFIN,0.8096170411994978,0.6170623287813025,Strong
ETG,TY,0.8095589776360734,0.6171564183639777,Strong
PNFP,RNST,0.8095501603940902,0.6171707050823293,Strong
BANR,PEBO,0.8095058080035962,0.61724256495547,Strong
FFBC,HFWA,0.8094180127392148,0.6173847864351457,Strong
EVT,NFJ,0.8093994254422813,0.61741489220413,Strong
FRME,HWC,0.809382085218535,0.6174429767702682,Strong
STEW,TY,0.8093629511495046,0.6174739652009554,Strong
FFBC,GBCI,0.8092965426508443,0.6175815044982415,Strong
RNST,SSB,0.8092950764772224,0.6175838785505618,Strong
GBCI,TRMK,0.8092616076951962,0.6176380692684087,Strong
ASB,FIBK,0.8092563999850253,0.6176465008643288,Strong
INDB,UBSI,0.8092550851701454,0.6176486296104842,Strong
E,SHEL,0.8091885815825469,0.6177562924284189,Strong
NWBI,SFNC,0.8091748835014714,0.6177784659544692,Strong
BAC,GS,0.8091477830627706,0.6178223319648286,Strong
GDV,NIE,0.8091172411781464,0.6178717647244508,Strong
CSQ,ETV,0.8091017209951159,0.6178968829908177,Strong
FITB,PNFP,0.8090571988238968,0.6179689331610501,Strong
SRCE,TRMK,0.8090440404939873,0.6179902256605888,Strong
FIBK,RNST,0.80904254266724,0.6179926493620455,Strong
NWBI,WAFD,0.8090417121763064,0.6179939932130305,Strong
HOMB,PEBO,0.8089494245075873,0.6181433094233288,Strong
CFR,UMBF,0.8089488640421375,0.6181442161144315,Strong
BKU,FITB,0.8089428600172469,0.6181539290221378,Strong
CATY,KEY,0.8089377288504394,0.6181622297577888,Strong
BUSE,HBNC,0.8087607621277005,0.6184484422687141,MST+Strong
HOMB,OZK,0.8087576444725191,0.6184534833396622,MST+Strong
GBCI,TCBK,0.808701689919526,0.618543951680839,Strong
GSBC,HOPE,0.808693620902615,0.6185569967228324,Strong
HOPE,WAFD,0.8086643246120673,0.6186043572234724,Strong
FIBK,TCBK,0.8086445412956698,0.6186363369611103,Strong
MBWM,TCBK,0.8086089457593092,0.6186938729948613,Strong
BXP,PDM,0.8086088419972816,0.618694040706258,Strong
ABCB,FBNC,0.8085886852965593,0.6187266192809887,Strong
HFWA,TOWN,0.808454652414802,0.6189432083563048,Strong
AUB,TCBK,0.8084518890133997,0.6189476730493464,Strong
CBU,HOMB,0.8084420510311612,0.6189635675366343,Strong
PNFP,SFNC,0.8084169854401269,0.619004062280488,Strong
KYN,PAA,0.808389085819243,0.6190491324293365,Strong
ABCB,GBCI,0.8083539449302534,0.6191058957395683,Strong
IBOC,PNFP,0.8083457616134334,0.6191191135582338,Strong
EAD,GHY,0.808299233756566,0.6191942607024616,Strong
FFIN,TRMK,0.80829301547239,0.6192043031627122,Strong
SSB,TOWN,0.8082904149868405,0.6192085028698483,Strong
NFJ,RVT,0.8082739598519137,0.6192350767650138,Strong
GBCI,STBA,0.8082729209108565,0.6192367545440816,Strong
HST,RLJ,0.8082287898955897,0.6193080172327988,Strong
AMP,MET,0.8082182882251159,0.6193249741046846,Strong
TMP,UBSI,0.8082160456514264,0.6193285950908026,Strong
CII,EXG,0.808188941790978,0.6193723568404098,Strong
ONB,WAFD,0.808171694780929,0.6194002021618511,Strong
CTBI,FCF,0.8081268088834871,0.6194726646374527,Strong
EFSC,STBA,0.808029331128708,0.6196300006799089,Strong
HOPE,SBCF,0.8079923718697116,0.6196896451132428,Strong
FNB,TRMK,0.8079749749706838,0.6197177180447824,Strong
FNB,UVSP,0.8079213935461339,0.6198041730318796,Strong
CTBI,HFWA,0.8079150713939959,0.6198143731892705,Strong
CBU,GBCI,0.8078750659026086,0.6198789141395139,Strong
ABCB,STBA,0.8078488151456148,0.6199212608942932,Strong
EWBC,UCB,0.8078442403503042,0.619928640489687,Strong
PEBO,TCBK,0.8078146959438994,0.6199762964115654,Strong
ATMP,EMO,0.8077843401584426,0.6200252572945032,Strong
TOWN,WAFD,0.8077473508277272,0.6200849122052121,Strong
ASB,MTB,0.8077205308303114,0.6201281628336011,Strong
HFWA,TRMK,0.8077161215228899,0.6201352731091986,Strong
HOMB,WSFS,0.8077009732144099,0.620159700054091,Strong
BANR,SSB,0.8076865371584078,0.6201829775825716,Strong
ASB,TFC,0.8076057066272161,0.6203132972503231,Strong
FNB,PEBO,0.8075526705519862,0.6203987902116086,Strong
FFBC,TCBK,0.8075430871903114,0.6204142371185377,Strong
FRME,NWBI,0.807517018442875,0.620456253989151,Strong
CHCO,FRME,0.8075166818556571,0.6204567964723136,Strong
DUK,XEL,0.8075149881947215,0.6204595261663384,Strong
CBU,INDB,0.8075047947762649,0.6204759547697801,Strong
PFS,UVSP,0.8074478131696345,0.6205677832926318,Strong
PK,XHR,0.807433516031753,0.6205908216663328,Strong
BOKF,WBS,0.8074149554235364,0.6206207289101189,Strong
FUND,RVT,0.8073906608271036,0.6206598733169342,MST+Strong
HBAN,PNFP,0.8073373831238647,0.6207457078001188,Strong
PNFP,TOWN,0.8072758301399872,0.620844859622777,Strong
FCF,WSFS,0.8072532367169007,0.6208812499715212,Strong
HOPE,PNFP,0.8071921830240358,0.6209795761149705,Strong
ASB,ZION,0.8071770201960433,0.6210039932302476,Strong
ETV,EVT,0.8071539029214208,0.6210412177602695,Strong
ASA,WPM,0.8071243956919675,0.6210887284567842,MST+Strong
BUSE,FIBK,0.8070946509366627,0.6211366179244906,Strong
EOI,EXG,0.8070917241038758,0.6211413299662554,Strong
BUSE,FISI,0.8070648739035919,0.6211845556618549,MST+Strong
ASB,GBCI,0.8070489748999184,0.6212101497884296,Strong
WSBC,WSFS,0.8070187230802457,0.6212588460855174,Strong
CDNS,SNPS,0.8070023060612757,0.621285270932322,MST+Strong
FIBK,TRMK,0.806998180635999,0.6212919110434337,Strong
SBCF,WSBC,0.8069937534895935,0.6212990367132506,Strong
RLJ,SHO,0.8069920779835766,0.6213017334861112,Strong
CBU,NWBI,0.8069863927261115,0.6213108839765943,Strong
INDB,ONB,0.8069807407356433,0.6213199807898612,Strong
BOKF,FNB,0.8069736791304642,0.6213313461745443,Strong
FULT,GSBC,0.8069578016952421,0.62135689954286,Strong
STBA,WAFD,0.8069516986426811,0.6213667216021773,Strong
BDJ,TY,0.8069252437900004,0.6214092954084282,Strong
LEN,TPH,0.8069209053148063,0.6214162770401073,Strong
EFSC,GSBC,0.806920345623687,0.6214171777096494,Strong
HWC,RNST,0.8069146190756501,0.6214263929450533,Strong
HOMB,NBTB,0.8069041296699346,0.6214432722784363,Strong
FNB,TFC,0.8068926141332852,0.6214618023124427,Strong
CFR,UBSI,0.8068518089057602,0.621527458917528,Strong
CBSH,CBU,0.8068393255054322,0.6215475436273041,Strong
CATY,QCRH,0.8068276360853078,0.6215663503033159,Strong
INN,PEB,0.8067926396971383,0.6216226512971703,Strong
BUSE,CAC,0.8067755665429139,0.6216501161539119,MST+Strong
CVBF,WABC,0.8067674914897569,0.6216631057256705,MST+Strong
FNB,SRCE,0.8067535248714817,0.6216855718585053,Strong
BOH,CATY,0.8067308395658312,0.6217220607862789,Strong
PNC,WBS,0.8067307848200588,0.6217221488413313,Strong
ATO,LNT,0.8067270741133347,0.6217281172452559,MST+Strong
UMBF,VLY,0.8067153330853455,0.6217470014638663,Strong
FFIN,FULT,0.8066984371250643,0.6217741758467229,Strong
HWC,SSB,0.8066939589461499,0.6217813780644288,Strong
COLB,GBCI,0.8066664797000066,0.6218255708797981,Strong
EOS,GDV,0.8066625256978456,0.6218319295471316,Strong
ONB,PB,0.8066384308649708,0.62187067648351,Strong
GABC,UBSI,0.8066381327778858,0.6218711558226739,Strong
CII,ETW,0.806623947129474,0.621893966638246,Strong
HOPE,INDB,0.8065648633015697,0.6219889656552281,Strong
ABCB,COLB,0.8065424280585132,0.6220250347718922,Strong
EWBC,HOMB,0.8064999231330677,0.6220933641615739,Strong
ABCB,SRCE,0.806497581070732,0.6220971289586025,Strong
CII,NIE,0.806491979225782,0.6221061336688749,Strong
CVBF,RNST,0.8064236309568533,0.6222159898992418,Strong
TFC,WTFC,0.8064035916946855,0.6222481953454176,Strong
BUSE,OCFC,0.8063935278203309,0.6222643685438997,MST+Strong
ABCB,EFSC,0.8063614852638836,0.6223158598912877,Strong
CTBI,RNST,0.8063528711071007,0.622329701834806,Strong
AUB,NBTB,0.8063467484566935,0.6223395400314952,Strong
APA,MUR,0.8063181972718737,0.6223854155234139,MST+Strong
CVBF,FCF,0.8063001537819355,0.6224144057106398,Strong
DSU,JQC,0.806295912726996,0.6224212195499187,MST+Strong
ASB,IBOC,0.8062777010851515,0.6224504782146906,Strong
IBOC,PFS,0.8062030912328849,0.622570331395763,Strong
GABC,STBA,0.806144366629307,0.6226646503065563,Strong
CBU,HFWA,0.8061273357660874,0.6226920012878158,Strong
DHI,TMHC,0.8060649331079424,0.6227922075492879,Strong
NSC,UNP,0.8060644930616319,0.6227929141189199,MST+Strong
SBCF,WSFS,0.8060598354049606,0.6228003927343646,Strong
EVT,SCD,0.8060549970882971,0.622808161333332,MST+Strong
ASB,CBSH,0.806043589592153,0.6228264772917846,Strong
BDJ,ETW,0.8060391685036947,0.6228335756786162,Strong
CPF,HOPE,0.8060356571909251,0.6228392132951729,Strong
ATO,CMS,0.806022184153323,0.6228608445659062,Strong
ARI,BXMT,0.8059786852726625,0.6229306778885393,MST+Strong
HWC,TOWN,0.8059747501538173,0.6229369949620631,Strong
TRMK,UMBF,0.8059475337497707,0.6229806838903262,Strong
EVT,TY,0.805901097713175,0.6230552179170399,Strong
EXG,GDV,0.8059006336249034,0.6230559627755706,Strong
FRME,SBSI,0.8058740740391992,0.623098589247,Strong
CII,ETV,0.8058541799836412,0.6231305160499826,Strong
RVT,TY,0.8057958751260429,0.6232240766754075,Strong
EFSC,HOMB,0.8057658703146879,0.6232722193156247,Strong
MTB,ZION,0.8057652464429573,0.6232732202766981,Strong
ONB,TCBK,0.8057235734798186,0.623340078159878,Strong
USB,ZION,0.8057035410991112,0.6233722144928963,Strong
ATMP,NML,0.805605593173904,0.6235293206034436,Strong
CATY,CNOB,0.8055927860341614,0.6235498600205738,Strong
ABCB,PEBO,0.8055914516875107,0.6235519999366361,Strong
CHCO,GSBC,0.8055612088282477,0.6236004989923474,Strong
FHB,UCB,0.8055345428204841,0.623643258890074,Strong
AUB,VLY,0.8055265911155213,0.6236560091660767,Strong
ALK,DAL,0.8055224333253952,0.6236626759308349,MST+Strong
BNS,RY,0.8054758304524275,0.6237373959409079,Strong
CVBF,TOWN,0.8054633319557704,0.6237574336939474,Strong
SBCF,TOWN,0.8054563520326327,0.623768623717749,Strong
FLC,HPF,0.8054106652815733,0.6238418625235511,Strong
ABCB,CNOB,0.8054051777097477,0.6238506588763889,Strong
HOMB,RF,0.8052854293044955,0.6240425797900404,Strong
AEE,ED,0.8052811217647154,0.624049482389473,Strong
CTBI,UCB,0.8052614383594604,0.6240810230098967,Strong
CTBI,TCBK,0.8052124896539995,0.6241594513359555,Strong
APA,MTDR,0.8051655161361856,0.6242347056417392,Strong
INDB,SFNC,0.8051423110616504,0.6242718781722426,Strong
EFSC,TCBK,0.8050283346011744,0.6244544265177814,Strong
ABCB,KEY,0.8050239685286202,0.6244614182980078,Strong
BDJ,ETG,0.8049583953664345,0.6245664170183431,Strong
BUSE,FFIN,0.8049440299952255,0.6245894171450145,Strong
IGR,RQI,0.8049010619760198,0.6246582073806125,MST+Strong
EOG,MUR,0.8048756438488085,0.6246988973116433,Strong
HWC,SRCE,0.8048710075874821,0.6247063188611396,Strong
FNB,IBOC,0.8048121543264876,0.6248005212442007,Strong
COLB,UBSI,0.8048003337285978,0.624819439952699,Strong
MBWM,STBA,0.8047690960443131,0.6248694326908413,Strong
SFNC,WSFS,0.8047638487610449,0.6248778300419292,Strong
BOKF,UBSI,0.8047366215646716,0.6249214005542271,Strong
EOS,EXG,0.8047353717012745,0.6249234005839843,Strong
BOKF,RF,0.8046550158107876,0.6250519725418238,Strong
IBOC,SRCE,0.8046479956628546,0.6250632037436621,Strong
FULT,WTFC,0.8046111821623326,0.6251220966142013,Strong
ABCB,FITB,0.804546408947858,0.6252257049292551,Strong
AUB,SRCE,0.80453374059094,0.6252459666548198,Strong
BOE,ETG,0.8045307538032864,0.6252507436168526,Strong
CTBI,SFNC,0.8045028100562643,0.6252954340849383,Strong
AJG,MRSH,0.8044913441777245,0.6253137705540723,MST+Strong
FRME,LKFN,0.8044859411356001,0.6253224110239451,MST+Strong
ASB,SRCE,0.8044685392575633,0.6253502390539827,Strong
HOMB,SBCF,0.8044317043478552,0.6254091391275711,Strong
GSBC,HOMB,0.8044157698596124,0.6254346171109937,Strong
CATY,FHB,0.8044115203083839,0.6254414116312031,Strong
AMP,RJF,0.8043782655572183,0.6254945794214075,MST+Strong
ADP,PAYX,0.8043526501556463,0.6255355303167898,MST+Strong
VKI,VMO,0.8043214029411339,0.625585481063725,MST+Strong
UCB,WBS,0.8043107844470986,0.62560245452348,Strong
HFWA,ONB,0.8043070944934678,0.6256083527360103,Strong
AOD,STEW,0.804292850207401,0.6256311210171677,Strong
FFIN,TOWN,0.8042893965603776,0.6256366412537271,Strong
FFIN,NBTB,0.804288495186867,0.6256380819821201,Strong
CAC,CTBI,0.8042612216789462,0.6256816735706006,Strong
CBU,WSBC,0.8042471326203806,0.6257041910993075,Strong
FRA,JQC,0.8042402790271695,0.6257151444113055,Strong
FCF,SSB,0.8042310560498376,0.6257298841355787,Strong
HOMB,WAFD,0.8041435055570313,0.6258697858867589,Strong
FFBC,VLY,0.8040970662480816,0.6259439811227813,Strong
FCF,HFWA,0.8040023752970668,0.6260952398843698,Strong
TOL,TPH,0.8039800168016942,0.6261309498791859,Strong
AUB,UMBF,0.8039720081104017,0.6261437405094749,Strong
PBF,VLO,0.8039682297573122,0.6261497748026231,MST+Strong
GABC,TCBK,0.8039379910815313,0.6261980659798763,Strong
BANR,FNB,0.8039278598663371,0.6262142447017042,Strong
CUZ,KRC,0.8039156375957495,0.6262337621116424,Strong
FAF,FNF,0.8038319949051402,0.6263673125169604,MST+Strong
ASB,FHB,0.803827500088934,0.6263744884828341,Strong
FRME,UMBF,0.8038202290011438,0.6263860965871707,Strong
WAL,ZION,0.8038160179986678,0.6263928192457705,MST+Strong
HWC,SBCF,0.8038061673346882,0.6264085450651384,Strong
CBU,SBSI,0.8037772218023042,0.6264547520734373,Strong
RFI,RQI,0.8037694760717448,0.6264671163409221,MST+Strong
BGB,JQC,0.8037653246982297,0.6264737429482106,MST+Strong
AXP,COF,0.8037548774313463,0.6264904190307361,MST+Strong
RNST,UVSP,0.8037330685106286,0.626525229323403,Strong
BANR,FFIN,0.8037288731375467,0.6265319255432292,Strong
CBSH,SFNC,0.8036944285865907,0.6265868996610275,Strong
CHCO,FFBC,0.8036832890941544,0.6266046774575587,Strong
BGR,XOM,0.8036525108993888,0.6266537945318948,Strong
LEN-B,MHO,0.8036117173042608,0.6267188886506281,Strong
SBSI,TCBK,0.803587122362537,0.6267581313991275,Strong
HFWA,RNST,0.8035848341807036,0.626761782209631,Strong
HOPE,SSB,0.8035062661312773,0.6268871251967497,Strong
FULT,MBWM,0.8034970464633128,0.6269018320864714,Strong
FIBK,NBTB,0.8034815762322807,0.6269265088791817,Strong
TMP,TOWN,0.8033821217757374,0.6270851269552844,Strong
HOPE,SRCE,0.8033747612770009,0.6270968644842663,Strong
INDB,RNST,0.8033556983459448,0.6271272624500632,Strong
NBTB,PRK,0.8033253851773167,0.627175597137968,MST+Strong
FIBK,WSBC,0.8032469205156999,0.627300692625634,Strong
COP,XOM,0.8032011652057648,0.6273736283814219,Strong
FFBC,SSB,0.8032008670657538,0.6273741036004693,Strong
DEI,PDM,0.8031847063877855,0.6273998623082643,Strong
FFC,HPF,0.8031379360832389,0.6274744041261939,Strong
BANF,SRCE,0.80313049658691,0.6274862602688444,Strong
FIBK,SFNC,0.8030978261066616,0.6275383237593357,Strong
CTBI,EFSC,0.803087233737757,0.6275552027706295,Strong
STBA,TRST,0.803041308194201,0.6276283801833676,MST+Strong
AWP,IGR,0.8030211343528807,0.6276605223321271,MST+Strong
AUB,CVBF,0.8029915599812303,0.627707638982942,Strong
ATMP,EPD,0.8029895828886364,0.6277107886779764,MST+Strong
CHY,NCV,0.8029761582259657,0.6277321750142083,MST+Strong
PB,RF,0.8029409965355196,0.6277881863566411,Strong
FNB,TCBI,0.8029337617197243,0.627799710545132,MST+Strong
PEBO,WSBC,0.8029201554387284,0.6278213831357954,Strong
APLE,RHP,0.8028393979776951,0.6279500012298828,Strong
CTBI,THFF,0.8028065525520441,0.6280023048492034,Strong
PK,SHO,0.8027845461693918,0.6280373457535917,Strong
CATY,MBWM,0.8027776267927592,0.6280483631174287,Strong
CBSH,UMBF,0.8027737182218491,0.6280545864463549,Strong
CDE,HL,0.8027657503581044,0.6280672728966151,MST+Strong
ABCB,IBOC,0.8027530500115658,0.6280874938866944,Strong
TRMK,VLY,0.8027147968165074,0.6281483951798216,Strong
COLB,SFNC,0.8027127111576684,0.62815171549926,Strong
FBNC,PFS,0.802655974051715,0.62824203289542,Strong
CVBF,WAFD,0.8026273703781363,0.6282875609493852,Strong
CHCO,TCBK,0.8026255670604133,0.6282904311535974,Strong
BGB,JFR,0.8026253722643651,0.6282907411949262,Strong
NAD,NVG,0.8025844005841878,0.6283559491495441,Strong
ASB,USB,0.8025761516394169,0.6283690768339625,Strong
CATY,MTB,0.8025699722532867,0.6283789107643784,Strong
MBWM,UBSI,0.8025581570258483,0.6283977131946801,Strong
BBT,FCF,0.8025510988754736,0.628408945074028,MST+Strong
FBNC,FCF,0.8025478473947798,0.6284141192004206,Strong
CVBF,FIBK,0.8025384529935774,0.6284290684021906,Strong
BBT,BUSE,0.8024878823592839,0.6285095347577729,Strong
FNB,IBCP,0.8024842721957581,0.6285152787390962,Strong
CUZ,DEI,0.802465793883296,0.6285446779930668,Strong
FNB,FRME,0.8024160154089837,0.6286238694020715,Strong
ARW,AVT,0.8023531519039641,0.6287238632277861,MST+Strong
CVBF,WSBC,0.8023064694560661,0.6287981083685509,Strong
SBCF,SFNC,0.8022854286939927,0.6288315693506606,Strong
FFBC,WSFS,0.8022530558802178,0.6288830481413571,Strong
BANR,SRCE,0.8022410571248965,0.6289021273220556,Strong
GSBC,TRMK,0.8022395709316932,0.6289044904726103,Strong
RNST,SRCE,0.8022076402484596,0.6289552603350105,Strong
STBA,WSFS,0.8022052290516856,0.6289590939772068,Strong
AUB,NWBI,0.8021492683693563,0.6290480611696434,Strong
NBTB,WABC,0.8021353624966879,0.6290701669977874,Strong
ASB,UVSP,0.8020985522779503,0.6291286795593564,Strong
AUB,WSFS,0.8020945822445541,0.6291349898955643,Strong
SYBT,TOWN,0.8020654420476792,0.6291813060673701,MST+Strong
RNST,WAFD,0.8020629444185656,0.6291852757041194,Strong
FULT,MTB,0.8020469472959915,0.6292107003286078,Strong
GABC,SRCE,0.8019815463408458,0.62931463300825,Strong
CHCO,CVBF,0.8019587229142453,0.6293508990789712,Strong
CATY,PNC,0.801925167936848,0.6294042136229341,Strong
PEBO,RNST,0.8019235649104014,0.6294067605127841,Strong
PEB,SHO,0.8018215726001382,0.6295687848041098,Strong
SBCF,TCBK,0.8017601644002834,0.6296663173454915,Strong
FULT,SBSI,0.8017559826467161,0.6296729585321,Strong
EFSC,NBTB,0.801736406794018,0.6297040466853965,Strong
GABC,GSBC,0.8016665522503935,0.6298149692562197,Strong
ETY,NFJ,0.8016664674465493,0.629815103905028,Strong
MTB,UCB,0.8016587912551754,0.6298272917948612,Strong
RNST,VLY,0.8016313846676167,0.6298708047407552,Strong
LVS,WYNN,0.8016292056951783,0.6298742641270902,MST+Strong
EVT,USA,0.8015882933667685,0.6299392139456497,Strong
ABCB,EWBC,0.8015789051242108,0.629954117179639,Strong
BBT,FFBC,0.8015461826448596,0.6300060592647351,Strong
SBSI,STBA,0.801502926430442,0.630074715521196,Strong
FCF,INDB,0.8014986722454833,0.6300814673588118,Strong
BXP,CUZ,0.801476838578516,0.6301161185392482,Strong
AEP,XEL,0.801476353615961,0.6301168881787552,Strong
FNB,SFNC,0.8014673199024558,0.6301312245834898,Strong
GBCI,UMBF,0.8014079248127218,0.6302254758215954,Strong
PFS,UBSI,0.8013438460175895,0.630327143604669,Strong
EWBC,PNC,0.8013405458365985,0.6303323792466978,Strong
CTBI,NWBI,0.8013108505863163,0.6303794879494156,Strong
ONB,SRCE,0.8012903733474778,0.6304119710990936,Strong
IBCP,PFS,0.8012758671629822,0.6304349813216552,Strong
RNST,SBCF,0.8012489893169795,0.6304776136914307,Strong
ABCB,CTBI,0.8012411394891593,0.6304900641736405,Strong
GSBC,NWBI,0.8012364613219168,0.6304974840204887,Strong
CHY,NCZ,0.8012348035977371,0.6305001132470364,Strong
HOMB,WTFC,0.8012215523014706,0.6305211300163213,Strong
THFF,TOWN,0.8012179921312093,0.6305267763843035,Strong
TFC,UCB,0.8012087413614776,0.6305414477074801,Strong
SBCF,WTFC,0.8012087032426387,0.6305415081616139,Strong
APLE,PEB,0.8011949822603343,0.6305632684190632,Strong
FFIN,RNST,0.8011824190780114,0.630583191850193,Strong
CHCO,HOMB,0.8011733536306523,0.6305975679771492,Strong
BOKF,WTFC,0.8011587086532362,0.6306207915169999,Strong
ABCB,BBT,0.8011547630067076,0.6306270482516467,Strong
BOKF,SFNC,0.80111700293611,0.6306869224328185,Strong
ONB,WTFC,0.8010797474974969,0.6307459908750956,Strong
PEBO,WSFS,0.801069042821208,0.6307629621003312,Strong
HPF,JPC,0.801049290078655,0.6307942769577812,Strong
CMS,IDA,0.8010087492369029,0.6308585431982309,Strong
NBTB,PEBO,0.8009849926627015,0.6308961996038627,Strong
CBSH,RNST,0.8009832366847807,0.6308989829049011,Strong
BANR,CTBI,0.800979889254248,0.6309042886932248,Strong
PEBO,PFS,0.800959521446626,0.6309365713815835,Strong
GBCI,VLY,0.800949623717035,0.6309522585472929,Strong
CTBI,TMP,0.8009410414686572,0.6309658604573513,Strong
LNC,PFG,0.8009398444878272,0.6309677575156639,Strong
EFSC,SBCF,0.8008868523942808,0.6310517373491957,Strong
GDV,RMT,0.8008851159949864,0.6310544889389721,Strong
UMBF,WBS,0.8008675584467937,0.6310823108806114,Strong
EFSC,ONB,0.800858952488867,0.6310959475565233,Strong
FANG,OVV,0.8008459765378183,0.6311165082014282,Strong
CPF,FULT,0.8008361043288954,0.631132150458372,Strong
CNOB,IBCP,0.8008358137015685,0.6311326109438989,Strong
BUSE,CHCO,0.8007573200893932,0.6312569681367595,Strong
GBCI,HFWA,0.8007331613621979,0.6312952378052635,Strong
HBAN,UCB,0.8006825653722811,0.6313753790380472,Strong
HWC,TCBI,0.8006574728983471,0.6314151203473874,Strong
PFS,TRST,0.8005952803547567,0.6315136097428833,Strong
AUB,FHB,0.8005660087946331,0.6315599594739472,Strong
CFR,FFBC,0.8005604908622228,0.6315686964025009,Strong
EFSC,TRMK,0.8005374303320749,0.6316052084457903,Strong
AEP,SO,0.8004955444304308,0.6316715215514614,Strong
CATY,GABC,0.8004857564588995,0.6316870167117581,Strong
BANF,FFBC,0.8004551888272863,0.6317354053283918,Strong
AEM,WPM,0.8004537153197505,0.6317377377998713,Strong
TFC,WBS,0.8004472334602838,0.6317479980810643,Strong
AEE,SO,0.8003954389307493,0.6318299788222315,Strong
FNB,SSB,0.8003912778280713,0.6318365645828495,Strong
FFIN,HWC,0.800391017762719,0.6318369761849665,Strong
GDV,JRI,0.8003791057788898,0.6318558288424824,MST+Strong
BUSE,UMBF,0.8003660294283943,0.631876523652534,Strong
FFBC,GSBC,0.8003586817475808,0.6318881518946516,Strong
FCF,PFS,0.8003576809074132,0.6318897357808351,Strong
ASB,TCBK,0.8003072552305568,0.6319695321286355,Strong
BANR,EWBC,0.800287436396584,0.6320008917769279,Strong
BOE,GDV,0.8002839994717973,0.6320063299179886,Strong
NOV,SLB,0.8002515226677773,0.6320577146625499,MST+Strong
GBCI,SSB,0.8002388267374682,0.6320778010063822,Strong
BUSE,TRST,0.8002360962078772,0.6320821209180384,Strong
AUB,WAFD,0.8002275295925777,0.6320956737827309,Strong
HWC,TFC,0.8002051086075976,0.632131143659925,Strong
HST,PEB,0.8001797820841172,0.6321712076896302,Strong
RF,UCB,0.8001699904085209,0.6321866964615424,Strong
FIBK,HFWA,0.8001432272693726,0.6322290292775671,Strong
GBCI,HWC,0.8001311294718728,0.6322481641383029,Strong
EFSC,UVSP,0.8000599023246899,0.6323608110490562,Strong
CBU,TCBK,0.8000548553880488,0.632368792101494,Strong
CBSH,WAFD,0.8000331849245969,0.6324030598841267,Strong
ASB,NBTB,0.8000243391352996,0.6324170473108713,Strong
CBU,WAFD,0.7999707783177545,0.6325017338825965,Strong
CHCO,RNST,0.7999705619253389,0.6325020760039624,Strong
UBSI,WABC,0.7999449193741891,0.6325426161545338,Strong
FBNC,FFBC,0.7999266038371671,0.6325715709116763,Strong
FNB,UMBF,0.7999252452251566,0.6325737186681777,Strong
CCS,KBH,0.7998995737716449,0.632614299914814,Strong
BUSE,LKFN,0.79983831590839,0.63271112538284,Strong
BOKF,ONB,0.7998110888686935,0.6327541562586635,Strong
AUB,UVSP,0.799797142520029,0.6327761965813363,Strong
HFWA,SRCE,0.7997950653335542,0.6327794792286581,Strong
AMAT,ASML,0.7997407934017757,0.6328652409450598,MST+Strong
BDN,PDM,0.7997300790396337,0.6328821706453206,MST+Strong
AUB,COLB,0.7997001026257592,0.6329295337938352,Strong
FCF,GBCI,0.7996509105905559,0.6330072502103654,Strong
TCBI,WTFC,0.7996473262095181,0.6330129126494687,Strong
BKH,NWE,0.7996446966419709,0.6330170666862451,MST+Strong
FLC,FPF,0.7996164076944688,0.6330617541844258,Strong
TOWN,VLY,0.7995817989395134,0.633116420669195,Strong
JPM,WFC,0.7995747412981726,0.6331275680332161,Strong
CCS,TPH,0.7995525326920152,0.6331626446782609,Strong
BGR,CVX,0.7995098752698102,0.6332300130761173,Strong
ASB,COLB,0.7995057895655098,0.6332364652078878,Strong
PFS,STBA,0.7995021345814343,0.6332422370918821,Strong
CHCO,NWBI,0.7994999743156281,0.6332456485193907,Strong
NHI,VTR,0.799486918614334,0.6332662653034126,MST+Strong
UVSP,WSFS,0.7994777985061451,0.6332806668355744,Strong
CTBI,SYBT,0.7994724155085042,0.6332891669553424,Strong
FNB,PFS,0.7994665565851685,0.6332984184645205,Strong
BK,NTRS,0.7994378085013546,0.6333438110515416,MST+Strong
BBT,TOWN,0.79942564052297,0.6333630230397571,Strong
ABCB,CFR,0.7993998286695465,0.6334037753762658,Strong
CAC,PEBO,0.7993996139477653,0.6334041143728618,Strong
GBCI,SBCF,0.799397579811588,0.6334073257997763,Strong
MBWM,WSBC,0.7993950948539632,0.6334112489465857,Strong
CSQ,QQQX,0.7993365975762471,0.6335035949759921,Strong
GDV,SCD,0.799335044047879,0.6335060472515175,Strong
AUB,HFWA,0.7993329504453449,0.6335093520298735,Strong
ABCB,NBTB,0.7993272678501812,0.6335183219920618,Strong
CFR,MTB,0.7992581429122892,0.6336274253655861,Strong
ASB,STBA,0.7992485112992356,0.6336426259347842,Strong
BANR,CHCO,0.799174263850852,0.6337597906922591,Strong
AUB,PNFP,0.7991424852755239,0.6338099316427223,Strong
GSBC,PFS,0.7991351959132317,0.6338214324031152,Strong
TY,USA,0.7991111722935715,0.6338593340898727,Strong
HOMB,NWBI,0.7990958839050225,0.6338834531599282,Strong
AOD,NIE,0.799074462307711,0.6339172464798367,Strong
ABCB,TCBK,0.7990467273681726,0.6339609966422657,Strong
CTBI,GBCI,0.7990440754091929,0.6339651797864093,Strong
APA,DVN,0.7990398784655866,0.6339717999003007,Strong
UBSI,WBS,0.7990340115385351,0.6339810540725407,Strong
BOH,UBSI,0.7989981021144764,0.6340376927052895,Strong
FIBK,HOMB,0.7989970022419817,0.6340394274144445,Strong
SFNC,SRCE,0.7989476622408195,0.6341172411458003,Strong
FHB,UBSI,0.7989404036679008,0.634128687778907,Strong
BUSE,DCOM,0.7989214009758829,0.6341586536886761,MST+Strong
EOS,ETO,0.7988991006911856,0.6341938178645616,Strong
COLB,ONB,0.7988936716336069,0.6342023783720668,Strong
BOKF,FFBC,0.7988752917958946,0.6342313587392308,Strong
FCF,PNFP,0.7988330060669656,0.6342980276384822,Strong
EWBC,UMBF,0.7988312090008461,0.6343008607895055,Strong
BANR,BBT,0.7988133498780912,0.6343290157669107,Strong
CAC,TOWN,0.798802686749131,0.6343458256359366,Strong
CATY,TFC,0.7988014903463333,0.6343477116750192,Strong
FCF,WBS,0.7987949323481898,0.6343580497665497,Strong
CATY,PFBC,0.7987713061109847,0.6343952929980098,MST+Strong
BOKF,HBAN,0.7987586797114135,0.6344151957331832,Strong
ABCB,PB,0.7987563674710219,0.6344188404027392,Strong
CLDT,PK,0.7987319478718109,0.6344573305245816,Strong
DINO,VLO,0.7987313119452177,0.6344583328395684,MST+Strong
FCF,FFIN,0.798687450036715,0.6345274619167951,Strong
CATY,TMP,0.7986327639535712,0.6346136400148185,Strong
CVBF,NWBI,0.7986172548507494,0.6346380781977246,Strong
FLC,JPC,0.7986116275940862,0.6346469450110255,Strong
CVBF,UMBF,0.7986026507404436,0.6346610894951044,Strong
CNA,L,0.7986017011655457,0.6346625856854243,MST+Strong
EOS,TY,0.7985954057775434,0.6346725048754777,Strong
NTRS,STT,0.7985772367258123,0.6347011316740939,Strong
B,KGC,0.7985744847506735,0.6347054675191108,Strong
ADAM,EFC,0.7985365016581264,0.6347653083492727,MST+Strong
GABC,NBTB,0.7985141667464863,0.6348004934678512,Strong
EFSC,HWC,0.798507922249438,0.6348103303358602,Strong
BOE,NFJ,0.7985052399153029,0.63481455573214,Strong
ASB,PEBO,0.7985035442001865,0.6348172269241178,Strong
FFBC,RF,0.79849665890088,0.6348280729443525,Strong
CII,ETO,0.7984917386137329,0.634835823479216,Strong
COLB,HOPE,0.798481736773682,0.6348515782863237,Strong
AOD,USA,0.7984694603575447,0.6348709154504643,Strong
BANR,INDB,0.7984119175536124,0.6349615459953265,Strong
HOMB,WBS,0.7984042851408407,0.6349735661571422,Strong
CATY,FBNC,0.7984006540496007,0.6349792846233636,Strong
CNOB,FNB,0.7983746773079796,0.6350201928947148,Strong
CTBI,GABC,0.7983339367564087,0.6350843459629457,Strong
BANR,TMP,0.7983305307375639,0.6350897090371346,Strong
PNFP,WSBC,0.7983203419266977,0.635105751939474,Strong
BAC,MTB,0.7982799294833578,0.6351693797982428,Strong
FFIN,FIBK,0.7982772692516498,0.6351735680085409,Strong
BBT,CATY,0.7982504026630008,0.6352158646271346,Strong
CTBI,HOPE,0.7982279699171352,0.6352511787991657,Strong
C,CFG,0.798223931911032,0.6352575353177135,Strong
MBWM,UVSP,0.7982225581071957,0.6352596979075633,Strong
BUSE,SSB,0.7981896060681186,0.6353115675507276,Strong
AUB,FNB,0.798149309472056,0.6353749924697132,Strong
IBOC,PEBO,0.7981175565822328,0.6354249655431665,Strong
KEY,WAL,0.7980464487624855,0.6355368616178206,Strong
ETV,GDV,0.7980148003599943,0.6355866575692188,Strong
FIBK,HOPE,0.7979567623676617,0.6356779650614583,Strong
NWBI,PEBO,0.7979554362120378,0.6356800512647258,Strong
ASML,LRCX,0.7979473567119484,0.6356927611481062,Strong
CII,FFA,0.7979422030625739,0.6357008682350939,Strong
HOPE,PEBO,0.797934041956545,0.6357137060713021,Strong
AMP,SF,0.7979272512541283,0.6357243879950991,Strong
IBCP,IBOC,0.7979114358508648,0.6357492652754468,Strong
CII,QQQX,0.797909483023001,0.6357523369630645,Strong
HOMB,TCBK,0.7978472322522336,0.6358502461236708,Strong
BUSE,CVBF,0.7978152769486351,0.6359005001592072,Strong
AMT,SBAC,0.7977780470648098,0.6359590441768875,MST+Strong
BUSE,SYBT,0.7977575130281014,0.6359913316577492,Strong
SO,WEC,0.7977199802975549,0.6360503434515937,Strong
NRO,RQI,0.7976982853805408,0.6360844513418941,MST+Strong
ABCB,NWBI,0.7976899365487756,0.6360975765575976,Strong
FFIN,PNFP,0.7976782588975955,0.6361159345628822,Strong
KYN,OKE,0.797671083569575,0.6361272143689893,Strong
DFP,FFC,0.7976627302799253,0.6361403457100874,MST+Strong
AVK,CHY,0.7976366444569326,0.636181350784613,MST+Strong
IQI,NZF,0.7976290145862586,0.6361933439037876,MST+Strong
ABCB,PFS,0.7975898301950886,0.6362549328766126,Strong
FHB,HOPE,0.7975785299966709,0.6362726931172343,Strong
ABCB,TFC,0.797570630293741,0.6362851085893163,Strong
CFR,ONB,0.7975475964725086,0.6363213080315501,Strong
NWBI,TMP,0.7975344352910888,0.6363419909276948,Strong
BAC,MET,0.7974810749374523,0.6364258402399255,Strong
CII,SPXX,0.7974017101815057,0.636550531880218,MST+Strong
FULT,HBAN,0.7973856770177823,0.6365757189560685,Strong
ETJ,ETW,0.7973818218971779,0.6365817749556173,Strong
PRU,UNM,0.7973717070302775,0.6365976641014677,MST+Strong
BDN,DEI,0.7973656902102528,0.6366071155583279,Strong
VLY,WSBC,0.7973562001575765,0.6366220226200529,Strong
ASB,WSFS,0.7973553785407956,0.6366233132068042,Strong
EWBC,MTB,0.7973379347662378,0.6366507130817686,Strong
ASB,NWBI,0.797328396492803,0.6366656948622205,Strong
GLO,GLV,0.7973086869446941,0.636696651562274,MST+Strong
SBSI,SFNC,0.7971694640675843,0.6369152784043035,Strong
CSQ,STEW,0.7971593111120627,0.6369312190306536,Strong
DFP,FLC,0.7971323077631735,0.6369736136400417,Strong
QCRH,TOWN,0.7971225432933087,0.6369889429286686,Strong
CHCO,HFWA,0.7970863965710933,0.6370456866330809,Strong
HFWA,NWBI,0.7970708630867129,0.6370700697934052,Strong
RHP,RLJ,0.797067493224717,0.6370753593968032,Strong
BOH,HOPE,0.7970456662284038,0.6371096197226914,Strong
HIW,VNO,0.7970216916688737,0.6371472488069398,Strong
SHO,XHR,0.7970107378803459,0.6371644405012792,Strong
SBCF,SSB,0.796960575205068,0.6372431636274052,Strong
UBSI,WTFC,0.7969334155920952,0.6372857826876492,Strong
COLB,FFBC,0.7968892583400013,0.6373550684822372,Strong
INDB,WSBC,0.7968819352987092,0.637366558114388,Strong
COP,MUR,0.7968325939097479,0.6374439678752197,Strong
TIMB,VIV,0.7968124291459374,0.6374756008727904,MST+Strong
BUSE,WBS,0.796807232391702,0.6374837529040218,Strong
BOH,CBSH,0.7968016763690186,0.6374924683962649,Strong
SRCE,THFF,0.7967970398870549,0.637499741353587,Strong
EFSC,SFNC,0.7967425827439902,0.6375851586353148,Strong
PFS,WSFS,0.7967312025700385,0.6376030072544537,Strong
FRME,OCFC,0.7967309036723088,0.6376034760377192,Strong
CFG,COF,0.7967219524030724,0.6376175148110779,MST+Strong
NBTB,UVSP,0.7967182887220992,0.6376232606765547,Strong
FRME,INDB,0.7966968299074442,0.6376569141671026,Strong
HOPE,SBSI,0.7966369419716669,0.6377508259944994,Strong
CAC,GSBC,0.7966312205398419,0.6377597971966531,Strong
OCFC,WSBC,0.796607417459506,0.6377971190598056,Strong
FCBC,TOWN,0.7965964238750558,0.6378143556317061,MST+Strong
AEM,KGC,0.7965840514793372,0.6378337534509487,Strong
BOKF,TRMK,0.7965800349080284,0.6378400506270699,Strong
HWC,PNC,0.7965153277413544,0.6379414898854685,Strong
BANR,UMBF,0.7964992797679336,0.63796664525987,Strong
CFG,PB,0.796494960420656,0.6379734157147051,Strong
BUSE,CBU,0.7964871715675562,0.637985624340304,Strong
CBU,FIBK,0.7964663129304868,0.6380183180278027,Strong
CCS,LEN-B,0.7964618297394255,0.6380253447325969,Strong
BUSE,FMBH,0.7964543412423939,0.6380370816145502,MST+Strong
ETY,TY,0.7964539386751809,0.6380377125606591,Strong
CVBF,TMP,0.7964490020421683,0.6380454497256942,Strong
MBWM,NBTB,0.7964484580844362,0.6380463022627179,Strong
EOI,ETV,0.796416922767395,0.6380957251582321,Strong
FIBK,SSB,0.7963946159026938,0.6381306826932963,Strong
CHCO,WSBC,0.7963925194359809,0.6381339680098829,Strong
FCF,VLY,0.796368748161539,0.6381712181514628,Strong
FBNC,UBSI,0.7963553565648308,0.6381922021384611,Strong
BANR,CBSH,0.7963348974772559,0.6382242592110458,Strong
ETG,FFA,0.7963133620535177,0.6382580010410873,Strong
BANR,BOH,0.7963117846062585,0.6382604725247232,Strong
GBCI,WAFD,0.7963021469066719,0.638275572293548,Strong
ATO,WEC,0.7963001431830773,0.638278711562469,Strong
WBS,ZION,0.7962178850498197,0.6384075734985923,Strong
CCS,PHM,0.7962029745938924,0.6384309287716371,Strong
CNO,MET,0.7962007371992924,0.6384344332830233,Strong
CATY,ZION,0.7961912782572719,0.638449248950499,Strong
JRS,NRO,0.7961724431979752,0.6384787495320808,Strong
GSBC,QCRH,0.796159684758677,0.6384987317784162,Strong
BRX,SITC,0.796153150647512,0.6385089652502742,MST+Strong
FRME,WASH,0.7961527084082698,0.6385096578623227,MST+Strong
FFBC,FIBK,0.7961466308977653,0.6385191760663649,Strong
FBP,OFG,0.7961193128695759,0.638561958043891,MST+Strong
CVBF,FFBC,0.7960749897896463,0.6386313650461488,Strong
COP,HAL,0.7960520253771675,0.6386673228259491,MST+Strong
BUSE,PGC,0.7960460188060796,0.6386767276078257,MST+Strong
AUB,FFIN,0.7960389949682969,0.6386877249982233,Strong
EFSC,WSFS,0.7960304245961127,0.6387011435779448,Strong
CHI,NCZ,0.7960048394256484,0.638741200447179,Strong
JPM,RF,0.7960025080697647,0.6387448503592578,Strong
FULT,RF,0.7960018854088594,0.6387458251779664,Strong
GBCI,INDB,0.7960005050436486,0.6387479862298611,Strong
COLB,FHB,0.7959406981981302,0.638841610732848,Strong
TNL,VAC,0.7959210345723715,0.6388723901181338,MST+Strong
ONB,UVSP,0.7958704755335426,0.6389515231478166,Strong
BANR,BOKF,0.79586542416582,0.6389594288124717,Strong
EFSC,MBWM,0.7958457210576044,0.63899026431143,Strong
AEE,ATO,0.7958342615315548,0.6390081978636036,Strong
CFR,FITB,0.795827108585701,0.6390193915904258,Strong
BUSE,VLY,0.7958154235101993,0.6390376772770142,Strong
CFR,FFIN,0.7957836300730479,0.639087427394644,Strong
CHCO,SFNC,0.7957809176755037,0.6390916715534576,Strong
CAC,FRME,0.7957789123246493,0.6390948093598489,Strong
ABCB,HBAN,0.7957575415161325,0.6391282476684432,Strong
ASA,RGLD,0.7957500957163858,0.6391398974928951,MST+Strong
BOE,EXG,0.7957475863508351,0.6391438236409156,Strong
HST,XHR,0.795745155956603,0.6391476262075875,Strong
HAL,PTEN,0.7957025789867982,0.6392142379722182,MST+Strong
PFS,WSBC,0.7956880802668452,0.6392369196677469,Strong
C,PNC,0.7956721581081021,0.6392618272537441,Strong
CBU,WABC,0.7956596220806422,0.6392814371141364,Strong
TOWN,UMBF,0.7956527090578769,0.6392922507619236,Strong
UMBF,WTFC,0.7956449485216673,0.6393043899088018,Strong
EXG,NFJ,0.7956064487933767,0.6393646083521096,Strong
TCBK,WAFD,0.7955864584200156,0.6393958735869107,Strong
CATY,SFBS,0.7955714580867113,0.6394193333224899,MST+Strong
INN,RLJ,0.7955645304462721,0.6394301674987315,Strong
CATY,USB,0.7955560335334362,0.6394434556183429,Strong
BOKF,UMBF,0.7955391804765932,0.6394698108955681,Strong
BANR,MBWM,0.7955385261872833,0.6394708340694152,Strong
IBCP,PEBO,0.7955277270502432,0.6394877214611032,Strong
FFBC,WBS,0.7955233069258725,0.6394946334006683,Strong
IGA,IGD,0.7955053772280923,0.6395226700780945,MST+Strong
BUSE,HAFC,0.7955010710491641,0.6395294034692007,MST+Strong
DSU,JFR,0.7954916430234105,0.6395441454295232,Strong
GABC,PEBO,0.795482690768111,0.6395581431455455,Strong
ABCB,FIBK,0.7954509657334902,0.6396077458356955,Strong
SSB,VLY,0.795449267476622,0.639610400983877,Strong
ED,SO,0.7954471923683455,0.6396136453073129,Strong
EVT,FFA,0.7954282760763368,0.6396432191834182,Strong
HOPE,WBS,0.7954257177869789,0.6396472187276688,Strong
INDB,TOWN,0.7953892566476902,0.639704218138836,Strong
BOKF,PNFP,0.7953771481922323,0.6397231460683094,Strong
EWBC,HOPE,0.7953711255644162,0.6397325604275332,Strong
BBT,UBSI,0.7953503469636658,0.6397650397393315,Strong
EWBC,SSB,0.7953043841825694,0.6398368789268567,Strong
FCF,THFF,0.7952744868958301,0.6398836036408025,Strong
FULT,TMP,0.7952735007538052,0.6398851447661444,Strong
BGB,DSU,0.7952345503891816,0.6399460127398536,Strong
CMS,ES,0.7951782372607573,0.6400340033767623,Strong
DFP,HPS,0.7951758208745255,0.6400377787685262,Strong
CTBI,TRST,0.7951239770495782,0.6401187748385793,Strong
FCF,UMBF,0.7951012469810539,0.6401542829958199,Strong
CVBF,HOMB,0.7950926091865829,0.6401677761546846,Strong
KEY,MTB,0.7950179682928423,0.6402843613694741,Strong
HWC,UVSP,0.7950123746144573,0.6402930975507118,Strong
EOI,ETW,0.7950021677854985,0.6403090382221721,Strong
CFR,PNC,0.7949489190304154,0.6403921938462157,Strong
ONB,SBCF,0.7949484631577386,0.6403929057106448,Strong
GABC,HOMB,0.7949078758739305,0.640456281296498,Strong
EWBC,SBCF,0.7948878254794151,0.6404875869532288,Strong
TMP,WSBC,0.7948500123138946,0.6405466223251909,Strong
AMP,MS,0.7948335930583219,0.6405722550059096,Strong
NBHC,UCB,0.7948147047797028,0.6406017408972554,MST+Strong
BOKF,CFG,0.7947855568275043,0.6406472401758954,Strong
ETY,NIE,0.7947806697836166,0.6406548684219662,Strong
HBNC,QCRH,0.7947722016572712,0.6406680862080283,Strong
OVV,SM,0.7947687661734759,0.6406734485313467,Strong
FCF,MBWM,0.7947357381077018,0.6407249985638116,Strong
GABC,HFWA,0.7947268013400858,0.6407389463110764,Strong
AUB,INDB,0.7947199891271765,0.6407495780300188,Strong
NWBI,UVSP,0.7946734843398352,0.6408221526448111,Strong
NBTB,WASH,0.7946653049676415,0.6408349163901081,Strong
HAL,NOV,0.7946536224747172,0.640853146243791,Strong
SBSI,UCB,0.7946519371809816,0.6408557760042713,Strong
BDJ,ETO,0.794648461383223,0.6408611996630426,Strong
BANR,VLY,0.7946272662330508,0.6408942717281052,Strong
PNC,UCB,0.7945958610838805,0.640943271929926,Strong
OCFC,PFS,0.7945806275540989,0.6409670388497386,Strong
WSBC,WTFC,0.7945722528707608,0.6409801044170391,Strong
FLC,HPS,0.7944971343994807,0.6410972868457943,Strong
SFNC,TMP,0.7944790934597354,0.6411254269489934,Strong
PFS,SBCF,0.7944681805888189,0.6411424481520174,Strong
SBSI,TRMK,0.7944473629025746,0.6411749170038165,Strong
DSU,FRA,0.7944128934406023,0.6412286745918303,Strong
FCBC,GSBC,0.7944068496230066,0.6412380998926895,Strong
TCBK,WSFS,0.7944012592653069,0.6412468179019575,Strong
RFI,RNP,0.7943722831349661,0.641292003482086,Strong
HOPE,MBWM,0.7943622534445474,0.6413076431096898,Strong
FNB,GBCI,0.7943605400874262,0.6413103147659077,Strong
KRC,PDM,0.7943519126733768,0.6413237674164637,Strong
BUSE,TMP,0.7943261650480907,0.6413639137836011,Strong
SBCF,UMBF,0.7942862850390663,0.6414260907710782,Strong
BKU,BUSE,0.7942733706374104,0.6414462243440047,Strong
GAM,GDV,0.794270318135642,0.6414509831068279,MST+Strong
CTRE,SBRA,0.7942365099854912,0.6415036866838861,Strong
COLB,SSB,0.7942312924553874,0.6415118199138854,Strong
FRME,QCRH,0.794216423839917,0.6415349969566477,Strong
BOH,ZION,0.7942055661060363,0.6415519213500396,Strong
EAD,HYT,0.7941995473806269,0.6415613027908916,MST+Strong
SRCE,WSFS,0.7941864507583317,0.6415817161385886,Strong
FRME,WAFD,0.7941554786497854,0.641629988934767,Strong
TMP,TRMK,0.7941504760192177,0.6416377856404379,Strong
BANR,GSBC,0.7941504659914547,0.6416378012688239,Strong
CVBF,SBCF,0.7940577775815033,0.6417822409797527,Strong
JRI,NRO,0.7940509181204713,0.6417929290347918,MST+Strong
EOS,FFA,0.7940040464523507,0.6418659572646758,Strong
AOD,CHW,0.79400187552853,0.641869339463212,Strong
DEI,SLG,0.7939971077905033,0.6418767673151861,Strong
ASB,WAFD,0.7939939405238338,0.6418817016805608,Strong
CII,STEW,0.7939877576707134,0.6418913339955394,Strong
RF,UBSI,0.7939862757694095,0.6418936426396362,Strong
IIM,VMO,0.7939601216119445,0.6419343866596577,Strong
BKU,HOMB,0.7939428992665755,0.6419612149241176,Strong
COF,FITB,0.7939212852549065,0.6419948827601253,Strong
AUB,CTBI,0.7938774915882716,0.6420630941141663,Strong
SFBS,SFNC,0.7938447734905693,0.6421140498531873,Strong
FCF,WAFD,0.7938381021668046,0.6421244393934799,Strong
AOD,GGZ,0.7938245698029079,0.6421455134112393,Strong
ALLY,COF,0.7937850117677765,0.6422071133711048,MST+Strong
CATY,NBHC,0.793752040175011,0.642258452377217,Strong
CSQ,SPXX,0.7937226205134936,0.642304257321258,Strong
EWBC,FHB,0.7937103020521171,0.6423234355803669,Strong
AOD,EOS,0.7937003981502858,0.6423388542657438,Strong
IBCP,TOWN,0.7936924854633083,0.6423511727033613,Strong
INDB,TCBK,0.7936876753286289,0.6423586609852335,Strong
HWC,NWBI,0.793679605705005,0.6423712233514124,Strong
ASB,CVBF,0.7936752969798122,0.6423779308478581,Strong
SYBT,TCBK,0.7936727031789252,0.6423819686464973,Strong
ABCB,IBCP,0.7936668785673986,0.6423910357914429,Strong
MBWM,THFF,0.7936342169461006,0.6424418776105733,Strong
CTBI,QCRH,0.793628783039186,0.642450335762717,Strong
AWP,RQI,0.793624776165209,0.6424565725942742,Strong
SBSI,WSBC,0.7936169262069149,0.642468791137881,Strong
EAD,ERC,0.7936080664091507,0.6424825812282373,MST+Strong
AUB,EWBC,0.7935620112636497,0.6425542603334762,Strong
BANR,FHB,0.7935230247053486,0.6426149318132148,Strong
CPF,TOWN,0.7935203318294635,0.6426191222964603,Strong
FRME,PFS,0.7934963433569749,0.6426564504352618,Strong
EWBC,ONB,0.7934828979391819,0.6426773717205517,Strong
ES,LNT,0.7934765466692195,0.6426872541614319,Strong
C,FITB,0.7934721294783925,0.6426941271267499,Strong
VKI,VKQ,0.7934688423478853,0.6426992417174844,Strong
FFIN,HOPE,0.7934649991939918,0.6427052213978165,Strong
BBT,STBA,0.793461254325518,0.6427110480993493,Strong
PNC,PNFP,0.7934350879567821,0.6427517593024821,Strong
PLD,TRNO,0.7934167552246298,0.6427802809286703,Strong
ABCB,CVBF,0.7933994134028813,0.642807259755393,Strong
MTB,WBS,0.793351243053064,0.6428821928579699,Strong
FFIN,IBOC,0.7932962560609917,0.642967719157048,Strong
KRC,VNO,0.7932499192393871,0.643039782222862,Strong
GSBC,TMP,0.7932383650327003,0.6430577500773934,Strong
BANR,PB,0.7932359742865945,0.6430614678448795,Strong
CNOB,WTFC,0.7932271511595029,0.6430751882019661,Strong
NWBI,WSFS,0.7931789595747007,0.6431501231054835,Strong
KIM,SITC,0.7931730224118755,0.6431593544186768,Strong
ASB,BOH,0.7931388658113312,0.6432124597497607,Strong
DRH,SHO,0.7930510657802372,0.6433489476477953,Strong
BANR,PNFP,0.7930407606877102,0.643364965338166,Strong
DVN,OVV,0.7930386798338427,0.6433681996588848,Strong
FBNC,WSBC,0.7930240058758166,0.6433910072796843,Strong
AEM,FNV,0.7930124960550718,0.6434088963403104,MST+Strong
GBCI,SRCE,0.793009082397398,0.6434142018989043,Strong
HWC,STBA,0.7930025229790352,0.6434243965237327,Strong
CTBI,ONB,0.7929897874584723,0.6434441895635203,Strong
CVBF,SBSI,0.7929448382982008,0.6435140428954121,Strong
CCI,SBAC,0.7929280794907071,0.6435400850130362,Strong
SYBT,UBSI,0.7928772718041444,0.6436190304766565,Strong
NMZ,NZF,0.7928689465190392,0.6436319654600148,MST+Strong
CAC,UVSP,0.792850255791323,0.6436610042696032,Strong
HFWA,TMP,0.7928273107144045,0.6436966510486062,Strong
FANG,MUR,0.7928024839405241,0.6437352189518232,Strong
NFJ,RMT,0.7927712766805503,0.643783695536707,Strong
LEN,MHO,0.7927486067283402,0.6438189081902763,Strong
DTE,PNW,0.7927304983546137,0.6438470340777944,MST+Strong
DVN,SM,0.7927280576386657,0.6438508248986473,Strong
CPF,UCB,0.7927032481904942,0.6438893566592102,Strong
ETO,ETV,0.7926901487494236,0.6439097005800991,Strong
GSBC,TRST,0.7926564356023935,0.643962055400171,Strong
HPF,HTD,0.7926380287839547,0.6439906384661896,MST+Strong
ASB,TCBI,0.7926373943872038,0.6439916235678786,Strong
SBSI,TOWN,0.7926262198940207,0.6440089752573007,Strong
UCB,UVSP,0.7926231886281719,0.6440136821090497,Strong
PEBO,THFF,0.7926103624587565,0.6440335977901207,Strong
HPS,PDT,0.7925889219214279,0.644066887952753,Strong
CFR,SFNC,0.7925746127743992,0.6440891044344731,Strong
FLC,LDP,0.7925709678583928,0.6440947634340886,Strong
PEBO,TRMK,0.7925707002141351,0.6440951789694825,Strong
HAL,PEO,0.7925651095970175,0.6441038587106623,Strong
RY,TD,0.7925613595738449,0.6441096807627644,MST+Strong
INDB,SSB,0.7925573542745159,0.644115899082586,Strong
ONB,SBSI,0.7925567010350284,0.6441169132463013,Strong
CFR,ZION,0.7925528728467882,0.6441228565315964,Strong
HOPE,ZION,0.7925458425590133,0.644133770952877,Strong
BDN,HIW,0.7925413145145489,0.6441408005792695,Strong
FBIN,MAS,0.7925206343259419,0.6441729048540588,MST+Strong
BUSE,WASH,0.7925137870299886,0.6441835343595975,Strong
FISI,SRCE,0.7924933944446796,0.6442151900651216,Strong
ABCB,HFWA,0.7924167428425033,0.6443341635479166,Strong
FNB,SBCF,0.7924088210590577,0.6443464579571184,Strong
GABC,MBWM,0.7924072981742285,0.6443488214092915,Strong
BOKF,BUSE,0.792360771906717,0.6444210240103638,Strong
DFP,HPI,0.792350210342122,0.6444374130322943,Strong
DUK,PNW,0.7922731636238322,0.644556958501214,MST+Strong
CHCO,SBSI,0.7922640082223326,0.6445711625222889,Strong
EFSC,SSB,0.7922613599250772,0.6445752711280861,Strong
CVE,OVV,0.7922136107903384,0.6446493453183081,MST+Strong
ETW,NFJ,0.7921913685796699,0.6446838472000522,Strong
BKU,FFBC,0.7921864479337409,0.6446914798045016,Strong
WAFD,WSBC,0.7921579104095267,0.6447357436818179,Strong
HFWA,HOMB,0.7920360439174331,0.6449247337210241,Strong
GSBC,RNST,0.7919630434809326,0.6450379159693908,Strong
PEBO,QCRH,0.7919616203306686,0.6450401222704388,Strong
BX,KKR,0.7919570040990129,0.6450472787338725,MST+Strong
COLB,UMBF,0.7919188108374222,0.6451064860355658,Strong
BUSE,CFR,0.7919070732876743,0.6451246805266804,Strong
BBT,FRME,0.7919033192326789,0.6451304996158856,Strong
ETJ,ETV,0.7918058033338626,0.6452816387688981,Strong
CATY,SYBT,0.7917971447928325,0.6452950568649469,Strong
BDJ,EXG,0.7917951204706908,0.6452981939062115,Strong
GBCI,NWBI,0.791794148702789,0.6452996998251449,Strong
ETG,STEW,0.7917665069561447,0.6453425339211035,Strong
FFIN,FNB,0.7917426659245848,0.6453794760842884,Strong
SSB,UMBF,0.7917345174004944,0.6453921019031851,Strong
AMUB,ATMP,0.791727826760054,0.64540246860381,MST+Strong
EWBC,PB,0.7917164892711482,0.6454200349057221,Strong
CPF,FCF,0.791715495407091,0.645421574775602,Strong
EWBC,UBSI,0.7916998835090044,0.6454457630056851,Strong
BDJ,FFA,0.7916638149777055,0.645501642170327,Strong
NBTB,SSB,0.7916604923826986,0.6455067894566274,Strong
COLB,RNST,0.7916308567494486,0.6455526984693836,Strong
GSBC,ONB,0.7916181211313013,0.6455724264072913,Strong
RNST,UMBF,0.7916009492703112,0.645599025293082,Strong
TOWN,TRST,0.7915472678435523,0.645682169734379,Strong
CFG,JPM,0.7915467996393611,0.6456828948650241,Strong
CATY,WABC,0.7915237870935691,0.6457185345124158,Strong
AUB,GSBC,0.791500633455136,0.645754390685598,Strong
COLB,TCBK,0.7914875121540489,0.645774709702929,Strong
KEY,SBCF,0.7914792315486117,0.6457875323221847,Strong
GSBC,IBOC,0.79147784288488,0.6457896826601057,Strong
APA,OXY,0.7914735720670444,0.6457962959524552,MST+Strong
BOKF,FCF,0.7914439220591324,0.6458422066431825,Strong
ABCB,OCFC,0.791406794779933,0.6458996906951837,Strong
FNB,STBA,0.7913928719940209,0.6459212459827888,Strong
FHB,SFNC,0.791379246831551,0.6459423397927232,Strong
CFG,VLY,0.7913583941832307,0.6459746215088783,Strong
STBA,WABC,0.7913223479986985,0.6460304203383948,Strong
COLB,FCF,0.7913149316216461,0.6460419001556383,Strong
SBCF,WBS,0.791310537168989,0.6460487022369303,Strong
CTBI,FCBC,0.7912895814106112,0.6460811382317065,Strong
NBTB,UMBF,0.7912808393235565,0.6460946690330195,Strong
TRMK,UVSP,0.7912318617591362,0.6461704701406028,Strong
FCF,NBHC,0.7912183334369304,0.6461914059519356,Strong
ONB,RF,0.7912178017912807,0.6461922286885217,Strong
COLB,TOWN,0.7911623147532677,0.64627809068037,Strong
MCHP,ON,0.7911554381948714,0.646288730839597,MST+Strong
FCBC,PEBO,0.7911232367989631,0.6463385540118072,Strong
TMP,UCB,0.7911228604612859,0.646339136272459,Strong
PB,WBS,0.7911220504797426,0.6463403894547476,Strong
PB,PNC,0.7911167374885385,0.6463486095157341,Strong
CFR,TCBI,0.7911143438166736,0.6463523128810269,Strong
CBU,CTBI,0.7911111787344787,0.6463572096999016,Strong
CHCO,PEBO,0.7910904128391112,0.6463893364852004,Strong
AJG,BRO,0.7910835184736857,0.6464000023612535,MST+Strong
BOKF,HOPE,0.7910825830701544,0.6464014494566755,Strong
APLE,INN,0.7910763252351534,0.6464111304190958,Strong
DVN,HAL,0.7910729974425462,0.6464162785039588,Strong
USB,WBS,0.7910713967658664,0.6464187547312248,Strong
IQI,VKI,0.7910375833604734,0.6464710614397626,Strong
CFR,SSB,0.7910197850838886,0.6464985922894363,Strong
FRME,PNFP,0.7910162921826007,0.6465039950648399,Strong
BOH,TRMK,0.7910103399029761,0.6465132018714296,Strong
CNOB,IBOC,0.791009091602146,0.6465151326888705,Strong
FRT,SPG,0.791004467018246,0.6465222857438929,MST+Strong
CBSH,FFIN,0.7909930364410802,0.646539965599838,Strong
BKU,ONB,0.7909787741337246,0.6465620246600868,Strong
EOS,NFJ,0.7909585753533763,0.6465932641879649,Strong
IBCP,UVSP,0.7909539922418811,0.6466003522394941,Strong
EFSC,NWBI,0.7909231418077627,0.6466480622289644,Strong
HPF,PDT,0.7908712380690835,0.6467283230706947,Strong
UMBF,WSBC,0.7908598997559682,0.646745854635392,Strong
BKU,UCB,0.7908148424528905,0.6468155185941499,Strong
COLB,HFWA,0.7907848832386754,0.6468618349560046,Strong
FCF,OCFC,0.7907754655858147,0.6468763937788815,Strong
CNOB,FCF,0.7907698502763302,0.6468850743736013,Strong
ABCB,GSBC,0.7907638532647483,0.6468943449053357,Strong
GSBC,SYBT,0.790725200393288,0.6469540935904371,Strong
FCF,WTFC,0.790716341427183,0.6469677867913008,Strong
THO,WGO,0.7906918941088396,0.6470055732235395,MST+Strong
BOE,ETW,0.7906482155358685,0.6470730785067966,Strong
BOE,ETY,0.7906443508051727,0.6470790511132737,Strong
EFSC,UMBF,0.7905867646556425,0.647168038988882,Strong
NHI,SBRA,0.7905850707211667,0.6471706564405301,MST+Strong
FFBC,GABC,0.7905563126245202,0.6472150915661343,Strong
FHB,FRME,0.7905492629560873,0.647225983786054,Strong
DRH,HST,0.7905310865614243,0.6472540667134903,Strong
FFIN,WSBC,0.7905118608064345,0.6472837695996485,Strong
FRME,PFBC,0.790505819682667,0.6472931025699764,Strong
B,WPM,0.7904997031839825,0.6473025518503962,Strong
BP,E,0.7904774730495183,0.6473368936658588,Strong
AUB,PEBO,0.7904735127558992,0.647343011461622,Strong
PAM,TGS,0.7904615435401207,0.6473615009558096,MST+Strong
BCH,BSAC,0.790438057876822,0.6473977789939938,MST+Strong
HOMB,INDB,0.7904074953372643,0.6474449855589828,Strong
CVBF,SSB,0.7903858688433174,0.6474783875260742,Strong
FFBC,WAFD,0.7903626006742619,0.6475143231245748,Strong
AEE,NI,0.7903198737247893,0.6475803058697982,MST+Strong
GDV,SPXX,0.7903110344845105,0.6475939553693959,Strong
JPM,PRU,0.7903067728315799,0.6476005360844292,Strong
CFG,FULT,0.790296729055155,0.6476160451144567,Strong
NBHC,ONB,0.7902853382112465,0.6476336337602511,Strong
FCF,PB,0.7902794895789846,0.6476426644701774,Strong
HGV,TNL,0.7902731092784024,0.6476525159707134,MST+Strong
FRME,WBS,0.7902252303373967,0.6477264386492237,Strong
HBAN,UMBF,0.7902166103879181,0.6477397465218293,Strong
BCX,BGR,0.7901983163036753,0.6477679888607103,MST+Strong
KEY,UMBF,0.7901882823172787,0.6477834787685177,Strong
AOD,ETV,0.7901871533313394,0.6477852216107752,Strong
GBCI,WABC,0.7901442387856541,0.6478514663321306,Strong
CATY,TCBI,0.7901372327206753,0.6478622805493846,Strong
SFBS,UBSI,0.7901332735718685,0.6478683916168955,Strong
EVT,RVT,0.7901323732348339,0.6478697813066544,Strong
CSQ,GAM,0.7901091161686258,0.6479056780602779,Strong
CHCO,ONB,0.7900875121556438,0.6479390215820563,Strong
DFP,HPF,0.7900799220701642,0.6479507356733779,Strong
SSB,TCBK,0.7900712796291954,0.6479640736503909,Strong
CATY,HBNC,0.7900667154429895,0.6479711174998629,Strong
ITT,PH,0.7900394556811654,0.6480131855430638,MST+Strong
CATY,OCFC,0.7900330193652326,0.6480231178511572,Strong
HWC,PEBO,0.7900264227556544,0.6480332973610934,Strong
AU,HMY,0.7900063937234657,0.6480642040361962,MST+Strong
MS,SF,0.7899943717387274,0.6480827543782854,Strong
FFBC,MBWM,0.7899762617882636,0.6481106976616515,Strong
SRCE,UCB,0.7899653027826542,0.6481276065981849,Strong
CTBI,PFS,0.7899519297349902,0.648148239625797,Strong
COLB,HOMB,0.789937912863095,0.6481698652928952,Strong
BKU,RNST,0.789928433947521,0.6481844892505204,Strong
FBNC,PEBO,0.7899134159400003,0.6482076581775313,Strong
BKU,UMBF,0.7898405963691219,0.6483199883250217,Strong
AUB,CHCO,0.7898368779644371,0.6483257237462707,Strong
ETG,USA,0.7898332781295819,0.6483312762321715,Strong
VGM,VKI,0.7897969478937182,0.6483873103420236,Strong
DCOM,TOWN,0.7897917444624908,0.6483953354821567,Strong
BKU,HBAN,0.7897788240226046,0.6484152619693577,Strong
WSFS,WTFC,0.789772281789575,0.6484253514637208,Strong
CATY,DCOM,0.7897546657847364,0.6484525182544418,Strong
CBU,SSB,0.7896881120747266,0.6485551448030822,Strong
BDJ,ETY,0.7896770739876682,0.6485721640840467,Strong
FBNC,FRME,0.7896668840429093,0.6485878752445049,Strong
ABCB,QCRH,0.7896493291593226,0.6486149409945432,Strong
BKU,EWBC,0.7896401623982117,0.6486290736650467,Strong
PNFP,ZION,0.7896346550028752,0.6486375644335206,Strong
CNOB,UVSP,0.7896231026989898,0.6486553742951802,Strong
MBWM,NWBI,0.7895823829970067,0.6487181468141512,Strong
EFSC,RNST,0.789565767598707,0.6487437589700467,Strong
HBAN,ONB,0.7895640625242523,0.6487463872357946,Strong
PB,RNST,0.7895481432192315,0.6487709253361598,Strong
BANR,SBSI,0.7895300424050797,0.648798824898628,Strong
PFBC,UCB,0.7895221209608927,0.6488110341834629,Strong
CLDT,PEB,0.789519346167354,0.6488153109054163,Strong
GABC,WSBC,0.7895030768203235,0.6488403858880495,Strong
GBCI,WSFS,0.7894949510691295,0.6488529092650668,Strong
C,WFC,0.7894600658580643,0.6489066714743126,Strong
AEM,RGLD,0.7894066764208467,0.6489889422465582,Strong
PNFP,TRMK,0.7893895472215651,0.6490153353788105,Strong
C,RF,0.789381100518742,0.649028349891217,Strong
BNS,TD,0.7893452450982796,0.6490835923079867,Strong
BOKF,FITB,0.7893395453296279,0.6490923735037596,Strong
INDB,WAFD,0.7893303349305998,0.6491065630070307,Strong
VLY,WBS,0.789314623982187,0.6491307665144412,Strong
CHCO,INDB,0.7892300638452795,0.6492610201678837,Strong
FNB,WSFS,0.7892121392399215,0.6492886272838583,Strong
GBCI,PNFP,0.7891975369156337,0.6493111166218646,Strong
BANR,NBHC,0.789139950392027,0.6493997992115073,Strong
OVV,OXY,0.7891224377736175,0.6494267660427656,Strong
GDV,IGA,0.7891099364353722,0.6494460155619215,MST+Strong
CHI,NCV,0.7891058104874565,0.6494523685576079,Strong
FIBK,STBA,0.7890992715582799,0.6494624368533105,Strong
BOH,CBU,0.7890491787517514,0.6495395619178999,Strong
AVK,CCD,0.7890058295048624,0.6496062969139655,Strong
SSB,WTFC,0.7889756524458367,0.6496527496350082,Strong
AG,FSM,0.7889726243592743,0.6496574107030962,MST+Strong
HOPE,PB,0.7889594704792756,0.6496776577976564,Strong
AVK,CHI,0.7889256800553965,0.6497296667762731,Strong
NWBI,PFS,0.7889210059762867,0.6497368606193022,Strong
ASB,GSBC,0.7888944750784199,0.6497776926327651,Strong
HPS,HTD,0.7888877828921265,0.6497879917448053,Strong
FCF,IBOC,0.7888598262843192,0.6498310145194377,Strong
FRME,WTFC,0.7888575294115955,0.6498345490790783,Strong
BOKF,TCBI,0.7888479933175365,0.6498492235626099,Strong
FULT,WASH,0.7888475362945231,0.6498499268376922,Strong
CNOB,HWC,0.7887976207234895,0.6499267332192307,Strong
DCOM,FRME,0.7887876615492047,0.649942056572423,Strong
SSB,STBA,0.7887751255466928,0.649961344163339,Strong
SPXX,TY,0.788755977327582,0.6499908040463619,Strong
ABCB,CBU,0.7887400415412137,0.6500153205252724,Strong
PNC,ZION,0.7887350332148741,0.6500230254154477,Strong
EVT,GGZ,0.7887301288891849,0.6500305702208398,Strong
HFWA,UVSP,0.7887162929563816,0.6500518549217723,Strong
GFI,HMY,0.7887154240928479,0.6500531915268967,Strong
BCS,NWG,0.788706169637236,0.650067427830012,Strong
ETW,TY,0.7887003380487145,0.6500763985121832,Strong
FFIN,SBCF,0.7886560695272014,0.6501444923596579,Strong
AEM,NEM,0.7886128718696271,0.650210932129525,Strong
FHN,FNB,0.7885840230646917,0.6502552989946462,MST+Strong
ETG,RVT,0.7885529398962885,0.6503030987219905,Strong
HWC,MTB,0.7885377073383333,0.6503265220820488,Strong
CFG,UCB,0.7885209157678605,0.6503523417842662,Strong
SFNC,UVSP,0.7885050097796884,0.6503767988179031,Strong
HBNC,WSBC,0.7885000442309062,0.6503844336530414,Strong
OCFC,UVSP,0.7884759027178301,0.6504215514297937,Strong
HPI,LDP,0.7884614914113058,0.6504437079235899,Strong
CNOB,TOWN,0.7884604102518918,0.6504453701089864,Strong
EOI,EVT,0.7884530779022836,0.6504566428252023,Strong
CNOB,FRME,0.7884154719985363,0.6505144548762366,Strong
HWC,ZION,0.7884035036237227,0.6505328529386926,Strong
ETG,NIE,0.7884000054264025,0.6505382303502193,Strong
MAC,SPG,0.7883494690006296,0.6506159097338005,MST+Strong
HOPE,OCFC,0.7883340785678051,0.6506395644782061,Strong
DSU,EAD,0.7883337120856201,0.650640127742487,MST+Strong
ALK,UAL,0.7883190617850938,0.6506626441020049,Strong
UCB,ZION,0.7882632875201377,0.6507483576312156,Strong
COLB,SBCF,0.7882450418102707,0.6507763950693499,Strong
FRME,SYBT,0.7882252461433776,0.6508068128970722,Strong
HOMB,SYBT,0.7882241113050658,0.6508085566354121,Strong
FFIN,SSB,0.7882156168459928,0.6508216086670865,Strong
FULT,ZION,0.7882140021407388,0.650824089688237,Strong
CCS,LEN,0.7882102845832917,0.6508298017403756,Strong
BDJ,USA,0.7882056984819138,0.6508368482470644,Strong
FULT,GABC,0.7882041994308587,0.6508391515100198,Strong
CHCO,GABC,0.788198594795183,0.650847762852139,Strong
AOD,LGI,0.7881759542317485,0.6508825481886137,MST+Strong
ABCB,MBWM,0.7881497760980309,0.6509227663893299,Strong
KRC,SLG,0.788107288500719,0.6509880359872692,Strong
PFS,SRCE,0.7881038332134851,0.6509933437240583,Strong
ASA,AU,0.7881003082170789,0.650998758497927,MST+Strong
CNOB,SBCF,0.7880786906805697,0.651031964375683,Strong
AUB,BBT,0.7880726237963562,0.6510412831820173,Strong
PRK,TMP,0.7880715973859528,0.6510428597474166,Strong
FFBC,IBCP,0.7880604154660475,0.6510600349183667,Strong
BANR,WBS,0.7880496827453058,0.6510765197036277,Strong
LKFN,NBTB,0.7880326213777624,0.6511027240339846,Strong
QCRH,SRCE,0.7880112415513215,0.6511355595399141,Strong
SBCF,TRMK,0.787997020539776,0.6511573994975777,Strong
IBOC,WTFC,0.7879963507256992,0.6511584281483284,Strong
BGR,SU,0.7879945415937476,0.6511612064707977,Strong
GPI,PAG,0.7879937714636659,0.6511623891723693,MST+Strong
CBU,UMBF,0.7879909004929609,0.6511667981508871,Strong
FIBK,VLY,0.7879827072320551,0.6511793804597085,Strong
KYN,TRGP,0.787982232229697,0.6511801099086227,Strong
GABC,SFNC,0.7879657090638695,0.6512054836011909,Strong
ASB,CNOB,0.7879606919484768,0.6512131879062696,Strong
COP,FANG,0.7879585151989794,0.6512165305042872,Strong
FISI,GSBC,0.7879395353362891,0.6512456750930649,Strong
BGB,FRA,0.7879092492548271,0.651292178281258,Strong
AUB,BOH,0.7878949217537539,0.6513141764866571,Strong
BOH,UMBF,0.7878891522990283,0.6513230346010674,Strong
ASA,BTG,0.7878469958914246,0.6513877556549177,MST+Strong
SRCE,TMP,0.7878440658273507,0.6513922538266007,Strong
STBA,WASH,0.7878353431949188,0.6514056444414359,Strong
AOD,IGA,0.7878200098658378,0.6514291828497741,Strong
HOMB,MBWM,0.7877508481692724,0.6515353433709142,Strong
GSBC,SBSI,0.7877459339064686,0.6515428859154727,Strong
FHB,SSB,0.7877305134136147,0.651566553141558,Strong
FBNC,UVSP,0.787680789663888,0.6516428628261219,Strong
CBU,EFSC,0.7876547969654532,0.651682749556173,Strong
HOPE,PFS,0.7876539396601826,0.6516840650803385,Strong
LKFN,TOWN,0.7876398928199613,0.6517056194019486,Strong
HWC,WSFS,0.7876345592463351,0.6517138033733287,Strong
BANF,FNB,0.787633961126437,0.651714721137344,Strong
BOH,ONB,0.787622907006154,0.6517316825102889,Strong
ASB,PFS,0.7876228116991767,0.6517318287467988,Strong
FFBC,HAFC,0.787598074032809,0.6517697844594992,Strong
UCB,WABC,0.7875848477285792,0.6517900770515317,Strong
BKU,TFC,0.7875753100942336,0.6518047098721615,Strong
FFBC,QCRH,0.7875696503757614,0.6518133929649476,Strong
ETR,LNT,0.7875483822482222,0.6518460213145092,MST+Strong
RMT,TY,0.7875411928581993,0.6518570504977309,Strong
RF,SF,0.7875363055372214,0.6518645479895016,Strong
EFSC,GBCI,0.7875223579106694,0.6518859441487147,Strong
CHW,GDV,0.7875192212065567,0.6518907558685632,Strong
GSBC,SFNC,0.7875011023972139,0.6519185495179379,Strong
BOH,SFNC,0.7874925395282015,0.6519316842611632,Strong
TOWN,WASH,0.7874862151417091,0.6519413851847279,Strong
BOH,COLB,0.7874837728935551,0.6519451312901184,Strong
BST,QQQX,0.7874255525177674,0.6520344277447819,MST+Strong
LNT,PNW,0.7874246185597308,0.6520358601185509,Strong
NBHC,RNST,0.7874098470069287,0.6520585142348365,Strong
MBWM,TRMK,0.7874063032610198,0.6520639489175586,Strong
CHI,CSQ,0.7873977462190234,0.6520770717959291,MST+Strong
FISI,UVSP,0.7873906651238993,0.6520879309971941,Strong
PEBO,UCB,0.7873878132894153,0.652092304371988,Strong
BOKF,CBSH,0.7873812171318691,0.6521024196675409,Strong
FULT,NBHC,0.7873734229530428,0.6521143719424641,Strong
PNFP,SSB,0.7873543218648302,0.6521436622940834,Strong
KRG,SITC,0.7873320895353233,0.6521777525562746,Strong
LKFN,UBSI,0.7873316906583955,0.6521783641636765,Strong
FNV,WPM,0.7873051079905625,0.6522191227025431,Strong
FPF,HPI,0.7873048647234513,0.6522194956861512,Strong
EFSC,HFWA,0.7872863383606687,0.6522479001719074,Strong
AN,PAG,0.787279168866682,0.652258892056395,MST+Strong
BYD,RRR,0.7872759389520916,0.6522638439280664,MST+Strong
COLB,NBTB,0.787275651848915,0.6522642840920925,Strong
FBNC,STBA,0.787263723802211,0.6522825709733305,Strong
RF,VLY,0.7872450419041869,0.6523112111497289,Strong
QCRH,UBSI,0.7872428054398399,0.6523146396642652,Strong
CBSH,CVBF,0.7872402262768414,0.6523185935157123,Strong
UCB,USB,0.7872162091133912,0.6523554106261538,Strong
HOMB,PFS,0.7871784158393066,0.6524133416181699,Strong
IQI,NAD,0.7871513955072998,0.6524547562746403,Strong
UMBF,ZION,0.7871467622464908,0.6524618575112405,Strong
BDN,BXP,0.7871144538861381,0.6525113732554582,Strong
USB,WFC,0.7871121935899345,0.6525148372413696,Strong
FUND,RMT,0.7870805199700099,0.6525633762784885,Strong
CTBI,FNB,0.7870766169803488,0.6525693572635037,Strong
FITB,JPM,0.7870758914322072,0.6525704690955495,Strong
BMO,TD,0.7870687036037984,0.6525814836420071,Strong
BOKF,IBOC,0.7870445327355499,0.6526185214418146,Strong
BKU,FULT,0.7870270202115283,0.6526453551332021,Strong
NWBI,SSB,0.7870218470837148,0.6526532814845647,Strong
ASB,CTBI,0.7869974603033668,0.6526906460133057,Strong
HAL,HP,0.7869864199140675,0.6527075609887364,Strong
SBCF,VLY,0.7869565893763624,0.6527532621498534,Strong
CAC,STBA,0.7869457447450087,0.652769875614663,Strong
PRU,TFC,0.7869316888412825,0.6527914079684528,Strong
HOMB,UVSP,0.7869316247235559,0.6527915061892948,Strong
CFG,FFBC,0.7868483160734251,0.6529191127951072,Strong
MTDR,OXY,0.7868292976671977,0.6529482404184919,Strong
PNC,WFC,0.7868266163217613,0.6529523469262343,Strong
FANG,HAL,0.7868221280190484,0.6529592207495835,Strong
IQI,NEA,0.7867620956521932,0.653051153199819,Strong
GSBC,WSFS,0.7867537378949946,0.6530639510874956,Strong
FCF,RF,0.786721876388293,0.6531127369937092,Strong
NWN,SR,0.786719165282063,0.6531168880345034,MST+Strong
EOG,MTDR,0.7866795455702534,0.6531775477307017,Strong
MBWM,QCRH,0.7866770019729166,0.6531814419088825,Strong
BBT,FULT,0.786643756123138,0.6532323382639014,Strong
PB,WTFC,0.7866190962929661,0.6532700876468077,Strong
ETY,FFA,0.7866058076786029,0.6532904290151466,Strong
CHCO,TRST,0.7866034050490918,0.6532941067404607,Strong
BBT,UCB,0.7866007755678066,0.653298131685976,Strong
C,PRU,0.7865951227565937,0.6533067843569456,Strong
DTE,DUK,0.786588467707495,0.6533169709911185,Strong
AUB,GABC,0.7865866911073156,0.6533196903395525,Strong
FULT,PNC,0.7865848931773968,0.6533224423247731,Strong
PB,TRMK,0.7865716320072198,0.6533427400572844,Strong
AEP,ED,0.7865550373937313,0.6533681391164841,Strong
CMS,DTE,0.7865143229003143,0.6534304509275424,Strong
BOE,CSQ,0.7864656907251731,0.6535048726288533,Strong
TRMK,WSFS,0.7864560406702876,0.6535196390770707,Strong
HFWA,WAFD,0.7864555850757751,0.6535203362164408,Strong
GBCI,PFS,0.7864519254415072,0.6535259360706241,Strong
CNOB,PEBO,0.7864310094598813,0.6535579401095494,Strong
NIE,RVT,0.786425797408668,0.6535659149486485,Strong
INDB,NWBI,0.7864250287163456,0.6535670910987708,Strong
GSBC,UCB,0.7864213480327578,0.6535727227589019,Strong
MET,UNM,0.7864043590271205,0.6535987162975146,Strong
PEB,RHP,0.78638246528847,0.6536322126571333,Strong
EOS,EVT,0.7863633537952776,0.6536614509128138,Strong
AUB,TMP,0.7863210407217364,0.6537261801064168,Strong
BGR,HAL,0.7863132431807478,0.6537381078371556,Strong
ABCB,INDB,0.7863060547769096,0.6537491035911107,Strong
AVK,GDV,0.7863054155326578,0.6537500814031953,Strong
THFF,UVSP,0.7862934512481143,0.6537683821536273,Strong
HOPE,NBHC,0.7862926169508323,0.6537696582882502,Strong
GABC,SYBT,0.7862911059422694,0.6537719695088351,Strong
AROW,CTBI,0.786285868931775,0.6537799799140763,MST+Strong
FRME,HBNC,0.7862850147594871,0.6537812864261456,Strong
PEBO,SFNC,0.7862832047812002,0.6537840548970276,Strong
BANR,CFR,0.7861921664392765,0.6539232884073231,Strong
PFS,WTFC,0.7861857380480708,0.6539331188308621,Strong
ETB,ETY,0.7861734963193509,0.6539518387169642,Strong
ING,SAN,0.7861436212658108,0.6539975209955908,MST+Strong
CNOB,SRCE,0.7861360066303908,0.6540091641095087,Strong
BANF,CATY,0.7861127956839277,0.6540446533931339,Strong
CPF,TCBK,0.7860339197984848,0.6541652393723091,Strong
FBNC,RNST,0.7860152407932262,0.6541937927048435,Strong
CFR,TOWN,0.7860124765759927,0.6541980180709924,Strong
HFWA,SBSI,0.7860087410377451,0.6542037281493509,Strong
UCB,WTFC,0.7860066827624707,0.6542068743716002,Strong
BUSE,FCBC,0.7859975664014933,0.6542208092051287,Strong
CFR,RNST,0.7859973410885615,0.6542211536039454,Strong
CAC,SRCE,0.7859874669760206,0.6542362463575055,Strong
HWC,TCBK,0.7859709600538047,0.6542614766990263,Strong
CPF,SFNC,0.7859687810387754,0.654264807186241,Strong
EFSC,FNB,0.7859584905263182,0.6542805353572454,Strong
ABCB,HAFC,0.7859522632520464,0.6542900530314574,Strong
CBSH,SSB,0.7859498166076572,0.6542937924087968,Strong
CBSH,FRME,0.7859418493256052,0.6543059692137843,Strong
HFWA,MBWM,0.785892303007063,0.6543816883026862,Strong
DTE,OGE,0.7858793133608363,0.6544015382609728,MST+Strong
BUSE,CPF,0.78584990464641,0.6544464765793915,Strong
FFIN,STBA,0.7858355113071915,0.6544684693593855,Strong
CAC,TCBK,0.7858238447212081,0.6544862951640651,Strong
IBOC,WBS,0.785751010684544,0.6545975699854927,Strong
PNFP,SBCF,0.7857413090471926,0.6546123905836299,Strong
FULT,TFC,0.7857096720761251,0.6546607181187442,Strong
BSRR,BUSE,0.7856792988803837,0.6547071117982701,MST+Strong
COLB,EWBC,0.7856777084341866,0.6547095410421532,Strong
CNOB,HBNC,0.7856283869329699,0.6547848701169418,Strong
EFR,FRA,0.7856271485671806,0.6547867613701721,MST+Strong
CHCO,TMP,0.7856241027016462,0.6547914130444196,Strong
IBOC,UVSP,0.7856150158061366,0.654805290439629,Strong
LKFN,RNST,0.7855957806562746,0.6548346651540761,Strong
FFBC,PFBC,0.7855953131007931,0.6548353791590783,Strong
DHI,TPH,0.7855890615611588,0.654844925824185,Strong
BBT,RNST,0.7855776135365219,0.6548624076299969,Strong
FNB,USB,0.785574716402716,0.6548668316494338,Strong
GBCI,PEBO,0.785564412307633,0.6548825661023006,Strong
CAC,CATY,0.7855529034925134,0.6549001397274039,Strong
AGNC,ARR,0.7855426131979367,0.6549158523078569,MST+Strong
DOV,PH,0.7855350242381594,0.6549274398921466,MST+Strong
AMP,BAC,0.7855299552811805,0.654935179569428,Strong
FITB,PRU,0.7855225346511788,0.6549465097988098,Strong
FCF,SBSI,0.7854974991346926,0.6549847339676054,Strong
AUB,WTFC,0.7854915111983269,0.6549938760044601,Strong
ASML,KLAC,0.785477279260223,0.6550156039969994,Strong
ABCB,DCOM,0.7854724104590997,0.6550230370619041,Strong
BUSE,PFBC,0.7854573485471766,0.6550460311349476,Strong
EOS,ETJ,0.7854564122990247,0.6550474604194344,Strong
WBS,WSBC,0.78540159914227,0.6551311332210216,Strong
FFIN,VLY,0.7853943967457967,0.6551421269529282,Strong
BUSE,SBSI,0.7853914066295465,0.65514669100966,Strong
EOI,NFJ,0.785361600378897,0.6551921849672857,Strong
FHB,ONB,0.7853534929941555,0.6552045589063686,Strong
CTBI,IBOC,0.7853517353506191,0.6552072414883415,Strong
FBP,HWC,0.7853173725678642,0.6552596850594974,MST+Strong
NIE,RMT,0.7852899598875257,0.6553015185584027,Strong
CFR,TFC,0.785271885292338,0.6553291000827934,Strong
STBA,VLY,0.7852479375075768,0.6553656422065826,Strong
PB,VLY,0.7852464507862464,0.6553679107398432,Strong
BAC,FNB,0.785201184576826,0.6554369770209398,Strong
BUSE,RF,0.7851872653005169,0.6554582133126156,Strong
SFBS,UCB,0.7851618166284371,0.6554970379361953,Strong
COLB,FIBK,0.7851613932319604,0.6554976838525665,Strong
NZF,VKQ,0.7851582363730797,0.6555024998074688,Strong
CBU,GSBC,0.7851259390224713,0.6555517690884964,Strong
EFSC,GABC,0.7850975812524811,0.6555950255264585,Strong
QQQX,SPXX,0.7850803860571255,0.6556212533816678,Strong
CHCO,WABC,0.7850674725196871,0.6556409497282989,Strong
ABCB,FHB,0.7850643732223568,0.655645676837182,Strong
PNC,PRU,0.7850409148874279,0.6556814548430848,Strong
CNOB,HOPE,0.7850352544212406,0.6556900877377352,Strong
NBTB,SFBS,0.785027319426134,0.6557021893723796,Strong
VLY,WTFC,0.7850017792357857,0.6557411391154504,Strong
BOH,SBCF,0.7849923458723195,0.6557555247615997,Strong
OCFC,SBCF,0.7849879195785464,0.6557622746414338,Strong
NBHC,SFNC,0.7849809741719885,0.655772865904059,Strong
ASB,CBU,0.7849704996815439,0.6557888384510003,Strong
RF,WFC,0.7849412116958887,0.6558334976259009,Strong
MBWM,RNST,0.7849350144688133,0.6558429469487138,Strong
AOD,RVT,0.784935012253337,0.6558429503267731,Strong
BKU,HOPE,0.7848985271690748,0.6558985787923697,Strong
COLB,TRMK,0.7848983218033827,0.6558988918981603,Strong
BPOP,RF,0.7848927556800535,0.6559073780953322,Strong
IDA,WEC,0.7848921205167041,0.655908346468157,Strong
FHB,TRMK,0.7848852188542442,0.6559188686808084,Strong
CFG,HOMB,0.7848630713116456,0.6559526334856114,Strong
EWBC,VLY,0.78483839751974,0.6559902476108314,Strong
FHB,HWC,0.7848067401992254,0.6560385046638263,Strong
HFWA,INDB,0.7848005798401004,0.6560478948368016,Strong
FMBH,SRCE,0.7847806404556509,0.6560782873169163,Strong
SRCE,SYBT,0.7847718524787719,0.6560916818878717,Strong
CATY,WASH,0.7847386273044495,0.6561423209876809,Strong
FBNC,FNB,0.7847215808705982,0.6561683002544421,Strong
BGH,EAD,0.7846895360099373,0.6562171347809546,MST+Strong
BOH,CPF,0.7846854334222231,0.6562233866265007,Strong
BOKF,MTB,0.7846719953567923,0.6562438641895368,Strong
BPOP,CFG,0.7846399348982057,0.6562927168600826,Strong
UVSP,WTFC,0.7846337937969095,0.6563020740529326,Strong
FFIC,PFS,0.7846318334831387,0.6563050609539154,MST+Strong
CII,USA,0.7846273779857617,0.6563118496785477,Strong
FRME,THFF,0.784619863406177,0.6563232992875128,Strong
CBU,SRCE,0.7846133504434499,0.6563332226187397,Strong
CBSH,HOPE,0.7846091184107196,0.6563396705811412,Strong
CHCO,HOPE,0.7846058182398633,0.656344698706612,Strong
FIBK,UMBF,0.7845857520114164,0.6563752706928919,Strong
AGI,ASA,0.7845742171025989,0.6563928441069435,MST+Strong
FANG,OXY,0.7845698769268965,0.6563994562354596,Strong
ATMP,KMI,0.7845681077961524,0.6564021514343895,MST+Strong
COLB,WAFD,0.7845613185353418,0.656412494495128,Strong
FRME,VLY,0.784555893373315,0.6564207593101927,Strong
CBU,SBCF,0.7845221926852748,0.6564720973731103,Strong
CVE,VET,0.7845107085997604,0.6564895907784671,MST+Strong
BDJ,NFJ,0.7845064553385586,0.6564960695410772,Strong
BBT,WSBC,0.7844636185746177,0.6565613169009918,Strong
MBWM,TMP,0.7844275604224439,0.6566162343067008,Strong
CATY,FISI,0.7844258503821153,0.6566188386238773,Strong
CMS,NI,0.7844174809425342,0.6566315847679973,Strong
KYN,PAGP,0.784416070285825,0.6566337330874419,Strong
CSQ,RVT,0.7844086558078072,0.6566450246399387,Strong
EWBC,SFNC,0.7844008425136164,0.656656923341837,Strong
CFG,ONB,0.7843961088747159,0.6566641319963868,Strong
BANR,GABC,0.7843738035124759,0.6566980988057208,Strong
AUB,CFR,0.7843670944199801,0.6567083151293577,Strong
AWF,EAD,0.7843394834545981,0.6567503582723071,MST+Strong
NWBI,VLY,0.7843355820634883,0.6567562986930718,Strong
INDB,TMP,0.78433292336293,0.6567603469106063,Strong
FULT,IBOC,0.7843239204622842,0.6567740548129407,Strong
BPOP,FITB,0.7843143970747765,0.6567885549021444,Strong
FCF,TRST,0.7843056756370014,0.6568018336804468,Strong
NBTB,WSFS,0.784285320400019,0.656832824392906,Strong
FFA,TY,0.7842822446320988,0.6568375071018724,Strong
BKU,ZION,0.7842519425480751,0.6568836387853254,Strong
LAMR,OUT,0.784236871364869,0.6569065818442239,MST+Strong
BANR,IBOC,0.784234324022749,0.6569104596172161,Strong
AEE,POR,0.7842129370689808,0.6569430156886048,Strong
CNI,CP,0.7842090715724964,0.656948899728896,MST+Strong
EAD,VLT,0.7841868708135356,0.6569826925977037,MST+Strong
ABCB,BOH,0.784180289465073,0.6569927100583796,Strong
FRME,PRK,0.7841704806958257,0.6570076396879633,Strong
SBSI,TMP,0.7841485886347581,0.6570409597053168,Strong
VLY,WSFS,0.7841472474890054,0.6570430008926273,Strong
CNOB,WSBC,0.7841335268550996,0.6570638829594888,Strong
KIM,SPG,0.7841310214374159,0.6570676959987976,Strong
CAC,MBWM,0.7841162908577468,0.6570901142800022,Strong
FANG,SM,0.7840721091750907,0.6571573492321443,Strong
ABCB,HBNC,0.7840708492634513,0.6571592664439097,Strong
NBHC,TRMK,0.7840430375135835,0.6572015862525235,Strong
COLB,VLY,0.7840236133674647,0.657231141429764,Strong
EOG,HAL,0.7840044659774266,0.6572602742028053,Strong
TOWN,WBS,0.784002146265117,0.6572638035597016,Strong
CBU,LKFN,0.7839809144555971,0.6572961060958795,Strong
GGZ,TY,0.7839741830961305,0.6573063470009542,Strong
ASR,PAC,0.7839497012293377,0.6573435916941189,MST+Strong
BKU,SBCF,0.7839289081296504,0.6573752229440193,Strong
CHCO,GBCI,0.7839084177716501,0.6574063921629449,Strong
CNOB,FFBC,0.7839013369356475,0.6574171629404766,Strong
ETW,NIE,0.7838974128106428,0.6574231319163589,Strong
GBCI,GSBC,0.7838884535478172,0.6574367596235896,Strong
CATY,THFF,0.7838586795661598,0.6574820460420804,Strong
SSB,WAFD,0.7838503677112145,0.6574946878702298,Strong
QCRH,WSBC,0.7838472989029606,0.6574993552803522,Strong
FIBK,WAFD,0.7838299089223305,0.6575258034140857,Strong
FMBH,TOWN,0.7838207957776595,0.6575396630201717,Strong
FCF,FIBK,0.7838191179233938,0.6575422147308966,Strong
ABCB,TCBI,0.7837980611915301,0.6575742373427809,Strong
SSB,WSFS,0.7837864312404276,0.6575919232465868,Strong
EFSC,FIBK,0.7837819997517477,0.6575986621766384,Strong
BSRR,PEBO,0.7837553723185808,0.6576391528511957,Strong
FIBK,SRCE,0.7837436274115257,0.6576570118055068,Strong
FFIN,TCBK,0.7836915183340477,0.657736241461503,Strong
CBU,GABC,0.7836841044373883,0.6577475132033745,Strong
GABC,TMP,0.7836758002812713,0.6577601382247615,Strong
CTBI,CVBF,0.7836482386588626,0.6578020391290034,Strong
TCBK,WASH,0.7836371252088081,0.65781893373662,Strong
PRU,RF,0.7836334940213611,0.6578244537544023,Strong
CPF,WSBC,0.7836185472942221,0.6578471748146038,Strong
EAD,EVV,0.7836090894037123,0.6578615516904567,MST+Strong
BANR,PFS,0.7836017237890159,0.6578727478942779,Strong
BOKF,RNST,0.78358842883976,0.6578929565822088,Strong
FULT,USB,0.7835830140467902,0.6579011870383117,Strong
NIE,QQQX,0.783551357589816,0.6579493026216898,Strong
MUR,SM,0.7835332177164523,0.6579768723648995,Strong
BKU,TOWN,0.783525174839837,0.6579890958977406,Strong
BAC,EWBC,0.7835188694205544,0.6579986786908399,Strong
HPI,PSF,0.783508708296289,0.6580141209787385,MST+Strong
PNFP,TFC,0.7834732610882436,0.6580679887545913,Strong
EWBC,FCF,0.7834632454618617,0.6580832083226835,Strong
RNST,WBS,0.7834462638205336,0.6581090125191515,Strong
CPF,FRME,0.7833843141189339,0.658203138675388,Strong
PEBO,PNFP,0.7833799715057463,0.6582097363215674,Strong
DTE,LNT,0.7833132257272016,0.6583111335421852,Strong
FITB,UCB,0.7833052555743815,0.6583232404003653,Strong
NWBI,SBSI,0.7832972319404768,0.6583354282727357,Strong
EOS,SPXX,0.7832939495617244,0.6583404141297656,Strong
PRU,USB,0.7832863597125607,0.6583519427896288,Strong
BPOP,HWC,0.7832746504719496,0.6583697282349037,Strong
FFIN,SBSI,0.7832738758009782,0.6583709048842025,Strong
FISI,TOWN,0.7832527069833218,0.65840305743014,Strong
FLC,PFO,0.7832516835873672,0.6584046117891836,MST+Strong
FCF,GABC,0.7832442882081676,0.6584158439646367,Strong
CBSH,FCF,0.7832304620667212,0.6584368427317517,Strong
HIW,SLG,0.7832231277663669,0.6584479815955594,Strong
EFSC,QCRH,0.7831950608546749,0.6584906060762371,Strong
FFIN,INDB,0.7831884262168824,0.6585006815229846,Strong
CBSH,EWBC,0.7831877282804462,0.6585017414093204,Strong
ONB,WSFS,0.783164675825697,0.658536747910552,Strong
FHN,KEY,0.7831382498712881,0.6585768749792418,Strong
FCF,TMP,0.7831073184465305,0.6586238403724383,Strong
AEE,ETR,0.7831044781032364,0.6586281529008059,Strong
SBCF,UVSP,0.7830829648900315,0.6586608157617523,Strong
ABCB,PNC,0.7830689285578594,0.6586821258272318,Strong
HBAN,PB,0.7830604415827999,0.6586950104823933,Strong
COLB,INDB,0.7830584799954607,0.6586979884659422,Strong
ISD,VLT,0.7830555269239265,0.6587024716456944,Strong
ABCB,CPF,0.783049949083801,0.6587109395117088,Strong
GBCI,UVSP,0.7830240752136705,0.6587502178919253,Strong
AUB,CBSH,0.7830131458633401,0.6587668087216596,Strong
NEA,VMO,0.7829910097574159,0.658800410204159,Strong
BOE,EVT,0.7829801580430281,0.6588168819284641,Strong
C,KEY,0.7829337708950495,0.658887287940738,Strong
IIM,VKQ,0.7828977314106474,0.6589419831659727,Strong
EWBC,USB,0.7828924710545077,0.6589499661514406,Strong
HOMB,SBSI,0.7828902979419474,0.6589532639847117,Strong
CNQ,VET,0.7828593546288335,0.6590002205935389,Strong
GAM,TY,0.7828449657768195,0.6590220545978419,Strong
ASB,BPOP,0.7828152316320558,0.6590671716417746,Strong
HOPE,WTFC,0.7828135189660053,0.6590697702580429,Strong
BOKF,TOWN,0.782797518825731,0.6590940466644635,Strong
IBOC,STBA,0.7827544951744367,0.6591593203855397,Strong
SBCF,STBA,0.7827544771977782,0.6591593476576385,Strong
STBA,UMBF,0.7827285102706404,0.6591987404862961,Strong
TRST,UBSI,0.7827255805985383,0.6592031847639417,Strong
FRME,IBOC,0.7826995690269994,0.6592426426938727,Strong
HPS,JPC,0.782694524357288,0.6592502948694251,Strong
IBOC,ONB,0.7826615148064509,0.659300364315915,Strong
GBCI,TMP,0.7826419702304028,0.6593300080681861,Strong
GSBC,HFWA,0.7826192193948246,0.6593645131566839,Strong
PRK,TOWN,0.7826162069324687,0.6593690818768064,Strong
CVE,DVN,0.7826047649876577,0.659386434516729,Strong
FHB,UMBF,0.7826021217665233,0.6593904431116312,Strong
ETV,NIE,0.7825892333071196,0.6594099888428752,Strong
HBAN,HOPE,0.782573516887669,0.6594338224755097,Strong
BUSE,NBHC,0.7825521436820887,0.65946623312784,Strong
QQQX,TY,0.7825447204822823,0.6594774894076638,Strong
NHI,WELL,0.7825345117351327,0.6594929692799876,Strong
MTG,NMIH,0.7825169313875044,0.6595196261105435,MST+Strong
CTBI,WSFS,0.7825164368321683,0.6595203759821704,Strong
AWK,CMS,0.7825043004498985,0.6595387775561062,MST+Strong
SFNC,WABC,0.7824945737061266,0.6595535251878704,Strong
COF,RF,0.7824734335581728,0.6595855766188755,Strong
BUSE,CFG,0.7824671019177576,0.659595175971205,Strong
PFS,TCBK,0.7824121904552124,0.6596784209670461,Strong
FISI,PFS,0.7824107810776691,0.659680557425078,Strong
ONB,SFBS,0.7824084030810208,0.6596841621851767,Strong
AOD,EOI,0.7824045806346772,0.659689956517943,Strong
BAC,WBS,0.7823942437771105,0.6597056255980989,Strong
NFJ,STEW,0.7823861118358716,0.6597179521039706,Strong
CPF,STBA,0.7823825367824382,0.6597233711451518,Strong
GGZ,RMT,0.7823726987686394,0.659738283308405,Strong
CBSH,COLB,0.7823373615497006,0.6597918436147865,Strong
FIBK,NWBI,0.782332001017849,0.6597999681451204,Strong
CFG,UMBF,0.7823283077605097,0.6598055656623251,Strong
ABG,GPI,0.7823243949570325,0.659811495872825,MST+Strong
AAT,BXP,0.7823192910366219,0.6598192312495569,MST+Strong
ABCB,FISI,0.7823121070049959,0.6598301190382326,Strong
FFC,HPS,0.7822966044102966,0.6598536134472606,Strong
RNST,TMP,0.7822896726011003,0.6598641184348483,Strong
BKU,FCF,0.782282769913701,0.65987457912288,Strong
FRME,SFBS,0.7822631161706692,0.6599043625091908,Strong
BDN,CUZ,0.7822376346485203,0.6599429753417787,Strong
UBSI,WASH,0.7821963674962178,0.6600055037706613,Strong
BKU,UBSI,0.7821636480158655,0.660055076465797,Strong
GABC,RNST,0.7821573372699516,0.6600646373349331,Strong
FBNC,TCBK,0.7821486193142566,0.6600778449330705,Strong
SRCE,SSB,0.7821307011355247,0.6601049899288374,Strong
NIE,USA,0.7820952479725253,0.6601586961140097,Strong
CXW,GEO,0.7820855513574927,0.6601733842597827,MST+Strong
RF,UMBF,0.782071354051999,0.6601948893289026,Strong
CTBI,FFIN,0.782060875917023,0.6602107604136379,Strong
BANR,WTFC,0.7820279460295352,0.660260636370918,Strong
FBNC,FULT,0.7820169292922068,0.6602773215972108,Strong
LKFN,SRCE,0.7819987074263715,0.6603049183121819,Strong
TMP,UVSP,0.7819862360081081,0.6603238054044271,Strong
GABC,LKFN,0.7819658684757174,0.6603546494487377,Strong
CBU,WSFS,0.781964019811925,0.6603574489442442,Strong
TOWN,WTFC,0.7819343899949444,0.6604023167813021,Strong
AUB,PB,0.7819099373799354,0.6604393425895592,Strong
FBNC,GSBC,0.7819016404224033,0.660451905255177,Strong
MBWM,UCB,0.7818979367838036,0.6604575129653631,Strong
FITB,HOMB,0.7818885959151007,0.6604716558413378,Strong
EWBC,FFBC,0.7818041226795549,0.6605995418109902,Strong
GSBC,WASH,0.7817970733021571,0.6606102129059812,Strong
AMP,JPM,0.7817875784919885,0.660624585537068,Strong
PFS,RNST,0.7817816142181303,0.6606336137101558,Strong
EOI,TY,0.781770396068405,0.6606505943864653,Strong
ASB,BAC,0.7817464956014968,0.6606867705630305,Strong
NBTB,SBCF,0.7817186875275921,0.6607288588708804,Strong
CBSH,TOWN,0.7817018424365441,0.6607543530896425,Strong
EFSC,PNFP,0.7816865995903323,0.6607774215417287,Strong
CPF,NBTB,0.7816582706336713,0.6608202923130141,Strong
GSBC,HWC,0.7816578743553095,0.6608208919891841,Strong
OCFC,UBSI,0.7816021875289904,0.6609051557841105,Strong
BKU,CNOB,0.781534377349653,0.6610077498038083,Strong
NBTB,SYBT,0.7815249527627484,0.6610220075568614,Strong
CHCO,EFSC,0.7815007905853991,0.6610585593040921,Strong
CFG,SF,0.7814955444212323,0.6610664952616608,Strong
RF,TCBI,0.7814898636356893,0.661075088570596,Strong
BOH,EWBC,0.7814591775835606,0.6611215053474503,Strong
FULT,KEY,0.7814412532116166,0.6611486168606623,Strong
MBWM,SFNC,0.7814323355864826,0.661162104802623,Strong
NZF,VGM,0.7814300797038852,0.6611655167900315,Strong
RNST,WTFC,0.7813843983630325,0.6612346053209367,Strong
BKU,SFNC,0.7813830084673868,0.6612367072881136,Strong
STBA,THFF,0.7813728650500932,0.6612520471800549,Strong
FULT,WABC,0.7813244666463384,0.6613252351962106,Strong
ASB,OCFC,0.7813126564699021,0.6613430933034651,Strong
PFGC,USFD,0.7812840809829295,0.6613863001560745,MST+Strong
PRK,UBSI,0.7812700018632943,0.6614075870999753,Strong
KYN,SRV,0.7812662291174648,0.6614132911917256,MST+Strong
EWBC,FRME,0.7812147208431018,0.6614911626876026,Strong
PDM,VNO,0.7812002975293528,0.6615129665707955,Strong
BOKF,EFSC,0.781180838346067,0.661542382094954,Strong
COLB,STBA,0.7811749884789388,0.6615512248058515,Strong
BBT,FNB,0.781167224543326,0.6615629606570701,Strong
ETJ,EXG,0.7811661968071237,0.6615645141524389,Strong
KRG,SPG,0.7811547031789907,0.6615818873291639,Strong
CNO,PFG,0.7811285608913198,0.6616214009668675,Strong
BOH,GBCI,0.7811230276589082,0.6616297640540242,Strong
CAC,FFBC,0.7811186219099946,0.6616364229544885,Strong
CBSH,FIBK,0.7811088759112325,0.661651152932975,Strong
ASA,NEM,0.7810614062034336,0.6617228933572821,Strong
FITB,PB,0.7810609509703548,0.661723581308155,Strong
BOKF,KEY,0.7810149315945181,0.6617931223660184,Strong
CAC,FULT,0.7809794843779485,0.6618466825814744,Strong
AUB,MBWM,0.7809616139855267,0.661873682834532,Strong
FISI,PEBO,0.7809538743176416,0.6618853763037198,Strong
FBNC,SBCF,0.7809519223055432,0.66188832546655,Strong
STEW,USA,0.7809516664809176,0.6618887119736706,Strong
CBSH,FFBC,0.7809462163880917,0.661896946075306,Strong
AUB,OCFC,0.780911452545668,0.6619494655248723,Strong
QCRH,UVSP,0.7808792627867415,0.6619980924644097,Strong
CNOB,OCFC,0.7808737590949171,0.6620064061700354,Strong
HFWA,WASH,0.7808495046403342,0.6620430429506314,Strong
AROW,GSBC,0.7808118651127833,0.6620998941054389,Strong
BDJ,GGZ,0.7808080346547834,0.6621056793975061,Strong
DSU,JPC,0.7807462074590796,0.6621990524622039,MST+Strong
HBAN,PRU,0.7807300682679162,0.6622234241282677,Strong
ETV,FFA,0.7807210300435304,0.6622370722882698,Strong
ALLY,SYF,0.78071007416167,0.6622536158275468,Strong
FHB,SBCF,0.7807036199218912,0.6622633616290559,Strong
FNB,MTB,0.7806724111740514,0.6623104843288359,Strong
EOI,FFA,0.7806681776988461,0.6623168762777435,Strong
AVK,NCV,0.7806460752238097,0.6623502468878385,Strong
REG,SPG,0.7806434252827328,0.662354247691169,Strong
MTB,PB,0.7806346227849498,0.6623675372707365,Strong
LNT,NI,0.7806144829270052,0.6623979424379197,Strong
OGS,SR,0.7806083264912832,0.6624072365376404,MST+Strong
FBNC,IBCP,0.780594684062353,0.6624278314467879,Strong
CTBI,SBSI,0.7805789648010104,0.6624515607936773,Strong
OCFC,TOWN,0.780553785897944,0.6624895683738061,Strong
CBSH,NBTB,0.7805373717263877,0.662514344408651,Strong
BGT,JQC,0.7805079438264922,0.6625587614295169,Strong
BBT,HOMB,0.7805061588703218,0.6625614554585532,Strong
UMBF,WSFS,0.7805004874057871,0.6625700153104015,Strong
BIT,BLW,0.7804974336042788,0.6625746243189837,MST+Strong
CTBI,WABC,0.7804628996363976,0.6626267431421742,Strong
CAC,WSBC,0.7804270460542118,0.6626808491963356,Strong
FIBK,HWC,0.7804210634573031,0.6626898770053711,Strong
NBTB,TRST,0.780418606422394,0.6626935846642941,Strong
HOMB,QCRH,0.7803951464055228,0.6627289847207186,Strong
BANR,PFBC,0.7803877716287566,0.662740112519596,Strong
CTBI,FISI,0.7803762441048977,0.662757506023285,Strong
AUB,WBS,0.7803646215380207,0.6627750424721488,Strong
FISI,FRME,0.7803518690742293,0.6627942832067439,Strong
FFIN,WTFC,0.7803398704746012,0.6628123860119073,Strong
CPF,UBSI,0.7802955143933797,0.6628793036543232,Strong
HBNC,UVSP,0.7802833539526293,0.6628976482796884,Strong
ABCB,WAFD,0.7802689562913452,0.6629193672063818,Strong
HOMB,TCBI,0.780265613841465,0.6629244092029423,Strong
THQ,THW,0.7802606084538741,0.6629319596250068,MST+Strong
EXG,TY,0.780242648849809,0.6629590502439664,Strong
GBCI,IBOC,0.7802028502100811,0.6630190793482778,Strong
CFG,SBCF,0.7801470032180163,0.6631033053483955,Strong
ASB,INDB,0.7801267083567142,0.6631339105237883,Strong
BAC,SF,0.7801097393893683,0.663159499080925,Strong
NBTB,PB,0.7801026201660144,0.6631702343048662,Strong
GBCI,WTFC,0.7800404374996637,0.6632639934450479,Strong
BBT,HOPE,0.7800384287654989,0.6632670219971759,Strong
GABC,TRMK,0.7800091709224424,0.6633111322412094,Strong
MCHP,NXPI,0.7799770153465855,0.6633596078348674,MST+Strong
PFBC,UBSI,0.7799710212790615,0.6633686436981153,Strong
BDJ,ETV,0.7799669100161466,0.66337484122305,Strong
AEE,ES,0.7799532627522597,0.6633954133814015,Strong
ABCB,CHCO,0.7799522796600582,0.6633968952896023,Strong
ADX,TY,0.7799344175736564,0.6634238199316385,MST+Strong
GGZ,RVT,0.779924964061846,0.6634380693601386,Strong
JRI,RQI,0.7799107024559988,0.6634595655260405,Strong
CBU,VLY,0.7798954910003151,0.6634824926095412,Strong
PFS,PGC,0.7798896529326894,0.6634912916795677,Strong
NBHC,NBTB,0.7798641856965087,0.6635296742474918,Strong
AOD,BGY,0.7798384619804162,0.6635684411115161,Strong
CFR,FCF,0.779828789072192,0.6635830180584913,Strong
HBNC,PEBO,0.7798271385945249,0.6635855052749045,Strong
PEO,SLB,0.7798195020877028,0.6635970131221165,Strong
CTBI,RBCAA,0.7798127513296012,0.663607186022573,MST+Strong
BBT,UVSP,0.7798046126958109,0.6636194501432113,Strong
BANR,QCRH,0.7797954497290588,0.6636332575616464,Strong
IBOC,UMBF,0.7797839835354434,0.6636505352435973,Strong
EMO,TRGP,0.7797827327376167,0.6636524199645223,Strong
CAC,UBSI,0.779753390267196,0.6636966321035598,Strong
CVBF,WSFS,0.7797503893564343,0.663701153597861,Strong
HWC,NBHC,0.7797085785329771,0.6637641470688559,Strong
NBTB,THFF,0.779706837924831,0.6637667693929382,Strong
FCBC,SRCE,0.7797058246839558,0.6637682958925415,Strong
COLB,PNFP,0.779704211171405,0.663770726725117,Strong
PNFP,UVSP,0.7796973131590453,0.6637811188049185,Strong
AAT,HIW,0.7796938271921727,0.663786370465419,Strong
FULT,PFS,0.7796752663592366,0.6638143319344099,Strong
ETW,FFA,0.7796577509961596,0.6638407173469255,Strong
PB,SSB,0.7796574067144463,0.6638412359676878,Strong
BCX,PEO,0.7796439207322238,0.6638615507284275,Strong
COLB,WSBC,0.779643569912651,0.6638620791811337,Strong
AOD,GAM,0.779618920440224,0.6638992085546963,Strong
QCRH,STBA,0.7796106387510889,0.6639116827544325,Strong
AGI,KGC,0.7796025425089183,0.663923877400236,Strong
AROW,TOWN,0.7796023600483193,0.663924152221744,Strong
HBNC,TOWN,0.7796011925353398,0.6639259107229665,Strong
NFBK,NWBI,0.7795380913738795,0.6640209463956999,MST+Strong
FNB,HAFC,0.7795154448720214,0.6640550506215258,Strong
DCOM,OCFC,0.7795124974684656,0.6640594890994848,Strong
CCD,NCZ,0.7794744966361117,0.6641167116763262,Strong
VLY,WAFD,0.7794724048238464,0.6641198614348973,Strong
BAC,CFR,0.7794669464893472,0.6641280802836946,Strong
ADX,CSQ,0.7794556416404329,0.6641451021570016,Strong
TMP,WASH,0.7794485789912838,0.6641557362678067,Strong
MBWM,WSFS,0.7794469378149277,0.664158207334777,Strong
BOH,FRME,0.7794333986710559,0.6641785924417379,Strong
CFR,TRMK,0.7794233867962695,0.6641936663409709,Strong
CNOB,GSBC,0.7794047608707421,0.6642217086624886,Strong
OCFC,TCBK,0.7793973076531115,0.664232929546388,Strong
CNOB,EFSC,0.7793816789594636,0.6642564580650102,Strong
BSRR,IBCP,0.7793735012774547,0.6642687689821722,Strong
HBAN,JPM,0.7793559658451401,0.6642951665560421,Strong
CNOB,FBNC,0.7793526648580643,0.6643001356946056,Strong
EVT,RMT,0.7793389441436249,0.6643207897640643,Strong
PFBC,TOWN,0.779337044175713,0.664323649773643,Strong
FISI,IBCP,0.7793209599913313,0.6643478607005048,Strong
ETO,TY,0.7793167836500012,0.6643541470480918,Strong
PNFP,WSFS,0.7792924839126072,0.6643907225231142,Strong
BRX,SPG,0.7792658244971598,0.664430847421822,Strong
SRCE,TRST,0.7792586950884062,0.6644415774341546,Strong
NBHC,NWBI,0.7792568257432719,0.6644443908360248,Strong
FNB,QCRH,0.7792467386352746,0.6644595719300391,Strong
ASB,BBT,0.779231824693941,0.664482016771047,Strong
KLAC,MKSI,0.7792228329121066,0.6644955486500921,Strong
SFNC,WASH,0.779220277856621,0.6644993937444624,Strong
EWBC,RNST,0.7791962270939119,0.6645355865656678,Strong
GGAL,PAM,0.7791853796014179,0.6645519097837009,MST+Strong
BOH,WBS,0.7791742804827924,0.6645686112316886,Strong
BUSE,WAFD,0.7791683096807529,0.664577595648916,Strong
CFG,FCF,0.7791377097095539,0.6646236382953079,Strong
C,USB,0.7791330840344961,0.6646305981001837,Strong
CBSH,MTB,0.7791266336030718,0.6646403033174083,Strong
BOH,CFR,0.7791161604003904,0.6646560608308775,Strong
CNOB,PGC,0.7790872963432767,0.6646994864699737,Strong
AGD,GDV,0.7790821016223818,0.6647073015660625,Strong
NBHC,UBSI,0.7790701470413028,0.6647252860523619,Strong
LYB,WLK,0.7790685862440242,0.664727634081773,MST+Strong
FISI,FNB,0.7790643745218417,0.6647339700634507,Strong
JPM,USB,0.7790312027436146,0.6647838705269336,Strong
BOH,TOWN,0.7790165076620426,0.6648059752107489,Strong
TRMK,WABC,0.779003995092284,0.6648247963301549,Strong
HOPE,RF,0.7789957175387322,0.6648372469428406,Strong
TCBK,WABC,0.7789507069530436,0.6649049451567591,Strong
PAAS,WPM,0.7789312731880588,0.6649341723989545,Strong
CFG,HOPE,0.7789089592169302,0.6649677297178711,Strong
FFBC,FISI,0.7789028351681367,0.6649769391969368,Strong
WTFC,ZION,0.7788372389970647,0.6650755761609883,Strong
CFR,USB,0.7788291132166579,0.6650877938788864,Strong
NBTB,VLY,0.778816147473589,0.6651072883774632,Strong
ASB,FBNC,0.778809077525241,0.6651179180788306,Strong
CATY,FBP,0.7788060164773997,0.6651225203262935,Strong
D,DUK,0.7788031262254811,0.6651268657549759,MST+Strong
ABCB,CBSH,0.7787950869058173,0.6651389525417718,Strong
HBAN,SSB,0.7787948813984231,0.665139261510816,Strong
ETY,USA,0.7787906686749411,0.6651455950768357,Strong
OZK,UBSI,0.7787852581376552,0.6651537293924538,Strong
CBU,SFBS,0.778728610119107,0.665238889243395,Strong
FIBK,GSBC,0.7787019707640986,0.6652789328332912,Strong
ATO,IDA,0.7786964268145085,0.6652872660520289,Strong
IBCP,SRCE,0.7786883235517895,0.6652994460364603,Strong
AVK,NCZ,0.7786845660184647,0.6653050938953275,Strong
FHB,WSBC,0.7786789758093026,0.6653134963168829,Strong
BOH,NBTB,0.7786719455080653,0.665324063133049,Strong
PB,TCBI,0.7786673355241323,0.6653309920270778,Strong
CBU,WASH,0.7786350670564155,0.6653794901311348,Strong
HWC,USB,0.7786218955897677,0.6653992852569536,Strong
CFG,PRU,0.7786102773082797,0.6654167456439916,Strong
BANR,FBNC,0.7785769136972364,0.6654668831771625,Strong
SBCF,SRCE,0.7785610326949316,0.6654907472009937,Strong
EOS,USA,0.7785401697993306,0.6655220961030061,Strong
PB,TOWN,0.7785269988514464,0.6655418862078534,Strong
BANF,FRME,0.7784932220588308,0.6655926350872119,Strong
IBOC,SBCF,0.7784840332734676,0.6656064403632711,Strong
MTB,PNFP,0.7784545903021676,0.6656506736987989,Strong
CTBI,FIBK,0.778445711717064,0.6656640117701061,Strong
ABCB,NBHC,0.7784394352217036,0.665673440627304,Strong
ETY,SPXX,0.7784371348836238,0.6656768962738248,Strong
CHW,EVT,0.7784161479379563,0.66570842275285,Strong
BBT,PFS,0.7784064780233876,0.6657229483450491,Strong
BKU,WSBC,0.7784056394577875,0.6657242079753635,Strong
DCOM,SBCF,0.7783787119717015,0.6657646551572087,Strong
CRD-A,CRD-B,0.7783693356116858,0.6657787386036208,MST+Strong
GDV,NCZ,0.7783568698676497,0.6657974618941563,Strong
PEBO,SBCF,0.7783532399257691,0.6658029138930392,Strong
BUSE,INDB,0.7783528676223571,0.6658034730724118,Strong
FFIN,NWBI,0.7783525153876398,0.6658040021092696,Strong
HBAN,UBSI,0.7783358935879141,0.6658289666454681,Strong
PAGP,TRGP,0.7783342200683666,0.6658314800783054,Strong
ASB,OZK,0.7783019221076289,0.6658799860220624,Strong
TCBK,THFF,0.7782944015669568,0.6658912800646111,Strong
EFR,JFR,0.7782923568521363,0.665894350701166,Strong
FITB,TCBI,0.7782747139088385,0.6659208452829233,Strong
BDJ,SPXX,0.7782667619648195,0.6659327864509759,Strong
USB,WTFC,0.7782634598546518,0.6659377450563201,Strong
CFG,UBSI,0.7782328011112316,0.6659837819178007,Strong
GSBC,PGC,0.7782286641133644,0.6659899937486081,Strong
BST,EOS,0.7782152221950697,0.6660101768065265,Strong
EFSC,PFS,0.7781745708015473,0.6660712112056079,Strong
RF,SFNC,0.7781535386062098,0.6661027869537706,Strong
PEBO,TRST,0.7781382485998342,0.6661257409831358,Strong
CTBI,HWC,0.7781237820405285,0.6661474580893806,Strong
ETV,TY,0.7781213550059403,0.6661511014688181,Strong
THFF,TRST,0.7781132441084365,0.6661632771199018,Strong
TMP,WAFD,0.7781029792084857,0.6661786859267028,Strong
FFBC,SBSI,0.7780960934791558,0.6661890220062835,Strong
CCS,DHI,0.7780899709681978,0.6661982122939122,Strong
RNST,SFBS,0.7780837816364425,0.6662075027550463,Strong
PFBC,STBA,0.7780315796085003,0.6662858551575287,Strong
GABC,UCB,0.7780309807817297,0.666286753910462,Strong
FHB,WBS,0.7780136226731175,0.6663128054103156,Strong
CBU,PB,0.7780039979245681,0.6663272500437483,Strong
CBU,COLB,0.7779943145087083,0.6663417824079347,Strong
FFC,PFO,0.7779907286835948,0.6663471637463542,Strong
CNOB,PNFP,0.7779904501512536,0.6663475817450626,Strong
CTBI,PFBC,0.7779815290389983,0.6663609696868533,Strong
ETY,STEW,0.7779778847145238,0.6663664386589052,Strong
HWC,NBTB,0.7779664625296483,0.6663835794350754,Strong
BOH,WAFD,0.7779636824279188,0.6663877513461381,Strong
ASB,MBWM,0.777939518680314,0.6664240111515881,Strong
IGR,JRS,0.7779024939904382,0.6664795660927074,Strong
BOKF,EWBC,0.7778770982986731,0.6665176692351477,Strong
SYBT,TRMK,0.7778559491790392,0.6665493992510394,Strong
NWBI,SBCF,0.7778503422781124,0.6665578110290022,Strong
CATY,PGC,0.7778229929576285,0.6665988404465936,Strong
KEY,UCB,0.7778077567397964,0.6666216967069157,Strong
KGC,WPM,0.7778005186708734,0.6666325544542909,Strong
EFSC,INDB,0.7777928822749669,0.6666440095358738,Strong
GBCI,PB,0.7777915617092993,0.6666459904487548,Strong
C,TFC,0.7777865383324702,0.6666535257051143,Strong
AOD,FFA,0.7777775730400089,0.6666669737732492,Strong
CHCO,FIBK,0.7777692574060091,0.666679447101815,Strong
ONB,ZION,0.7777605614886436,0.6666924906002113,Strong
DCOM,WSBC,0.777740756515499,0.6667221962474341,Strong
SFBS,TRMK,0.7777295633787646,0.6667389843428017,Strong
CPF,EFSC,0.7777089829943301,0.6667698508566053,Strong
FULT,PRK,0.7777013998016492,0.6667812237883589,Strong
CCD,NCV,0.7776891575648375,0.6667995837358667,Strong
NBHC,STBA,0.7776795644164298,0.6668139704348885,Strong
AKR,SPG,0.777673956627391,0.6668223802072167,Strong
GBCI,NBHC,0.7776518829316238,0.6668554821974192,Strong
CNQ,IMO,0.7776490708246633,0.6668596991501836,Strong
BAC,CATY,0.7776340733871013,0.6668821884154632,Strong
BUSE,KEY,0.7776291241509374,0.6668896098291869,Strong
EXG,NIE,0.7776273768806,0.6668922298533699,Strong
HOMB,NBHC,0.7776066542750373,0.6669233025243049,Strong
BGR,EOG,0.7776001899151079,0.6669329952624807,Strong
BUSE,COLB,0.7775988823495995,0.6669349558246299,Strong
FIBK,TMP,0.7775877798745197,0.6669516026301764,Strong
ATO,OGS,0.7775777072374258,0.6669667049599616,MST+Strong
CVBF,FHB,0.7775644312662803,0.6669866096612731,Strong
CBSH,FHB,0.7775555953569424,0.666999857036053,Strong
COLB,HWC,0.7775243309849,0.6670467285207236,Strong
FCBC,STBA,0.7775060633869962,0.667074113742999,Strong
BANF,IBOC,0.7774831869833778,0.6671084065077012,Strong
CFR,HOPE,0.777472905177854,0.6671238188254802,Strong
BGH,ISD,0.7774712675003642,0.66712627365385,Strong
UVSP,WBS,0.7774581636661076,0.6671459155745351,Strong
BUSE,CCBG,0.7774203578546458,0.667202581148116,MST+Strong
CATY,TRST,0.7773277541089826,0.667341360760769,Strong
BOH,FCF,0.7773235493504373,0.667347661492213,Strong
BOE,TY,0.7772983676196935,0.6673853944765445,Strong
NEA,VKQ,0.7772948630874512,0.6673906455930422,Strong
NZF,VMO,0.7772948213659577,0.6673907081073909,Strong
BMA,PAM,0.7772808764449207,0.6674116024689402,Strong
CUZ,VNO,0.7772804620173054,0.6674122234162252,Strong
BANR,MTB,0.7772652537658957,0.6674350099209724,Strong
IIM,VGM,0.7772632427830579,0.667438022915899,Strong
FIBK,INDB,0.7772414481669783,0.6674706762592971,Strong
FBNC,TRMK,0.7772251153854897,0.6674951454722504,Strong
SYBT,UVSP,0.7772203991624304,0.6675022109889519,Strong
GABC,GBCI,0.7771924846322825,0.6675440290613309,Strong
HFWA,SSB,0.7771905358762786,0.6675469483470378,Strong
CVBF,GABC,0.7771887270053998,0.6675496580698701,Strong
EFSC,THFF,0.7771726689626637,0.6675737128397677,Strong
CVE,MTDR,0.7771538769753431,0.6676018619276864,Strong
WASH,WSBC,0.7771468068646006,0.6676124521537917,Strong
PRU,VOYA,0.777111740131652,0.6676649756702054,MST+Strong
CNOB,FISI,0.7770965474835418,0.6676877301799968,Strong
CSQ,RMT,0.7770879429417944,0.6677006171304706,Strong
BOH,RNST,0.7770815047617151,0.6677102593764527,Strong
BANR,RF,0.7770760575194797,0.6677184174193794,Strong
BOKF,SBCF,0.7770683804738328,0.6677299147502188,Strong
CAC,NBTB,0.7770591886485524,0.667743680391582,Strong
GABC,ONB,0.7770483117974829,0.6677599691543618,Strong
GABC,NWBI,0.7770410781096111,0.6677708018330675,Strong
ASB,HFWA,0.7770331749535896,0.6677826368608433,Strong
TFC,WFC,0.7770231707352582,0.667797617942355,Strong
JPM,MET,0.7770164507107192,0.6678076808322599,Strong
HPI,HTD,0.7770127123894693,0.6678132787097463,Strong
IBCP,WTFC,0.7769835251247209,0.6678569830065103,Strong
SFNC,WBS,0.7769478430224467,0.6679104086291114,Strong
AUB,BOKF,0.7769415317509688,0.667919857840791,Strong
FFBC,OCFC,0.7769359564915309,0.667928204986837,Strong
BGR,DVN,0.7769262820263321,0.6679426891188613,Strong
CFG,FHN,0.7769262508748169,0.6679427357568657,Strong
DHR,TMO,0.7768781314435564,0.668014773124732,MST+Strong
GBCI,SBSI,0.7768557160195584,0.6680483275638696,Strong
INN,PK,0.7768526503891794,0.668052916483149,Strong
BUSE,EWBC,0.7768385424377127,0.6680740341643092,Strong
RF,SSB,0.7768353270443308,0.6680788470767043,Strong
DCOM,FFBC,0.776810156627438,0.6681165218321756,Strong
MHO,TOL,0.776808376987335,0.6681191854941229,Strong
NBTB,NFBK,0.7767809814793629,0.6681601881594519,Strong
FMBH,PEBO,0.7767592585892465,0.6681926988687522,Strong
SBSI,SRCE,0.7767533742384569,0.6682015051787045,Strong
FIBK,WSFS,0.7767166071408348,0.6682565268804566,Strong
TOWN,WABC,0.7767121484984311,0.6682631988993093,Strong
ARDC,BGB,0.7767025298222952,0.6682775922888704,MST+Strong
CFG,TCBI,0.7766720383097672,0.6683232177475699,Strong
FITB,WFC,0.7766490267858494,0.6683576485896614,Strong
EOI,GDV,0.7766229088872478,0.6683967251756283,Strong
TCBK,VLY,0.7766133080791331,0.6684110889577863,Strong
PRK,TRMK,0.7765534398159017,0.6685006509856191,Strong
HFWA,PEBO,0.7765209257594092,0.6685492865011387,Strong
MTB,UBSI,0.776515156082463,0.6685579165899346,Strong
EFSC,SYBT,0.7764667989870965,0.6686302431282981,Strong
FFBC,TMP,0.776438468913407,0.6686726121004105,Strong
HOPE,TMP,0.7764314243074963,0.6686831472267021,Strong
APA,FANG,0.7764250283040423,0.6686927122317959,Strong
CAC,EFSC,0.7764210112327093,0.6686987195550634,Strong
PGC,UVSP,0.7764179137489615,0.6687033516456135,Strong
FFBC,FITB,0.7764089397333152,0.6687167715358795,Strong
FFBC,FHB,0.7764073058824108,0.6687192147943548,Strong
BOH,HOMB,0.7763739802081492,0.6687690480156073,Strong
FFBC,WASH,0.7763534990275244,0.6687996725066119,Strong
FFIN,GABC,0.7763475871514031,0.6688085119802184,Strong
PDM,SLG,0.7763423449381918,0.6688163500719884,Strong
RVT,STEW,0.7763226930135321,0.6688457325668871,Strong
AOD,RMT,0.776316533349809,0.6688549418972562,Strong
AGD,ETG,0.7763028147194982,0.6688754522039237,Strong
AOD,SCD,0.7762886934900881,0.6688965637673913,Strong
FITB,FULT,0.7762832342952463,0.6689047252109283,Strong
ETV,NFJ,0.7762633634850015,0.6689344310393934,Strong
FULT,QCRH,0.7762584488733797,0.668941777924836,Strong
MUR,OXY,0.7762459313955388,0.66896049002084,Strong
CAC,FCF,0.7761765118859321,0.6690642541850041,Strong
FCBC,NBTB,0.7761750009190966,0.6690665125096359,Strong
DCOM,UBSI,0.7761553532689898,0.6690958776304189,Strong
MUR,OVV,0.7761502878624444,0.6691034481118081,Strong
BGX,JFR,0.7761491874894775,0.6691050926581302,Strong
ONB,TMP,0.7761180752495674,0.6691515893285057,Strong
SRCE,WTFC,0.7761122784737776,0.6691602521462588,Strong
MTB,SSB,0.7760909307710938,0.6691921536134539,Strong
COLB,FNB,0.7760891251672244,0.669194851792474,Strong
FFBC,KEY,0.7760864406039901,0.66919886341208,Strong
BDN,KRC,0.7760833746170148,0.6692034449746731,Strong
FCF,FHB,0.7760678628644028,0.6692266240005657,Strong
QCRH,THFF,0.776066899102917,0.6692280641113058,Strong
BGT,JFR,0.77606275727669,0.6692342530434466,Strong
IDA,XEL,0.7760572483718919,0.6692424846467954,Strong
HFWA,WSFS,0.7760466584074328,0.6692583082675436,Strong
FHB,HBAN,0.7760382006202977,0.6692709457009206,Strong
UMBF,WAFD,0.776013492577004,0.6693078625311314,Strong
KEY,TCBI,0.7759973856850514,0.6693319270958895,Strong
APA,EOG,0.7759730282059041,0.669368316839236,Strong
QCRH,TCBK,0.7759683667581028,0.6693752807534757,Strong
BXP,ESRT,0.7759576868440201,0.6693912356103565,MST+Strong
BPOP,WBS,0.7759530464000416,0.6693981679089933,Strong
HOPE,TRST,0.7759136578120371,0.6694570071154127,Strong
MBWM,SYBT,0.7759016504686018,0.6694749428192188,Strong
FITB,SF,0.7758816609210941,0.6695048006981068,Strong
FBNC,HOMB,0.7758807161802164,0.6695062118005831,Strong
NWBI,WABC,0.7758794101848212,0.6695081624822491,Strong
BDN,VNO,0.7758332356782869,0.6695771267325566,Strong
BANR,DCOM,0.7758215254203447,0.6695946155393655,Strong
RNST,SYBT,0.7758030758112211,0.6696221683737462,Strong
KMI,WMB,0.775793385842271,0.6696366390181007,MST+Strong
CHCO,WAFD,0.7757926686521229,0.6696377100311437,Strong
FFBC,INDB,0.7757887461574043,0.6696435676426612,Strong
GABC,UVSP,0.7757747223056731,0.6696645095782319,Strong
FBNC,PNFP,0.7757745925238341,0.6696647033794837,Strong
FFA,USA,0.7757424418176991,0.6697127118135072,Strong
ONB,PRK,0.7757281653564368,0.6697340287659918,Strong
CSQ,SCD,0.7757195920982498,0.6697468296330341,Strong
HOMB,TMP,0.7757174988807363,0.6697499550119638,Strong
ETG,SPXX,0.7757102702630356,0.6697607479346104,Strong
CBU,PEBO,0.7757080808936431,0.6697640168094385,Strong
DVN,OXY,0.7756989403629612,0.6697776640603041,Strong
ONB,PEBO,0.7756930103156868,0.6697865177566852,Strong
PEBO,TMP,0.7756817261403743,0.6698033649656079,Strong
CVBF,MBWM,0.7756777119692356,0.6698093579978774,Strong
PFS,THFF,0.7756445989535978,0.6698587926517083,Strong
ETW,SPXX,0.7756347184278682,0.6698735426513451,Strong
FBNC,SRCE,0.7756010170961432,0.6699238507529894,Strong
FULT,PFBC,0.7755828862300581,0.6699509142764742,Strong
BANF,TOWN,0.7755584090649995,0.66998744903916,Strong
DSU,HYT,0.775548732437927,0.67000189188102,Strong
CTBI,WAFD,0.7755472049126934,0.6700041717591118,Strong
FNB,OCFC,0.7755015505689676,0.6700723086817308,Strong
CFR,IBOC,0.7754965967288091,0.6700797016343517,Strong
UVSP,VLY,0.7754945974028769,0.6700826853413289,Strong
PEBO,PGC,0.7754650836891066,0.6701267287773163,Strong
CTRE,NHI,0.7754613947089352,0.6701322336540227,Strong
ONB,PNC,0.7754592609468104,0.6701354177376235,Strong
NBTB,PFS,0.7754541263549483,0.6701430797151482,Strong
OZK,UCB,0.7754406511868192,0.6701631873106443,Strong
FFIN,WSFS,0.7754280928337189,0.6701819262950637,Strong
FNB,NWBI,0.7754110168745248,0.6702074053984709,Strong
CNOB,QCRH,0.7754008760509584,0.6702225361013184,Strong
EVT,JRI,0.7753747366523298,0.6702615360404776,Strong
PEBO,SYBT,0.7753625502866616,0.67027971730217,Strong
FCX,SCCO,0.77532467031266,0.6703362286007524,MST+Strong
BUSE,PB,0.7753118892534184,0.6703552949691404,Strong
ABCB,SFBS,0.7752929562329446,0.6703835376365613,Strong
ABCB,MTB,0.7752886700613529,0.6703899312171194,Strong
CVBF,ZION,0.7752856499829832,0.670394436159813,Strong
EFSC,WTFC,0.7752473213875438,0.6704516069224626,Strong
AZO,ORLY,0.7752178158717311,0.6704956138980611,MST+Strong
NFBK,STBA,0.7752125911873686,0.6705034061250269,Strong
FHB,HOMB,0.7752104736494446,0.6705065642490838,Strong
CNOB,UBSI,0.7751961929202315,0.6705278623290288,Strong
CPF,FFBC,0.7751801973177066,0.6705517171438656,Strong
ED,ES,0.7751650381672343,0.6705743237446029,Strong
INDB,VLY,0.7751069405085473,0.6706609568052291,Strong
NWBI,UMBF,0.7750948320595094,0.6706790110634008,Strong
BPOP,KEY,0.7749980758558538,0.6708232615885442,Strong
BDJ,RVT,0.7749965967084056,0.6708254665583209,Strong
HFWA,WABC,0.7749917067860267,0.670832755929484,Strong
HOPE,PFBC,0.7749804333708801,0.6708495608243623,Strong
BKU,PFS,0.774965601788351,0.6708716691166038,Strong
TCBI,WBS,0.7749497441627122,0.6708953060460146,Strong
EWBC,WAL,0.7749492380788892,0.6708960603865711,Strong
ASB,NBHC,0.7749474851693876,0.670898673169969,Strong
EFSC,TMP,0.7749216531770605,0.6709371756326213,Strong
OMAB,PAC,0.7749162034170027,0.6709452981920319,MST+Strong
RF,RNST,0.7749065576564007,0.6709596744121055,Strong
FNB,TCBK,0.7749022688555305,0.6709660664213497,Strong
FULT,SFBS,0.7748976660791986,0.6709729263104457,Strong
BANF,WTFC,0.7748960367033776,0.6709753546839443,Strong
FHB,ZION,0.774881710218235,0.6709967060750224,Strong
FFIN,WBS,0.7748788737522181,0.67100093330454,Strong
INN,SHO,0.7748754232202503,0.6710060756502131,Strong
CPF,UVSP,0.7748570409101804,0.6710334702379899,Strong
FNB,GSBC,0.7748468824133319,0.6710486086516656,Strong
FIBK,UVSP,0.7748335527628534,0.6710684722696286,Strong
EOI,NIE,0.7748157593327488,0.6710949868196769,Strong
EFSC,FBNC,0.7747956507305541,0.6711249500196604,Strong
EFSC,HBNC,0.7747921874662466,0.6711301103865829,Strong
FHB,FNB,0.7747902665733181,0.6711329725571259,Strong
JRS,RNP,0.7747826604959427,0.671144305651262,Strong
BAC,HWC,0.7747661934897637,0.6711688409189394,Strong
PEO,VET,0.7747338370065674,0.6712170483434291,Strong
TFC,UMBF,0.7747330859111943,0.6712181673477048,Strong
BOKF,SSB,0.7747251117941426,0.6712300473099478,Strong
BPOP,CATY,0.7747131276851308,0.6712479010244564,Strong
BOH,PB,0.7747024147405241,0.6712638605786488,Strong
SYBT,WSBC,0.7746996428994806,0.671267989852815,Strong
CTBI,HBNC,0.7746994343289174,0.671268300564063,Strong
PCN,PFL,0.774665451980552,0.6713189227475239,MST+Strong
BANR,TRST,0.7746511935169653,0.6713401618896857,Strong
JRI,JRS,0.7746330040727999,0.6713672555720902,Strong
HAFC,HOPE,0.774608938184897,0.6714031007004705,Strong
CNOB,WSFS,0.7746060182868963,0.6714074496356198,Strong
CFR,FRME,0.7745886805633132,0.6714332720928965,Strong
GSBC,LKFN,0.7745865422417808,0.6714364567972448,Strong
EMO,PAA,0.774576183273525,0.6714518846894021,Strong
ETJ,GDV,0.7745575990220088,0.6714795618304271,Strong
BKU,PNC,0.7745543605648315,0.6714843846809373,Strong
BBT,WSFS,0.7745533877042738,0.6714858335001955,Strong
CPF,HFWA,0.7745507208795167,0.6714898050164028,Strong
BOH,TCBK,0.7745451270833046,0.6714981353908519,Strong
BBT,HWC,0.7745168220092116,0.6715402861940427,Strong
PNFP,STBA,0.7744890988819213,0.6715815678204379,Strong
HBNC,SRCE,0.7744884285438728,0.671582565968068,Strong
TRMK,WASH,0.7744832365423774,0.6715902969186238,Strong
CBSH,GBCI,0.7744750870601148,0.6716024314129382,Strong
HBNC,HOPE,0.7744497065885192,0.6716402212665361,Strong
ETG,GAM,0.7744006587462898,0.6717132442548832,Strong
QCRH,WTFC,0.7743982378455208,0.6717168483140485,Strong
CVBF,EFSC,0.7743963819815977,0.6717196111747853,Strong
CBSH,STBA,0.7743938578734499,0.6717233688454646,Strong
AXP,SYF,0.774390737455426,0.6717280142208959,Strong
GDV,LGI,0.7743587124509521,0.6717756880820381,Strong
HBNC,WSFS,0.7743527737865831,0.6717845282728934,Strong
BAC,COF,0.7743138430412154,0.6718424770119623,Strong
ABCB,ZION,0.774306563551272,0.6718533120387634,Strong
PDI,PTY,0.7742832336591193,0.6718880358227562,MST+Strong
BPOP,WTFC,0.7742830935308154,0.6718882443817344,Strong
HYT,ISD,0.7742821894062687,0.6718895900276046,Strong
NWBI,PNFP,0.7742710581988547,0.6719061568420777,Strong
NAD,VKQ,0.7742653896816458,0.6719145932607122,Strong
CTBI,LKFN,0.7742586508924665,0.6719246224206009,Strong
GABC,THFF,0.7742551862141402,0.6719297787505176,Strong
FCF,QCRH,0.7742336317799805,0.6719618563877261,Strong
WBS,WSFS,0.77422336369319,0.6719771369723972,Strong
EWBC,TCBI,0.7742221864923501,0.6719788888166799,Strong
EFSC,WAFD,0.7742112336913914,0.6719951879420099,Strong
QCRH,WSFS,0.7742105307295297,0.6719962340228854,Strong
INDB,SBCF,0.7742038162534891,0.6720062257844207,Strong
EVT,SPXX,0.7741765610172275,0.6720467825721249,Strong
KEY,PB,0.7741662756661194,0.6720620869144168,Strong
FHB,TOWN,0.7741633687835193,0.6720664122190316,Strong
BBT,SFNC,0.7741612576907524,0.6720695534083472,Strong
FULT,SYBT,0.7741468195220611,0.6720910362115223,Strong
STBA,SYBT,0.774121664200546,0.6721284636131013,Strong
GS,SF,0.7741192454152992,0.6721320622983266,Strong
SFBS,WSBC,0.7741021004675834,0.6721575701164372,Strong
ETB,ETW,0.7741005568679391,0.6721598665973161,Strong
FITB,UMBF,0.7740978734620645,0.6721638587992299,Strong
BGB,BSL,0.7740910956667516,0.6721739422697794,MST+Strong
PLD,STAG,0.7740711438465049,0.6722036241400297,Strong
BOH,TFC,0.7740514314488803,0.6722329485395961,Strong
HOPE,IBOC,0.7740250660003126,0.6722721680981407,Strong
BKU,UVSP,0.7740153675598821,0.6722865943035276,Strong
EFSC,FISI,0.7739741047822345,0.6723479682690586,Strong
HOPE,WASH,0.773954576456824,0.6723770126100029,Strong
CTBI,PRK,0.7739517506854269,0.672381215256008,Strong
FULT,OZK,0.773949515315123,0.6723845398057231,Strong
FISI,QCRH,0.7739425764468603,0.6723948595180361,Strong
CFR,GBCI,0.7739260704450569,0.6724194071484598,Strong
C,COF,0.7739085519479642,0.6724454595757724,Strong
INDB,SRCE,0.7738937066781131,0.6724675357545328,Strong
FCF,FISI,0.7738869338076005,0.672477607348229,Strong
PB,WAFD,0.7738700548689614,0.6725027065091093,Strong
FITB,SBCF,0.7738136779205305,0.6725865328408971,Strong
SYBT,UCB,0.7737911826854482,0.672619977869453,Strong
BUSE,FHB,0.7737807382576869,0.6726355056675393,Strong
BKU,BOKF,0.773755080569775,0.6726736495957382,Strong
LNT,POR,0.7737259278466334,0.6727169867832484,Strong
FULT,OCFC,0.7737206561792542,0.6727248231197445,Strong
BGR,BP,0.7736923033709339,0.6727669680194861,MST+Strong
FBNC,GBCI,0.7736910286122091,0.6727688628166303,Strong
BANR,SYBT,0.7736677407545982,0.6728034768718155,Strong
BGR,SHEL,0.7736242696160176,0.6728680857106872,Strong
LKFN,TCBK,0.7736059109159941,0.6728953694059812,Strong
ATMP,PEO,0.7735668608741885,0.672953399762289,MST+Strong
HWC,PFS,0.7735613933584063,0.6729615243705893,Strong
ETR,PNW,0.7735393364138674,0.6729942995094871,Strong
AEE,EXC,0.7735305231150076,0.673007395033654,MST+Strong
CUBE,NSA,0.7735116871709016,0.6730353821740703,MST+Strong
CMS,POR,0.773499982134702,0.673052773362235,Strong
THFF,WSBC,0.7734993874929088,0.6730536568611617,Strong
CBSH,PNFP,0.7734818795337324,0.6730796690827433,Strong
GAM,NFJ,0.7734559117996503,0.6731182484531966,Strong
CHCO,UVSP,0.7734398206479017,0.6731421534150097,Strong
BOKF,TFC,0.7734383821034174,0.6731442904705982,Strong
GBCI,WBS,0.7734315371592897,0.6731544590073073,Strong
EFSC,SBSI,0.773421758877726,0.6731689849098427,Strong
AUB,SBSI,0.7734103509897338,0.6731859312407921,Strong
HOMB,PNC,0.7734102584482493,0.67318606870872,Strong
CFR,VLY,0.7734049342563686,0.6731939776076898,Strong
GSBC,HBNC,0.7733909354511892,0.6732147718949887,Strong
EFSC,PFBC,0.7733747790619998,0.6732387703304084,Strong
IBOC,PB,0.7733683871797562,0.6732482644912555,Strong
SU,VET,0.7733570161434394,0.6732651540909578,Strong
RNST,SBSI,0.7733540026698946,0.6732696299850535,Strong
CTBI,FMBH,0.7733460837470086,0.6732813917716594,Strong
ETY,QQQX,0.7733340349117587,0.6732992872241012,Strong
CHCO,IBOC,0.773326697063526,0.6733101854813635,Strong
DCOM,FCF,0.7733138576946108,0.6733292542365721,Strong
LKFN,PEBO,0.7733109702008808,0.67333354260592,Strong
BOKF,FRME,0.7732844838494365,0.6733728776102635,Strong
SBSI,UMBF,0.7732794721056888,0.6733803203158096,Strong
NFJ,USA,0.7732608299770244,0.6734080041445537,Strong
AUB,HBAN,0.7732604725425082,0.6734085349288229,Strong
CII,GAM,0.7732519909344893,0.6734211298519088,Strong
OCFC,WTFC,0.7732344121410065,0.673447233061349,Strong
BPOP,FNB,0.7732339434483938,0.6734479290213998,Strong
CAC,GABC,0.7732329223026849,0.6734494453146651,Strong
PFBC,WSBC,0.773224243342383,0.673462332514027,Strong
AUB,CPF,0.773194327143094,0.6735067525376505,Strong
EFSC,WBS,0.773187455601838,0.6735169550919442,Strong
ETO,NFJ,0.7731850823913968,0.6735204786917813,Strong
ES,XEL,0.7731811953207943,0.6735262499401277,Strong
CFR,CVBF,0.7731804648760722,0.6735273344474266,Strong
CHCO,FFIN,0.77317164078019,0.6735404356381435,Strong
HL,PAAS,0.7731712481079074,0.6735410186352315,MST+Strong
FFA,NFJ,0.7731619776199419,0.6735547823006799,Strong
BUSE,FITB,0.7731557384725011,0.6735640452510792,Strong
NBTB,PFBC,0.7731443466151061,0.6735809578438124,Strong
BOH,HWC,0.7731202348232618,0.6736167533200733,Strong
FCF,HBAN,0.7731199157412603,0.6736172270046836,Strong
GDV,NCV,0.7730915286367704,0.6736593669848725,Strong
BAC,NTRS,0.773063069687606,0.6737016109709016,MST+Strong
FCF,HAFC,0.7730587015552575,0.6737080947186883,Strong
HYT,VLT,0.7730414069182454,0.6737337650463343,Strong
TRMK,WBS,0.7730344568361512,0.6737440807366678,Strong
BOH,WSBC,0.773033977082502,0.673744792807333,Strong
EXK,PAAS,0.7730123399712865,0.6737769067409679,Strong
FBK,FNB,0.7729999770878588,0.673795255121526,MST+Strong
FISI,UBSI,0.7729868860328827,0.6738146836736602,Strong
MET,PNC,0.7729815442171191,0.6738226113494277,Strong
HTD,JRI,0.7729805610496789,0.6738240704372634,MST+Strong
CII,RVT,0.7729703797663554,0.6738391799734482,Strong
SBCF,ZION,0.7729609866440531,0.6738531195385934,Strong
BUSE,FFIC,0.7729585054044485,0.6738568016953623,Strong
HBAN,HOMB,0.7729369121375266,0.6738888452296468,Strong
SSB,WBS,0.7729181690450924,0.6739166579851067,Strong
BANR,WASH,0.7729150256621627,0.6739213223186179,Strong
FHB,VLY,0.7729128197609731,0.6739245955431911,Strong
FIBK,PB,0.7729039860452361,0.6739377032853465,Strong
MBWM,ONB,0.7728962587482596,0.6739491690798949,Strong
FHB,MTB,0.7728775149341691,0.6739769804167363,Strong
NAD,VMO,0.7728760821402475,0.6739791062929955,Strong
ABCB,PGC,0.7728735129481783,0.6739829182580546,Strong
BANF,HWC,0.7728444767133326,0.6740259984402196,Strong
CHW,ETG,0.7728370652330093,0.6740369941879907,Strong
EOG,OVV,0.7728077918166852,0.6740804227735957,Strong
CTBI,IBCP,0.7727989367808552,0.674093559113488,Strong
EWBC,TOWN,0.7727940145490221,0.6741008610749254,Strong
BOH,STBA,0.7727923388103185,0.674103346957544,Strong
NBHC,WSBC,0.7727876888255956,0.6741102449516762,Strong
HPF,JRI,0.7727862461921221,0.6741123850039812,Strong
AWP,JRS,0.7727860644842532,0.6741126545552261,Strong
PFS,PNFP,0.7727790249875527,0.6741230970860549,Strong
SFBS,TOWN,0.7727730098712617,0.6741320199022418,Strong
PFBC,TCBK,0.7727588617891824,0.6741530066844137,Strong
CTBI,FBNC,0.772758406112504,0.6741536826087892,Strong
ARCC,BDCZ,0.7727332259465658,0.6741910323542345,MST+Strong
COF,PNC,0.7727240091927765,0.6742047030497836,Strong
EFSC,FFIN,0.7727105209919097,0.6742247088442995,Strong
OCFC,PEBO,0.7726852518876782,0.6742621865599787,Strong
FISI,THFF,0.7726718763261344,0.6742820235982353,Strong
FFBC,NBHC,0.7726561014772287,0.6743054182234802,Strong
FRME,NFBK,0.7726505405082212,0.6743136651318565,Strong
HOPE,KEY,0.7726397746775255,0.6743296305553753,Strong
AUB,FBNC,0.772630921031535,0.674342759979619,Strong
FBNC,HOPE,0.7726278094121108,0.6743473742632786,Strong
FULT,THFF,0.772607451371098,0.6743775628368756,Strong
NBHC,SBCF,0.7726024446882962,0.6743849869498932,Strong
HOPE,QCRH,0.7725865555283817,0.6744085475016138,Strong
BBT,PEBO,0.772566375407566,0.6744384695321494,Strong
LKFN,SYBT,0.7725284431663325,0.6744947098883245,Strong
PEBO,PFBC,0.772512490001003,0.6745183614980351,Strong
BBT,SRCE,0.7725093834158338,0.6745229671170082,Strong
FFBC,THFF,0.7725077464025875,0.6745253940325932,Strong
FFIN,SRCE,0.7724997299473652,0.6745372785141454,Strong
SO,XEL,0.772487514300235,0.674555387940479,Strong
RF,SBCF,0.7724462435276365,0.6746165673512081,Strong
FPF,VVR,0.7724051243270281,0.6746775165558311,MST+Strong
SRCE,VLY,0.7724035291014582,0.6746798809784412,Strong
HWC,WAFD,0.7724018315726076,0.6746823970245444,Strong
CHCO,LKFN,0.7723882183342333,0.6747025739772551,Strong
LKFN,STBA,0.7723735348534159,0.6747243365206033,Strong
HAFC,IBCP,0.7723432125792579,0.6747692752648747,Strong
FIBK,SBSI,0.7723051347621,0.6748257037752785,Strong
BUSE,FBK,0.772299843254682,0.6748335450247238,Strong
CVBF,PB,0.7722874458350804,0.6748519158525367,Strong
ED,XEL,0.7722570699831816,0.674896925488357,Strong
PB,TFC,0.7722313817868152,0.6749349868145595,Strong
MUR,VET,0.7722222034397503,0.6749485855385574,Strong
CAC,THFF,0.7722076883247873,0.6749700907080443,Strong
FISI,WSBC,0.7722044024368752,0.6749749588882906,Strong
BBT,EFSC,0.7721936925467938,0.6749908257942565,Strong
ATO,SR,0.7721890498850394,0.6749977038701103,Strong
CHCO,MBWM,0.7721673263882614,0.6750298861705882,Strong
FCF,PFBC,0.7721625998626551,0.6750368880844141,Strong
PGC,TOWN,0.7721576777041217,0.675044179733265,Strong
ATO,DUK,0.7721468114287425,0.6750602766735093,Strong
ABCB,PFBC,0.772145119757914,0.6750627826240845,Strong
CFR,EFSC,0.7721443211190887,0.6750639656816401,Strong
MBWM,WASH,0.7721334888391083,0.675080011792516,Strong
HPI,JRI,0.7720974598669558,0.6751333796118278,Strong
UCB,WASH,0.7720953855639461,0.6751364520392213,Strong
OCFC,WSFS,0.7720768191142134,0.6751639517713999,Strong
CFG,WFC,0.7720660986370236,0.6751798299164103,Strong
IBOC,WSBC,0.7720481507963418,0.675206411704833,Strong
FFBC,TCBI,0.7720205496003614,0.6752472886278605,Strong
FCBC,UVSP,0.7719917268170162,0.6752899720608677,Strong
BANR,THFF,0.7719778695421488,0.6753104922298353,Strong
BANF,UBSI,0.7719720419122178,0.675319121731026,Strong
FCF,SYBT,0.7719706501930433,0.6753211825597605,Strong
CNOB,CTBI,0.771962465614684,0.6753333019854952,Strong
MTB,WTFC,0.7719595626557253,0.675337600529209,Strong
QCRH,UCB,0.7719530115046443,0.6753473010168259,Strong
CFR,SBCF,0.771950944526262,0.6753503616253389,Strong
FRME,TRST,0.7719218598450197,0.6753934263153296,Strong
CNOB,FFIC,0.7719157772055709,0.6754024323237652,Strong
ETB,EVT,0.7719156057260761,0.6754026862160438,Strong
WAFD,WSFS,0.7719003057874212,0.6754253388977627,Strong
PNFP,TCBI,0.7718635683147028,0.6754797283195065,Strong
HWC,INDB,0.7718390330190249,0.6755160501142443,Strong
COLB,WBS,0.7718071480932408,0.6755632493064719,Strong
CPF,GSBC,0.77180602820565,0.6755649070139005,Strong
NAD,VGM,0.7717981141066738,0.6755766216993099,Strong
BUSE,PRK,0.7717932772883899,0.6755837812020211,Strong
PB,STBA,0.771729124764278,0.6756787331797887,Strong
CTBI,WASH,0.7717231554936514,0.6756875676025844,Strong
EXK,FSM,0.7717050192423814,0.6757144082489562,Strong
BGH,GHY,0.7716862932018506,0.6757421206320492,Strong
SPG,UE,0.7716726376682258,0.6757623285324127,Strong
REXR,STAG,0.7716666994094218,0.6757711159713445,Strong
TRMK,WTFC,0.7716602591480067,0.6757806461448763,Strong
CSQ,IGA,0.7716595669596137,0.6757816704237934,Strong
HFWA,NBHC,0.7716459362758731,0.6758018403705733,Strong
ONB,PFS,0.7716427672530001,0.6758065296325568,Strong
IGR,RNP,0.7716321425891366,0.6758222509075347,Strong
BOH,FFIN,0.771610169605023,0.6758547630889006,Strong
COP,SU,0.7715909907486276,0.6758831396792976,Strong
BAC,PFG,0.7715905764349955,0.6758837526749766,Strong
MTB,ONB,0.7715678466150035,0.6759173816155292,Strong
BOE,STEW,0.771553740020646,0.6759382515871608,Strong
HAFC,IBOC,0.7715383697429897,0.6759609903788979,Strong
SFBS,TCBK,0.7715122776306857,0.6759995893035945,Strong
FFBC,SYBT,0.7715121391911813,0.6759997940958542,Strong
CAC,TRMK,0.7715005434981006,0.6760169472755834,Strong
JPM,TFC,0.7714852891515303,0.6760395119347238,Strong
FHB,RNST,0.7714503576909554,0.6760911806983502,Strong
HBNC,PFS,0.7714470985627605,0.6760960012265115,Strong
ETO,FFA,0.7714463799476128,0.6760970641148906,Strong
BSRR,PFS,0.7714235398490021,0.676130845548401,Strong
HOPE,TFC,0.7714148593373541,0.676143683935073,Strong
DCOM,TCBK,0.7714108466509655,0.6761496185742243,Strong
PNFP,SRCE,0.771400050768519,0.6761655850921148,Strong
ETW,USA,0.7713426605958895,0.6762504556806014,Strong
MS,RJF,0.7713383281697905,0.6762568621910013,Strong
FULT,LKFN,0.7713266369485523,0.6762741501069632,Strong
NEA,VGM,0.7713002387922533,0.6763131836771286,Strong
INDB,WSFS,0.7712880754837762,0.6763311681657497,Strong
DCOM,WSFS,0.7712868988594448,0.6763329078797736,Strong
COLB,ZION,0.7712618388327288,0.6763699596630105,Strong
EVT,IGA,0.7712532179019058,0.6763827054236295,Strong
BAC,RJF,0.7712516249840979,0.6763850604735472,Strong
FBNC,IBOC,0.771195763994091,0.6764676429895358,Strong
FFIN,SFBS,0.771188809199429,0.6764779239569774,Strong
AWP,JRI,0.7711873850517056,0.6764800291927241,Strong
C,HBAN,0.7711845922611813,0.6764841575954587,Strong
DUK,IDA,0.7711538908514842,0.6765295398554534,Strong
FFA,NIE,0.7711421043488139,0.6765469616385636,Strong
TCBK,TRST,0.7711216754228676,0.6765771568374629,Strong
BANR,HBNC,0.7711108746858883,0.6765931204410989,Strong
APA,OVV,0.7711093636047577,0.6765953538049789,Strong
ONB,WASH,0.7710885266175255,0.6766261499269365,Strong
DUK,ES,0.7710730907134344,0.6766489625892669,Strong
CSQ,GGZ,0.7710679226681514,0.6766566002513367,Strong
CVBF,DCOM,0.7710571794209469,0.6766724770212738,Strong
CHY,CSQ,0.7710434585583409,0.6766927536802195,Strong
BDJ,EOS,0.7710135901349737,0.6767368910662789,Strong
FITB,ONB,0.7709792311448671,0.6767876607254788,Strong
MFC,SLF,0.7709570020955617,0.6768205048673367,MST+Strong
COP,SLB,0.7709468808116434,0.6768354588647917,Strong
TMP,WABC,0.7709334951851206,0.676855235356689,Strong
APLE,SHO,0.7709290979136058,0.676861731945889,Strong
AROW,BUSE,0.770922427569429,0.6768715866847581,Strong
HOMB,WASH,0.7709200716871503,0.6768750672211966,Strong
FHN,HBAN,0.7709154719738623,0.6768818627000397,Strong
HAFC,PEBO,0.7709128943055414,0.6768856708402957,Strong
EWBC,TRMK,0.770894406028982,0.6769129840253,Strong
FFIN,GSBC,0.770861725157281,0.6769612615840274,Strong
EFSC,TRST,0.7708591038833619,0.6769651336910021,Strong
COLB,WSFS,0.7708354570542234,0.677000063435413,Strong
RF,WSBC,0.7708150662150273,0.6770301821705923,Strong
CCNE,MBWM,0.770806434831525,0.6770429309408303,MST+Strong
AUB,BKU,0.7708062049596642,0.6770432704640609,Strong
AMP,LNC,0.7708039575954648,0.6770465898363792,Strong
CFG,WSBC,0.7707722312871006,0.677093448074783,Strong
COLB,EFSC,0.7707552626746095,0.6771185085720084,Strong
FCBC,MBWM,0.77072508280406,0.6771630781369284,Strong
CTBI,INDB,0.7706881847860538,0.6772175650615483,Strong
EOG,OXY,0.7706635783339097,0.6772538987205466,Strong
JRI,RNP,0.770631672159017,0.6773010081802374,Strong
GABC,SBSI,0.7705994067954518,0.6773486446499295,Strong
SSB,UVSP,0.77058892038829,0.6773641260233819,Strong
FMBH,GSBC,0.7705633480372377,0.6774018777103623,Strong
FFIN,UVSP,0.7705500917013929,0.6774214468093066,Strong
ETV,SPXX,0.7705232719673865,0.6774610365661091,Strong
IBOC,RNST,0.7705159948219801,0.6774717782727483,Strong
CATY,PRK,0.7705137181514417,0.6774751388037178,Strong
ADAM,IVR,0.7704840604151899,0.6775189142523035,MST+Strong
CBSH,HWC,0.7704715873866387,0.6775373238624738,Strong
NNN,REG,0.7704625503273574,0.6775506618292725,MST+Strong
NXPI,ON,0.770443790525099,0.6775783489381888,Strong
CB,WRB,0.7704355084492879,0.6775905718805599,MST+Strong
JPM,SF,0.7704339663711173,0.6775928477026344,Strong
BOKF,PNC,0.7704174545059328,0.6776172156816371,Strong
AOD,SPXX,0.7703998936364658,0.6776431308049012,Strong
EFSC,VLY,0.7703649394756733,0.6776947108017395,Strong
CATY,HAFC,0.7703528887348842,0.6777124925292669,Strong
DUK,EXC,0.7703025917200976,0.6777867043250441,Strong
AAT,PDM,0.7702856421022856,0.6778117111672156,Strong
EOI,ETO,0.7702679249329938,0.6778378494404192,Strong
IIM,NZF,0.7702635133880202,0.677844357669192,Strong
SSB,TFC,0.7702588338012396,0.6778512612642399,Strong
FFIN,WAFD,0.7702581275609173,0.6778523031443985,Strong
BUSE,RBCAA,0.770214342058167,0.6779168945259191,Strong
ADI,ON,0.7702111411797207,0.6779216161478837,Strong
GSBC,UMBF,0.7702051619259986,0.6779304360684825,Strong
AUB,RF,0.7702024952950594,0.6779343695446347,Strong
ASB,QCRH,0.7701437535613967,0.6780210121207207,Strong
CATY,LKFN,0.770117141216611,0.6780602610142981,Strong
FBNC,WSFS,0.7701063684001457,0.6780761485258928,Strong
STBA,WBS,0.7701051418711208,0.6780779573601832,Strong
PNC,UBSI,0.7701007243242949,0.6780844721355963,Strong
BANR,BKU,0.7700885223140133,0.6781024667201657,Strong
LKFN,WSBC,0.7700881377281809,0.6781030338699557,Strong
IIM,NAD,0.7700710203593215,0.6781282764207351,Strong
BOKF,VLY,0.7700662963274462,0.6781352426655819,Strong
FCF,LKFN,0.7700527520585229,0.6781552151852511,Strong
HFWA,SBCF,0.7700239860532877,0.6781976318842647,Strong
TOWN,WTBA,0.7700144628115555,0.6782116737250171,MST+Strong
FRME,RF,0.7700028105472818,0.6782288543739763,Strong
IBCP,QCRH,0.769990700467779,0.6782467095861521,Strong
CSQ,LGI,0.7699740512804847,0.6782712565331297,Strong
DSU,EVV,0.7699309776723254,0.6783347585487192,Strong
COF,KEY,0.7699309348397743,0.6783348216923937,Strong
DHI,MHO,0.7699240570150923,0.6783449608936558,Strong
CVBF,GSBC,0.7699195670177322,0.6783515799086308,Strong
MBWM,SBSI,0.7699176357789336,0.67835442686116,Strong
COLB,FFIN,0.7699150151474047,0.6783582900688917,Strong
QCRH,SFNC,0.7698944272958184,0.6783886389145704,Strong
EOG,PEO,0.7698855759859496,0.6784016863393698,Strong
PEBO,SBSI,0.7698531986912391,0.6784494105071665,Strong
ATMP,WMB,0.769849682725466,0.6784545928424894,Strong
FBP,FNB,0.7698077948640265,0.6785163301439008,Strong
PEBO,WTFC,0.7698055471712035,0.6785196427942178,Strong
BGR,VET,0.769804132492304,0.6785217277400866,Strong
BIT,DSU,0.7697965722418587,0.6785328698864062,MST+Strong
HOMB,KEY,0.7697938448692764,0.6785368893888137,Strong
WSBC,ZION,0.7697870652831035,0.678546880792914,Strong
BANF,CTBI,0.7697742391618667,0.678565782865793,Strong
HOMB,SFBS,0.7697713115920751,0.6785700972013501,Strong
BBT,NWBI,0.7697576138197676,0.678590283131482,Strong
ETO,USA,0.7697517204245904,0.6785989678380149,Strong
CVBF,HWC,0.7697456597400104,0.6786078989519494,Strong
FNB,PGC,0.7697450082140649,0.678608859043168,Strong
BGB,JPC,0.769744868355617,0.6786090651389547,Strong
KMI,OKE,0.7697446907378647,0.6786093268768641,Strong
FBNC,NBTB,0.7697194473128137,0.6786465246167349,Strong
GHY,VLT,0.7697135860281356,0.6786551612886539,Strong
HOMB,PFBC,0.769712092867304,0.6786573614611368,Strong
BKU,FHN,0.76970632242319,0.6786658641434825,Strong
MTB,SFNC,0.7696900789278256,0.6786897981731778,Strong
EOI,QQQX,0.7696832597661047,0.6786998456370757,Strong
CTBI,SSB,0.7696568096378205,0.6787388162793985,Strong
FHB,WAFD,0.7696538654333626,0.6787431540231362,Strong
UMBF,UVSP,0.769652577557784,0.6787450514622054,Strong
EWBC,FFIN,0.7696207594606232,0.6787919276764813,Strong
BOKF,WSBC,0.7696136785317201,0.6788023592597183,Strong
INN,RHP,0.7695886178079983,0.6788392772843977,Strong
NBHC,TOWN,0.7695868076823374,0.6788419437802331,Strong
ETG,RMT,0.7695751504931734,0.6788591157328988,Strong
CFR,FHB,0.7695723387237073,0.6788632576245273,Strong
HBAN,WFC,0.7695678703839914,0.6788698396835855,Strong
PFS,SFNC,0.7695640654368455,0.6788754444861803,Strong
GLQ,GLV,0.7695624110032065,0.6788778815026948,Strong
CATY,OZK,0.7695460981501206,0.6789019102195535,Strong
FIBK,PNFP,0.7695407084887073,0.6789098489656675,Strong
AEP,ES,0.7695376755256559,0.6789143163527251,Strong
PNC,VLY,0.7695198826482941,0.6789405236862887,Strong
CBSH,INDB,0.76950563596021,0.6789615070676539,Strong
EWBC,WSBC,0.7694857090978914,0.6789908554643554,Strong
HPP,KRC,0.769447363019599,0.6790473282185874,MST+Strong
MET,VOYA,0.7694347444105664,0.6790659107766103,Strong
FIBK,FNB,0.7694241801442769,0.679081467654247,Strong
WABC,WAFD,0.7694190846747122,0.679088971085951,Strong
PCN,PDI,0.7694092120223107,0.6791035090141845,Strong
HAFC,PFS,0.7694035682026452,0.6791118196546939,Strong
ONB,TFC,0.7694020702286315,0.6791140254351525,Strong
FFIN,HFWA,0.769398569715357,0.6791191799450859,Strong
FHB,STBA,0.7693885883759939,0.6791338772642787,Strong
LTC,SBRA,0.7693839176107505,0.6791407547618526,Strong
AEE,PNW,0.7693696511692005,0.6791617610419471,Strong
RNST,WABC,0.7693420088337102,0.679202460487725,Strong
AUB,SFBS,0.7693329769350702,0.6792157581577887,Strong
MKC,MKC-V,0.7693224855172316,0.6792312043520504,MST+Strong
BOKF,NWBI,0.7693214565723842,0.6792327192172295,Strong
FIBK,PEBO,0.7693208953907625,0.679233545416063,Strong
HOPE,SFBS,0.7693173550080513,0.6792387577162373,Strong
CCD,CSQ,0.7693169443728979,0.6792393622679742,Strong
HAFC,UVSP,0.7693021060884567,0.6792612073592063,Strong
BOKF,SRCE,0.7692803262532029,0.6792932706082067,Strong
FFIC,UVSP,0.7692737627940135,0.6793029327273459,Strong
BANR,CFG,0.7692631434630933,0.6793185652356436,Strong
RJF,SCHW,0.7692573273901729,0.6793271268097971,MST+Strong
PNFP,USB,0.7692572652352033,0.679327218304694,Strong
AWK,WEC,0.7692334048043551,0.6793623410164048,Strong
DVN,VET,0.7692315691723771,0.6793650430035724,Strong
CPF,HOMB,0.7692010576365362,0.6794099533616854,Strong
FISI,HOPE,0.7691924890936552,0.6794225649863931,Strong
BANR,WABC,0.7691842695469174,0.6794346627205335,Strong
FFBC,HBNC,0.7691826603689506,0.6794370311236346,Strong
BOKF,USB,0.7691647265344125,0.6794634257494475,Strong
GABC,HOPE,0.769158726370642,0.6794722564304713,Strong
LKFN,TRMK,0.7691563262276071,0.6794757887848439,Strong
HBAN,SBCF,0.7691533416478572,0.679480181244667,Strong
CVBF,UVSP,0.7691515321352183,0.6794828443232128,Strong
CAC,FBNC,0.7691453867096857,0.6794918885318857,Strong
FITB,VLY,0.7691195214759204,0.6795299530176423,Strong
MTB,PRU,0.7690905911106227,0.6795725257680408,Strong
AIG,PRU,0.769074931330844,0.6795955689513521,MST+Strong
DCOM,FULT,0.7690744193142319,0.6795963223646344,Strong
HBNC,THFF,0.7690578837166798,0.6796206534285434,Strong
BKU,IBOC,0.7690230270402847,0.6796719399235418,Strong
EWBC,WSFS,0.7690116465914276,0.6796886837495124,Strong
FHN,WTFC,0.7690013755771287,0.679703794932574,Strong
CVE,FANG,0.768986657289248,0.6797254485610378,Strong
BANF,GSBC,0.76898453119619,0.6797285764241635,Strong
DUK,ETR,0.7689839242655899,0.6797294693249809,Strong
PFS,VLY,0.7689634780847427,0.6797595485394188,Strong
BOH,INDB,0.7689157364912664,0.6798297779720062,Strong
BKU,TRMK,0.7689102691710428,0.6798378201144112,Strong
KEY,ONB,0.7688973117174525,0.6798568794717716,Strong
RF,TOWN,0.7688618274886095,0.6799090711431793,Strong
PFS,QCRH,0.7688579028439382,0.6799148434268247,Strong
DINO,DK,0.7688363904779536,0.6799464824852709,MST+Strong
CDP,HIW,0.7688293640903276,0.6799568161430141,MST+Strong
GSBC,OCFC,0.7688213764485737,0.6799685633195497,Strong
CBU,UVSP,0.7687979761631356,0.6800029762241697,Strong
BUSE,HTB,0.7687875534657495,0.6800183034805027,MST+Strong
BKU,OCFC,0.7687667193350333,0.6800489403932143,Strong
HBNC,UBSI,0.7687652345305446,0.6800511237685817,Strong
GABC,QCRH,0.7687606380791437,0.6800578827141941,Strong
DCOM,NBTB,0.768743119097361,0.680083643241975,Strong
EVT,HTD,0.7687092640198327,0.6801334221756306,Strong
EAD,HIO,0.7687051641203712,0.6801394502300669,MST+Strong
CNOB,KEY,0.768701040138945,0.6801455136381552,Strong
FCBC,FFBC,0.7686883091913573,0.6801642313568727,Strong
THFF,UBSI,0.768669495234518,0.6801918916974562,Strong
IBOC,NWBI,0.7686632476317395,0.6802010766946205,Strong
CCS,TOL,0.7686499781754011,0.6802205845526859,Strong
FFIN,RF,0.768649082130672,0.6802219018369344,Strong
CVBF,EWBC,0.768643410601146,0.6802302395496013,Strong
ATO,ED,0.7686350343322902,0.6802425533112579,Strong
EOG,XOM,0.7686314354270852,0.680247843911195,Strong
ONB,SYBT,0.7686301544263604,0.6802497270468245,Strong
BOH,FFBC,0.7686224498525147,0.6802610530487326,Strong
BUSE,CCNE,0.7686184677880382,0.6802669067534621,Strong
FBNC,WTFC,0.7685773592835711,0.6803273340333004,Strong
CHW,CII,0.7685745681698579,0.6803314366250351,Strong
CBU,MBWM,0.7685742087016462,0.6803319649970209,Strong
EOI,SPXX,0.7685543866755121,0.6803611001879633,Strong
CCNE,FRME,0.7685458694547533,0.6803736187496494,Strong
LNT,OGE,0.7685177838473906,0.6804148971805504,Strong
MS,PRU,0.7685027178121078,0.680437039244473,Strong
BANR,FITB,0.7684910062707702,0.6804542508195974,Strong
FHN,RF,0.7684896041305078,0.6804563114109416,Strong
DINO,PSX,0.7684199499036766,0.6805586677081168,Strong
FNB,ZION,0.7684176224177012,0.6805620876632767,Strong
SRCE,WAFD,0.7684047216623234,0.6805810434293282,Strong
HPI,PDT,0.7684042476344808,0.6805817399335942,Strong
SFNC,SYBT,0.7684040050641401,0.6805820963496761,Strong
BKU,IBCP,0.7683474304029293,0.6806652181462935,Strong
PFBC,WSFS,0.7683407245398743,0.6806750700005483,Strong
CBU,HWC,0.7683331795168148,0.6806861545281867,Strong
SFBS,STBA,0.7683071765323833,0.6807243545923954,Strong
LDP,PSF,0.7683036150597262,0.6807295864589312,Strong
CBSH,WBS,0.7682668948350302,0.6807835267762724,Strong
HRI,URI,0.7682523779270302,0.6808048502661682,MST+Strong
DCOM,UVSP,0.7682500155274231,0.6808083202672789,Strong
BOKF,GBCI,0.7682331258134174,0.6808331281401965,Strong
CMS,PNW,0.768218059693632,0.680855256726961,Strong
CPF,WSFS,0.768215706029395,0.6808587136412443,Strong
ASB,DCOM,0.7682015703243232,0.6808794749082642,Strong
HFWA,SYBT,0.768200712922031,0.6808807341641693,Strong
BANF,HOMB,0.7681841120526228,0.6809051151920907,Strong
EOS,GAM,0.7681470577631077,0.6809595321851253,Strong
NWBI,TRST,0.768146797535294,0.6809599143337381,Strong
CFG,CNOB,0.7681447813338009,0.6809628751498852,Strong
PEBO,SSB,0.7681401351082524,0.6809696981389812,Strong
HAFC,TOWN,0.7681169704407709,0.6810037144674457,Strong
BAC,WTFC,0.7681135527503823,0.6810087330565119,Strong
CBSH,WSBC,0.7680928455855346,0.6810391389846334,Strong
PFL,PTY,0.7680858256053665,0.681049446655136,Strong
CVBF,NBHC,0.7680793301689487,0.6810589839816391,Strong
SBCF,TFC,0.7680619557022059,0.6810844944612879,Strong
GSBC,WAFD,0.7680428604236719,0.6811125304622256,Strong
HPS,PSF,0.7680422405075129,0.6811134406139511,Strong
TCBK,UMBF,0.7680209594155696,0.681144684460549,Strong
FIBK,MBWM,0.7680070351944506,0.6811651265376839,Strong
LXP,STAG,0.7680067239886527,0.6811655834103002,MST+Strong
FRME,PB,0.7680018137213296,0.6811727919972588,Strong
PFG,UNM,0.7680011075934502,0.681173828631943,Strong
FHB,GBCI,0.7679870072891045,0.6811945283263738,Strong
AG,ASA,0.7679864456664822,0.6811953527931878,Strong
GBCI,OCFC,0.7679827221920315,0.6812008188602955,Strong
BBT,GSBC,0.7679745627682063,0.6812127967556008,Strong
FISI,MBWM,0.767973875660106,0.6812138054089831,Strong
ADX,CII,0.7679594569671702,0.6812349712585664,Strong
ETG,GGZ,0.7679535289708865,0.6812436730408782,Strong
AEE,EVRG,0.7679484883706792,0.6812510721155906,MST+Strong
AAT,CUZ,0.7679222533832011,0.6812895810399553,Strong
BAC,STT,0.7679209508713521,0.6812914928701926,Strong
TRMK,TRST,0.7678804255407262,0.681350973374624,Strong
CBSH,PNC,0.7678751448820462,0.6813587236074017,Strong
CVBF,PNFP,0.7678601244618487,0.6813807680557932,Strong
FIBK,SFBS,0.7678514271792146,0.6813935321395198,Strong
ARI,STWD,0.7678390320532414,0.6814117227444191,Strong
BBT,SBCF,0.7677845731502018,0.6814916387598577,Strong
CTBI,PNFP,0.767772515451269,0.6815093316290408,Strong
RNST,WASH,0.7677610269076546,0.6815261889206392,Strong
BOH,HBAN,0.767738407996289,0.681559376729146,Strong
FFC,PSF,0.7677338256896754,0.6815660999643756,Strong
CAC,TMP,0.7677095091347454,0.6816017765018729,Strong
FMBH,TCBK,0.7677034576642489,0.6816106547520383,Strong
EVT,NIE,0.7676879989269121,0.6816333340925866,Strong
GHY,HYT,0.7676851997054895,0.6816374407183198,Strong
CPF,ONB,0.7676785398579495,0.6816472110146867,Strong
PRK,SFNC,0.7676462586114623,0.6816945670731691,Strong
CVBF,VLY,0.7676064056487244,0.681753026177773,Strong
GDV,GLO,0.7676024621207295,0.6817588105470592,MST+Strong
BANR,TFC,0.7675984524639965,0.6817646918637009,Strong
UTF,UTG,0.7675780499149817,0.6817946172932408,MST+Strong
FCF,FITB,0.7675562400185213,0.6818266054965568,Strong
HBNC,MBWM,0.7675433870019835,0.6818454560939986,Strong
PFBC,SRCE,0.7675365787372455,0.6818554410764125,Strong
BUSE,NFBK,0.7675361168131843,0.6818561185276784,Strong
FFBC,PRK,0.7675352443539161,0.6818573980622106,Strong
SRCE,WABC,0.7675210006215901,0.6818782873481306,Strong
ETB,EXG,0.7675093179811063,0.6818954201619096,Strong
AUB,ZION,0.7674928861774039,0.6819195169851001,Strong
FIBK,GABC,0.7674735111782487,0.6819479288358479,Strong
SBSI,WAFD,0.7674458014689901,0.6819885607999739,Strong
NFBK,UBSI,0.7674367000176431,0.6820019061298244,Strong
HOPE,THFF,0.7674337122805641,0.6820062869496671,Strong
HBAN,WSBC,0.767425890367615,0.6820177558280796,Strong
C,FNB,0.7674167635948945,0.6820311377130893,Strong
ASB,CHCO,0.7674029532012174,0.6820513863321188,Strong
SYBT,TMP,0.7674018226555203,0.6820530438968508,Strong
CBSH,HBAN,0.7673960971835523,0.6820614383124848,Strong
CBU,TRST,0.7673937056794761,0.682064944591824,Strong
BANF,PFS,0.7673880142009493,0.6820732890225958,Strong
ONB,USB,0.767385642378058,0.6820767663862214,Strong
BOKF,FHB,0.7673817367434782,0.6820824924545738,Strong
OGE,PPL,0.7673814402252085,0.6820829271793739,MST+Strong
CATY,IBCP,0.7673746117407622,0.6820929383291369,Strong
BANF,IBCP,0.7673633719460364,0.6821094165219589,Strong
CFR,WSBC,0.7673568593372241,0.6821189642031307,Strong
FNB,INDB,0.7673559700100562,0.6821202679732421,Strong
KEY,VLY,0.7673148652170338,0.6821805256425401,Strong
LKFN,MBWM,0.767299303376731,0.6822033371704788,Strong
PEBO,UMBF,0.7672885933712907,0.6822190361294667,Strong
OZK,SFNC,0.7672808137408726,0.6822304394544814,Strong
NBHC,TCBK,0.7672758539303978,0.6822377094086814,Strong
TRST,UVSP,0.7672308560421444,0.6823036625401562,Strong
IBOC,RF,0.7672256264726416,0.6823113270749042,Strong
BAC,BK,0.7672088777064318,0.6823358737360483,Strong
BOH,KEY,0.7672059288953326,0.6823401953639657,Strong
BBT,TRMK,0.7672042342258836,0.6823426789731336,Strong
SYBT,THFF,0.7672019762441532,0.6823459881260339,Strong
PFG,VOYA,0.7671901865766194,0.6823632660443858,Strong
BDJ,IGA,0.7671874255887788,0.6823673122464486,Strong
BGT,DSU,0.7671798030712743,0.6823784828505742,Strong
CBSH,SBSI,0.7671599222695142,0.6824076167958353,Strong
CBU,CPF,0.767148674796914,0.6824240986411398,Strong
HOMB,TRST,0.7671352143592801,0.6824438228026097,Strong
DCOM,PEBO,0.7671231609293566,0.6824614847310335,Strong
FISI,IBOC,0.7671115648188044,0.6824784761165668,Strong
ETG,IGA,0.7671025629306495,0.682491665984795,Strong
CPF,SBSI,0.7670741682064501,0.682533269216307,Strong
FUND,GDV,0.7670489410860309,0.6825702292276877,Strong
OZK,RNST,0.7670406271056819,0.6825824095218366,Strong
CNOB,WBS,0.7670330358528568,0.6825935308031321,Strong
CCNE,GSBC,0.767018840561651,0.6826143265978952,Strong
PRU,SF,0.767018466016868,0.6826148752893274,Strong
EFSC,OCFC,0.7670135053427473,0.6826221424144586,Strong
BOH,WSFS,0.7670101332138234,0.6826270823607522,Strong
IBCP,MBWM,0.7670094155271137,0.6826281337197967,Strong
GDV,HPI,0.7670014079832841,0.6826398640816633,Strong
FNB,MBWM,0.7669958007333728,0.6826480780997295,Strong
AEM,PAAS,0.7669882508076047,0.6826591377728644,Strong
CNQ,COP,0.7669844749414145,0.6826646688654474,Strong
FITB,MET,0.7669816588929704,0.6826687939360193,Strong
AEE,DTE,0.7669670305875174,0.6826902217147726,Strong
DSU,HPI,0.7669608936650826,0.682699210977891,Strong
BUSE,MSBI,0.7669568665626049,0.682705109747093,MST+Strong
BDJ,EOI,0.7669425233106203,0.6827261188637501,Strong
DCOM,HOPE,0.7669331221851402,0.6827398887055887,Strong
CCNE,PEBO,0.7669112835166323,0.6827718747625267,Strong
ARR,ORC,0.7669032706287272,0.6827836104817877,MST+Strong
CHCO,THFF,0.7668960286617728,0.6827942169324916,Strong
AOD,IGD,0.7668887225035788,0.6828049172295426,Strong
ARR,NLY,0.7668780366909416,0.6828205669267123,Strong
NWBI,PRK,0.7668749740326739,0.6828250522166364,Strong
FBNC,HWC,0.7668399772628278,0.6828763032016445,Strong
BDJ,SCD,0.7668327701863371,0.6828868571200691,Strong
NBTB,PNFP,0.7668301526326382,0.6828906901801515,Strong
BANR,FISI,0.7667958742671808,0.6829408843125725,Strong
CTBI,NFBK,0.7667951284708476,0.682941976348141,Strong
INDB,UMBF,0.766767049475575,0.6829830898703496,Strong
CHCO,SYBT,0.7667533905891948,0.6830030884422196,Strong
COLB,HBAN,0.7667384305719958,0.6830249913846553,Strong
BANF,WSBC,0.7667272882813573,0.6830413043420475,Strong
FHB,PNFP,0.7666989296181427,0.6830828213062561,Strong
BLW,EAD,0.7666825420611759,0.6831068114706866,Strong
INDB,UVSP,0.7666573568321287,0.6831436791303442,Strong
EXG,FFA,0.7666540596783062,0.6831485055559937,Strong
NFJ,QQQX,0.7666513358301422,0.6831524927420785,Strong
FBNC,FISI,0.7666297155286207,0.6831841398501275,Strong
CVE,SU,0.7666286959264511,0.6831856322750778,Strong
ESRT,SLG,0.7666277598825191,0.68318700239024,Strong
FFBC,TRST,0.7666127578376245,0.6832089609517362,Strong
NWBI,WASH,0.7666008571463263,0.6832263795458628,Strong
BAC,UCB,0.7665924368523965,0.6832387037450433,Strong
L,PRU,0.7665908310355659,0.6832410540423257,MST+Strong
BANR,CNOB,0.7665628883335146,0.6832819501003746,Strong
HPF,PSF,0.7665193027024949,0.6833457357699763,Strong
CCNE,CTBI,0.7664876521360232,0.6833920512619045,Strong
FBNC,MBWM,0.7664742130483637,0.6834117162467092,Strong
BKU,FFIN,0.7664686464991262,0.6834198614334732,Strong
MET,RF,0.7664519665571403,0.6834442675783589,Strong
BBT,CTBI,0.766419743924572,0.6834914133702457,Strong
AEP,IDA,0.7664048964863551,0.68351313595811,Strong
AUB,NBHC,0.7664001671260671,0.6835200551175261,Strong
ASB,FISI,0.7663881524898841,0.6835376324828295,Strong
FMBH,UVSP,0.7663820404990151,0.6835465741278861,Strong
CAC,FNB,0.7663738564927023,0.6835585468813885,Strong
HBAN,SF,0.7663721512824776,0.683561041484259,Strong
FNB,HFWA,0.7663622349785374,0.6835755481604979,Strong
CBSH,NWBI,0.7663519913835799,0.6835905333113093,Strong
CAC,HOPE,0.7663356975012046,0.6836143686301444,Strong
ETG,LGI,0.7663316602161099,0.6836202743978416,Strong
GSBC,NFBK,0.7663287249490133,0.6836245680941941,Strong
AVK,JRI,0.7663232554270646,0.6836325688159326,Strong
CVBF,SRCE,0.7663153372781866,0.6836441511807344,Strong
AUB,PFS,0.7663092577710577,0.6836530439176619,Strong
PFBC,TRMK,0.7663085738790675,0.683654044266444,Strong
OCFC,RNST,0.7663028535467489,0.6836624115062215,Strong
HCA,UHS,0.7662775056474325,0.6836994871324207,MST+Strong
OCFC,SRCE,0.7662389836804416,0.6837558282304559,Strong
COR,MCK,0.7662274593988242,0.6837726824042853,MST+Strong
FITB,HOPE,0.7662232554544561,0.6837788305373952,Strong
ABCB,FBK,0.7662191285768761,0.6837848659090429,Strong
CMS,ETR,0.7661902837723132,0.6838270486426912,Strong
ESRT,VNO,0.7661896188735308,0.6838280209620973,Strong
NWBI,SYBT,0.7661830290127286,0.6838376576165887,Strong
PNC,UMBF,0.7661566265988219,0.6838762657106593,Strong
FFA,SPXX,0.7661557814886603,0.6838775014742622,Strong
BOH,VLY,0.7661034785387784,0.6839539771961585,Strong
HOPE,WABC,0.7660947093882379,0.6839667983341913,Strong
SBRA,VTR,0.7660884629328795,0.6839759309612006,Strong
TMP,WSFS,0.7660869803861409,0.6839780985000311,Strong
PGC,WSBC,0.7660782593946307,0.6839908487770422,Strong
FFIN,PEBO,0.7659973007225461,0.6841092007529995,Strong
FIBK,SYBT,0.7659952498963758,0.6841121985517057,Strong
HAL,MUR,0.7659934555707143,0.6841148213995742,Strong
CVBF,WASH,0.7659520660412927,0.6841753195763601,Strong
BANR,OCFC,0.7659355946348746,0.6841993939855916,Strong
GBCI,LKFN,0.7659197877741094,0.6842224963064143,Strong
AUB,CFG,0.7658979113252649,0.6842544682714686,Strong
TRST,WSBC,0.765893412137065,0.6842610435541907,Strong
FCBC,WSBC,0.7658900644826998,0.6842659359010942,Strong
FMBH,MBWM,0.7658825927152608,0.6842768552051709,Strong
ARCC,TSLX,0.7658489684070763,0.6843259918970253,MST+Strong
CCNE,TOWN,0.765830128716256,0.6843535216300768,Strong
GSBC,SBCF,0.7658224371731995,0.684364760674891,Strong
FITB,UBSI,0.765816353400147,0.6843736502815593,Strong
EFSC,IBOC,0.7658134346543553,0.6843779151107153,Strong
FITB,SFNC,0.7658030619933324,0.6843930712780012,Strong
CFR,COLB,0.7657922111734761,0.6844089257549524,Strong
BGX,JQC,0.7657527319224868,0.68446660704159,Strong
HBNC,HWC,0.7657344102883139,0.6844933742728064,Strong
CFG,SSB,0.7657118710555926,0.6845263018239802,Strong
CNOB,DCOM,0.7657011516208327,0.684541961283846,Strong
GABC,WASH,0.7656986879155849,0.6845455603309616,Strong
ABG,PAG,0.7656658946271616,0.6845934638496608,Strong
FHB,NBTB,0.7656614975075405,0.684599886784185,Strong
PFBC,SFNC,0.7656180286748147,0.6846633790779019,Strong
BOE,ETO,0.7656175953335062,0.6846640120036891,Strong
CLDT,RHP,0.7656091509655053,0.6846763454866754,Strong
BUSE,WTBA,0.7656054554977977,0.6846817428589758,Strong
CFG,RNST,0.7656030770766694,0.684685216611737,Strong
ETV,USA,0.7655965635792288,0.6846947296726786,Strong
CTBI,SBCF,0.7655909928126068,0.6847028657562245,Strong
FBK,WTFC,0.7655767429913548,0.684723677126248,Strong
BPOP,OFG,0.7655607302247357,0.6847470624621391,Strong
HFWA,HWC,0.765556909975292,0.6847526415059791,Strong
BBT,FBNC,0.7655554908200036,0.6847547140107856,Strong
NFBK,TMP,0.7655274461156297,0.6847956686258614,Strong
FBNC,UCB,0.7655020544608754,0.6848327467916887,Strong
FULT,HBNC,0.765467316488304,0.6848834696672069,Strong
BDN,SLG,0.765442701204213,0.6849194095596751,Strong
JPC,PSF,0.7654197672562698,0.6849528928966286,Strong
CTBI,PB,0.7654085683209172,0.684969242636606,Strong
CATY,FCBC,0.7653998321810206,0.6849819965794421,Strong
MET,USB,0.7653912830924087,0.684994477215096,Strong
BKU,TCBI,0.7653762584057667,0.68501641088989,Strong
FNB,NBTB,0.7653753106017691,0.6850177945108155,Strong
EWBC,GBCI,0.7653610364946843,0.6850386317651227,Strong
CHY,GDV,0.7653268662943267,0.6850885106403016,Strong
SFNC,WTFC,0.7652987070168543,0.6851296125305717,Strong
CHCO,SSB,0.7652932938142475,0.6851375134755833,Strong
NVR,PHM,0.7652877600786467,0.6851455902526896,MST+Strong
KEY,WFC,0.7652834204609387,0.6851519240855437,Strong
HWC,OCFC,0.7652595561658866,0.6851867538622056,Strong
COF,JPM,0.7652516085311231,0.6851983529882087,Strong
SSB,ZION,0.7652491325372528,0.6852019665219112,Strong
HPI,PFL,0.7652314822334516,0.6852277253096936,MST+Strong
SBSI,WABC,0.7652244189160877,0.685238033217527,Strong
CUZ,SLG,0.7652172052489146,0.6852485603794953,Strong
IBOC,WSFS,0.7652143174877765,0.6852527745470623,Strong
FNB,SF,0.7651921026195331,0.685285192281968,Strong
ETY,GAM,0.7651880294824829,0.6852911359670678,Strong
ONB,WABC,0.7651857975042812,0.6852943929373986,Strong
FCF,KEY,0.7651734930537295,0.6853123476871995,Strong
FBNC,SFNC,0.7651592166963925,0.6853331792691895,Strong
CBSH,VLY,0.7651500416303262,0.6853465668837538,Strong
PAA,TRGP,0.7651466114168474,0.6853515719441411,Strong
EXG,STEW,0.7651238773248579,0.6853847425718523,Strong
ASA,FNV,0.7651235873978248,0.6853851655852717,Strong
CTBI,UMBF,0.7650796528874181,0.6854492645157363,Strong
FISI,HBNC,0.7650752358198305,0.6854557085328993,Strong
INDB,PB,0.7650626487828177,0.6854740713071243,Strong
CHW,ETW,0.7650346203346929,0.6855149592318275,Strong
COLB,KEY,0.7650122658437709,0.6855475682346617,Strong
FMBH,FRME,0.7650065428845233,0.6855559161957202,Strong
RF,WSFS,0.7649946849701668,0.6855732127640829,Strong
CHI,GDV,0.7649903483616592,0.6855795382570001,Strong
BOKF,FFIN,0.7649713446917832,0.6856072568288886,Strong
VLY,ZION,0.7649548631569166,0.6856312957312893,Strong
AEM,AGI,0.7649413146778565,0.6856510560367328,Strong
FSM,PAAS,0.7649026241656945,0.6857074825817573,Strong
GSBC,PRK,0.7648969839045733,0.6857157079948318,Strong
IGA,NFJ,0.7648919731480366,0.6857230152940229,Strong
FHB,NWBI,0.7648894851233649,0.6857266436075459,Strong
BBT,PNFP,0.7648883886052366,0.6857282426658005,Strong
ADI,NXPI,0.764884356924686,0.6857341220550629,Strong
CBSH,EFSC,0.7648834434828402,0.685735454117927,Strong
FIBK,WASH,0.7648798856601235,0.6857406424295944,Strong
ABCB,BANF,0.7648767147288633,0.6857452665110225,Strong
CBU,PRK,0.7648757573997217,0.685746662551526,Strong
BOH,BOKF,0.7648669457191216,0.6857595121919613,Strong
BDJ,BGY,0.7648666745610011,0.6857599076046935,Strong
KEY,PRU,0.7648311422147517,0.6858117202049675,Strong
DCOM,EFSC,0.7648256815853112,0.685819682445304,Strong
BANF,PEBO,0.7648202318570416,0.685827628698288,Strong
DEI,HPP,0.7648046274348604,0.6858503810090646,Strong
BKU,SSB,0.7648018143661424,0.6858544825746313,Strong
FHN,HWC,0.7647908036102179,0.6858705364568186,Strong
PEBO,WBS,0.7647895694304543,0.6858723358899173,Strong
SBSI,SSB,0.764784313167795,0.6858799994637618,Strong
SRCE,WASH,0.7647766181994535,0.6858912184895597,Strong
CHCO,WSFS,0.7647720633763508,0.6858978591942815,Strong
APO,KKR,0.7647524760440207,0.6859264158143776,MST+Strong
HOMB,LKFN,0.764734843465938,0.6859521215566899,Strong
QCRH,TRMK,0.764734104284335,0.6859531991552559,Strong
ETW,STEW,0.7647315435124037,0.6859569323034739,Strong
SLRC,TCPC,0.7647219909610803,0.6859708580383276,MST+Strong
NFBK,TOWN,0.7647131003615788,0.6859838185240541,Strong
EVR,LAZ,0.7646992455856445,0.6860040151695258,MST+Strong
ASB,CPF,0.7646770983032466,0.6860362988891381,Strong
ADX,EOS,0.7646752724533373,0.6860389603319372,Strong
NFJ,SPXX,0.7646453258333648,0.6860826104291454,Strong
HOPE,MTB,0.7645991133673817,0.6861499641224479,Strong
IBOC,TCBK,0.7645976702518102,0.6861520673264634,Strong
CNOB,MBWM,0.764580327557584,0.6861773421534931,Strong
BOH,BUSE,0.7645705808163052,0.6861915464120711,Strong
PRU,WFC,0.7645694227118998,0.6861932341375864,Strong
ATO,NI,0.7645483601338801,0.6862239282714061,Strong
D,SO,0.7645328259301823,0.686246565120464,Strong
CII,ETB,0.7645298031364135,0.686250969928038,Strong
FCBC,FCF,0.7645077537700603,0.68628309935469,Strong
EFSC,WASH,0.7644929999568435,0.6863045971624502,Strong
ADC,NNN,0.7644891987003083,0.6863101358710822,Strong
INDB,SBSI,0.7644872910450975,0.6863129154473235,Strong
AWK,LNT,0.764473177055749,0.6863334800871235,Strong
FHB,PB,0.7644513482806966,0.6863652842609442,Strong
DFP,JPC,0.7644416989544227,0.6863793427042765,Strong
ADX,ETY,0.764434424467719,0.6863899409698265,Strong
GBCI,MBWM,0.7644293114636175,0.6863973900538703,Strong
THFF,TRMK,0.7644242897359479,0.6864047060795142,Strong
BANR,KEY,0.7644210647169967,0.6864094044854038,Strong
BGR,CNQ,0.7644172399322714,0.6864149766252607,Strong
CBU,NBHC,0.7644006044847883,0.6864392114604347,Strong
ROST,TJX,0.764379736561661,0.6864696110365541,MST+Strong
EFSC,FHB,0.7643767061913912,0.6864740254497744,Strong
CFG,FRME,0.7643667260832099,0.6864885635125907,Strong
FBNC,ONB,0.7643589509688378,0.6864998893389018,Strong
CNOB,FULT,0.7643335246697711,0.6865369259263902,Strong
OCFC,VLY,0.7643289846538965,0.6865435388176099,Strong
FNB,NBHC,0.7643288926072086,0.6865436728902122,Strong
PB,WSBC,0.7642811950425366,0.6866131442922768,Strong
GBCI,RF,0.764278396864655,0.6866172196141676,Strong
CFG,TOWN,0.7642526247966365,0.6866547534290628,Strong
GABC,WSFS,0.7642396974306619,0.6866735797587353,Strong
CATY,FMBH,0.7642132458134443,0.6867121000631279,Strong
BGB,HPI,0.7641973969332542,0.6867351790417408,Strong
CVBF,SYBT,0.7641628333352521,0.6867855075127137,Strong
FCBC,FRME,0.7641337397344728,0.6868278681962856,Strong
BKU,PB,0.7641317845202611,0.6868307149214264,Strong
COLB,CPF,0.7641232599504565,0.6868431262661708,Strong
ACV,CHY,0.7640987560106838,0.6868788015207868,MST+Strong
NBHC,SSB,0.7640779016399293,0.6869091619130884,Strong
BOH,PNFP,0.7640745588322974,0.6869140283437261,Strong
NBTB,OCFC,0.7640500292824075,0.6869497371971147,Strong
HOMB,WABC,0.764027464952467,0.6869825835456573,Strong
CBSH,FNB,0.7640091897760684,0.6870091851262713,Strong
CSQ,STK,0.7639980624369873,0.6870253817189182,MST+Strong
CBSH,WABC,0.7639872515631464,0.6870411173093698,Strong
BLW,ISD,0.7639687752098593,0.6870680094286747,Strong
EFSC,PB,0.7639397768992184,0.6871102140134165,Strong
HAL,MTDR,0.7639216632124094,0.6871365756348451,Strong
FISI,HOMB,0.7639154594413864,0.6871456040150641,Strong
CBSH,TCBK,0.7639123733015609,0.687150095246212,Strong
PEBO,VLY,0.7638938395560416,0.687177066619599,Strong
CAC,PFS,0.7638853345589027,0.6871894432266801,Strong
NHI,OHI,0.7638315185238673,0.6872677520095537,Strong
FFBC,HBAN,0.7638222661758038,0.6872812143863619,Strong
DVN,PEO,0.7638141374822766,0.6872930416026681,Strong
ABG,AN,0.7638090987091024,0.6873003728951376,Strong
FFIN,TCBI,0.7637754019686223,0.6873493988233026,Strong
BKU,WSFS,0.7637724323847942,0.6873537191507817,Strong
HBAN,MET,0.7637366919101901,0.6874057143926138,Strong
FHN,TFC,0.7637216139616532,0.6874276486123421,Strong
ETR,NI,0.7637192643794405,0.6874310665376704,Strong
MBWM,SBCF,0.7637191071700186,0.6874312952288125,Strong
ASB,FBP,0.7637152723673287,0.6874368736584783,Strong
AKR,SITC,0.7637102367914665,0.6874441987660285,Strong
DCOM,PFS,0.7637058269456523,0.6874506135779468,Strong
AAT,DEI,0.7636986937719455,0.6874609897704079,Strong
HWC,QCRH,0.7636798167061282,0.6874884483304019,Strong
EARN,ORC,0.7636681440134374,0.6875054268681268,MST+Strong
CTBI,VLY,0.7636661314975473,0.6875083541346283,Strong
CBU,SYBT,0.7636656145314714,0.6875091060757357,Strong
LKFN,TMP,0.7636505508875417,0.687531016191209,Strong
SBCF,SBSI,0.7636360004489344,0.6875521791850646,Strong
CII,ETJ,0.7636314463467082,0.6875588027991377,Strong
AUB,QCRH,0.763625928449915,0.6875668280975822,Strong
FCF,WASH,0.7636254299360847,0.6875675531377484,Strong
AWP,RNP,0.7636174564626449,0.6875791496800279,Strong
BANR,PNC,0.7636064928467923,0.6875950947370228,Strong
AGD,EVT,0.763602344370906,0.6876011280227716,Strong
FUND,TY,0.7635846679957276,0.6876268348519747,Strong
FNB,WAFD,0.7635785401832732,0.6876357463319178,Strong
AUB,WASH,0.7635636099680244,0.687657458378771,Strong
COLB,RF,0.7635585051585784,0.6876648818158764,Strong
FITB,WSBC,0.7635412865840516,0.6876899205542398,Strong
KEY,SF,0.7635356784440214,0.6876980755476616,Strong
EVR,SF,0.763495487828585,0.6877565153038029,MST+Strong
HBNC,TCBK,0.7634947100759008,0.687757646157568,Strong
AOD,GLO,0.7634759368083764,0.6877849419573295,Strong
FISI,FULT,0.7634719467622184,0.6877907432319537,Strong
FANG,VET,0.763468756919529,0.6877953810261755,Strong
INDB,NBHC,0.7634653476378186,0.6878003378338534,Strong
CHI,CHW,0.7634560775222529,0.6878138156183651,Strong
FIBK,SBCF,0.763452824143882,0.6878185456297583,Strong
DCOM,RNST,0.7633986111392611,0.687897359873897,Strong
CHW,NFJ,0.7633922016606433,0.6879066773034795,Strong
HFWA,VLY,0.763384606642448,0.6879177179831204,Strong
FFIC,GSBC,0.7633757474505223,0.6879305961352173,Strong
CG,KKR,0.7633652682903119,0.6879458288407425,MST+Strong
BANF,UVSP,0.7633562676447763,0.6879589120801093,Strong
EOS,STK,0.7633554670791132,0.6879600757615035,Strong
CAC,QCRH,0.7633554386302419,0.6879601171140055,Strong
AAT,KIM,0.7633401218421558,0.6879823808177709,MST+Strong
SF,WTFC,0.7633080672741507,0.6880289713752602,Strong
CNOB,HOMB,0.7632971678629087,0.6880448126933177,Strong
DCOM,STBA,0.7632833511293627,0.6880648935538526,Strong
CII,IGA,0.7632726071926681,0.6880805080909238,Strong
GBCI,SYBT,0.7632457006432957,0.6881196107606646,Strong
AUB,MTB,0.7632305945362569,0.6881415631448854,Strong
CAC,NWBI,0.7632235068859619,0.6881518627658261,Strong
FRME,NBHC,0.7631938220727835,0.688194998423,Strong
CPF,CVBF,0.763183173720317,0.6882104711201117,Strong
FRME,HBAN,0.7631809148823022,0.688213753302995,Strong
HBAN,VLY,0.7631677894606962,0.6882328247610743,Strong
IBOC,SFNC,0.7631565056159405,0.6882492199546026,Strong
CFG,SFNC,0.7631473641667916,0.68826250200517,Strong
HWC,SBSI,0.7631462163302634,0.6882641697338844,Strong
EVRG,LNT,0.763134749984346,0.6882808293358953,Strong
BANR,SFBS,0.7631314423220616,0.6882856350061918,Strong
APLE,HST,0.7631167089785075,0.6883070405298678,Strong
EOS,ETB,0.7631161079494525,0.6883079137283654,Strong
BGH,VLT,0.7631091599545738,0.688318007966414,Strong
CATY,FBK,0.7631021467740742,0.6883281967578051,Strong
HOMB,MTB,0.7631004682329168,0.6883306353302652,Strong
OZK,PNFP,0.7630996092109497,0.6883318833078276,Strong
CVBF,PEBO,0.763091940807621,0.6883430237786666,Strong
MTB,VLY,0.7630919071602634,0.6883430726603363,Strong
B,RGLD,0.7630664448876616,0.6883800623381511,Strong
NIE,SPXX,0.7630626231599201,0.6883856140857098,Strong
CHCO,SBCF,0.7630530931482488,0.6883994579482922,Strong
BGB,EFT,0.7630453735517485,0.6884106716898737,Strong
BBT,HFWA,0.7630345316389785,0.6884264207030719,Strong
DSU,HIO,0.7630220506418465,0.6884445502117851,Strong
PGC,QCRH,0.7630138168516093,0.6884565100983369,Strong
C,SF,0.762996189771122,0.6884821133898512,Strong
FHB,TCBK,0.7629907038896758,0.6884900814250329,Strong
CFG,IBOC,0.7629835867777478,0.6885004186233327,Strong
FFA,STEW,0.7629721970308757,0.6885169612567642,Strong
FHB,INDB,0.7629664656568756,0.6885252854371063,Strong
ABCB,GABC,0.7629534383623744,0.6885442057524348,Strong
CHW,TY,0.762953194143996,0.6885445604403596,Strong
CFR,FIBK,0.7629493133510303,0.6885501966435994,Strong
CCBG,TOWN,0.7629438952312221,0.688558065479997,Strong
UVSP,WAFD,0.7629345738348152,0.6885716029073299,Strong
SRCE,UMBF,0.7629345724910825,0.6885716048588083,Strong
CNOB,STBA,0.7629289094165864,0.6885798291896352,Strong
FRME,KEY,0.762925586367859,0.6885846551182229,Strong
EWBC,OZK,0.7629155361774441,0.6885992503954036,Strong
BPOP,HBAN,0.7629135059159367,0.688602198782524,Strong
FCBC,TCBK,0.7629121635238039,0.6886041482247927,Strong
WASH,WSFS,0.7628931325905272,0.6886317846417965,Strong
FITB,PFG,0.7628920279128232,0.6886333888030363,Strong
FFBC,LKFN,0.7628752670507624,0.6886577276836987,Strong
EFSC,EWBC,0.7628509332246367,0.6886930619301509,Strong
CBSH,SFBS,0.762847507212988,0.6886980365690206,Strong
PEBO,WASH,0.7628147232829103,0.6887456376879488,Strong
HBAN,SFNC,0.7628081198108835,0.6887552253001301,Strong
EFSC,LKFN,0.7628070265579735,0.6887568125863097,Strong
FULT,TRST,0.7628040129484965,0.6887611880056882,Strong
EMO,OKE,0.762799381745435,0.6887679119334247,Strong
FCBC,UBSI,0.7627980574489894,0.6887698346341985,Strong
GABC,WABC,0.7627888300710125,0.6887832314001082,Strong
FFBC,WABC,0.7627868206297902,0.6887861487721858,Strong
CAC,WASH,0.7627587216227246,0.6888269425295085,Strong
BOKF,ZION,0.7627464035876428,0.6888448249241004,Strong
BKU,CFR,0.7627344792751917,0.688862135299667,Strong
IBOC,TRMK,0.7627269375273404,0.6888730833363422,Strong
UVSP,WASH,0.7627258837998233,0.6888746129741997,Strong
DCOM,SFNC,0.7627124639317138,0.6888940935561666,Strong
ADX,GDV,0.7627112712529074,0.6888958248488557,Strong
LKFN,NWBI,0.7627008640697862,0.6889109317324175,Strong
ENTG,MKSI,0.7626594194788768,0.6889710886838767,MST+Strong
NBHC,UMBF,0.7626406634709815,0.6889983113608023,Strong
HFWA,LKFN,0.7626030782486181,0.6890528597304882,Strong
AUB,PFBC,0.7625924722817427,0.6890682516532849,Strong
AUB,TFC,0.76258961864058,0.6890723929449214,Strong
PGC,SRCE,0.7625819124079652,0.6890835763418466,Strong
AUB,SYBT,0.7625807011271598,0.6890853341536739,Strong
CNOB,HAFC,0.7625780135542763,0.6890892343459207,Strong
C,PFG,0.762575452938247,0.6890929502784845,Strong
ETO,STEW,0.762560868760811,0.6891141142643779,Strong
FBNC,NWBI,0.7625546587624705,0.689123125772934,Strong
BOKF,WAFD,0.7625424797794486,0.6891407987059704,Strong
PFBC,UVSP,0.7625311301519689,0.6891572677524791,Strong
NFBK,WSBC,0.7625087669272383,0.6891897170921251,Strong
AUB,HBNC,0.7625087137292306,0.6891897942813278,Strong
HPI,PFO,0.7624940255536945,0.6892111061878,Strong
JPC,JRI,0.7624806356660347,0.6892305337606065,Strong
FFIN,SYBT,0.7624751424095616,0.6892385038438268,Strong
ADX,ETG,0.7624616321333171,0.6892581053084293,Strong
PFS,TRMK,0.7624398014769567,0.6892897772679403,Strong
PNC,SF,0.762437178129243,0.6892935831280558,Strong
EFSC,HBAN,0.762423926565851,0.6893128077065579,Strong
FBK,PFS,0.7624085312623504,0.6893351416222004,Strong
BOE,EOS,0.7623869727365032,0.6893664152879755,Strong
IDA,SO,0.7623649295249886,0.6893983905914075,Strong
HWC,MBWM,0.7623288465832351,0.689450728358111,Strong
MS,PNC,0.762322742358977,0.6894595820510772,Strong
FITB,LNC,0.7623158279748438,0.6894696106793341,Strong
CAC,FCBC,0.7623074130923928,0.6894818154347614,Strong
HPI,NCV,0.7622956589902622,0.6894988629573479,Strong
PRK,WSBC,0.7622931998381455,0.6895024295270533,Strong
NEM,WPM,0.7622885137889186,0.689509225770158,Strong
DCOM,UCB,0.7622656860737245,0.6895423321686284,Strong
SBSI,UVSP,0.7622148637734187,0.6896160326247951,Strong
KEY,WSBC,0.7622062186962737,0.689628568584171,Strong
FRT,NNN,0.7621467997916466,0.6897147239378806,Strong
CPF,NWBI,0.7621280242956227,0.6897419455193041,Strong
DCOM,TMP,0.762113438341967,0.6897630921672063,Strong
C,MET,0.7621131983996687,0.6897634400290165,Strong
HBNC,UMBF,0.7620909637515682,0.6897956744550257,Strong
CFG,WSFS,0.7620859387730341,0.6898029591513303,Strong
ABCB,BPOP,0.7620685498271175,0.6898281672603439,Strong
HBNC,UCB,0.7620681580327936,0.6898287352194113,Strong
CPF,WAFD,0.762042240183059,0.6898663056229678,Strong
NAC,NZF,0.7620321114224894,0.6898809876747012,MST+Strong
CPF,CTBI,0.7620258317142532,0.68989009021111,Strong
GBCI,WASH,0.7620123952668826,0.6899095661506911,Strong
AROW,GABC,0.7620111954769577,0.689911305202404,Strong
FRME,WABC,0.7620064988407813,0.6899181127629839,Strong
BUSE,WABC,0.7619973195717147,0.6899314175021823,Strong
COF,TFC,0.7619963064557497,0.6899328859305814,Strong
EFT,FRA,0.7619835266475018,0.6899514089448593,Strong
PRK,SRCE,0.7619659228120835,0.6899769230748467,Strong
OCFC,STBA,0.7619603752055888,0.689984963306319,Strong
AEIS,LRCX,0.7619523112247589,0.6899966503907697,MST+Strong
BUSE,CBSH,0.7619489224384255,0.690001561681674,Strong
CVBF,SFBS,0.761948634604707,0.6900019788309205,Strong
BWA,LEA,0.7619390471257251,0.6900158735482466,MST+Strong
IGA,TY,0.7619301263996899,0.6900288017181747,Strong
COLB,PB,0.7618997912027945,0.6900727625362495,Strong
FCF,HBNC,0.7618860932044199,0.69009261232907,Strong
EFSC,PGC,0.7618531078358056,0.6901404091403348,Strong
AUB,IBOC,0.7618159056487152,0.6901943122792086,Strong
CHCO,WASH,0.7618134478287939,0.6901978733250431,Strong
NWE,OGS,0.7618124266268691,0.6901993529019437,MST+Strong
ETO,NIE,0.761776358247175,0.6902516088395955,Strong
FLC,PSF,0.7617757149520284,0.6902525408109289,Strong
CHCO,HWC,0.761754634631792,0.6902830801464106,Strong
TFC,WSBC,0.7617488775551164,0.6902914202637659,Strong
AROW,NBTB,0.7617369629031551,0.6903086803696517,Strong
HAFC,PNFP,0.7617325002498065,0.6903151450608532,Strong
FCF,SFBS,0.7617275650607375,0.6903222942064997,Strong
PFBC,RNST,0.7617266253663716,0.6903236554452243,Strong
IBCP,PNFP,0.7616909373739302,0.6903753509882429,Strong
FFIN,LKFN,0.7616870837488047,0.6903809328931316,Strong
AROW,TMP,0.7616855776230336,0.6903831144762543,Strong
CET,GAM,0.7616716720825043,0.6904032559562501,MST+Strong
ABCB,SYBT,0.7616706558830308,0.6904047278473245,Strong
BAC,FULT,0.7616680013598265,0.6904085727164365,Strong
DINO,MPC,0.7616562229960748,0.6904256324962526,Strong
BBT,CPF,0.761639868009522,0.6904493203566472,Strong
SF,WBS,0.761612474668705,0.6904889938750581,Strong
COLB,NWBI,0.7616045520101777,0.6905004677620751,Strong
PNFP,TCBK,0.761549985601027,0.6905794876753478,Strong
IP,PKG,0.761514824832314,0.6906304006741754,MST+Strong
CBSH,CHCO,0.7614781424266029,0.6906835130121423,Strong
ATMP,WES,0.761463726079009,0.6907043852777988,MST+Strong
BANF,FCF,0.7614606613563666,0.6907088223609619,Strong
AROW,PEBO,0.7614601114119732,0.6907096185634406,Strong
AUB,CAC,0.7614102299773045,0.6907818324517453,Strong
AAT,FRT,0.7614027365330571,0.6907926801391904,Strong
CHCO,PFBC,0.761395314844713,0.6908034237831874,Strong
HOMB,TFC,0.7613880515966555,0.6908139379070816,Strong
BOH,SSB,0.7613507309146229,0.690867960011719,Strong
BSRR,TOWN,0.7613471900426599,0.6908730852440845,Strong
RBCAA,TOWN,0.7613449799392896,0.6908762842372148,Strong
GSBC,VLY,0.7613431518284797,0.6908789303076486,Strong
LGIH,MTH,0.7613291214825187,0.6908992379753812,MST+Strong
AMP,PNC,0.761326863834031,0.6909025056633809,Strong
ASB,PGC,0.7612502673406135,0.6910133611723965,Strong
BOKF,STBA,0.7612433097506858,0.6910234297754516,Strong
FHN,FITB,0.7612331637188777,0.6910381122356745,Strong
CFG,MET,0.7611892792924569,0.6911016143918969,Strong
BBT,NBTB,0.7611751094196529,0.6911221174008932,Strong
HGV,VAC,0.7611683574437267,0.6911318869163444,Strong
NAD,NMZ,0.7611566655915897,0.691148803671699,Strong
FR,LXP,0.7611561140130063,0.6911496017317722,Strong
FHB,UVSP,0.7611491698390473,0.6911596489393065,Strong
CII,GGZ,0.7611463276762187,0.6911637610925233,Strong
CCNE,SRCE,0.7611403234045185,0.6911724482290674,Strong
FCPT,NHI,0.7611345958349311,0.6911807349240412,MST+Strong
ABCB,FCBC,0.7611325832868711,0.6911836466716048,Strong
MAC,SKT,0.7611301339474923,0.6911871903507872,MST+Strong
LGI,NFJ,0.7611115376771397,0.6912140946520988,Strong
BRX,NNN,0.7611002844926125,0.6912303747773061,Strong
BKU,COLB,0.761083246896869,0.6912550225540947,Strong
ASA,SA,0.7610802489157386,0.6912593595522037,MST+Strong
BOKF,PEBO,0.761075409642574,0.6912663601788039,Strong
HOPE,SYBT,0.7610675580877662,0.6912777183046389,Strong
BSRR,IBOC,0.7610638287096622,0.6912831131892893,Strong
GSBC,RBCAA,0.761022643156255,0.6913426890388659,Strong
IBOC,MBWM,0.761003235302002,0.6913707611665365,Strong
ONB,QCRH,0.7610021471547267,0.691372335063059,Strong
TCBI,UMBF,0.7609804877216927,0.6914036625276255,Strong
ARDC,BGX,0.7609683239004642,0.6914212552410228,Strong
BTG,KGC,0.7609637618603113,0.6914278532713137,Strong
AMP,C,0.7609623030640478,0.6914299630995929,Strong
FFIN,MBWM,0.7609457900999186,0.6914538450252213,Strong
CFR,PEBO,0.7609317837886507,0.6914741010498503,Strong
KEY,UBSI,0.7609213106323964,0.6914892470134348,Strong
KEY,WSFS,0.760903276230304,0.6915153270458957,Strong
CHCO,FCBC,0.7608975222318471,0.6915236478503868,Strong
BGB,FFC,0.7608966633483182,0.6915248898654073,Strong
B,FNV,0.7608815623766364,0.6915467267269271,Strong
STAG,TRNO,0.7608799540671096,0.6915490523930901,Strong
NVR,TOL,0.7608568183874747,0.6915825064481104,Strong
IGR,NRO,0.7608532126686471,0.6915877201503116,Strong
APA,SM,0.7608232605395582,0.6916310280206374,Strong
CFG,FBP,0.7608147013437755,0.6916434032884641,Strong
HFWA,PFBC,0.7607880994255231,0.6916818641174235,Strong
CAC,FISI,0.7607855441578656,0.6916855583892646,Strong
FBP,WBS,0.7607853767868012,0.6916858003648748,Strong
FHB,TFC,0.7607822036259358,0.6916903879252105,Strong
BOH,NWBI,0.7607811828263304,0.6916918637278735,Strong
EVT,FUND,0.7607761833027538,0.6916990916536557,Strong
GSBC,INDB,0.7607725469426977,0.6917043487752587,Strong
NMIH,RDN,0.7607501526135002,0.6917367235972076,Strong
JPM,KEY,0.7607469056989069,0.6917414174402066,Strong
BKH,DTE,0.7607445987138701,0.6917447524717912,Strong
FRME,IBCP,0.7607433240458313,0.6917465951548568,Strong
BDCZ,MAIN,0.7607432000922865,0.691746774344071,MST+Strong
FHB,KEY,0.7607267751944878,0.691770518026769,Strong
HOMB,PRK,0.7607140249803744,0.6917889490583462,Strong
PEO,SU,0.7606736993955121,0.6918472383474373,Strong
ETB,ETG,0.7606723602979938,0.6918491738840283,Strong
NEA,NMZ,0.7606673820752627,0.6918563693784098,Strong
INDB,MBWM,0.7606617055716977,0.6918645740725599,Strong
GDV,HTD,0.7606484890450455,0.6918836765742555,Strong
EOI,STEW,0.7606416212095112,0.691893602789459,Strong
COLB,TFC,0.7606388620843951,0.6918975905661254,Strong
FBNC,QCRH,0.7606278969190566,0.691913438344629,Strong
TFC,UBSI,0.7606028117722871,0.6919496921420125,Strong
CPF,HWC,0.7605918580339399,0.691965522213441,Strong
PFG,PNC,0.7605807129689629,0.6919816284136987,Strong
DVN,SLB,0.7605764397280091,0.6919878037537813,Strong
BBT,SSB,0.7605649132623788,0.6920044605891225,Strong
ATMP,MPLX,0.7605496438837176,0.6920265256712093,MST+Strong
BKU,HAFC,0.7605200605741694,0.692069273159603,Strong
PEO,SHEL,0.7604953354817734,0.6921049985634067,Strong
FFBC,FMBH,0.7604940026979812,0.692106924256677,Strong
SFNC,TFC,0.7604576993602048,0.6921593756351136,Strong
AR,RRC,0.7604523918679701,0.6921670436130717,MST+Strong
PRK,UCB,0.7604410066209425,0.6921834921161548,Strong
BBT,TCBK,0.7604288846094245,0.6922010046085971,Strong
AUB,FITB,0.7604140091929259,0.6922224942994472,Strong
BGR,SLB,0.7603974585936759,0.6922464032500625,Strong
GSBC,PFBC,0.7603783469669019,0.6922740108267796,Strong
MBWM,SSB,0.7603632535265661,0.6922958131802242,Strong
FCBC,GABC,0.7603622444828364,0.6922972707113089,Strong
ADX,NIE,0.7603544462212162,0.69230853494491,Strong
AROW,THFF,0.7603216599371432,0.6923558912334853,Strong
INDB,PEBO,0.7603130706094144,0.6923682970653489,Strong
CBSH,RF,0.7602792734705685,0.6924171091609905,Strong
AUB,DCOM,0.7602678357796625,0.6924336274623547,Strong
FCF,MTB,0.7602664953943792,0.6924355632195978,Strong
CBSH,TFC,0.7602587907823012,0.6924466899591604,Strong
BOH,USB,0.7602362854980529,0.6924791903038634,Strong
CPF,SBCF,0.7602353961500574,0.6924804745982988,Strong
BGB,EFR,0.7602130438630295,0.6925127524269434,Strong
SYY,USFD,0.7602099185431272,0.6925172654264625,MST+Strong
CII,LGI,0.7601993540358235,0.6925325204843112,Strong
EFSC,RF,0.7601951955603509,0.6925385251950236,Strong
MBWM,UMBF,0.7601918719207612,0.6925433243909564,Strong
GABC,PRK,0.760189622137285,0.6925465729649017,Strong
ES,SO,0.760189084527144,0.6925473492445928,Strong
IGR,JRI,0.7601786497812675,0.6925624162755766,Strong
BOH,EFSC,0.760154062298874,0.6925979175555267,Strong
DSU,ISD,0.7601511607873734,0.6926021068588033,Strong
BAC,BOKF,0.760141935218569,0.6926154268877225,Strong
AN,GPI,0.7601293554822766,0.6926335893063856,Strong
BGX,FRA,0.7601146314714126,0.6926548469888699,Strong
FMBH,UBSI,0.7601088818892764,0.6926631477287118,Strong
HYT,JPC,0.7601040139002397,0.692670175624388,Strong
CET,GDV,0.7601022000368632,0.6926727942732221,Strong
FMBH,PFS,0.7600987551970138,0.6926777675124073,Strong
FCF,PNC,0.7600930567088279,0.6926859942155206,Strong
GBCI,HBNC,0.7600916596458023,0.6926880110904154,Strong
RNST,THFF,0.7600735010636063,0.6927142252565537,Strong
AUB,KEY,0.7600727953516464,0.692715244019292,Strong
AG,HL,0.7600672006905339,0.6927233203948978,Strong
QCRH,SBCF,0.7600430300356974,0.6927582117366817,Strong
RGLD,WPM,0.7600255323079902,0.6927834693351305,Strong
FFIN,TMP,0.7600085801641275,0.6928079385166894,Strong
CNOB,UMBF,0.7599909353042488,0.6928334066653415,Strong
COP,VET,0.7599809344771259,0.6928478411929623,Strong
ONB,THFF,0.7599718330091734,0.6928609773841021,Strong
NBHC,WAFD,0.7599716194524921,0.6928612856084656,Strong
HBNC,STBA,0.7599194350373066,0.6929365987775409,Strong
ETO,SCD,0.7599125825948562,0.6929464876960469,Strong
FISI,PGC,0.7599067782274922,0.6929548640027109,Strong
NBHC,UVSP,0.7599052901088614,0.6929570114965842,Strong
BLK,TROW,0.7599051779349112,0.692957173373779,MST+Strong
BANR,CAC,0.759889922327726,0.692979188247777,Strong
OCFC,SSB,0.7598803511349115,0.6929929997699666,Strong
ETW,IGA,0.7598596467882106,0.6930228758299244,Strong
BBT,ONB,0.7598548336953652,0.6930298208657905,Strong
FITB,SSB,0.7598418153381168,0.6930486053111762,Strong
ADX,NFJ,0.7598375626062289,0.6930547415518793,Strong
BBAR,PAM,0.7598287829634319,0.6930674094726545,Strong
ABCB,WASH,0.7598144686091337,0.6930880627898107,Strong
EFSC,NBHC,0.7597931120567142,0.6931188757252046,Strong
BAC,LNC,0.7597862692752132,0.6931287481049777,Strong
HTB,IBCP,0.7597860419120177,0.6931290761293777,Strong
CBSH,WSFS,0.7597432194302218,0.6931908547720147,Strong
BSRR,SRCE,0.7597311617794957,0.6932082489706889,Strong
OZK,TRMK,0.7597207928004875,0.6932232067660639,Strong
FMBH,QCRH,0.7596833522577324,0.693277214023752,Strong
OZK,PB,0.7596794207309346,0.6932828849309138,Strong
CCD,GDV,0.7596723332717356,0.6932931078963132,Strong
AUB,CNOB,0.7596668806962189,0.6933009725996079,Strong
TFC,VLY,0.7596408170483615,0.6933385651348676,Strong
CAC,ONB,0.7596386992439043,0.6933416196307499,Strong
CNOB,VLY,0.7596290886243184,0.6933554807970895,Strong
FCBC,QCRH,0.7595992357699591,0.6933985350864839,Strong
PNFP,WAFD,0.7595685738109665,0.693442753497408,Strong
IBOC,THFF,0.7595650135127174,0.6934478877136804,Strong
CHCO,PRK,0.7595440491596153,0.6934781191074232,Strong
PFBC,QCRH,0.7595394375582668,0.693484769034956,Strong
SBCF,TMP,0.7595359828808096,0.6934897506368647,Strong
CATY,CCNE,0.7595338403877026,0.6934928400672893,Strong
FBNC,FFIN,0.7595286125178081,0.6935003784889981,Strong
FFIC,WSBC,0.7595083597073868,0.6935295816223171,Strong
BUSE,SFBS,0.7594864217286968,0.6935612132628283,Strong
GABC,INDB,0.759480074512754,0.693570364832936,Strong
BKU,PEBO,0.7594430436000315,0.693623754495142,Strong
GDV,HYT,0.7594180862967029,0.6936597346009022,Strong
ABCB,FBP,0.7594164754641319,0.6936620568199879,Strong
CBU,FHB,0.7594110823930948,0.6936698315580766,Strong
HAL,XOM,0.7594083557048593,0.6936737623625975,Strong
JPC,JQC,0.7594016520569192,0.6936834262732255,Strong
EFR,EVF,0.7594012729621871,0.6936839727683103,MST+Strong
EWBC,SF,0.7593919766828677,0.6936973739565867,Strong
ARCC,MAIN,0.7593826565439048,0.6937108092802002,Strong
SSB,TMP,0.7593740262666282,0.6937232499107577,Strong
ATO,SO,0.7593489106238556,0.6937594530903985,Strong
BOH,MTB,0.7593414231250789,0.6937702456504186,Strong
FHB,RF,0.7593402838651253,0.6937718877770628,Strong
PRU,WBS,0.7593294712884462,0.6937874728064118,Strong
MET,TFC,0.759316073128424,0.6938067841576299,Strong
EXG,USA,0.7592654234079701,0.6938797829480693,Strong
OKE,PEO,0.7592627824644556,0.6938835889910417,Strong
BBVA,ING,0.7592525398925046,0.6938983500592798,Strong
TMP,TRST,0.7592512014904594,0.6939002788723183,Strong
BUSE,HBAN,0.7592311919435557,0.6939291146168235,Strong
IGA,STEW,0.7592113805672065,0.6939576635974178,Strong
FNB,PFBC,0.7592108212932022,0.693958469516437,Strong
CMS,EVRG,0.7591888027465086,0.6939901977023759,Strong
OCFC,ONB,0.7591643454373088,0.6940254383849215,Strong
AROW,MBWM,0.7591638409779912,0.6940261652445228,Strong
CFR,NBTB,0.7591470079852625,0.6940504189390531,Strong
BANR,FCBC,0.7591323185341473,0.6940715834348107,Strong
COP,MTDR,0.7591287732153325,0.6940766914176957,Strong
PB,SRCE,0.7591211390673438,0.6940876903283276,Strong
DUK,EVRG,0.7591207818795824,0.6940882049428841,Strong
CHCO,CPF,0.7591016327845403,0.6941157932441239,Strong
GPI,SAH,0.7590924404959707,0.6941290362807614,MST+Strong
MTB,WFC,0.7590650436414629,0.6941685045556837,Strong
PRK,STBA,0.7590546697852243,0.6941834486859734,Strong
ETV,QQQX,0.7590543872126632,0.6941838557433281,Strong
FFIN,PFS,0.7590448559059295,0.6941975858414814,Strong
FCF,IBCP,0.7590419179851595,0.6942018179389052,Strong
GGB,SID,0.7590339841570087,0.694213246550354,MST+Strong
BAC,ZION,0.7590271574746359,0.6942230801772066,Strong
PFG,RF,0.7590049640322439,0.694255048188713,Strong
CPF,GBCI,0.7589931024817084,0.694272133270941,Strong
BOKF,CTBI,0.7589898990149939,0.6942767473925741,Strong
BOH,FIBK,0.758972578432177,0.6943016946080759,Strong
BOE,EOI,0.7589322493539452,0.6943597779912871,Strong
CMS,D,0.758894242114453,0.6944145129323652,Strong
SBCF,WAFD,0.7588915696537135,0.6944183614310417,Strong
HAFC,HOMB,0.7588693219943058,0.6944503985248971,Strong
FBP,RF,0.7588644387609693,0.6944574302850113,Strong
COP,SHEL,0.7588440540626881,0.6944867830813081,Strong
EMO,PAGP,0.7588359512890542,0.6944984502660114,Strong
O,WPC,0.7588323208160371,0.6945036777209505,MST+Strong
CATY,PRU,0.7588209725186886,0.6945200176831642,Strong
HBNC,SFNC,0.7588126305172797,0.6945320287542114,Strong
CTBI,SFBS,0.7588065188231149,0.6945408284282287,Strong
BLW,DSU,0.7588060355566713,0.6945415242349859,Strong
EXC,LNT,0.7587734083456928,0.6945884992631352,Strong
INDB,WBS,0.7587617490426452,0.6946052849746464,Strong
GABC,UMBF,0.7587591309207061,0.6946090541870209,Strong
FISI,HAFC,0.7587573559173612,0.6946116095814104,Strong
FRME,WTBA,0.7587513159302698,0.6946203050152366,Strong
DCOM,FNB,0.7587471870141856,0.6946262491236771,Strong
CVBF,PRK,0.758747122492993,0.6946263420098707,Strong
JQC,VVR,0.7587435948451147,0.6946314204740315,Strong
CAC,CHCO,0.7587344785740054,0.6946445442469041,Strong
BOH,HFWA,0.7587341701976024,0.6946449881808658,Strong
FBP,FITB,0.7587338965185932,0.6946453821647514,Strong
ASB,FHN,0.7587283601925262,0.6946533521224436,Strong
FCBC,THFF,0.7587258674406417,0.6946569405963756,Strong
NFBK,WASH,0.7587212289328912,0.6946636179721936,Strong
SBCF,TCBI,0.758694164408052,0.694702577499102,Strong
CFR,TCBK,0.7586770454410573,0.6947272192147688,Strong
BBT,WBS,0.7586707308025972,0.6947363085335369,Strong
LKFN,UCB,0.7586581556973874,0.6947544088418764,Strong
IBOC,NBTB,0.7586317924010914,0.6947923540150808,Strong
BANR,HBAN,0.7586305788818216,0.6947941006056088,Strong
BTO,CFG,0.7586168657229497,0.6948138373363764,MST+Strong
CTBI,DCOM,0.7586090822241869,0.6948250395255098,Strong
PNC,SFNC,0.7585958000522528,0.6948441551135724,Strong
SSB,USB,0.7585879369019003,0.6948554714443856,Strong
EVT,GAM,0.7585873201075148,0.6948563591023473,Strong
GDV,RQI,0.7585771858822173,0.6948709435827385,Strong
AGCO,DE,0.7585743553970173,0.6948750169677748,MST+Strong
CVX,SHEL,0.7585582836041448,0.6948981456240263,Strong
BGY,ETG,0.7585489549442168,0.694911569994029,Strong
CTBI,OCFC,0.7585430115298444,0.6949201227049849,Strong
EOI,ETJ,0.7585190159380863,0.6949546518470304,Strong
TCBI,UCB,0.7585095480087594,0.6949682755223301,Strong
PGC,TCBK,0.7585088812126469,0.6949692349843309,Strong
D,LNT,0.7584785747306647,0.6950128419955063,Strong
BUSE,TCBI,0.7584682622565211,0.6950276796552478,Strong
CBSH,HFWA,0.7584635333633389,0.6950344835138197,Strong
MTB,WSBC,0.7584586669005728,0.6950414852358485,Strong
HOPE,PRK,0.7584578946649073,0.695042596299094,Strong
JPM,PFG,0.7584563872951333,0.6950447650401615,Strong
THFF,TMP,0.7584392780148694,0.6950693806881879,Strong
BST,CSQ,0.7584096333013501,0.6951120293861269,Strong
CBU,NFBK,0.7583822781505128,0.695151381857919,Strong
CCNE,UBSI,0.7583761505375218,0.695160196591373,Strong
PRK,TCBK,0.7583574496312766,0.6951870976488609,Strong
FCF,WABC,0.7583486469086552,0.69519975991271,Strong
FISI,NWBI,0.7583338286350535,0.695221074716448,Strong
BIT,JQC,0.7583246515225508,0.6952342748706355,Strong
EAD,GDV,0.7583050303186298,0.6952624967325222,Strong
ATO,XEL,0.7583004874155124,0.6952690307851884,Strong
EXG,RVT,0.7582935801053738,0.6952789654442685,Strong
DCOM,VLY,0.758282583699925,0.6952947810822041,Strong
DCOM,MBWM,0.7582247622658624,0.6953779371451723,Strong
FFBC,PNC,0.7581878920215355,0.6954309570021521,Strong
NWBI,THFF,0.7581416948489563,0.6954973833898208,Strong
NFBK,TCBK,0.7581307689427884,0.6955130926980622,Strong
MBWM,OCFC,0.758124847000814,0.69552160713983,Strong
KNX,WERN,0.758112273815342,0.6955396842519599,MST+Strong
DSU,JRI,0.7580978818377604,0.6955603757579059,Strong
BPOP,PNC,0.75808566970774,0.6955779327900792,Strong
CAC,IBCP,0.7580842549629053,0.6955799666998679,Strong
SRCE,WBS,0.7580819855278934,0.695583229343702,Strong
BRO,MRSH,0.7580790627328843,0.6955874312652806,Strong
FBP,WTFC,0.758066162853032,0.6956059763213195,Strong
ASB,HAFC,0.7580631954815303,0.6956102421880657,Strong
COLB,UVSP,0.7580365154554151,0.6956485959801615,Strong
CCNE,EFSC,0.7580320632698658,0.6956549960003654,Strong
CPF,RNST,0.7579979885501885,0.6957039764868553,Strong
GBCI,SFBS,0.75799695382178,0.6957054637965984,Strong
RHP,XHR,0.7579897083607597,0.6957158782710658,Strong
FISI,TCBK,0.7579710163502289,0.6957427450570665,Strong
TRST,WSFS,0.7579630096494497,0.6957542530959481,Strong
EOG,SLB,0.7579533979043528,0.6957680678151983,Strong
CCNE,NBTB,0.7579374999823297,0.6957909168962617,Strong
DTE,ETR,0.7579082695943272,0.6958329259321849,Strong
D,ED,0.7578993317920789,0.6958457705668996,Strong
FULT,NFBK,0.7578626261914463,0.695898518188613,Strong
EFSC,FMBH,0.7578537641182277,0.6959112527927284,Strong
NBHC,WBS,0.757846366142268,0.6959218833428534,Strong
CAC,DCOM,0.7578046483524471,0.695981826842559,Strong
UMBF,USB,0.7578009696513633,0.6959871124505634,Strong
BOKF,NBHC,0.7577932468596725,0.6959982085326477,Strong
FULT,TCBI,0.757773568757159,0.6960264811669755,Strong
AAT,KRC,0.7577725208998888,0.696027986650122,Strong
PB,SBCF,0.757758182356472,0.6960485868723936,Strong
CBSH,CTBI,0.7577268530203523,0.6960935956890392,Strong
BOKF,UVSP,0.7576957290738044,0.6961383065543737,Strong
EOI,ETB,0.7576907459793502,0.6961454647135896,Strong
FITB,WSFS,0.75767317105536,0.6961707103069475,Strong
BANR,LKFN,0.7576715276038891,0.6961730710047767,Strong
BKH,PNW,0.7576672791740681,0.696179173526373,Strong
BAC,PB,0.7576578225804764,0.6961927569567549,Strong
IIM,NEA,0.75762889851688,0.6962343017736486,Strong
EVV,ISD,0.7576269880758766,0.6962370457310116,Strong
GGZ,NFJ,0.7575621993629061,0.6963300950513253,Strong
CPF,THFF,0.7575592689337559,0.696334303429386,Strong
ETY,SCD,0.7575552063771911,0.6963401376092131,Strong
BTO,FNB,0.757526794063056,0.6963809387640417,Strong
PFS,WBS,0.7575137091141927,0.6963997284402218,Strong
INDB,WABC,0.7574872292900303,0.6964377512886125,Strong
D,WEC,0.7574590855290427,0.6964781611378167,Strong
DCOM,GBCI,0.75744160681598,0.6965032565380006,Strong
CFR,CTBI,0.7574363589162404,0.6965107911350112,Strong
CHCO,PB,0.7574254768463685,0.6965264146514926,Strong
BKU,FBK,0.7574175467310941,0.6965377997910894,Strong
BKU,FHB,0.7573992358900044,0.6965640876617106,Strong
ASB,HBNC,0.7573719823492395,0.6966032122388763,Strong
NML,SRV,0.7573585773608162,0.6966224553360073,Strong
FFIN,FHB,0.7573471997836193,0.696638787631554,Strong
HBNC,PGC,0.7573428615913247,0.6966450149232036,Strong
BGB,VVR,0.7573367235189785,0.6966538257714824,Strong
BAC,HOMB,0.7573342339424997,0.6966573993829397,Strong
CAC,HOMB,0.7573176084155003,0.6966812636844767,Strong
FFIN,PRK,0.7573155167174191,0.6966842660525366,Strong
KEY,SFNC,0.7573044289116365,0.6967001809793988,Strong
ENB,TRP,0.7573043621965287,0.6967002767380981,MST+Strong
BSRR,FISI,0.7573020529853324,0.6967035912275286,Strong
COF,HBAN,0.7572850029579874,0.6967280632241142,Strong
BOE,ETV,0.757270497197934,0.6967488827433682,Strong
GSBC,IBCP,0.7572698483606167,0.6967498139782791,Strong
DHI,NVR,0.7572617668818292,0.6967614127062014,Strong
FCF,TFC,0.757242340214552,0.6967892935248762,Strong
JPM,MTB,0.7572305189599177,0.6968062586402082,Strong
CFG,GBCI,0.7572281365628823,0.6968096776554092,Strong
CAC,WSFS,0.7572271748990782,0.6968110577494042,Strong
RVT,USA,0.7572201320629304,0.6968211649154604,Strong
CPF,TRMK,0.7572037410949902,0.6968446870070975,Strong
PB,USB,0.7571900893862155,0.69686427747989,Strong
LADR,STWD,0.7571857973977165,0.696870436454702,MST+Strong
EWBC,FIBK,0.7571803588952943,0.6968782405911461,Strong
CVBF,LKFN,0.757175536774174,0.6968851601603036,Strong
FISI,WTFC,0.7571735514935964,0.6968880089460624,Strong
ARI,RWT,0.757170286925966,0.696892693424223,MST+Strong
CAC,SYBT,0.7571688188162364,0.6968948000720964,Strong
AMP,CNO,0.7571592621507416,0.6969085131482589,Strong
BBT,MBWM,0.7571424165344093,0.6969326846483679,Strong
GAM,STEW,0.7571376003819072,0.6969395951129377,Strong
SHEL,XOM,0.7571135692973918,0.6969740751313612,Strong
IBOC,TRST,0.7571060671551846,0.6969848389237967,Strong
AROW,FCBC,0.757047719615212,0.6970685481138681,Strong
ONB,OZK,0.7570151521287996,0.6971152671849906,Strong
PCN,PFN,0.757009100363149,0.6971239482858856,Strong
GSBC,WTBA,0.7569929575512113,0.6971471042022461,Strong
FCBC,HOMB,0.7569850166465627,0.6971584946817149,Strong
SITC,UE,0.7569831235012687,0.6971612101927807,Strong
ABCB,SBSI,0.7569284644539325,0.6972396080918919,Strong
BP,COP,0.7569019256919008,0.6972776696669687,Strong
CTBI,WTBA,0.7569004075447896,0.6972798469125727,Strong
IDA,NI,0.7568862781696688,0.6973001101825973,Strong
MBWM,PNFP,0.7568610091627914,0.6973363475930515,Strong
AX,CATY,0.7568600333662886,0.6973377469113677,MST+Strong
ADX,AOD,0.7568421652770638,0.6973633697333639,Strong
PH,TKR,0.7567991292773368,0.6974250794496326,MST+Strong
FITB,IBOC,0.7567965826834772,0.6974287308629074,Strong
CPF,FIBK,0.7567944538404145,0.6974317832728667,Strong
CBU,PNFP,0.7567925554309397,0.6974345052677854,Strong
NBHC,VLY,0.756777886218572,0.6974555380544741,Strong
CBSH,OZK,0.7567603010399405,0.6974807509316074,Strong
FMBH,IBOC,0.7567581177033814,0.697483881242597,Strong
FIBK,OCFC,0.7567564570741774,0.6974862621239541,Strong
CMC,STLD,0.7567534715344203,0.6974905425388644,MST+Strong
CPF,SRCE,0.7567412055529683,0.6975081281921117,Strong
FCBC,PFS,0.756735482023918,0.6975163338246381,Strong
CAC,SFNC,0.7567292153096921,0.6975253180929104,Strong
OCFC,PNFP,0.7567227884969014,0.6975345317661321,Strong
BBT,VLY,0.7567175213913856,0.6975420827571831,Strong
HOMB,THFF,0.75670470198041,0.6975604604901141,Strong
MBWM,PFS,0.7566736112808152,0.6976050296825342,Strong
ASB,SBSI,0.7566512620819614,0.6976370659849411,Strong
PFS,UCB,0.7566434955909371,0.6976481984626103,Strong
LEN-B,NVR,0.7566250688028984,0.6976746106848115,Strong
EFSC,FITB,0.7566206174479476,0.6976809909293106,Strong
APA,COP,0.7565978986597405,0.6977135534590961,Strong
EVRG,SO,0.7565973195243505,0.6977143835061013,Strong
NWBI,QCRH,0.7565640042552323,0.6977621310228403,Strong
CFG,FHB,0.7565620626006861,0.6977649137056318,Strong
BKU,BOH,0.756553117285749,0.6977777335430688,Strong
PEBO,WTBA,0.7565507284411618,0.6977811570382769,Strong
PNC,SSB,0.7565487813582707,0.6977839474246011,Strong
RYN,WY,0.7565402849457472,0.6977961235980791,MST+Strong
CFG,PFS,0.7565300711258838,0.6978107606996559,Strong
BKU,FRME,0.7565060790890887,0.6978451417197246,Strong
HOMB,IBCP,0.7564883743261105,0.6978705118772243,Strong
FIBK,LKFN,0.7564883014113883,0.6978706163589519,Strong
PEO,PSX,0.7564867726582287,0.6978728069523432,MST+Strong
HBNC,HFWA,0.7564812201047227,0.6978807633045594,Strong
ACV,NIE,0.7564779242245094,0.6978854859867636,Strong
NWN,OGS,0.7564753609833385,0.6978891588449581,Strong
ETJ,EVT,0.7564532378889006,0.6979208581366506,Strong
ASB,SFBS,0.7564459620797762,0.6979312830361221,Strong
OZK,VLY,0.7564452846830004,0.6979322536134859,Strong
HFWA,UMBF,0.7564421486299094,0.6979367469478743,Strong
SFBS,SSB,0.7564232686278927,0.6979637975885388,Strong
SFNC,THFF,0.7564216691670289,0.697966089194842,Strong
ASB,SF,0.7564134289889541,0.6979778950812782,Strong
CTRE,LTC,0.7564081950598189,0.6979853937442833,Strong
LGI,TY,0.7563951360522201,0.6980041030649891,Strong
CNP,DTE,0.7563882186033496,0.6980140133215814,MST+Strong
FHN,WBS,0.7563520505557096,0.6980658270454018,Strong
A,MTD,0.7563417929176274,0.6980805212615127,MST+Strong
EWBC,TCBK,0.7563331911977269,0.6980928431122512,Strong
DCOM,UMBF,0.7562987407835664,0.6981421906981895,Strong
FBNC,HFWA,0.7562979536399609,0.6981433181804996,Strong
PGC,WTFC,0.7562971071293381,0.6981445306964196,Strong
GAM,NIE,0.7562741567152774,0.698177403364965,Strong
BPOP,TFC,0.7562689019734329,0.6981849296949443,Strong
FULT,PGC,0.7562583904052262,0.6981999850970692,Strong
PRK,RNST,0.7562449397022604,0.6982192496597893,Strong
DCOM,ONB,0.756214929395897,0.698262229544321,Strong
THFF,WASH,0.7561891702211018,0.6982991189725192,Strong
CNOB,FITB,0.7561802856611972,0.6983118420001236,Strong
FIBK,WABC,0.7561755927104021,0.6983185623905438,Strong
OCFC,TRMK,0.7561681129765587,0.6983292733710098,Strong
CM,TD,0.75616020700509,0.6983405945452548,Strong
CTBI,WTFC,0.756137616350664,0.6983729428454913,Strong
FCF,FMBH,0.7560621669388008,0.6984809704797965,Strong
FFIC,TOWN,0.7560499552730077,0.6984984534370743,Strong
AWP,NRO,0.7560470244211162,0.6985026493562982,Strong
MTDR,VET,0.756026761737895,0.6985316574960723,Strong
BBT,FISI,0.7560265487583607,0.698531962392043,Strong
HTB,PFS,0.7560008308672518,0.6985687784788956,Strong
SFBS,UMBF,0.7559965285625313,0.698574937193525,Strong
FHB,WSFS,0.7559795590330224,0.6985992284092184,Strong
CFG,PFG,0.7559701726201766,0.6986126643281287,Strong
AAT,VNO,0.7559540174344428,0.6986357886131475,Strong
INDB,SFBS,0.7559530994577524,0.6986371025679178,Strong
AWF,ISD,0.7559507637818691,0.6986404457489287,Strong
CNOB,ONB,0.7559377768319271,0.6986590343909866,Strong
OCFC,PGC,0.7559356938195045,0.6986620158281047,Strong
ETG,QQQX,0.7559194674187522,0.6986852404069344,Strong
IBCP,THFF,0.7559161787939266,0.6986899472671314,Strong
PB,WSFS,0.7559155857805491,0.6986907960170234,Strong
HBNC,ONB,0.7558782981766933,0.6987441617978739,Strong
WABC,WSBC,0.755856410092663,0.6987754859857879,Strong
KEY,SSB,0.7558556915822745,0.6987765142271534,Strong
ACGL,EG,0.7558263884954773,0.698818447816774,MST+Strong
CFG,EFSC,0.7558059667246086,0.6988476704910611,Strong
BDJ,NIE,0.7558035569106094,0.6988511187504683,Strong
BANR,CCNE,0.7558011331836675,0.6988545869010698,Strong
ASB,WASH,0.7557900422818324,0.6988704568346948,Strong
NRO,RNP,0.7557757350415298,0.6988909284837945,Strong
ETR,SO,0.755761665033523,0.6989110601020375,Strong
FFIC,OCFC,0.7557569796091927,0.6989177639619804,Strong
LKFN,SFNC,0.7557533888187457,0.6989229015867978,Strong
BUSE,FRST,0.7557281446971371,0.69895901926059,MST+Strong
FBNC,VLY,0.7557201868111966,0.6989704045076636,Strong
MBWM,WTBA,0.755705576621849,0.6989913066385747,Strong
RNST,TRST,0.7556985529230822,0.6990013549012875,Strong
INDB,WASH,0.7556905363720673,0.699012823384425,Strong
CPF,PEBO,0.7556879747273458,0.6990164880353741,Strong
IBOC,UCB,0.7556858136873441,0.6990195795722118,Strong
HWC,PGC,0.755677331529723,0.6990317138303197,Strong
SBSI,WASH,0.7556724970502886,0.6990386297619201,Strong
EARN,RITM,0.7556628579920915,0.6990524186467113,MST+Strong
FFBC,OZK,0.7556598187053937,0.6990567663567907,Strong
MBWM,WAFD,0.7556563979959162,0.6990616596611258,Strong
FITB,GBCI,0.7556374137940453,0.6990888158252208,Strong
BOKF,WSFS,0.7556324390674455,0.6990959318041473,Strong
HPF,NCV,0.7556208925745665,0.6991124479301358,Strong
BKU,CVBF,0.7556034530507763,0.6991373927193764,Strong
ASB,BANF,0.7555965287101634,0.6991472967691953,Strong
BSRR,GSBC,0.7555859346550069,0.6991624494278752,Strong
COLB,DCOM,0.755570169040198,0.699184998351369,Strong
BOKF,CVBF,0.7555698891534777,0.6991853986554959,Strong
HAL,VET,0.7555676419611574,0.6991886126630532,Strong
BLW,HYT,0.7555587354070418,0.6992013509611638,Strong
CPF,FHB,0.755555646701804,0.6992057684232819,Strong
FISI,HWC,0.7555537154101477,0.6992085305398559,Strong
PGC,SBCF,0.7555470149654989,0.6992181133730748,Strong
SYBT,WASH,0.7555427676884637,0.6992241876702153,Strong
ABCB,USB,0.7555180428483232,0.6992595471663963,Strong
AAT,AKR,0.7554980624210739,0.6992881202750783,Strong
HBNC,SBCF,0.7554891272806629,0.6993008976389736,Strong
CNOB,TCBK,0.7554589504939624,0.6993440491003518,Strong
ABCB,TMP,0.755450959471571,0.6993554754606972,Strong
HPS,JRI,0.7554467803866189,0.6993614510585796,Strong
EIM,VKQ,0.7554384708076184,0.6993733326234016,MST+Strong
BANF,CNOB,0.7554360226464344,0.699376833121552,Strong
BANR,FMBH,0.7554340817754114,0.6993796082594754,Strong
COLB,MTB,0.7554328388389402,0.6993813854558324,Strong
SBCF,SFBS,0.7554286893148613,0.6993873185655266,Strong
QQQX,STK,0.7554116145898033,0.6994117319722292,Strong
HBAN,TRMK,0.75540557781888,0.6994203631309572,Strong
C,WTFC,0.7554002424383673,0.6994279913781442,Strong
BIT,HYT,0.755394664651819,0.6994359661158138,Strong
GGZ,STEW,0.755391077298607,0.6994410950200067,Strong
PB,PEBO,0.7553664531116178,0.6994762996533653,Strong
KGC,PAAS,0.7553658601685085,0.6994771473486343,Strong
ETN,PH,0.755355587808475,0.6994918329637952,MST+Strong
IBCP,OCFC,0.7553454869563336,0.6995062730864768,Strong
DCOM,FFIN,0.7553298163782544,0.699528675068786,Strong
CNOB,RNST,0.7553232525863816,0.6995380581692728,Strong
ASB,GABC,0.7553211146413761,0.6995411143866012,Strong
RF,UVSP,0.7553163711315335,0.699547895241586,Strong
ITW,PH,0.7552678830963974,0.6996172051966741,MST+Strong
SBRA,WELL,0.7552573270157812,0.69963229340021,Strong
CFR,WSFS,0.7552517043074404,0.6996403300161586,Strong
CAC,HFWA,0.7552505192257086,0.699642023858332,Strong
FCF,PGC,0.7552417557870068,0.6996545493498819,Strong
ACV,NCV,0.7552343937535904,0.6996650716541589,Strong
NBTB,QCRH,0.7552213157332374,0.6996837632341666,Strong
FFIN,NBHC,0.7552161722590327,0.6996911143368441,Strong
CFG,LNC,0.7552108139316932,0.6996987724275451,Strong
AROW,SRCE,0.7552054496847846,0.6997064388945058,Strong
MBWM,PFBC,0.7552049330611785,0.6997071772374805,Strong
CFR,INDB,0.7551946810487664,0.6997218289452367,Strong
GDV,ISD,0.7551716858922111,0.6997546914566403,Strong
AEP,ATO,0.7551603688347278,0.6997708641623659,Strong
DCOM,TRMK,0.755158487076994,0.6997735532627767,Strong
ADAM,RWT,0.7551391256322599,0.6998012208730992,MST+Strong
AGD,CSQ,0.7550879852214237,0.6998742955396723,Strong
CAC,CNOB,0.7550877355910873,0.6998746522183993,Strong
AUB,PNC,0.7550865500451839,0.6998763461566851,Strong
FCBC,TRST,0.7550806674302569,0.6998847513265924,Strong
GSBC,PNFP,0.755070910135524,0.6998986924755268,Strong
BBT,BOKF,0.7550049584054593,0.6999929165277898,Strong
LGIH,TMHC,0.7549886158824856,0.7000162628361064,Strong
CTBI,NBHC,0.7549878793559013,0.700017314991706,Strong
FIBK,PFBC,0.7549733405606368,0.7000380838773891,Strong
HFWA,PB,0.7549622758037533,0.7000538896345719,Strong
CSQ,NCZ,0.7549529828620789,0.7000671641177311,Strong
AUB,PRK,0.7549500959426896,0.7000712878804707,Strong
ETG,SCD,0.7549499260905118,0.7000715305016884,Strong
NWE,POR,0.754944449514813,0.7000793533381584,Strong
BP,XOM,0.7549273875396013,0.7001037244014614,Strong
NWBI,OCFC,0.7549271607938639,0.7001040482758775,Strong
SFBS,TMP,0.754920973103275,0.7001128864643544,Strong
PFS,SYBT,0.7549204852016326,0.700113583353969,Strong
GBCI,QCRH,0.7549155207438758,0.7001206742499813,Strong
FBNC,PGC,0.7548902031239784,0.7001568351105653,Strong
FMBH,WSBC,0.7548881309039529,0.7001597947555216,Strong
CATY,SF,0.7548781410976185,0.7001740625050052,Strong
FIBK,WTFC,0.7548370339838916,0.7002327698931383,Strong
DCOM,GSBC,0.7548173582174824,0.7002608682234323,Strong
HBAN,RNST,0.7548065303549042,0.7002763306653964,Strong
GAM,RVT,0.754801625718504,0.7002833344889711,Strong
EMR,PH,0.7547900667830973,0.7002998403782521,MST+Strong
FBK,UVSP,0.7547841462208008,0.7003082946520043,Strong
FCBC,FNB,0.7547628434786756,0.7003387130829258,Strong
HFWA,NFBK,0.7547608883938862,0.7003415047048315,Strong
BKU,USB,0.7547500910151137,0.7003569218404089,Strong
CHCO,UMBF,0.7547402969419635,0.7003709061033824,Strong
MTB,TRMK,0.7547024589782393,0.7004249296273809,Strong
FBNC,HBNC,0.7546983198910278,0.7004308389969308,Strong
NAC,NAD,0.7546812592985785,0.7004551958568391,Strong
PFG,TFC,0.754670193464529,0.700470993739885,Strong
QCRH,RNST,0.7546325627358969,0.7005247137169439,Strong
HOPE,PGC,0.75461889215519,0.7005442282180477,Strong
EFSC,KEY,0.7545966166060324,0.7005760249879632,Strong
CFG,COLB,0.7545691178529899,0.7006152755214664,Strong
PFG,USB,0.7545541853556993,0.7006365886025375,Strong
BGR,FANG,0.7545502807112696,0.7006421615756939,Strong
SBSI,SFBS,0.7545477756353558,0.7006457369664704,Strong
IBOC,TCBI,0.7545402166636099,0.7006565254622126,Strong
BSRR,FFBC,0.7545194408026754,0.7006861768257235,Strong
RF,TRMK,0.7545172724382793,0.7006892714487938,Strong
AWF,GHY,0.7545080036482293,0.7007024994272115,Strong
AEIS,MKSI,0.754496353855319,0.7007191251060314,Strong
D,ES,0.7544880874832146,0.7007309219904391,Strong
BOKF,TCBK,0.7544449347662089,0.7007925017204324,Strong
HBNC,OCFC,0.7544406452106363,0.7007986227003643,Strong
BANR,PGC,0.7544363429867698,0.7008047617036149,Strong
HAFC,UBSI,0.7544304863808488,0.7008131186260018,Strong
DUK,NI,0.7544179557072809,0.7008309985905576,Strong
UBSI,ZION,0.7544082212098085,0.700844888388567,Strong
FNB,HBNC,0.7544082094413862,0.7008449051803313,Strong
SBSI,WSFS,0.7544069351420136,0.7008467234110272,Strong
EWBC,WAFD,0.7543988127481508,0.7008583127164137,Strong
DCOM,FISI,0.7543935386134506,0.7008658379269879,Strong
SFBS,WSFS,0.7543866863279267,0.700875614744975,Strong
FBNC,WBS,0.754337576999842,0.700945679778623,Strong
BKU,MTB,0.7543275880275564,0.7009599303418756,Strong
PFBC,TMP,0.7543266864024594,0.7009612166126463,Strong
AROW,TCBK,0.7543028032374518,0.7009952878052008,Strong
HTH,IBOC,0.7542949403410036,0.7010065044762371,MST+Strong
IBCP,UBSI,0.7542804676624497,0.7010271497417918,Strong
OCFC,SFNC,0.7542708363453073,0.701040888471839,Strong
CCNE,FULT,0.754269681724863,0.7010425354786071,Strong
FFA,QQQX,0.7542663660581793,0.7010472650853445,Strong
CBSH,SBCF,0.7542643778408775,0.7010501011470186,Strong
QCRH,WBS,0.7542638297812092,0.7010508829161985,Strong
ONB,PFBC,0.7542623958553591,0.7010529283080428,Strong
CNOB,NWBI,0.7542567679631065,0.7010609560329166,Strong
SFNC,ZION,0.7542306336044086,0.7010982333390827,Strong
ASB,SYBT,0.75420199602182,0.7011390788968762,Strong
EXG,QQQX,0.7542017708690287,0.7011394000210961,Strong
LNC,PNC,0.7542011936347948,0.7011402233008819,Strong
ABCB,TRST,0.7541724283940276,0.7011812484742762,Strong
BMRC,BUSE,0.7541663662368032,0.701189894056092,MST+Strong
GABC,TRST,0.7541648859699708,0.7011920051313039,Strong
CNOB,THFF,0.7541539683844974,0.7012075749954539,Strong
ASB,PFBC,0.7541105873771312,0.7012694384084748,Strong
FISI,PNFP,0.7541036620871254,0.7012793137015729,Strong
OCFC,UCB,0.7540966136873811,0.701289364403338,Strong
FISI,SFNC,0.754081915714631,0.7013103225896066,Strong
CCNE,UVSP,0.7540726148137051,0.701323584640207,Strong
FMBH,GABC,0.7540697926392825,0.701327608697558,Strong
GBCI,THFF,0.754065402162228,0.7013338689066314,Strong
CBSH,USB,0.754054628742562,0.7013492300665026,Strong
BOE,IGA,0.7540424504761943,0.7013665939062191,Strong
AUB,THFF,0.7540219309693594,0.7013958497605194,Strong
AEE,D,0.7540030955166057,0.7014227034868408,Strong
FFBC,SFBS,0.7540030646828972,0.701422747445651,Strong
NEA,NRK,0.7539900219873455,0.7014413418278886,MST+Strong
KEY,TOWN,0.7539859344632237,0.7014471691250543,Strong
FHB,HFWA,0.7539827617561985,0.7014516921981178,Strong
NEM,RGLD,0.7539776940889461,0.7014589167029726,Strong
GABC,SSB,0.753967751949656,0.70147309007594,Strong
CFG,UVSP,0.7539441429553942,0.7015067455764139,Strong
ETY,IGA,0.7539408989672004,0.7015113698762118,Strong
CPF,MBWM,0.7539253462414329,0.7015335398376432,Strong
QCRH,SSB,0.7539245447578,0.7015346823104328,Strong
BIT,EAD,0.7539237784553335,0.7015357746325792,Strong
FBK,FFBC,0.7538926232316766,0.7015801832553759,Strong
KMI,PEO,0.753869189014026,0.7016135845121216,Strong
AOD,EOD,0.7538636893765032,0.7016214230245493,MST+Strong
DCOM,HOMB,0.7538576302301143,0.7016300588912731,Strong
HPF,LDP,0.7538440438693904,0.7016494226187456,Strong
CTBI,WBS,0.7538406037294202,0.7016543255344184,Strong
GSBC,HAFC,0.7538331796150414,0.7016649063263156,Strong
APA,CVE,0.7538284388427317,0.7016716627558339,Strong
BOKF,CBU,0.7538275397472656,0.7016729441167507,Strong
ABCB,THFF,0.7538108332877677,0.7016967531807915,Strong
CFR,STBA,0.7538047357708377,0.7017054428022662,Strong
BCS,ING,0.7538031693384868,0.7017076751205066,MST+Strong
CHCO,FNB,0.7537761077035875,0.7017462394575584,Strong
CAC,TRST,0.7537749154354104,0.7017479384573774,Strong
CHW,CHY,0.7537672782731335,0.7017588214292236,Strong
HFWA,QCRH,0.7537653306542157,0.7017615967631519,Strong
HBNC,PNFP,0.7537651305102316,0.7017618819653406,Strong
FDUS,SLRC,0.7537541159480751,0.7017775773732372,MST+Strong
HYT,JGH,0.7537450018039695,0.7017905644792191,MST+Strong
AIG,PFG,0.7537391889337407,0.7017988473433956,Strong
KEY,OCFC,0.7537042506951921,0.7018486294135052,Strong
MET,SF,0.7536848981871758,0.7018762024927533,Strong
MBWM,NFBK,0.7536711687942231,0.7018957632095764,Strong
AUB,OZK,0.7536593711599152,0.7019125712509854,Strong
COLB,WTFC,0.7536456175242788,0.7019321654913973,Strong
DSU,GHY,0.7536393442566829,0.7019411025767291,Strong
EOS,RVT,0.753638491476441,0.7019423174642757,Strong
AROW,STBA,0.7536178610786982,0.7019717072949618,Strong
FFBC,PGC,0.7535986387826606,0.7019990900526002,Strong
FRME,PGC,0.7535919651616495,0.7020085965831907,Strong
AROW,UBSI,0.7535880372680707,0.7020141917823732,Strong
B,PAAS,0.7535533629799442,0.7020635826192038,Strong
BBT,WTFC,0.7535491262629126,0.7020696172561343,Strong
AGI,BTG,0.7535400563359979,0.7020825359799261,Strong
PFS,RF,0.7535329333742863,0.7020926813828979,Strong
CCNE,WSBC,0.7535304278418707,0.7020962500371716,Strong
CAC,RNST,0.7535169294133642,0.702115475668548,Strong
BSRR,CTBI,0.7535147827075651,0.7021185331444184,Strong
FBNC,FCBC,0.7535113341229469,0.7021234448115987,Strong
HBAN,PFG,0.7535098566592212,0.7021255490875956,Strong
AVK,EVT,0.7535094690645902,0.7021261011177549,Strong
ADX,EOI,0.753508203978382,0.7021279029088902,Strong
BDJ,JRI,0.7535031737178809,0.7021350671802671,Strong
NFBK,UCB,0.7534955596433366,0.7021459112701055,Strong
BKU,GBCI,0.7534927928514525,0.7021498517389966,Strong
IBOC,VLY,0.753490133323828,0.7021536394211342,Strong
HFWA,PFS,0.7534824628106886,0.7021645636021677,Strong
BOKF,BPOP,0.7534398909406945,0.7022251904614437,Strong
QCRH,UMBF,0.7534156326814766,0.7022597344551706,Strong
SHEL,SU,0.7534139603351016,0.7022621158298352,Strong
EIM,VMO,0.75338718610882,0.7023002404829147,Strong
SFBS,VLY,0.7533870925945714,0.7023003736371335,Strong
FBNC,OCFC,0.753362113791642,0.702335939858353,Strong
ABCB,CAC,0.7533449542482655,0.7023603715354881,Strong
ERC,ISD,0.7533300899607875,0.7023815345511476,Strong
CHCO,PFS,0.7533257661445503,0.7023876904608305,Strong
FIBK,IBOC,0.7533144899603281,0.7024037443517395,Strong
CII,RMT,0.7533040783980823,0.7024185669555122,Strong
COLB,TMP,0.7533033720087673,0.702419572607758,Strong
SLB,XOM,0.753302114921629,0.7024213622582545,Strong
ETW,GGZ,0.7532927250585372,0.7024347299806052,Strong
FNV,KGC,0.7532807329644264,0.70245180195594,Strong
CNOB,SYBT,0.7532321587719669,0.7025209480549788,Strong
TCBK,WBS,0.7532304029319052,0.7025234473924621,Strong
FRME,ZION,0.7532270883865206,0.7025281654332151,Strong
CATY,NFBK,0.7532182035792052,0.7025408122248767,Strong
TFC,WAL,0.7531947975048991,0.702574127754646,Strong
FANG,VNOM,0.7531868232523096,0.7025854777145489,MST+Strong
ABCB,FFIC,0.7531753221252202,0.7026018472432018,Strong
HFWA,THFF,0.7531733963316906,0.7026045881835806,Strong
CFG,FFIN,0.7531631598353804,0.7026191573884384,Strong
ETY,RVT,0.7531247500940247,0.7026738217778934,Strong
CCBG,PEBO,0.7531215620523828,0.7026783587782068,Strong
CNOB,GBCI,0.7531170217207276,0.702684820213547,Strong
AROW,SYBT,0.7531050087358386,0.7027019158422174,Strong
GSBC,SSB,0.7531029886620525,0.7027047905599442,Strong
CHW,NIE,0.753098957150388,0.7027105276706932,Strong
HBNC,VLY,0.7530916013542842,0.7027209953398514,Strong
SBSI,THFF,0.7530821256256843,0.7027344795501579,Strong
NAC,NKX,0.7530749021433948,0.7027447585811013,MST+Strong
GBCI,TRST,0.7530717063766101,0.7027493061161851,Strong
RHP,SHO,0.7530680454254841,0.7027545155664471,Strong
GABC,WAFD,0.7530536583821535,0.702774987628112,Strong
CNOB,WASH,0.7530490243898034,0.7027815814464643,Strong
ACV,CHI,0.7530080034300871,0.7028399484518689,Strong
NBHC,PEBO,0.7530066314678725,0.7028419004756724,Strong
ETR,XEL,0.7530043468184492,0.7028451510561211,Strong
EAD,JRI,0.7529841553469262,0.7028738786625575,Strong
CCNE,THFF,0.752980606652439,0.7028789274797772,Strong
HBNC,IBCP,0.7529653410240876,0.7029006458610099,Strong
CVX,HAL,0.7529638751311418,0.7029027313488804,Strong
THFF,WSFS,0.7529601078719632,0.702908090902412,Strong
BDJ,GAM,0.7529521694048678,0.7029193845600393,Strong
BOKF,PRU,0.7529188297453997,0.702966813234594,Strong
HAFC,RNST,0.7528986475190839,0.7029955227181979,Strong
PGC,WSFS,0.7528919200596728,0.703005092357555,Strong
IBCP,PGC,0.7528915063167665,0.7030056808920302,Strong
BP,EQNR,0.752874282602262,0.7030301805722682,MST+Strong
ETJ,NIE,0.7528720916812758,0.7030332969621342,Strong
L,MET,0.7528651387734575,0.7030431867624385,Strong
AROW,FRME,0.7528633476851001,0.7030457343799191,Strong
BOE,IGD,0.7528484527627788,0.7030669203386278,Strong
AOD,QQQX,0.7528464043040273,0.7030698339368184,Strong
FBNC,GABC,0.7528353602460843,0.7030855420984216,Strong
NBHC,PNFP,0.7528281276756033,0.7030958289229097,Strong
GBCI,KEY,0.7528258371855662,0.7030990866363486,Strong
FITB,FRME,0.7528072349319307,0.7031255436521551,Strong
OCFC,QCRH,0.7528019053264974,0.7031331234887211,Strong
AOD,FUND,0.7527873400293915,0.7031538380334825,Strong
LKFN,THFF,0.7527857572907074,0.7031560889436891,Strong
FCBC,IBCP,0.7527701105608207,0.7031783407346665,Strong
EXG,SPXX,0.7527439262128568,0.7032155768854146,Strong
SYBT,WSFS,0.7527386446976194,0.7032230873661367,Strong
BGY,GDV,0.7527158111814231,0.703255556421102,Strong
BST,NIE,0.7527043351646878,0.7032718746477954,Strong
EXK,HL,0.7526620664940417,0.7033319749676654,Strong
EAD,HIX,0.752653589012738,0.7033440281786175,MST+Strong
FCBC,FULT,0.7526510716724123,0.7033476072719487,Strong
CNO,LNC,0.7526299344375436,0.7033776589606133,Strong
MBWM,PGC,0.7526127562341498,0.7034020809833451,Strong
FFIC,IBCP,0.7526061499540859,0.7034114728178864,Strong
BAC,CBSH,0.7526033488006544,0.7034154550467961,Strong
NBHC,SRCE,0.7525953030682615,0.7034268930482236,Strong
AROW,CAC,0.7525927039944427,0.7034305879126346,Strong
ABCB,FHN,0.752584021339,0.7034429311052887,Strong
CATY,FFIC,0.7525834192282157,0.7034437870530726,Strong
FFIC,PEBO,0.7525652240847761,0.7034696523876831,Strong
PFS,WASH,0.752556584096672,0.7034819342432724,Strong
CVBF,PFBC,0.7525493893957248,0.7034921614407302,Strong
FNB,JPM,0.7525064229576589,0.7035532347197916,Strong
PFS,TMP,0.7525047360835385,0.70355563236529,Strong
NVG,VGM,0.7524988425509783,0.7035640090979949,Strong
PGC,STBA,0.7524869560111718,0.703580903647659,Strong
HIG,TRV,0.7524672167793471,0.7036089584714692,MST+Strong
AVK,CSQ,0.7524617248917206,0.7036167637404319,Strong
FMBH,IBCP,0.7524458734547429,0.7036392918893275,Strong
AXP,JPM,0.7524180854453789,0.7036787826197705,Strong
PFBC,SSB,0.7523777236161787,0.703736138597161,Strong
PB,TCBK,0.7523626283613586,0.7037575884331784,Strong
FBNC,FIBK,0.7523427632382959,0.7037858150910746,Strong
ASA,GFI,0.7523334917836195,0.7037989886556821,Strong
PFG,SF,0.7523224061976419,0.7038147395477848,Strong
ETO,GGZ,0.7523070539562843,0.703836552110951,Strong
AMP,FITB,0.7523045881095168,0.7038400555388747,Strong
MBWM,TRST,0.7522939989533975,0.7038551002111194,Strong
CBU,PFS,0.7522457446768845,0.7039236539897142,Strong
MFC,PRU,0.7522088246775179,0.7039761009046857,MST+Strong
BLW,VLT,0.7522007900610901,0.7039875140070453,Strong
AOD,ETJ,0.7522006558400618,0.7039877046652707,Strong
CCBG,IBCP,0.7521636135943708,0.7040403204442615,Strong
FHB,WTFC,0.7521626205224382,0.7040417309756032,Strong
IIM,VKI,0.7521286640814269,0.7040899600456935,Strong
COLB,PEBO,0.7521131809524526,0.7041119499732232,Strong
PAAS,RGLD,0.7521003641180815,0.7041301525739663,Strong
BP,CVX,0.7520914515063055,0.7041428100800213,Strong
CVBF,FNB,0.752091039930549,0.7041433945858627,Strong
EVT,LGI,0.7520854756283372,0.7041512967703217,Strong
HBNC,IBOC,0.75207831565524,0.7041614649279809,Strong
CHCO,COLB,0.7520771830028429,0.7041630734384715,Strong
VLY,WASH,0.7520513776707551,0.7041997192973665,Strong
CNOB,RF,0.7520446428875391,0.7042092829726982,Strong
AOD,ETB,0.7520417635356222,0.7042133717338486,Strong
DUK,POR,0.7520149519979544,0.7042514437358941,Strong
FBK,IBCP,0.752008718800595,0.7042602944926044,Strong
FMBH,HOMB,0.7519972611410679,0.7042765633739804,Strong
CCNE,STBA,0.7519942158579762,0.7042808873482566,Strong
CNQ,DVN,0.7519934464268314,0.7042819798534797,Strong
GDV,HPF,0.7519883906546488,0.7042891584361514,Strong
AROW,TRST,0.751984908642919,0.7042941024275029,Strong
FISI,WSFS,0.7519777455016822,0.7043042730217073,Strong
ETB,ETO,0.7519731767834819,0.7043107598447125,Strong
ETO,SPXX,0.7519328759123359,0.7043679778179358,Strong
LKFN,UVSP,0.7519328052542055,0.7043680781321574,Strong
CFR,UVSP,0.7519310518064859,0.704370567518993,Strong
DCOM,FBNC,0.7518909410317162,0.7044275107749325,Strong
MET,MS,0.7518675864317008,0.7044606640094239,Strong
FMBH,STBA,0.7518465144764638,0.7044905755558923,Strong
EFSC,FCBC,0.7518202673295472,0.7045278314878026,Strong
EXC,SO,0.7518172988137497,0.7045320449578575,Strong
HWC,PRU,0.7518084453423904,0.7045446113023781,Strong
AUB,LKFN,0.7518075475419138,0.7045458856002016,Strong
BKU,FBNC,0.7517979918350202,0.7045594484001756,Strong
IMO,VET,0.7517934151996104,0.7045659441108257,Strong
HWC,SF,0.7517857330672297,0.7045768473811359,Strong
ASB,IBCP,0.7517817458737929,0.7045825063485569,Strong
LKFN,ONB,0.7517751175646816,0.704591913713631,Strong
FFBC,MTB,0.7517640540618405,0.7046076155395419,Strong
QCRH,VLY,0.751716640241313,0.7046749034252419,Strong
ISD,JRI,0.7517144197354046,0.7046780545250367,Strong
BOE,NIE,0.7517074611152522,0.7046879293485135,Strong
JRS,RFI,0.7517057802843974,0.7046903145575404,Strong
CFR,SRCE,0.7516910788692083,0.7047111764840852,Strong
BKU,NWBI,0.7516861046552513,0.7047182349630932,Strong
FFIC,STBA,0.751676107635609,0.7047324206596303,Strong
BIT,HPI,0.7516428488438732,0.7047796125827233,Strong
ETO,GAM,0.7515970981942711,0.7048445244246831,Strong
AMUB,MLPB,0.7515944453167782,0.7048482881914686,MST+Strong
EAD,JPC,0.7515892126314478,0.7048557119986362,Strong
ASB,FMBH,0.7515875208537817,0.7048581121704117,Strong
ALV,LEA,0.7515829656176897,0.7048645747692394,MST+Strong
BOKF,CHCO,0.7515705796058564,0.7048821467368054,Strong
HOPE,USB,0.751569607402546,0.7048835259778087,Strong
BKU,DCOM,0.751562377071147,0.7048937833870476,Strong
IBOC,SYBT,0.7515463901618711,0.7049164629062495,Strong
PRU,RJF,0.7515285051272668,0.7049418342994452,Strong
COF,SF,0.7515247490552203,0.704947162480678,Strong
CAC,FMBH,0.751520796994069,0.70495276863905,Strong
BGR,MUR,0.7515137303057283,0.704962792910763,Strong
GABC,PFBC,0.7515107183452199,0.7049670654077113,Strong
FHN,WAL,0.7514980385143029,0.7049850515942833,Strong
DUK,PPL,0.7514868229648098,0.705000960332949,Strong
NWBI,PB,0.7514714008427771,0.7050228353141803,Strong
MYI,NZF,0.7514472111708727,0.7050571449593676,MST+Strong
BAC,PNFP,0.7514461981313332,0.7050585817769568,Strong
BOKF,INDB,0.7514296508157077,0.705082050805851,Strong
EOG,VET,0.7513800025566479,0.705152462157443,Strong
LEA,MGA,0.7513679969661122,0.7051694874764333,MST+Strong
TFC,WSFS,0.7513628021387224,0.7051768542164123,Strong
COF,PRU,0.7513428620408279,0.7052051303828867,Strong
ETG,FUND,0.7513252965182246,0.7052300383304378,Strong
AWP,GDV,0.7513117891325518,0.705249191233068,Strong
CNOB,FBK,0.7513026021243436,0.7052622177256576,Strong
BMRC,TCBK,0.7512828226807639,0.705290262685139,Strong
FISI,STBA,0.7512808984950531,0.7052929908980337,Strong
DTE,PEG,0.7512736844773238,0.705303219222309,MST+Strong
BUSE,PNC,0.751255311516788,0.7053292684742524,Strong
LKFN,WSFS,0.7512228292668074,0.7053753195756038,Strong
HFWA,SFBS,0.7512080669453489,0.7053962475866328,Strong
OZK,SSB,0.7511792483939865,0.7054371008190786,Strong
BBT,GBCI,0.7511706860676826,0.7054492383330178,Strong
CHCO,FBNC,0.7511151513308838,0.7055279564540532,Strong
AOD,AWP,0.7511079926830283,0.7055381028930637,Strong
DOC,WELL,0.7511079013475572,0.7055382323481029,MST+Strong
EQNR,SHEL,0.7511015869626668,0.7055471820329711,Strong
FITB,TOWN,0.7510882744124852,0.7055660501859693,Strong
CBU,PFBC,0.7510882087110524,0.7055661433047189,Strong
PEBO,WAFD,0.7510807618114675,0.7055766977282235,Strong
COLB,NBHC,0.7510697885537873,0.7055922497394834,Strong
HFWA,TRST,0.7510545382372227,0.7056138629063028,Strong
HFWA,PRK,0.7510499231669687,0.7056204033799353,Strong
AVK,ETO,0.7510119643107849,0.7056741963388135,Strong
OGE,PNW,0.7509851663436341,0.7057121703022641,Strong
CPF,UMBF,0.750976756338697,0.7057240872484133,Strong
FFIC,IBOC,0.750971165913003,0.7057320087497762,Strong
TRST,UCB,0.7509429194652364,0.7057720319405745,Strong
MBWM,VLY,0.7509338710695975,0.7057848523883217,Strong
DFP,PFO,0.7509135278266611,0.705813675375221,Strong
CVBF,OCFC,0.7508722552792378,0.7058721480845694,Strong
EXP,MLM,0.7508721847290988,0.7058722480320376,MST+Strong
CVE,HAL,0.7508711684041862,0.7058736878448066,Strong
SBSI,SYBT,0.7508573969328023,0.70589319739915,Strong
CAC,UCB,0.7508473434945397,0.7059074394075476,Strong
OHI,WELL,0.7508439653789611,0.7059122248849907,Strong
BANR,PRK,0.7508413693202284,0.705915902469652,Strong
BOKF,CPF,0.7508287765223892,0.7059337411933372,Strong
FITB,PFS,0.7508272450609207,0.7059359106024843,Strong
MTB,UMBF,0.7508228057747043,0.7059421990861514,Strong
HPI,RZB,0.7508220941955581,0.7059432070704298,MST+Strong
PEBO,RF,0.7508133872617749,0.7059555407222541,Strong
COLB,CTBI,0.7507970851765561,0.7059786325710488,Strong
CBU,CFR,0.750783756826459,0.705997511572868,Strong
BUSE,OSBC,0.7507600600229978,0.7060310757707513,MST+Strong
FCF,ZION,0.7507558198897248,0.7060370813353576,Strong
BP,PEO,0.750751384977296,0.706043362723146,Strong
DOV,ITT,0.7507468793566321,0.7060497442013104,Strong
BTO,RF,0.750732767460999,0.7060697310308678,Strong
HYT,JQC,0.7507264305029367,0.7060787059486545,Strong
CAC,PFBC,0.7507236603834818,0.7060826291823333,Strong
BOE,RVT,0.750723209063992,0.7060832683699678,Strong
ASB,CAC,0.7506837046710025,0.7061392147855796,Strong
FBK,FBNC,0.7506578508543144,0.7061758267537706,Strong
EXG,GAM,0.75065028341415,0.7061865427574361,Strong
PNC,WSBC,0.7506408392230336,0.7061999161384351,Strong
STBA,WTFC,0.7506356159943618,0.7062073123462235,Strong
BANR,IBCP,0.7506310704994428,0.7062137488049312,Strong
CPF,TMP,0.7506165483732534,0.7062343118636287,Strong
BOH,UVSP,0.7505993436668641,0.706258672630837,Strong
MET,MTB,0.750597241707357,0.7062616488138699,Strong
NIE,STEW,0.7505878579469589,0.7062749352101363,Strong
COF,WTFC,0.750575589724102,0.7062923053182698,Strong
GBCI,PRK,0.7505567297367243,0.7063190076208847,Strong
WSFS,ZION,0.7505543237908863,0.7063224139288145,Strong
CFR,FHN,0.750551437372214,0.7063265004624788,Strong
AU,B,0.7505439348292016,0.7063371223018063,Strong
FCBC,HOPE,0.750508523322116,0.7063872545252837,Strong
CAC,CCNE,0.7504886382073823,0.7064154044082245,Strong
BPOP,PNFP,0.7504841073218544,0.7064218182901001,Strong
FPF,HPF,0.7504771937178358,0.7064316050151835,Strong
FHB,MBWM,0.7504529791932462,0.7064658814221021,Strong
FFIN,OCFC,0.7504221401678893,0.7065095326067592,Strong
BBT,COLB,0.7503959132704665,0.7065466534200463,Strong
CHCO,NBHC,0.7503891931773868,0.706556164536993,Strong
GDV,JPC,0.7503798308875171,0.7065694150081545,Strong
DCOM,HFWA,0.7503746471919103,0.7065767513980201,Strong
NML,PAA,0.7503235274372579,0.7066490961753819,Strong
GBCI,PNC,0.7503221961228829,0.70665098015515,Strong
KEY,PFS,0.7503193616007541,0.7066549913490259,Strong
WBS,WFC,0.7503182460119611,0.7066565700367314,Strong
EAD,HPI,0.7502982962798042,0.7066848006292421,Strong
ACV,CCD,0.7502921633871211,0.706693478974978,Strong
HFWA,OCFC,0.7502778976744131,0.70671366525006,Strong
AEIS,AMAT,0.7502774477153158,0.706714301942,Strong
FMBH,THFF,0.7502760869173472,0.706716227467083,Strong
CFR,OZK,0.7502728554274132,0.7067207999947176,Strong
ABCB,LKFN,0.7502502849878614,0.7067527361279029,Strong
FIBK,WBS,0.7502390386067825,0.7067686487008566,Strong
GSBC,WBS,0.7502329578532151,0.7067772522468234,Strong
FUND,STEW,0.7502283851259061,0.7067837220452858,Strong
OCFC,UMBF,0.7502237450532762,0.7067902870678456,Strong
ATMP,ET,0.7501991925230569,0.706825024283865,MST+Strong
FITB,SYF,0.7501815023772304,0.7068500514575488,Strong
GSBC,WTFC,0.7501518382505306,0.7068920168589675,Strong
JPM,RJF,0.7501452323987418,0.7069013617206551,Strong
CFR,WAFD,0.7501446197001741,0.7069022284585413,Strong
FRME,RBCAA,0.7501262278476327,0.706928245513457,Strong
CHW,ETY,0.7501084974072145,0.7069533260304891,Strong
DOV,ITW,0.7501073272830359,0.7069549811932357,Strong
PNFP,QCRH,0.7501024239781517,0.7069619169684436,Strong
BGT,EFR,0.7500922830051874,0.7069762612631525,Strong
EXR,NSA,0.7500906909454477,0.7069785131877098,Strong
BBT,IBOC,0.7500875619341665,0.7069829390668965,Strong
PB,ZION,0.7500832052527752,0.7069891013972207,Strong
IBCP,WSBC,0.7500479567978237,0.70703895677986,Strong
HBNC,NBTB,0.7500429938458962,0.7070459760922252,Strong
INDB,PRK,0.7500320767491535,0.7070614163576548,Strong
EOI,USA,0.7500245303346684,0.707072089203543,Strong
BANR,USB,0.7500194647774595,0.707079253298441,Strong
FANG,PEO,0.7499991229750497,0.707108021486039,Strong
PDI,PFL,0.749984208591982,0.7071291132572862,Strong
QCRH,SYBT,0.7499788992057668,0.7071366215862862,Strong
AMP,NTRS,0.7499683463146587,0.7071515448407665,Strong
ASB,TMP,0.7499655843088932,0.7071554506487338,Strong
SCD,TY,0.7499389979852863,0.7071930458010934,Strong
HAFC,STBA,0.7499351358741991,0.7071985069636401,Strong
GSBC,NBHC,0.749927480679815,0.7072093315563435,Strong
DSU,FLC,0.7499256889795471,0.7072118650311983,Strong
TCBI,UBSI,0.7499186552357673,0.7072218106990659,Strong
FFIC,TCBK,0.74991435263213,0.707227894483624,Strong
HBNC,HOMB,0.7498806233507557,0.7072755851140973,Strong
HBNC,NWBI,0.7498748608861615,0.7072837324777638,Strong
FBNC,THFF,0.7498677116186739,0.7072938404670666,Strong
CHCO,QCRH,0.7498584600365112,0.7073069205988144,Strong
INDB,PNFP,0.7498281632606713,0.7073497532894583,Strong
RSG,WCN,0.7498252691396078,0.707353844776986,MST+Strong
SYBT,UMBF,0.7498210416783174,0.707359821196656,Strong
BSRR,FNB,0.749796839404248,0.7073940353095324,Strong
FBNC,SSB,0.7497848495089006,0.7074109844935961,Strong
FBP,FFBC,0.749783719778018,0.7074125814854892,Strong
CVE,MUR,0.749783671226772,0.7074126501176353,Strong
FBNC,SYBT,0.7497491741627614,0.7074614135587023,Strong
CBSH,ZION,0.7497465026520335,0.7074651897414692,Strong
PAG,SAH,0.749728502880545,0.707490631908939,Strong
MYI,NEA,0.7497266820833925,0.7074932055032154,Strong
PNW,SO,0.7497261774608419,0.707493918757127,Strong
FHB,PEBO,0.7497151686410847,0.7075094788890327,Strong
FBK,RNST,0.7497143628003653,0.7075106178703394,Strong
BDJ,RMT,0.7496804145855474,0.7075585988657797,Strong
PFBC,WTFC,0.7496695411487936,0.7075739662412778,Strong
NWE,PNW,0.7496630181152597,0.707583185052811,Strong
COLB,SRCE,0.7496517455959236,0.7075991158898891,Strong
FCPT,WPC,0.7496461506550772,0.707607022781604,MST+Strong
RBCAA,SRCE,0.7496350858194865,0.7076226595870337,Strong
CFG,SYF,0.7496320369289124,0.7076269682128962,Strong
NFBK,SBSI,0.7496194555524576,0.7076447476630381,Strong
PFLT,TCPC,0.7496101339072614,0.7076579203156546,MST+Strong
NVG,VKQ,0.749580316737611,0.7077000540658295,Strong
FISI,NBTB,0.7495779663725726,0.7077033751896729,Strong
AUB,NFBK,0.7495764517688344,0.7077055153539015,Strong
SPXX,STEW,0.7495756872019468,0.7077065956991686,Strong
EWBC,STBA,0.749551409926305,0.7077408990212379,Strong
HOPE,PNC,0.749516984952819,0.7077895379944252,Strong
LTC,VTR,0.7495095621688468,0.7078000251923607,Strong
BOKF,COLB,0.7494897571930661,0.7078280056721885,Strong
FCBC,TRMK,0.7494886902758477,0.7078295129819783,Strong
RNST,ZION,0.7494790127697414,0.707843184936125,Strong
COF,FNB,0.7494779326410334,0.7078447108779815,Strong
SBCF,TRST,0.7494724850619774,0.7078524068448487,Strong
FISI,SBCF,0.7494522514784614,0.7078809907343728,Strong
HAFC,SRCE,0.7494272277284123,0.707916340073582,Strong
ABCB,BAC,0.7494090412446155,0.7079420297671053,Strong
MTB,TOWN,0.7494006215599214,0.7079539228510265,Strong
HBAN,WSFS,0.7493999813349728,0.7079548271818298,Strong
HAFC,WTFC,0.7493872361906232,0.707972829717888,Strong
BGH,HYT,0.7493641154159142,0.7080054866794265,Strong
DINO,PBF,0.7493445547686356,0.7080331139591769,Strong
COLB,PFBC,0.7493408386134246,0.7080383625010377,Strong
LRCX,TER,0.7493332271667014,0.7080491124679116,MST+Strong
DCOM,KEY,0.7493317035775537,0.708051264277448,Strong
ONB,TCBI,0.7493257513759767,0.7080596706832318,Strong
FBK,PNFP,0.7493000168116868,0.708096014941919,Strong
BANF,STBA,0.7492608939060087,0.7081512636350955,Strong
COF,LNC,0.7492586013774762,0.7081545009706903,Strong
ETO,LGI,0.7492583331145967,0.7081548797902947,Strong
NAC,VCV,0.7492478837222049,0.7081696354374355,MST+Strong
FHB,FIBK,0.7492428905544649,0.7081766862097835,Strong
FFIN,WASH,0.749239946760455,0.7081808430613539,Strong
BBT,QCRH,0.7492332228955445,0.7081903375568682,Strong
NZF,VKI,0.7492193036373542,0.7082099919693957,Strong
BGB,FLC,0.7492106274281831,0.7082222427625623,Strong
UMBF,WASH,0.7492075423831551,0.7082265987900269,Strong
CNOB,FMBH,0.7492028117073425,0.7082332783661857,Strong
GABC,IBOC,0.749189005427958,0.7082527720694668,Strong
PEBO,RBCAA,0.7491888003318187,0.7082530616498334,Strong
BBT,FIBK,0.7491553327587652,0.7083003137670275,Strong
BBT,BKU,0.7491448710548598,0.7083150837658904,Strong
HWC,IBCP,0.7491404640716032,0.7083213055222846,Strong
DSU,HPF,0.7491346494928816,0.7083295144311276,Strong
BIT,ERC,0.7491305752620478,0.7083352662940794,Strong
NRK,NZF,0.7491294258499728,0.7083368889871926,Strong
AUB,FISI,0.7491170525350014,0.7083543568934952,Strong
NJR,OGS,0.7491139438284035,0.7083587455119003,MST+Strong
AGD,ETO,0.749105773423086,0.7083702796940509,Strong
HWC,OZK,0.7490692809797899,0.7084217938773625,Strong
BANR,ZION,0.7490585964949316,0.7084368758119081,Strong
OCFC,WBS,0.7490542584843249,0.7084429991406155,Strong
IBCP,SBCF,0.749040152112932,0.7084629106552693,Strong
ODFL,SAIA,0.749032929823869,0.7084731048898483,MST+Strong
DCOM,SRCE,0.7490247350737784,0.7084846715719707,Strong
KEY,RNST,0.7490056963436812,0.7085115435281472,Strong
CFG,MS,0.7489647769889949,0.7085692951448082,Strong
JPC,PFL,0.7489605636354331,0.7085752414028689,Strong
CBU,DCOM,0.7489386339109267,0.70860618976844,Strong
ETW,LGI,0.748938263461097,0.70860671255486,Strong
KGC,NEM,0.7489374855317552,0.7086078103834939,Strong
HFWA,PNFP,0.7489325847365335,0.708614726439504,Strong
CMC,NUE,0.7489320053792812,0.7086155440303562,Strong
FFIC,HBNC,0.7489318493360864,0.7086157642388626,Strong
BGY,EXG,0.7489234083278187,0.7086276761066863,Strong
BKU,BPOP,0.7489062065972159,0.7086519503998902,Strong
PFS,UMBF,0.7488994892574704,0.7086614293758756,Strong
ETW,SCD,0.7488972270060948,0.7086646216566834,Strong
IBOC,SBSI,0.7488856588532453,0.7086809453438898,Strong
BANF,FFIN,0.7488849963442803,0.7086818801912741,Strong
ETN,HUBB,0.7488809543917226,0.708687583647798,MST+Strong
FMBH,NWBI,0.7488728981086646,0.7086989514474187,Strong
BANF,FULT,0.7488617251495145,0.7087147167238528,Strong
FFBC,TFC,0.7488514625285884,0.7087291971852319,Strong
CDE,PAAS,0.7488508526284702,0.7087300577392351,Strong
HOPE,OZK,0.7488414328411774,0.7087433486937603,Strong
COP,OXY,0.7488129280852452,0.708783566280645,Strong
LEN,NVR,0.7488089940171211,0.7087891167094468,Strong
SRV,TYG,0.7487992784384523,0.7088028238678903,Strong
BP,SU,0.7487939853366469,0.708810291493222,Strong
PB,SBSI,0.7487939601309136,0.7088103270538408,Strong
MET,RJF,0.7487809187356499,0.708828725806665,Strong
ACV,NCZ,0.748773102296055,0.7088397529822167,Strong
ETW,QQQX,0.7487722362303949,0.70884097478857,Strong
BKU,HBNC,0.7487684616577255,0.7088462997607796,Strong
FISI,FMBH,0.7487562665535368,0.7088635037106413,Strong
BMRC,TOWN,0.748747388674019,0.7088760277029842,Strong
AAT,KRG,0.7487469465171533,0.7088766514462818,Strong
TCBI,VLY,0.7487396914000658,0.7088868860402684,Strong
FFIN,WABC,0.7487291918093887,0.7089016972621963,Strong
HTB,IBOC,0.7487248009667963,0.7089078911018042,Strong
AIG,MET,0.7487241226435675,0.708908847957807,Strong
OKE,PAGP,0.748718864240609,0.708916265519971,Strong
AON,MRSH,0.7487139813974804,0.7089231532437343,MST+Strong
CCNE,SFNC,0.7487080500248986,0.7089315199299596,Strong
BGB,EAD,0.7486960063595948,0.708948508201273,Strong
CBSH,TMP,0.7486806301384021,0.7089701966396018,Strong
CCNE,FFBC,0.7486675719842502,0.7089886148814377,Strong
BMRC,FRME,0.7486505242045964,0.7090126596830322,Strong
TRST,WASH,0.7486353973401988,0.7090339944738915,Strong
CNOB,FFIN,0.7485980025171408,0.7090867330346255,Strong
COF,MS,0.7485704861659614,0.7091255373120313,Strong
BXMT,LADR,0.7485596679671659,0.7091407928371264,Strong
BUSE,MTB,0.7485593888913399,0.7091411863778047,Strong
OKE,PAA,0.7485499319496604,0.7091545220194815,Strong
NBHC,WTFC,0.7485494399093139,0.70915521585995,Strong
GSBC,WABC,0.7485488242611534,0.7091560840024522,Strong
BTO,FITB,0.7484746269810065,0.7092607038585931,Strong
CCD,CHW,0.7484721633939628,0.7092641773077746,Strong
EVRG,WEC,0.7484603829894642,0.7092807864457289,Strong
EVT,JRS,0.7484431203626285,0.7093051242411428,Strong
CPF,PB,0.7484347349659198,0.7093169461306845,Strong
GGAL,TGS,0.7484315804818502,0.7093213933304843,Strong
LTC,WELL,0.7483955999056494,0.7093721168672343,Strong
AROW,CATY,0.7483853876208176,0.7093865129521175,Strong
CBSH,CPF,0.7483411724731877,0.7094488389261234,Strong
C,LNC,0.7483386598304367,0.7094523806000841,Strong
CLDT,SHO,0.7483115342234506,0.7094906141402426,Strong
CAC,GBCI,0.748310388878609,0.7094922284583405,Strong
CVE,OXY,0.7483092471907791,0.7094938376183699,Strong
AEP,ETR,0.7482765755168244,0.7095398853950011,Strong
ASA,FSM,0.7482680128924825,0.7095519531472203,Strong
DCOM,PNFP,0.7482625787471566,0.7095596116646484,Strong
APTV,LEA,0.7482478603828367,0.7095803543181889,MST+Strong
FBNC,HAFC,0.7482334151240329,0.7096007114933963,Strong
CHCO,SFBS,0.748231083911399,0.7096039967314177,Strong
GDV,RGT,0.7482297840581055,0.7096058285300291,MST+Strong
HPF,PFL,0.7482273096908093,0.709609315481682,Strong
CCNE,TMP,0.7482186503585976,0.709621518334108,Strong
HBNC,WASH,0.748196843301522,0.709652248215248,Strong
BANR,NFBK,0.7481824032973213,0.7096725959238932,Strong
KEY,UVSP,0.7481699406496101,0.7096901568295702,Strong
FHB,USB,0.748156588842901,0.7097089701519897,Strong
COF,USB,0.7481235242940326,0.709755557506903,Strong
IBCP,WSFS,0.7481109567430021,0.7097732641583478,Strong
SBCF,SYBT,0.7481014427880023,0.7097866682489855,Strong
CCNE,TCBK,0.7480951887867874,0.7097954792941592,Strong
NIE,STK,0.7480943040108234,0.709796725815464,Strong
AMP,TFC,0.7480747308292854,0.709824301036129,Strong
BGB,BGT,0.7480689180445781,0.7098324900360956,Strong
LNT,PPL,0.7480680018014602,0.7098337808227216,Strong
CVBF,WBS,0.7480570808647145,0.7098491658588965,Strong
ASB,WFC,0.7480554371123774,0.7098514814911956,Strong
BKU,TCBK,0.7480539745907927,0.7098535418087414,Strong
EFSC,TFC,0.7480353275579811,0.709879810167917,Strong
FBK,TOWN,0.7480056163992584,0.7099216627216577,Strong
EPD,OKE,0.7479571416789542,0.7099899412259948,Strong
CII,SCD,0.7479521481190391,0.7099969744737803,Strong
FIBK,PRK,0.7479399942119681,0.7100140925193413,Strong
EOD,ETG,0.7479291815766433,0.7100293211175953,Strong
BOKF,GSBC,0.747913218736638,0.7100518027064815,Strong
HBAN,TCBI,0.7479082049441893,0.7100588638356833,Strong
FIBK,HBNC,0.7478861182715724,0.7100899685651497,Strong
CAC,LKFN,0.7478839354776019,0.7100930425266792,Strong
EVV,GHY,0.7478752638642083,0.71010525436134,Strong
MS,WFC,0.7478727143460684,0.7101088446906314,Strong
SFNC,TRST,0.7478564406346525,0.7101317615278836,Strong
FBK,WSBC,0.7478537621962585,0.7101355332663497,Strong
PRK,SBSI,0.7478422816630799,0.7101516997612836,Strong
ED,IDA,0.7478403718773116,0.7101543890207093,Strong
HAL,OVV,0.7478402175084569,0.7101546063943304,Strong
GABC,SBCF,0.7478354065416652,0.7101613808963914,Strong
BUSE,HTH,0.7478327502036674,0.7101651213574667,Strong
LNC,RF,0.7478295995462199,0.7101695578575304,Strong
MTDR,TRGP,0.7477829123785048,0.7102352956893866,Strong
LEN,LGIH,0.7477768848037802,0.7102437823680258,Strong
EAD,JQC,0.747773569080036,0.7102484507831945,Strong
PGC,THFF,0.7477661492922916,0.7102588974560029,Strong
MTB,WAFD,0.7477631949004317,0.7102630570423444,Strong
FISI,WBS,0.7477437589637331,0.710290420935362,Strong
BUSE,TFC,0.7477355342046018,0.710302000272276,Strong
MTB,RNST,0.7477264668398668,0.7103147656639741,Strong
BGY,CII,0.7476920230350522,0.71036325491251,Strong
AEM,AU,0.7476795333076659,0.710380836864754,Strong
AMP,RF,0.7476764488921985,0.7103851787696608,Strong
TCPC,TPVG,0.7476734051351169,0.7103894634140953,MST+Strong
GDV,QQQX,0.7476657776604786,0.7104002003652891,Strong
ATMP,BGR,0.747664155653381,0.7104024835916877,Strong
FISI,OCFC,0.7476380046466019,0.7104392941742427,Strong
CPF,PFS,0.7476183853650704,0.7104669093419195,Strong
FMBH,SFNC,0.7476147705602761,0.710471997252142,Strong
DOC,VTR,0.7475982258365471,0.7104952838174972,Strong
CBU,THFF,0.747579216429057,0.7105220384631894,Strong
FFIN,KEY,0.747571139642927,0.7105334057693178,Strong
GDV,GHY,0.7475571697507788,0.7105530666308059,Strong
HOMB,WTBA,0.7475567750293871,0.7105536221434845,Strong
FUND,NFJ,0.7475517526101296,0.7105606904267507,Strong
EOI,RVT,0.7475399952458351,0.7105772368351871,Strong
GABC,PFS,0.7474968907181722,0.7106378955302451,Strong
EWBC,NBTB,0.7474745192151389,0.7106693757083685,Strong
GDV,HPS,0.7474575719293853,0.7106932222423605,Strong
FMBH,FULT,0.7474450830224583,0.7107107948772717,Strong
FIBK,PFS,0.7474434128195724,0.7107131449191405,Strong
CVBF,TRST,0.7474280547328565,0.7107347539935606,Strong
BKU,EFSC,0.7474238324661912,0.710740694675363,Strong
FCPT,O,0.7474194571229537,0.710746850681797,Strong
ARDC,JFR,0.7473933741940121,0.7107835476514462,Strong
CFR,SF,0.7473918670712212,0.7107856680164265,Strong
HTD,RQI,0.7473909351117978,0.7107869791832181,Strong
GGN,GNT,0.7473820628929415,0.7107994613209249,MST+Strong
LKFN,WASH,0.7473634481652806,0.710825649276557,Strong
BUSE,FMNB,0.7473309905499447,0.710871309661679,MST+Strong
DSU,GDV,0.7473273341732903,0.7108764531572412,Strong
ASB,FBK,0.7473180426806829,0.7108895235116595,Strong
PEBO,PRK,0.7472715437126126,0.7109549300587027,Strong
EVT,RQI,0.7472505032965496,0.710984524027704,Strong
B,BTG,0.7472287633267214,0.7110151006459408,Strong
FCBC,SYBT,0.7472007360237923,0.7110545182701642,Strong
EXG,IGA,0.7471613980636468,0.7111098395274154,Strong
DSU,VVR,0.7471597967593491,0.7111120913620453,Strong
DCOM,WBS,0.7471292209042626,0.7111550872991592,Strong
EFSC,SFBS,0.7471138599328977,0.7111766870013418,Strong
MCHP,STM,0.7470923542037513,0.7112069260014959,MST+Strong
TCBK,WTFC,0.7470864170087376,0.711215274008176,Strong
SBCF,THFF,0.7470763336803095,0.711229451470748,Strong
USB,WAFD,0.7470619501359043,0.7112496746770374,Strong
NBR,PTEN,0.7470512562548128,0.7112647098586955,MST+Strong
MS,PFG,0.7470468888567793,0.711270850159376,Strong
GABC,PB,0.7470152056025587,0.7113153933346884,Strong
NBTB,WBS,0.7470145948035286,0.7113162520236289,Strong
CCBG,FFBC,0.7470133119398015,0.7113180555281843,Strong
FHB,SRCE,0.7470013619122025,0.7113348551670972,Strong
SFNC,USB,0.7469755224106659,0.7113711796092587,Strong
EIM,IQI,0.7469714139073551,0.711376955056382,Strong
BOE,SPXX,0.7469457294147103,0.7114130594602404,Strong
CBU,FNB,0.7469364870555119,0.7114260508928362,Strong
ETO,RVT,0.7469353426799846,0.7114276594566947,Strong
AMP,VOYA,0.746928841929573,0.7114367970107071,Strong
GS,PNC,0.7468972245923898,0.7114812371491045,Strong
AOD,JRI,0.7468742170400113,0.711513573953426,Strong
CET,CSQ,0.7468607599862016,0.7115324869797561,Strong
HPS,LDP,0.7468568189042151,0.7115380258226329,Strong
EFSC,IBCP,0.746850799866576,0.7115464849655629,Strong
FFIC,HOPE,0.746843002473867,0.7115574432554732,Strong
FDUS,TCPC,0.7468410834964169,0.7115601401196994,Strong
PNC,SBCF,0.7468203270192977,0.7115893098982057,Strong
BOH,SBSI,0.7467901722389588,0.7116316852994127,Strong
RIO,VALE,0.7467658509238386,0.7116658613087484,MST+Strong
PRK,WAFD,0.7467644499717921,0.7116678298591385,Strong
MAIN,PFLT,0.7467619297027058,0.711671371206253,MST+Strong
CSQ,GLO,0.7467492652750136,0.7116891663148827,Strong
AME,PH,0.7467415633403612,0.7116999882810716,MST+Strong
AEM,BTG,0.7467225863869102,0.7117266520414839,Strong
BANF,CAC,0.7466784710899609,0.7117886328258398,Strong
BX,CG,0.7466689817715544,0.7118019643530715,Strong
DCOM,HBNC,0.7466617183919745,0.7118121684939441,Strong
BOH,MBWM,0.7466589987867382,0.7118159891618925,Strong
CTBI,FFIC,0.7466536765914754,0.7118234660483238,Strong
BTE,CVE,0.7466405926064879,0.7118418467518078,MST+Strong
LGIH,PHM,0.7466317044248734,0.7118543328169418,Strong
LNC,TFC,0.746626272232503,0.711861963820932,Strong
DTE,PPL,0.7466207276425924,0.7118697526337352,Strong
FCBC,FISI,0.7466117517742676,0.7118823613852676,Strong
RS,STLD,0.7466049240144328,0.711891952455662,MST+Strong
FRME,MTB,0.7465901332823083,0.7119127288055632,Strong
NUE,RS,0.7465785945178043,0.7119289367376433,Strong
CNOB,NBTB,0.7465661732463063,0.7119463838712768,Strong
MTB,NWBI,0.7465652672754015,0.7119476563970114,Strong
GABC,WTBA,0.7465545626694922,0.711962691902473,Strong
EOS,LGI,0.7465515827617222,0.7119668773732073,Strong
EAD,JGH,0.7465416781364776,0.7119807888749841,Strong
MBWM,PRK,0.7465377325783837,0.7119863305171192,Strong
DCOM,SSB,0.7465275034402234,0.712000697415075,Strong
PB,UVSP,0.7465149605702854,0.7120183135702544,Strong
AWP,EVT,0.7465029790568097,0.7120351409069503,Strong
FBNC,NBHC,0.7465026856617469,0.7120355529582116,Strong
FBP,KEY,0.7464769048032125,0.7120717593006867,Strong
CATY,OFG,0.7464708840498344,0.7120802145126146,Strong
QCRH,WASH,0.7464547230269706,0.7121029096598741,Strong
RMT,STEW,0.7464535087601757,0.7121046148422636,Strong
BOKF,CNOB,0.7464452053705991,0.7121162750975446,Strong
CNOB,SFNC,0.746442030667543,0.7121207332081506,Strong
POR,WEC,0.7464386158937265,0.7121255284095263,Strong
GSBC,SFBS,0.746434056927448,0.7121319302945937,Strong
FBP,HBAN,0.7464258828750154,0.7121434084859377,Strong
FCF,TCBI,0.7464137307309457,0.7121604724625683,Strong
PB,PFBC,0.7464089553596023,0.7121671779019274,Strong
CSQ,ETJ,0.7464055307674425,0.7121719865770592,Strong
FITB,RNST,0.7463960980542171,0.7121852314472449,Strong
ETB,GDV,0.7463719953127242,0.7122190740036043,Strong
AWR,WTRG,0.7463672597867275,0.7122257229464161,MST+Strong
CHCO,NFBK,0.7463659231488199,0.71222759964941,Strong
BBT,FHB,0.7463538098626821,0.7122446070519846,Strong
CHW,NCZ,0.7463526327291247,0.7122462597597482,Strong
CATY,WFC,0.7463327876193341,0.7122741219231061,Strong
EFSC,NFBK,0.7463218584404587,0.712289465820661,Strong
KYN,PBA,0.7463217717417264,0.712289587539048,MST+Strong
BANF,GBCI,0.7463204867692251,0.7122913915396912,Strong
FITB,SRCE,0.7463093105822628,0.7123070818372329,Strong
BFS,KRG,0.746306546033097,0.7123109629465252,MST+Strong
MYI,NAD,0.746305876563696,0.71231190280144,Strong
AOD,NCZ,0.7463012552299336,0.7123183905671204,Strong
FNB,SYBT,0.7462882682636282,0.7123366223020853,Strong
IBOC,KEY,0.7462596225664162,0.7123768348754524,Strong
CAC,OCFC,0.7462591234440463,0.7123775355188479,Strong
NVG,VMO,0.7462414283341073,0.7124023745972393,Strong
FCBC,TMP,0.7462388301079113,0.7124060217208846,Strong
EVT,GLO,0.7462360997009181,0.7124098543662657,Strong
DFP,PDT,0.7462162482897199,0.7124377189765855,Strong
BGB,EVV,0.7462115212135387,0.7124443540185595,Strong
BKU,INDB,0.7461950176303693,0.712467518374881,Strong
WAFD,WASH,0.7461888717084589,0.7124761445712285,Strong
PFN,PTY,0.7461733483744373,0.7124979321030521,Strong
CATY,WTBA,0.7461352533534462,0.7125513969483939,Strong
EMO,SRV,0.7460763113425142,0.7126341118098204,Strong
BRK-B,L,0.7460739778699937,0.7126373862351122,MST+Strong
AAT,REG,0.7460720179451076,0.7126401364712661,Strong
AWF,VLT,0.746057602289147,0.7126603647051701,Strong
AWP,RFI,0.7460468358264275,0.7126754719696371,Strong
CCBG,IBOC,0.7460083218636736,0.7127295112962931,Strong
AWK,DUK,0.7460032149456187,0.7127366765564703,Strong
NFBK,PEBO,0.7459884147714289,0.7127574415305268,Strong
APH,TEL,0.7459873973188504,0.7127588690169342,MST+Strong
PFLT,SLRC,0.7459842190103281,0.7127633281667511,Strong
DTE,NI,0.7459581499741262,0.7127999018320271,Strong
BSRR,CCBG,0.7459507614240342,0.7128102672885203,Strong
CAC,FIBK,0.7459472922643045,0.7128151341486733,Strong
CFR,RJF,0.7459439081082162,0.7128198817257888,Strong
UBSI,WTBA,0.7459389959081202,0.7128267729145418,Strong
RMT,USA,0.7459370196588877,0.7128295453207762,Strong
OXY,SM,0.7459218009334219,0.7128508947410785,Strong
ENTG,LRCX,0.7459203792890038,0.7128528890465357,Strong
GSBC,PB,0.7458728541777743,0.7129195548197927,Strong
COLB,WABC,0.7458713783187298,0.7129216249788894,Strong
AEE,AWK,0.7458687327442067,0.7129253358603456,Strong
HBAN,TOWN,0.7458654860736584,0.7129298898578198,Strong
FNB,WFC,0.7458572276289446,0.7129414735741714,Strong
BOKF,HFWA,0.7458400052834456,0.7129656299101021,Strong
JPM,STEW,0.7458095122034513,0.7130083979821679,Strong
CPF,WBS,0.7457769533874197,0.7130540605207719,Strong
IBCP,STBA,0.745771345565981,0.7130619249883127,Strong
NBHC,SBSI,0.7457665912593106,0.7130685924098599,Strong
ONB,TRST,0.7457568241850042,0.713082289522038,Strong
HBNC,RNST,0.7457556299372003,0.7130839642886379,Strong
SFBS,WAFD,0.745752013100313,0.7130890363758049,Strong
ABCB,FMBH,0.7457385571770385,0.7131079060324061,Strong
AROW,CHCO,0.745729098135622,0.7131211704393272,Strong
BANF,NBTB,0.7457137603438566,0.7131426780892354,Strong
ETG,IGD,0.745711657031698,0.7131456274398688,Strong
DCOM,IBCP,0.74570256456279,0.7131583771326113,Strong
CFR,PRU,0.7456990364967435,0.7131633242157879,Strong
BSRR,CNOB,0.745646730503327,0.7132366640837711,Strong
FBNC,UMBF,0.7456140786808767,0.7132824424014982,Strong
CNQ,HAL,0.7455733130022456,0.713339592336994,Strong
HOPE,LKFN,0.7455695277398598,0.7133448987132944,Strong
FHB,PNC,0.7455657377581622,0.7133502116658239,Strong
BKU,SRCE,0.7455614114587741,0.713356276402228,Strong
EAD,HPF,0.7455454581186728,0.7133786398278648,Strong
DCOM,SYBT,0.7455282217660659,0.7134028009952499,Strong
COLB,FITB,0.7455148929920067,0.7134214841284124,Strong
CFR,CHCO,0.7454953908768499,0.7134488196404142,Strong
FRST,PFS,0.7454622186611094,0.7134953137041484,Strong
EWBC,INDB,0.7454544530775794,0.7135061974817326,Strong
HOMB,OCFC,0.7454451158859984,0.7135192837113817,Strong
MBWM,WABC,0.7454403648910961,0.713525942217806,Strong
BSRR,UVSP,0.7454361591393254,0.713531836515617,Strong
BST,STK,0.7454338254365125,0.7135351071439828,Strong
SFNC,TCBI,0.7454218036007788,0.7135519552201104,Strong
BBT,CBU,0.7454050407619881,0.7135754469402824,Strong
FCF,NFBK,0.7453982454239974,0.7135849698192958,Strong
ACV,AVK,0.7453821112063799,0.7136075795472189,Strong
BANR,HAFC,0.745377959996589,0.713613396740015,Strong
BIT,HPF,0.745377777675516,0.7136136522299499,Strong
IDA,PNW,0.7453578547356432,0.7136415700677151,Strong
UBSI,USB,0.7453490135413691,0.7136539588044488,Strong
LKFN,SBSI,0.7452955897020888,0.7137288144637447,Strong
OKE,PBA,0.745276828185186,0.7137551005979768,Strong
BOH,FNB,0.7452211640086251,0.7138330841189344,Strong
BMA,TGS,0.7452191015055237,0.7138359734483494,Strong
EVT,IGD,0.7452029112443684,0.7138586537342411,Strong
EFSC,MTB,0.745195813119679,0.7138685969845165,Strong
NAC,NEA,0.7451705689691935,0.7139039585697875,Strong
BGX,BSL,0.7451443384518357,0.7139406999858802,Strong
POR,SO,0.7451356311158749,0.7139528960430445,Strong
BKU,STBA,0.7451355751565322,0.7139529744226406,Strong
MUR,PEO,0.7451341343506305,0.7139549924881393,Strong
NML,PEO,0.7451322244640128,0.7139576675629825,Strong
HPF,PFO,0.7451310676093519,0.7139592879018356,Strong
FFIN,FITB,0.7451201699421962,0.7139745514481645,Strong
HFWA,IBOC,0.7451161111724962,0.7139802361795511,Strong
INDB,SYBT,0.7451137071867115,0.7139836031916817,Strong
LKFN,SBCF,0.74509639332971,0.714007852436218,Strong
CCNE,UCB,0.7450816463187154,0.7140285059873794,Strong
FNB,TRST,0.7450474969229193,0.714076330761748,Strong
STBA,WTBA,0.7450299892631677,0.714100848251607,Strong
ITT,TKR,0.7450299398612701,0.7141009174321651,Strong
JRI,SCD,0.7450283653686527,0.7141031222888573,Strong
BLW,GHY,0.7450236508717982,0.7141097242415927,Strong
EOI,GAM,0.7450137092454112,0.7141236458129485,Strong
ASB,PRK,0.7450131663596647,0.714124406025078,Strong
NFBK,THFF,0.7450130248771998,0.7141246041452433,Strong
OXY,VET,0.7450055391063682,0.7141350865118332,Strong
FCBC,GBCI,0.7449942570095992,0.7141508846040882,Strong
NBHC,WSFS,0.744983818992933,0.7141655004367924,Strong
RNST,TCBI,0.7449743105740836,0.7141788143398212,Strong
EAD,HPS,0.744961951558891,0.7141961193413319,Strong
DSM,LEO,0.7449526371548256,0.7142091610238199,MST+Strong
OKE,TYG,0.7449489550386005,0.7142143165204679,Strong
MUR,PTEN,0.7449427835817964,0.7142229573714409,Strong
PNC,TOWN,0.7449376159326733,0.7142301926792605,Strong
CFG,TRMK,0.7449222206255094,0.7142517474595222,Strong
CAC,INDB,0.7449185130957352,0.7142569382291849,Strong
GABC,SFBS,0.7449180547531001,0.7142575799344377,Strong
BOH,SFBS,0.744913855375538,0.7142634592704039,Strong
PGC,SFNC,0.7449003732204844,0.7142823346261835,Strong
MBWM,PB,0.7448880024718961,0.7142996535461905,Strong
HOPE,NFBK,0.7448763326974485,0.7143159907247654,Strong
AUB,TCBI,0.744872140238554,0.7143218598943281,Strong
EFR,JQC,0.7448629371267722,0.7143347434826726,Strong
BKU,FIBK,0.7448526960718969,0.7143490798315668,Strong
INDB,LKFN,0.7448106154356336,0.7144079850678691,Strong
PNC,TRMK,0.7448101972505337,0.7144085704265681,Strong
CII,STK,0.7447940072732914,0.7144312321374376,Strong
EVRG,IDA,0.7447837231632076,0.7144456268139547,Strong
MS,RF,0.7447682791781297,0.7144672432265461,Strong
NWBI,SFBS,0.7447677990483237,0.7144679152371732,Strong
GABC,HBNC,0.7447631554124751,0.7144744146399155,Strong
CBSH,GABC,0.7447581138949836,0.7144814708654331,Strong
FFIC,PGC,0.7447487294466355,0.714494605372727,Strong
BUSE,FBP,0.744726125730545,0.7145262406230509,Strong
BKU,FISI,0.7447159527713174,0.7145404778298884,Strong
DCOM,WASH,0.7447066465295176,0.7145535018044239,Strong
OSBC,TOWN,0.7447064523320519,0.7145537735789352,Strong
ETO,IGA,0.7447063508548383,0.7145539155937244,Strong
COF,WBS,0.7446992413334736,0.714563865118474,Strong
FFIC,UBSI,0.744695346388307,0.7145693158983151,Strong
BGR,IMO,0.7446891175629021,0.7145780327397392,Strong
FFIC,SRCE,0.7446880524607808,0.71457952327116,Strong
BOH,DCOM,0.7446853682186936,0.7145832796550818,Strong
NFBK,UVSP,0.7446825122953683,0.7145872762715996,Strong
BOH,RF,0.7446816924244406,0.7145884236055877,Strong
IAG,KGC,0.7446748630124047,0.714597980668285,MST+Strong
AAT,BRX,0.7446666414202375,0.7146094857749405,Strong
GBCI,PFBC,0.7446624085645437,0.7146154090634435,Strong
GDV,IGD,0.744653473599531,0.7146279121339565,Strong
TRMK,ZION,0.7446395324618384,0.7146474201145087,Strong
CHSCN,CHSCO,0.7446201982231829,0.7146744738366092,MST+Strong
FHN,PNFP,0.7446087716115174,0.7146904622121141,Strong
EWBC,PRU,0.7445971216217631,0.7147067627751076,Strong
DTE,EXC,0.7445676007875967,0.7147480664015865,Strong
ATO,POR,0.7445651175327666,0.7147515407010095,Strong
CCBG,CTBI,0.7445609087752335,0.7147574290971259,Strong
OIS,PTEN,0.7445408500100728,0.7147854922841219,MST+Strong
BANF,FBNC,0.7445293548975864,0.7148015740083588,Strong
FBK,PEBO,0.7445231044183087,0.7148103183106569,Strong
EVT,ISD,0.7445070657030437,0.7148327556805946,Strong
CAC,SBCF,0.7444972855691534,0.7148464372588655,Strong
CAC,CBU,0.744495842799224,0.7148484555495326,Strong
BANF,QCRH,0.7444720452803694,0.71488174507345,Strong
AWF,BIT,0.7444593462531527,0.7148995086679628,Strong
COLB,WASH,0.7444538566914859,0.7149071874145819,Strong
CAC,PRK,0.744440264915209,0.7149261991070002,Strong
GGZ,JRI,0.7444387394611987,0.7149283328261671,Strong
MYI,NVG,0.7444359351238268,0.7149322553587483,Strong
CGO,CSQ,0.7444317858796632,0.7149380590237686,MST+Strong
BANR,TCBI,0.7443617231052055,0.7150360506922633,Strong
BOKF,FIBK,0.7443612019580533,0.7150367795322793,Strong
BGY,ETW,0.7443517248584687,0.7150500334123918,Strong
FIBK,RF,0.7443427157560304,0.7150626325630078,Strong
BDJ,FUND,0.7443394572221689,0.7150671895393204,Strong
AG,CDE,0.7443330413273499,0.7150761619193442,Strong
DCOM,PGC,0.7443324847117477,0.7150769403193649,Strong
SRCE,WTBA,0.7443310416829446,0.7150789583214645,Strong
AWF,HYT,0.7443299522848558,0.7150804817852942,Strong
BOKF,SBSI,0.7443209427296059,0.715093081032664,Strong
FBK,UBSI,0.744312702201309,0.7151046046540199,Strong
KRG,NNN,0.7443045458862956,0.7151160103279809,Strong
CPF,VLY,0.7443041273915646,0.7151165955401054,Strong
EXG,IGD,0.7442997483338819,0.7151227190715145,Strong
CFR,JPM,0.744298236820818,0.7151248327099011,Strong
FIBK,NBHC,0.7442927432351754,0.7151325146639952,Strong
CVE,EOG,0.7442849300181889,0.7151434401318537,Strong
FISI,WASH,0.7442628313672031,0.715174340469227,Strong
ASB,JPM,0.7442602045256266,0.7151780134684979,Strong
F,GM,0.7442501161617489,0.715192119417225,MST+Strong
BKH,LNT,0.7442409748955618,0.7152049008563045,Strong
NFBK,TRMK,0.744200305166813,0.7152617630395001,Strong
TRV,WRB,0.7441943320986886,0.7152701138749074,Strong
DCOM,QCRH,0.744187609933918,0.7152795118917947,Strong
HBNC,TRST,0.7441719107390622,0.7153014598907761,Strong
BGB,HPF,0.7441704751969749,0.7153034667929761,Strong
LADR,RITM,0.7441665188628195,0.7153089977585638,MST+Strong
TCBI,TOWN,0.7441559784231309,0.7153237331123149,Strong
CNOB,UCB,0.7441427527955641,0.7153422218832549,Strong
PGC,WBS,0.7441351789028801,0.7153528095941469,Strong
BPOP,IBOC,0.7441343050951658,0.7153540310990555,Strong
AMAT,ENTG,0.7441275266981876,0.7153635066199735,Strong
FBP,HOPE,0.7441165587656763,0.7153788384266391,Strong
NI,XEL,0.7441083929718404,0.7153902529782742,Strong
PRK,SSB,0.7441013626343074,0.7154000801868736,Strong
BOKF,NBTB,0.7441007300977384,0.7154009643581166,Strong
DCOM,INDB,0.7440640546036041,0.7154522281695624,Strong
QCRH,TMP,0.7440603793250946,0.7154573651516984,Strong
BOKF,MBWM,0.744053745435835,0.7154666373272272,Strong
EVT,NCZ,0.7440515662559307,0.7154696831369856,Strong
BXP,FRT,0.7440424224242093,0.7154824632033838,Strong
NFBK,TRST,0.7440418592737946,0.7154832502947995,Strong
CTRE,WELL,0.7440415865425675,0.7154836314793407,Strong
USB,WSBC,0.7440054025588053,0.7155342024546342,Strong
PNC,RNST,0.7439941271208839,0.7155499603509403,Strong
FRME,OZK,0.7439784473844505,0.7155718728619083,Strong
FBP,WSBC,0.7439767321187262,0.715574269913716,Strong
ASB,THFF,0.7439605797364008,0.7155968421724612,Strong
AGD,NFJ,0.7439604232290331,0.7155970608812852,Strong
HBAN,LNC,0.7439398514973281,0.7156258079508758,Strong
PNW,XEL,0.7439393664042614,0.7156264858090966,Strong
PBF,PSX,0.7439343365913176,0.7156335143195607,Strong
ACRE,BXMT,0.7439313165627608,0.7156377343841495,MST+Strong
AXP,BAC,0.7439268076634998,0.7156440348895534,Strong
PRK,UMBF,0.7439145247365255,0.715661198142633,Strong
FNB,PRU,0.7439056340582448,0.7156736210616613,Strong
FFBC,NFBK,0.743896720590635,0.7156860756076856,Strong
BTO,KEY,0.7438902347114184,0.7156951380141989,Strong
CFR,NBHC,0.7438800898976266,0.7157093126435808,Strong
CVBF,THFF,0.7438711947343003,0.715721740993942,Strong
BANF,EFSC,0.7438678906967331,0.7157263573507223,Strong
FITB,MS,0.7438595678673171,0.7157379857639008,Strong
AOD,AVK,0.7438352060616786,0.7157720222784925,Strong
BSRR,THFF,0.7438252700327984,0.7157859036991461,Strong
BK,C,0.7438207733903116,0.7157921857769731,Strong
USB,VLY,0.7438147293046535,0.7158006296383742,Strong
MBWM,SFBS,0.7437886502124184,0.7158370621692923,Strong
HAFC,NWBI,0.7437832692925351,0.7158445790916697,Strong
MTDR,PR,0.7437770642770346,0.7158532471435265,MST+Strong
CAC,CVBF,0.743772454951425,0.7158596860399041,Strong
TCBI,TFC,0.7437411592422535,0.7159034023634006,Strong
CFR,NWBI,0.7436951532517919,0.7159676623259016,Strong
AMAT,TER,0.7436872546255755,0.7159786943400265,Strong
BOH,WABC,0.7436694352485533,0.7160035820461329,Strong
IGA,NIE,0.743664960159869,0.7160098321114465,Strong
IRT,UDR,0.7436341207723116,0.7160529019949411,MST+Strong
CHW,EXG,0.7436307706419948,0.7160575805869319,Strong
BOH,CFG,0.7436229216859711,0.7160685418506093,Strong
CPF,PFBC,0.7436179787368163,0.7160754447168031,Strong
BAC,ONB,0.7436062570643409,0.7160918138558199,Strong
TFC,TOWN,0.7436018609778682,0.7160979528278681,Strong
MS,STT,0.7436014120810664,0.7160985796926754,Strong
CNOB,TRMK,0.7435887103360619,0.7161163168982231,Strong
EXC,PNW,0.7435710262949592,0.7161410108421955,Strong
AMP,CFG,0.7435533131087219,0.7161657446307776,Strong
LRCX,NVMI,0.7435523751114996,0.7161670543783767,MST+Strong
CLDT,HST,0.7435504711083339,0.7161697129754456,Strong
HST,INN,0.7435349960057837,0.7161913207994305,Strong
CSQ,ETB,0.7435171775161218,0.7162161998780511,Strong
CPF,TRST,0.7435069234657274,0.7162305167113066,Strong
POR,XEL,0.7435057990536399,0.7162320866120983,Strong
CNP,OGE,0.7434834767139078,0.7162632522838125,Strong
GS,RF,0.743459841235505,0.7162962498359111,Strong
BTO,TFC,0.7434525915500501,0.7163063708357618,Strong
AGD,ETW,0.7434520197436129,0.7163071691060856,Strong
BANF,TRMK,0.7434491826185036,0.7163111298611748,Strong
AUB,CCNE,0.7434104004133723,0.7163652693795641,Strong
INDB,PFS,0.7434093231143967,0.7163667732183052,Strong
BMRC,NBTB,0.7434011110867659,0.7163782365667373,Strong
CFG,FISI,0.7433707234661489,0.7164206537137956,Strong
FFBC,RBCAA,0.7433633185739307,0.7164309895950473,Strong
NML,PBA,0.7433567595746052,0.7164401446393058,Strong
DCOM,FIBK,0.743351203759916,0.7164478993480042,Strong
CFR,SBSI,0.743339680004145,0.7164639837365937,Strong
CBSH,SRCE,0.7433387025640524,0.7164653479910212,Strong
ADX,STEW,0.7433373067481269,0.7164672961857688,Strong
PRU,UCB,0.7433189622739301,0.716492899791854,Strong
AMP,COF,0.7433184633270613,0.7164935961652954,Strong
FCBC,NWBI,0.7433132470868226,0.7165008763611911,Strong
FNV,RGLD,0.7433064993824061,0.7165102938794304,Strong
GBCI,ZION,0.7433036735982337,0.7165142376837551,Strong
CAC,PGC,0.743270711759935,0.7165602392542654,Strong
NFBK,PFS,0.7432648760583548,0.7165683832568183,Strong
HBNC,WTFC,0.7432288974548886,0.716618591086097,Strong
KEY,LNC,0.7432189248907908,0.716632507090223,Strong
AUB,WABC,0.7431823426131955,0.7166835527438934,Strong
GBCI,HBAN,0.7431712652219266,0.7166990090380667,Strong
FBK,HWC,0.7431518587046616,0.7167260861658914,Strong
PB,WABC,0.7431510394826895,0.7167272291706386,Strong
HBNC,TRMK,0.7431497912070234,0.7167289708013436,Strong
EFT,JFR,0.7431245177928754,0.7167642320974514,Strong
AU,KGC,0.74310927277782,0.716785501000376,Strong
AOD,CET,0.7430933340908246,0.7168077369967144,Strong
GGZ,SCD,0.743087162515334,0.7168163467509178,Strong
PFBC,SBCF,0.7430661093326288,0.7168457165490649,Strong
AVK,CII,0.7430439028210866,0.7168766939703277,Strong
FCBC,SFNC,0.7430436145279897,0.7168770961217973,Strong
FRME,OSBC,0.7430322682678839,0.7168929232906628,Strong
CVBF,IBOC,0.7430311756504392,0.7168944473903544,Strong
FULT,HAFC,0.7430233500734675,0.7169053632475244,Strong
RF,SRCE,0.7430220884713212,0.7169071230343284,Strong
CPF,IBOC,0.7430108701386771,0.7169227711006576,Strong
AOD,CHI,0.7430100522589603,0.7169239119195839,Strong
FISI,TRST,0.7430078823946036,0.7169269385445025,Strong
AIG,HIG,0.7429882877125463,0.7169542695143863,MST+Strong
ASB,LKFN,0.7429739506876754,0.7169742663615266,Strong
FBK,OCFC,0.7429718294797216,0.716977224910636,Strong
ETV,IGA,0.7429667643813949,0.7169842893935754,Strong
CGO,CHW,0.7429514169029684,0.7170056946733848,Strong
BOH,PNC,0.7429314621810046,0.7170335247657468,Strong
FRME,TFC,0.7429282759492016,0.717037968382147,Strong
TRGP,WES,0.7429167911688692,0.71705398517982,Strong
LNC,UNM,0.742882970640873,0.7171011495725369,Strong
DCOM,GABC,0.7428276396031334,0.7171783047427838,Strong
ABCB,HTH,0.7428252580102137,0.7171816255172553,Strong
AWK,ED,0.7428164929616405,0.7171938469317196,Strong
AGD,CII,0.7427793851271909,0.7172455853789679,Strong
KYN,PEO,0.7427711004116399,0.7172571360235604,Strong
HTH,WTFC,0.7427675163042264,0.7172621329692145,Strong
OZK,UMBF,0.74276419197059,0.717266767708375,Strong
HAFC,HWC,0.742760334486121,0.7172721457213838,Strong
EAD,EVT,0.7427488433683315,0.7172881661252589,Strong
CFG,PEBO,0.7427400585099335,0.7173004133416716,Strong
DTE,NWE,0.7427376114248482,0.7173038248540876,Strong
APA,HAL,0.7427322708730746,0.7173112701288408,Strong
LNC,SF,0.7427164301585115,0.7173333532486671,Strong
ASA,HMY,0.7427129164087308,0.7173382515818729,Strong
BOH,CHCO,0.7427085722090591,0.7173443075552227,Strong
CPF,WASH,0.7427066373891043,0.7173470047486025,Strong
BSRR,MBWM,0.7426986864885626,0.7173580884208909,Strong
BSRR,FMBH,0.742664309193596,0.7174060089048655,Strong
BSRR,CATY,0.7426465061141592,0.7174308243807772,Strong
CCNE,TRST,0.7426407955553854,0.7174387840709681,Strong
ETJ,ETO,0.7426347172185521,0.7174472562933778,Strong
FHB,NBHC,0.7426218964784778,0.7174651260117417,Strong
BSRR,HOMB,0.7426149397602264,0.7174748221920733,Strong
AUB,FMBH,0.7425972257046972,0.7174995112127991,Strong
FBNC,FMBH,0.742595407035223,0.7175020459410231,Strong
FITB,UVSP,0.7425951038268482,0.717502468529763,Strong
CPF,QCRH,0.7425939377221482,0.7175040937553622,Strong
AEP,EVRG,0.7425939052589426,0.7175041389999884,Strong
SFBS,SYBT,0.7425922883950037,0.7175063924523548,Strong
EMO,PBA,0.7425901716349055,0.7175093426082959,Strong
CVBF,KEY,0.7425888649233985,0.7175111637829776,Strong
PFS,SBSI,0.7425865630843613,0.7175143718639212,Strong
TCBI,ZION,0.7425830161994703,0.7175193151414527,Strong
NFJ,SCD,0.7425818890334162,0.7175208860605855,Strong
HBAN,SRCE,0.7425760163075285,0.7175290707594663,Strong
FBNC,LKFN,0.7425746254691816,0.717531009128969,Strong
BANF,MBWM,0.7425575758982458,0.7175547701768197,Strong
ATO,NWN,0.7425489806886598,0.7175667485486492,Strong
DSU,FPF,0.7425463707708242,0.7175703857172142,Strong
CFFN,NBTB,0.7425142149717939,0.7176151963666964,MST+Strong
CFR,HFWA,0.7424985002658047,0.7176370945459764,Strong
EXG,LGI,0.7424927368592023,0.7176451255889609,Strong
LNC,VOYA,0.7424835877452657,0.717657874275388,Strong
CFG,WAL,0.7424590400565664,0.717692078740505,Strong
ABCB,OZK,0.742444385842534,0.7177124969755869,Strong
NFBK,SFNC,0.742434027771743,0.7177269288918411,Strong
GBCI,TFC,0.7424150634588522,0.7177533511466844,Strong
CATY,OSBC,0.7424118244372884,0.7177578638548123,Strong
EWBC,UVSP,0.7424097092372757,0.7177608108036051,Strong
GDV,JRS,0.742409427158596,0.7177612038016599,Strong
NBTB,WTBA,0.7424075628744087,0.7177638011568866,Strong
CPF,SSB,0.7423929481722675,0.7177841623047035,Strong
QCRH,TRST,0.7423731836834608,0.7178116971971676,Strong
BOH,TMP,0.7423656991392388,0.7178221240122948,Strong
BANR,FBP,0.742346680444858,0.7178486185194508,Strong
FBNC,TRST,0.7423241019853688,0.7178800707842936,Strong
TCBK,ZION,0.7423035641434935,0.7179086792294775,Strong
IBCP,RNST,0.7422867510720799,0.7179320983601724,Strong
DSU,HPS,0.742276422131274,0.7179464852880415,Strong
NI,PNW,0.7422737048194675,0.7179502701169942,Strong
EWBC,NWBI,0.7422660163526432,0.7179609789499103,Strong
DCOM,WTFC,0.7422309430520098,0.7180098285511003,Strong
HPI,ZTR,0.7422302895762836,0.7180107386713884,MST+Strong
CFG,OCFC,0.7422264121901518,0.7180161388295505,Strong
PNFP,SFBS,0.742220737243361,0.7180240424340106,Strong
RNST,TFC,0.7422155428937505,0.7180312766255375,Strong
GGZ,USA,0.7422082895583391,0.7180413782528984,Strong
HWC,PFG,0.742205096123191,0.7180458256640854,Strong
OSK,TEX,0.7422019225543102,0.718050245380767,MST+Strong
HBNC,SYBT,0.7422011697939744,0.7180512937193632,Strong
DSU,FFC,0.742198413001152,0.7180551329791439,Strong
COLB,HBNC,0.7421967251067534,0.7180574836226506,Strong
NRK,VMO,0.7421855906030772,0.7180729898790551,Strong
HPI,HYT,0.74218381711156,0.7180754596676313,Strong
PFBC,PNFP,0.7421752103599661,0.7180874454271344,Strong
DHI,LGIH,0.7421474726103386,0.7181260716471187,Strong
AUB,USB,0.742145679354431,0.7181285687752146,Strong
C,SYF,0.7421344784032605,0.7181441660234239,Strong
CTBI,HAFC,0.7421253088034369,0.7181569343765514,Strong
PNFP,SF,0.7421162056347347,0.7181696100020737,Strong
HTH,PFS,0.7421116077225361,0.7181760122385931,Strong
ETV,STEW,0.7420920435375756,0.7182032532123819,Strong
PFBC,WAFD,0.7420916440108712,0.7182038094985695,Strong
ATMP,PBA,0.7420852905774217,0.7182126557261134,Strong
EVT,PDT,0.7420644641927927,0.7182416526590578,Strong
AROW,BANR,0.7420603947377862,0.718247318494422,Strong
PFBC,WBS,0.7420548613850984,0.7182550224187808,Strong
BBT,DCOM,0.7420478992017858,0.718264715544644,Strong
AMP,GS,0.7420466980946688,0.7182663877773081,Strong
ADX,EXG,0.7420051790182312,0.7183241900169711,Strong
GSBD,TPVG,0.7419842228950809,0.718353363053197,MST+Strong
HBNC,WBS,0.741971241395195,0.7183714340155865,Strong
PB,SFBS,0.7419507679778634,0.7183999332156659,Strong
ETW,GAM,0.7419391643745974,0.7184160850445968,Strong
PRU,STT,0.7419344044086269,0.7184227106535165,Strong
AUB,BANF,0.7419118375582583,0.7184541216274588,Strong
BMRC,GSBC,0.7419081658918399,0.7184592321185107,Strong
PRK,UVSP,0.7418969392453232,0.718474857952144,Strong
FRT,SITC,0.7418935489723688,0.7184795766445017,Strong
COLB,MBWM,0.7418935199970091,0.7184796169732177,Strong
MBWM,WBS,0.7418792714377558,0.7184994482422993,Strong
FBP,FCF,0.7418735281205614,0.7185074416864986,Strong
AUB,PGC,0.7418673416638393,0.7185160517847332,Strong
GS,WFC,0.7418627955405742,0.7185223788573684,Strong
BGR,OKE,0.7418425825271032,0.7185505096691488,Strong
DAL,LUV,0.7418235024978329,0.7185770626761852,MST+Strong
ALLY,FITB,0.7417936467660751,0.7186186098813819,Strong
FTI,HAL,0.7417879880991965,0.7186264842055342,MST+Strong
AXP,PFG,0.7417877545607903,0.7186268091843078,Strong
IQI,VCV,0.7417718825925838,0.718648895368825,Strong
IQI,NRK,0.7417538947860219,0.7186739249673361,Strong
EOS,STEW,0.741747736916206,0.7186824932942141,Strong
CBSH,MBWM,0.7417451278315254,0.718686123656878,Strong
TMP,UMBF,0.7417438981537987,0.7186878346628685,Strong
CHI,EVT,0.7417361514773281,0.7186986134989714,Strong
BGB,FPF,0.7417193780356133,0.7187219517510046,Strong
EVT,NCV,0.7417106466828491,0.7187341000914745,Strong
EVR,GS,0.7417084667399512,0.7187371331162025,Strong
CFFN,TOWN,0.7417021580930296,0.7187459104676288,Strong
THFF,UCB,0.7417012497101723,0.7187471743107277,Strong
BGR,NML,0.7417004676798332,0.7187482623563924,Strong
BBT,CHCO,0.7416983659300393,0.7187511865311398,Strong
MTB,SBCF,0.7416894735541957,0.718763558405411,Strong
OVV,TRGP,0.741675870830639,0.7187824833276907,Strong
ASB,TRST,0.741670764137549,0.7187895879357895,Strong
PFLT,PNNT,0.7416692352030734,0.7187917150286676,MST+Strong
CPF,HBNC,0.7416669673826504,0.7187948700670445,Strong
FMBH,RNST,0.7416665725319912,0.7187954193899803,Strong
CBSH,CFG,0.7416435490597171,0.7188274493093358,Strong
MET,WFC,0.7415747816676241,0.7189231090073206,Strong
IGD,NFJ,0.7415619317793192,0.7189409825857486,Strong
HTD,JRS,0.7415312017167853,0.718983724827224,Strong
NTRS,PNC,0.7415307785232007,0.718984313426655,Strong
LEN-B,LGIH,0.7415084613888543,0.7190153525636928,Strong
IDA,NWE,0.7415064210977212,0.7190181901764082,Strong
HTD,NRO,0.7414825736516423,0.7190513560912847,Strong
CHW,GGZ,0.7414705818051426,0.7190680332136278,Strong
HOPE,TCBI,0.7414576934175707,0.7190859567289981,Strong
CSQ,JCE,0.7414436003864265,0.7191055549967243,MST+Strong
LKFN,SSB,0.7414430471687926,0.7191063243098441,Strong
BOE,CHW,0.7414425623705004,0.7191069984772774,Strong
HBAN,RJF,0.7414377240423343,0.7191137266909395,Strong
CAC,NFBK,0.7414345108998911,0.7191181948749578,Strong
ACV,GDV,0.7414334092334397,0.7191197268418664,Strong
HIG,L,0.7414306305793187,0.7191235907974113,Strong
AMP,AXP,0.7414070606347367,0.7191563659806722,Strong
NNN,UE,0.7414015899536744,0.7191639730219048,Strong
CPF,PNFP,0.7413912188237662,0.719178393969443,Strong
BPOP,UMBF,0.7413889153453874,0.7191815968927634,Strong
BANF,RNST,0.741375789037869,0.7191998483900437,Strong
EVV,JPC,0.7413648444405836,0.7192150659704181,Strong
LTC,OHI,0.7413522781435721,0.7192325379964785,Strong
NI,SO,0.7413447196406104,0.7192430470423604,Strong
FCBC,WTBA,0.7413392532148689,0.7192506472504993,Strong
APA,VET,0.7413219643271822,0.719274684210167,Strong
NRO,RFI,0.7413066333546386,0.7192959983836437,Strong
CBU,OCFC,0.7413059466481562,0.7192969530754928,Strong
HAL,OII,0.7413052774153951,0.7192978834733283,MST+Strong
ICHR,UCTT,0.7412977196383811,0.7193083905552874,MST+Strong
BOH,PEBO,0.7412802678136198,0.7193326520969004,Strong
PNC,TCBI,0.741273305069632,0.7193423314811496,Strong
AMAT,NVMI,0.7412476771042562,0.7193779575379604,Strong
CBU,IBOC,0.7412475901961302,0.7193780783480545,Strong
UMBF,WABC,0.7412426230894301,0.7193849830383866,Strong
BST,CII,0.7412242120357884,0.7194105753520886,Strong
NWBI,PGC,0.7412085229499186,0.7194323832718144,Strong
BDJ,CHW,0.7412070633097269,0.7194344121464765,Strong
FMBH,NBTB,0.7411832824719452,0.719467466294418,Strong
BOH,FITB,0.7411815392032653,0.7194698892889606,Strong
HTD,ZTR,0.7411772781499071,0.7194758117547704,Strong
BBT,OCFC,0.7411608795099159,0.7194986038764551,Strong
EPR,SPG,0.7411370999605675,0.7195316532848746,MST+Strong
LKFN,SFBS,0.7411299617123419,0.7195415739033543,Strong
CVX,SLB,0.7411266115770189,0.7195462298184615,Strong
BOE,GAM,0.7411228865266265,0.719551406743637,Strong
PGC,PNFP,0.7411180102622953,0.7195581835233406,Strong
HBNC,TMP,0.7411094808156672,0.7195700371532056,Strong
AROW,EFSC,0.7410669961473063,0.7196290764730031,Strong
SU,XOM,0.7410534129617641,0.7196479514849409,Strong
CNOB,HFWA,0.7410291785736903,0.7196816260351652,Strong
FNB,OSBC,0.7410200391534321,0.7196943251778049,Strong
CSQ,FUND,0.7410145526657189,0.7197019484957382,Strong
FISI,ONB,0.7410105262736194,0.7197075430011562,Strong
GS,JEF,0.7409935574764641,0.7197311199656937,MST+Strong
MYI,VMO,0.7409803199872695,0.7197495120008495,Strong
CFG,GS,0.7409696055821879,0.7197643981440205,Strong
FRST,TOWN,0.740962113730223,0.7197748068247137,Strong
CNQ,EOG,0.7409595801275337,0.7197783268096731,Strong
ERC,GHY,0.7409559015686739,0.7197834374745311,Strong
NNN,RQI,0.7409545021285258,0.7197853817235722,MST+Strong
NWBI,WTFC,0.7409484095703294,0.7197938460832666,Strong
BAC,UBSI,0.7409342036514533,0.7198135819065192,Strong
FIBK,THFF,0.7409172951840152,0.7198370715877098,Strong
FISI,HFWA,0.7408933080210727,0.7198703938611829,Strong
ASB,FFIC,0.7408712938932307,0.7199009738940062,Strong
FRT,HIW,0.7408642232809274,0.7199107954727066,Strong
FUND,GGZ,0.7408627028140256,0.7199129074908637,Strong
ASB,WABC,0.7408587930700256,0.7199183383273057,Strong
BEN,IVZ,0.7408587475124283,0.7199184016089208,MST+Strong
NFBK,SRCE,0.7408357877655433,0.7199502930542591,Strong
BSRR,CAC,0.7408332572982934,0.7199538078261779,Strong
ENB,PBA,0.740823383371938,0.7199675223620327,MST+Strong
EVV,HPI,0.7408187062651806,0.7199740186073652,Strong
COLB,GABC,0.7407979556068206,0.7200028394293725,Strong
EDU,TAL,0.7407900173161119,0.7200138647052403,MST+Strong
FCF,PRK,0.7407838180276014,0.7200224746108952,Strong
HFWA,WBS,0.7407813653776765,0.7200258809547384,Strong
CPF,FFIN,0.7407664318515842,0.7200466209189733,Strong
BSRR,HAFC,0.7407640849990845,0.720049880217913,Strong
EVR,MC,0.7407466019817223,0.7200741600950249,MST+Strong
FISI,RF,0.7407419003062378,0.7200806894977287,Strong
HOMB,USB,0.7407199956012376,0.7201111086474954,Strong
FFIC,MBWM,0.7407193097370488,0.720112061089038,Strong
ETR,PEG,0.7407139339303055,0.7201195262867054,Strong
EFSC,ZION,0.7406945040889333,0.7201465071928999,Strong
REG,SITC,0.740687768894855,0.7201558596653158,Strong
CFG,QCRH,0.7406854248853562,0.7201591145221226,Strong
BGH,BLW,0.7406760200368936,0.7201721738072173,Strong
HBAN,NBHC,0.7406695336394129,0.7201811804825048,Strong
ASB,PRU,0.7406541463864489,0.7202025459737713,Strong
KIM,NNN,0.740648044376057,0.7202110185548997,Strong
PNC,RJF,0.7406476891571858,0.720211511769722,Strong
HAFC,PGC,0.740638381075468,0.7202244357483742,Strong
CCNE,HOMB,0.7406271418759587,0.7202400407142626,Strong
CFFN,STBA,0.7406214238597444,0.7202479797128981,Strong
FHN,ZION,0.7406186423586845,0.7202518415683719,Strong
AROW,UVSP,0.7406113042972421,0.7202620296846945,Strong
ETJ,TY,0.740598921500743,0.7202792215512772,Strong
BFS,FRT,0.7405983323966795,0.7202800394337199,Strong
ATMP,MLPB,0.7405965769016217,0.7202824766692277,Strong
EGP,LXP,0.7405916959049403,0.7202892531407916,Strong
NWBI,PFBC,0.7405808367665522,0.720304329062998,Strong
ASB,FCBC,0.7405798584887168,0.7203056872068736,Strong
EWBC,SRCE,0.7405694685082849,0.7203201114667216,Strong
CVBF,MTB,0.7405498674591581,0.7203473225338481,Strong
ETR,EXC,0.7405276775471774,0.7203781263375819,Strong
FCBC,PGC,0.7404968321524873,0.7204209434039417,Strong
TCBK,WTBA,0.7404606611092934,0.7204711498605708,Strong
AEP,POR,0.7404559510032677,0.7204776873668363,Strong
OCFC,WASH,0.7404419814174095,0.720497076444576,Strong
FNB,HTH,0.7404276593726963,0.7205169541756858,Strong
CHSCM,CHSCO,0.7404160375557768,0.7205330838264448,Strong
CVBF,FBNC,0.7403928109874701,0.720565318361257,Strong
EFSC,PRK,0.7403845592832878,0.7205767699790386,Strong
EWBC,FHN,0.74037641325786,0.7205880747585822,Strong
HAFC,SBCF,0.740372433369987,0.7205935978483474,Strong
FRME,PNC,0.7403711868414028,0.7205953277098003,Strong
DTE,XEL,0.7403646310276683,0.7206044254267826,Strong
EVV,PFL,0.7403522139374588,0.7206216567138976,Strong
AEP,AWK,0.7402790851415345,0.7207231297224552,Strong
GDV,RNP,0.7402526702856617,0.7207597792806398,Strong
COLB,SBSI,0.7402494529363944,0.7207642430970137,Strong
HPI,PFN,0.7402275942933084,0.7207945694949311,Strong
SFBS,SRCE,0.7402274826367677,0.720794724402492,Strong
CHCO,WBS,0.7402156047399612,0.7208112031038902,Strong
BP,HAL,0.7402131145757289,0.7208146577647697,Strong
COLB,GSBC,0.7402119459736198,0.7208162789870664,Strong
BANF,PNFP,0.7402091242197091,0.7208201936409536,Strong
CCD,HPI,0.7402064358694546,0.7208239232025327,Strong
MBWM,WTFC,0.7401707628465256,0.7208734107365514,Strong
BK,JPM,0.7401644535542191,0.7208821629722585,Strong
IBOC,QCRH,0.7401643629621355,0.7208822886406137,Strong
BMO,MFC,0.7401639094919007,0.7208829176892726,MST+Strong
FFIN,PNC,0.7401465435556878,0.7209070071019039,Strong
SPXX,USA,0.7401178826035482,0.7209467628007659,Strong
OZK,TOWN,0.7401172593419798,0.7209476273045362,Strong
NFBK,WAFD,0.740103693686908,0.720966443481376,Strong
PDI,PFN,0.7401026798720768,0.7209678496686565,Strong
WAFD,WBS,0.740043091708818,0.7210504951682399,Strong
FCF,FFIC,0.7400044855325106,0.7211040347515598,Strong
BUSE,ZION,0.7399985406627753,0.7211122788265705,Strong
GDV,ZTR,0.7399980249485549,0.7211129939911568,Strong
FISI,TRMK,0.7399758178789355,0.721143788881336,Strong
HBAN,IBOC,0.7399595149388597,0.7211663955858458,Strong
BBAR,TGS,0.7399433532557576,0.7211888057149007,Strong
JPM,WTFC,0.7399372169748183,0.7211973142284734,Strong
FBNC,WASH,0.739934617055532,0.7212009192235795,Strong
IBOC,PGC,0.7399283393428616,0.7212096236977684,Strong
ETO,JRI,0.7399152604661554,0.7212277581095234,Strong
BANR,OZK,0.7398902597820202,0.7212624213391127,Strong
FNB,THFF,0.7398550037681688,0.7213113006626628,Strong
BSRR,FCBC,0.7398454804792156,0.7213245032865366,Strong
CCNE,FCF,0.7398067887743099,0.7213781410961799,Strong
ASA,IAG,0.7397995193187058,0.7213882182033391,Strong
RBCAA,UBSI,0.7397894327195561,0.7214022002744986,Strong
FFC,VVR,0.739788558940665,0.7214034114964178,Strong
AXP,PRU,0.739776136653266,0.7214206309036829,Strong
CAC,WAFD,0.739773661245312,0.7214240621918402,Strong
BOE,LGI,0.7397723653905633,0.7214258584351363,Strong
AIG,L,0.7397603475378509,0.721442516715156,Strong
GAB,GDV,0.739730510363689,0.721483873189569,MST+Strong
EVR,PIPR,0.7397127843101516,0.7215084416551872,MST+Strong
FFIN,HBAN,0.7397041257937558,0.7215204421307053,Strong
BBT,INDB,0.7396990531923819,0.7215274725297964,Strong
CVBF,PFS,0.7396955477927907,0.7215323308171427,Strong
EWBC,IBOC,0.7396954550802175,0.7215324593111283,Strong
EWBC,HFWA,0.7396856821420359,0.7215460038805067,Strong
BFS,UE,0.7396801385642039,0.7215536867562886,Strong
OHI,VTR,0.7396761648882016,0.7215591938459358,Strong
HIO,JPC,0.7396757728146341,0.7215597372156596,Strong
CCS,LGIH,0.7396421804182891,0.7216062909671879,Strong
ABCB,PRK,0.7396396122631186,0.7216098499007361,Strong
FITB,QCRH,0.7396311000836411,0.7216216459008958,Strong
HST,RHP,0.7396128149714567,0.7216469843746918,Strong
A,TMO,0.7396100167408518,0.721650861925832,MST+Strong
ARDC,JQC,0.7395977876272556,0.7216678077519385,Strong
KEY,PFG,0.7395766799160434,0.7216970556735792,Strong
CNOB,FCBC,0.7395614340040071,0.7217181804499495,Strong
MTB,STBA,0.7395467550421881,0.7217385190743416,Strong
NZF,PML,0.7395273081267095,0.7217654631156724,MST+Strong
AVK,ETW,0.7395193402073815,0.721776502516698,Strong
AROW,FULT,0.739519325360785,0.7217765230862181,Strong
AGD,STEW,0.7395037617219585,0.7217980857248674,Strong
AOD,CHY,0.739498958586225,0.7218047400977289,Strong
AXP,SF,0.7394924812845265,0.7218137138008304,Strong
FFA,RVT,0.739491029619747,0.721815724932968,Strong
FCPT,GLPI,0.7394875237829053,0.7218205818859624,MST+Strong
FPF,HPS,0.7394855746508491,0.721823282180827,Strong
BGY,ETO,0.739479053738323,0.7218323160702588,Strong
AROW,QCRH,0.7394693117390938,0.7218458121522991,Strong
CBU,EWBC,0.7394690700058633,0.7218461470343064,Strong
CSQ,IGD,0.739459052997237,0.7218600238311621,Strong
CVI,DINO,0.7394392050781278,0.7218875188308387,MST+Strong
TMP,VLY,0.7394345763194232,0.7218939308244346,Strong
AGD,TY,0.7394279623466744,0.7219030927393587,Strong
DSU,EFR,0.739422203305881,0.7219110702768298,Strong
BOKF,FBP,0.7393918953514004,0.7219530520035213,Strong
BKU,NBHC,0.7393856741537415,0.7219616691296824,Strong
CHW,EOS,0.7393710613231865,0.7219819092980287,Strong
AWF,HPI,0.7393699799269244,0.7219834071127612,Strong
FFIC,FULT,0.7393456667347424,0.7220170818827731,Strong
MET,WBS,0.7393411039614186,0.7220234013362467,Strong
AROW,CCNE,0.7393400933150772,0.7220248010766982,Strong
BOKF,PFS,0.7393206925139392,0.7220516705694418,Strong
AOD,NCV,0.7393079546148836,0.7220693116108956,Strong
BKH,OGS,0.7392983867164424,0.7220825621541591,Strong
GS,PRU,0.7392801998310475,0.7221077484267184,Strong
CHCO,VLY,0.7392728633926712,0.7221179081110353,Strong
CATY,RBCAA,0.739256641637382,0.722140371898176,Strong
DOC,UDR,0.7392508024349723,0.722148457818789,MST+Strong
ADX,ETV,0.7392436636391111,0.7221583432473642,Strong
SLRC,TPVG,0.7392361783854171,0.7221687082871743,Strong
FBK,WSFS,0.7392342613566717,0.7221713628264809,Strong
AGI,B,0.7392211096497168,0.7221895739351036,Strong
CAC,WTBA,0.7392198364433481,0.7221913369137737,Strong
BBT,PGC,0.7391750691157414,0.7222533224350839,Strong
BFS,REG,0.7391549872839476,0.7222811263158583,Strong
NMZ,NVG,0.7391514230611956,0.7222860609741882,Strong
DCOM,FFIC,0.7391497958279519,0.7222883138637203,Strong
FIBK,QCRH,0.7391419962293879,0.7222991122389838,Strong
INDB,TRST,0.7391364687593531,0.7223067648037735,Strong
HQH,THQ,0.739127803400291,0.7223187614892873,MST+Strong
OSBC,UVSP,0.7391265600180104,0.722320482863375,Strong
BCS,SAN,0.7390954279321478,0.722363581678717,Strong
HPS,HYT,0.7390867063803345,0.7223756552094839,Strong
CHY,ETW,0.7390848822040939,0.7223781804510795,Strong
FFBC,ZION,0.7390835449161887,0.7223800316783561,Strong
NWBI,WBS,0.7390827284538749,0.722381161916789,Strong
BPOP,HOPE,0.739069054422842,0.7224000907767911,Strong
KLAC,MPWR,0.7390665440313472,0.7224035658392791,MST+Strong
FFIN,QCRH,0.7390657635504336,0.722404646233074,Strong
CPF,FISI,0.7390138564215044,0.7224764959201034,Strong
HOMB,PGC,0.7390088142817569,0.722483474853568,Strong
CBU,QCRH,0.7390007985666807,0.7224945694374725,Strong
CPF,GABC,0.7389955311934034,0.722501859937532,Strong
HAL,SHEL,0.7389773052654951,0.7225270856300197,Strong
COLB,SFBS,0.7389771599010331,0.7225272868189366,Strong
CCBG,GSBC,0.738971088985855,0.7225356891035142,Strong
CBU,HBNC,0.7389680760352995,0.7225398590592779,Strong
ETJ,USA,0.7389505288299368,0.7225641441008033,Strong
SF,TFC,0.7389501697365445,0.7225646410715868,Strong
HAFC,OCFC,0.7389412025569175,0.7225770511759732,Strong
LRCX,MU,0.7389306416183928,0.7225916666854209,MST+Strong
EWBC,PEBO,0.7389283993971618,0.7225947697054528,Strong
FCBC,WSFS,0.7389256136156831,0.7225986249423907,Strong
DUK,OGE,0.7389250033869368,0.7225994694338811,Strong
BIT,VLT,0.7389217545947339,0.7226039653991198,Strong
AEP,NI,0.7389160878585201,0.7226118074616271,Strong
ABCB,CUBI,0.7389125194757847,0.7226167456186098,MST+Strong
OVV,VNOM,0.7389081538491058,0.7226227870070169,Strong
CFFN,RNST,0.7389020030911382,0.7226312986701612,Strong
CBSH,PEBO,0.738900739411757,0.7226330473874593,Strong
OSBC,PEBO,0.7388878965168683,0.722650819529227,Strong
CTBI,PGC,0.7388663424347157,0.722680645327221,Strong
FBP,FULT,0.7388605152455331,0.7226887085799347,Strong
CNOB,TRST,0.7388563911337569,0.7226944151800858,Strong
CSQ,EOD,0.7388476505318804,0.7227065095432856,Strong
CET,EVT,0.7388447338090219,0.7227105453651248,Strong
SBCF,WASH,0.7388252799916437,0.7227374627184567,Strong
BKU,CTBI,0.7387826817774812,0.7227964004095743,Strong
COF,GS,0.7387705774960669,0.7228131466761422,Strong
C,HWC,0.7387665924371992,0.7228186599179642,Strong
BGB,HIO,0.7387520713661331,0.7228387491465394,Strong
FFIC,VLY,0.7387334237862541,0.722864546389911,Strong
MS,NTRS,0.7387212075342758,0.7228814459726078,Strong
GABC,NFBK,0.738720342103496,0.7228826431676223,Strong
CNO,UNM,0.7387196509317437,0.7228835992997161,Strong
BCE,TU,0.7387129656631239,0.722892847297407,MST+Strong
HPI,JQC,0.7386892404694776,0.7229256663454721,Strong
FISI,PFBC,0.7386713927145518,0.7229503541536558,Strong
AGD,LGI,0.738654927017353,0.7229731294905046,Strong
HPF,RZB,0.7386447864908291,0.7229871555002494,Strong
BBT,PFBC,0.7386236162784585,0.7230164364957985,Strong
DX,IVR,0.7386219480215592,0.7230187438489278,MST+Strong
BBT,NBHC,0.7385748334854101,0.72308390455685,Strong
FFBC,FFIC,0.7385709277675796,0.7230893060091822,Strong
DCOM,EWBC,0.738558506432061,0.7231064839536968,Strong
COF,HWC,0.7385520194734483,0.7231154548570397,Strong
FMNB,GSBC,0.7385505125996116,0.7231175387174459,Strong
CHW,ETO,0.7385470214281495,0.7231223666459923,Strong
ETY,LGI,0.7385458584603438,0.7231239749028602,Strong
IQI,NVG,0.738543968792641,0.7231265880983205,Strong
AWF,ERC,0.7385438225463484,0.7231267903399121,Strong
EXG,RMT,0.7385389974098375,0.7231334629100806,Strong
IBCP,TRST,0.7385364211083718,0.7231370255928377,Strong
CCBG,SRCE,0.7385315650075835,0.7231437408875451,Strong
IGR,RFI,0.7385292668554321,0.723146918882419,Strong
FISI,UCB,0.7385266638399749,0.7231505184400066,Strong
FMBH,HOPE,0.7385151907464517,0.7231663836954098,Strong
NHI,O,0.7384913114031414,0.7231994034799235,Strong
ADI,MPWR,0.7384674024940902,0.7232324626368895,MST+Strong
CNQ,MUR,0.7384609540739617,0.7232413786918421,Strong
CFFN,NWBI,0.7384494541185608,0.7232572790942919,Strong
NBHC,RF,0.738435487319255,0.7232765898060645,Strong
ARCC,SLRC,0.7384325571513286,0.7232806410359279,Strong
GBCI,OZK,0.7384263146200023,0.7232892718408005,Strong
CTBI,OSBC,0.7384180740561392,0.7233006649296829,Strong
AAT,BDN,0.738412006225434,0.7233090539659599,Strong
JEF,MS,0.7383930360671016,0.7233352803961637,Strong
BANF,WSFS,0.7383864664902886,0.7233443626789544,Strong
NBHC,PB,0.7383862209279027,0.7233447021608678,Strong
FHN,FULT,0.7383832844030496,0.7233487617974478,Strong
FANG,SLB,0.7383794435460275,0.7233540716052859,Strong
RBCAA,WSBC,0.7383651409060661,0.7233738440031322,Strong
FCBC,FFIN,0.7383262127503742,0.7234276567143749,Strong
BK,PRU,0.7383258439421401,0.7234281665208508,Strong
CSQ,GLQ,0.7383258381702974,0.7234281744993107,Strong
FFIC,WASH,0.7383215103049371,0.7234341569141768,Strong
FULT,IBCP,0.7383184420492602,0.723438398138694,Strong
FFBC,OSBC,0.7383084870362244,0.7234521586999041,Strong
CSX,UNP,0.738267223394099,0.7235091935917621,Strong
CAC,HBNC,0.7382593110243191,0.7235201296103391,Strong
IBCP,TCBK,0.7382489034894139,0.7235345140497254,Strong
ENTG,KLAC,0.738231706550357,0.7235582816188936,Strong
IBCP,SYBT,0.7382010406375139,0.723600662468583,Strong
DCOM,NWBI,0.7381987079140008,0.7236038862333442,Strong
FCBC,RNST,0.7381833476401023,0.7236251133838539,Strong
TFC,TRMK,0.7381742689814708,0.7236376593551903,Strong
CCNE,HOPE,0.7381653130249262,0.7236500355490544,Strong
BANF,SFNC,0.7381631441983886,0.7236530326083231,Strong
PIPR,SF,0.738162272323678,0.723654237431554,Strong
KGC,RGLD,0.7381590007620417,0.7236587583080278,Strong
CNOB,CPF,0.7381517909659848,0.723668721217126,Strong
FMBH,WSFS,0.7381501761797327,0.7236709526024481,Strong
CATY,MET,0.7381499392840276,0.7236712799551636,Strong
AGD,ETY,0.7381486831814283,0.7236730156895055,Strong
FBNC,INDB,0.7381389675828239,0.7236864409634549,Strong
AAL,ALK,0.7381367254162419,0.7236895392138235,Strong
EOG,SM,0.7381344444243493,0.7236926910998214,Strong
CCBG,MBWM,0.7381250712445091,0.7237056428624705,Strong
FHB,FITB,0.7381083827805268,0.7237287022351306,Strong
DSL,JPC,0.7380944861039138,0.7237479034803295,MST+Strong
CFR,MET,0.7380765548235445,0.7237726786449672,Strong
EWBC,PFBC,0.7380742608626952,0.7237758480873824,Strong
FISI,FITB,0.7380688929377401,0.7237832646065532,Strong
TCBI,TRMK,0.7380679278329559,0.723784598022152,Strong
GHY,JGH,0.7380629992874048,0.7237914073993904,Strong
GABC,PNFP,0.7380591815340629,0.7237966820398352,Strong
HAFC,ONB,0.7380534805985287,0.7238045584292369,Strong
C,WBS,0.7380495684439247,0.7238099633965746,Strong
PFBC,THFF,0.7380472255794683,0.7238132002395807,Strong
ESNT,NMIH,0.7380416193543397,0.723820945601411,Strong
NHI,NNN,0.7380260459273471,0.7238424608609982,Strong
JPM,WBS,0.7380098538815815,0.7238648300869693,Strong
ABCB,CCNE,0.7379988221356061,0.7238800699900418,Strong
SFBS,UVSP,0.7379813538493873,0.723904201052339,Strong
CHI,ETW,0.7379516744240372,0.7239451989977733,Strong
CCNE,QCRH,0.7379501713615335,0.7239472752051305,Strong
FMBH,SBCF,0.73793451164583,0.7239689058988238,Strong
BRK-B,PRU,0.7379297891810107,0.7239754288910492,Strong
LPLA,SF,0.7379273721079813,0.7239787674953164,MST+Strong
GBCI,TCBI,0.7379200103091764,0.7239889359525097,Strong
EOD,NFJ,0.7379178469026161,0.723991924122616,Strong
LKFN,WABC,0.7379106451614127,0.7240018713215972,Strong
BTE,VET,0.7378940940467228,0.7240247315572544,Strong
FFBC,WTBA,0.7378926544460402,0.7240267198853365,Strong
CVBF,HBNC,0.7378783695195938,0.7240464494497658,Strong
BBT,CNOB,0.7378717038876264,0.7240556554745963,Strong
FBP,IBOC,0.737864121274654,0.724066127816163,Strong
BGB,BIT,0.737859502825528,0.724072506278856,Strong
IIM,VCV,0.7378571631929484,0.724075737484763,Strong
CFR,WFC,0.737826202964081,0.7241184944964726,Strong
BANF,TCBK,0.737791631120043,0.724166236274458,Strong
HBNC,KEY,0.737766419949311,0.7242010495030906,Strong
OVV,VET,0.737764434797935,0.7242037906584928,Strong
FRST,IBCP,0.7377605850420099,0.7242091064851229,Strong
DCOM,HWC,0.7377572706402721,0.7242136830518019,Strong
PAYC,PCTY,0.7377556340712287,0.7242159428357972,MST+Strong
EVF,JFR,0.7377463131945559,0.7242288130217468,Strong
DLR,EQIX,0.7377375998192749,0.7242408441681885,MST+Strong
FCPT,NNN,0.7377372316192338,0.7242413525624813,Strong
GDV,JCE,0.7377337115287289,0.7242462129293754,Strong
MSBI,TOWN,0.7377297906917332,0.7242516265888076,Strong
FFIC,FRME,0.7377183511964728,0.7242674213348647,Strong
GLO,NIE,0.7377169214372091,0.7242693954086296,Strong
KEY,TRMK,0.737686773452699,0.7243110195866153,Strong
BPOP,EWBC,0.7376705337267828,0.7243334401685693,Strong
BPOP,ZION,0.7376575759674038,0.7243513291664428,Strong
BPOP,BUSE,0.7376167178817012,0.7244077334185476,Strong
AXP,C,0.7376166324888862,0.7244078512980292,Strong
BIT,JFR,0.7376079588203547,0.724419824659217,Strong
COLB,OCFC,0.737606764996214,0.7244214726301064,Strong
RF,STBA,0.7376001062264712,0.7244306644165869,Strong
CFG,SRCE,0.7375935476097281,0.7244397178375465,Strong
CNQ,PEO,0.7375841576734312,0.7244526793746694,Strong
BGY,NFJ,0.7375750383023827,0.7244652672110891,Strong
ARR,DX,0.7375662513726154,0.7244773959584724,Strong
FCBC,FMBH,0.7375526156296486,0.7244962172024798,Strong
HAL,OXY,0.7375492987941795,0.7245007953147056,Strong
AFL,PRU,0.7375402960796626,0.7245132213014989,MST+Strong
DCOM,LKFN,0.7375340824261268,0.7245217975656401,Strong
CCNE,GABC,0.7375149782263306,0.7245481650983175,Strong
BBT,IBCP,0.7375069764907268,0.7245592087735455,Strong
CET,STEW,0.7374975093147164,0.7245722747735848,Strong
JPC,PFO,0.7374879893289139,0.7245854134207865,Strong
GAM,USA,0.7374858620038034,0.7245883493352575,Strong
BKH,NJR,0.7374837695239459,0.724591237148303,Strong
FBK,FRME,0.7374832075831986,0.7245920126758248,Strong
KEY,MET,0.7374822669507322,0.7245933108292787,Strong
FNB,FRST,0.7374340793793466,0.7246598106983075,Strong
AMP,STT,0.7374276354499232,0.7246687029947917,Strong
CBSH,PRK,0.737402344151612,0.7247036026519919,Strong
LKFN,PRK,0.7373860714211505,0.7247260566294681,Strong
CHI,NIE,0.7373645972356253,0.7247556867860709,Strong
BBT,UMBF,0.7373507045110721,0.7247748553708633,Strong
ETR,OGE,0.737342862501615,0.7247856752149355,Strong
ETG,GLO,0.7373357226235234,0.7247955261678656,Strong
HTB,UVSP,0.7373212921933326,0.7248154355512406,Strong
ETG,STK,0.7373013422600163,0.7248429591849309,Strong
CATY,CUBI,0.7372951299807009,0.7248515296518303,Strong
PFG,WBS,0.7372870334022809,0.7248626995476029,Strong
CFR,MBWM,0.737277134668807,0.7248763554306252,Strong
ETG,ETJ,0.7372683249751102,0.724888508703083,Strong
FMNB,TOWN,0.7372676253963093,0.7248894737871294,Strong
FCBC,HFWA,0.7372675715558833,0.7248895480611053,Strong
CII,GLO,0.7372537652557407,0.7249085938851315,Strong
BOE,FFA,0.7372481349643731,0.7249163607418815,Strong
PNC,WSFS,0.7372132339513578,0.724964504025738,Strong
AGI,PAAS,0.7372095156445464,0.7249696329577586,Strong
INDB,ZION,0.7372083704070498,0.7249712126601306,Strong
BANC,FNB,0.7371990443899182,0.7249840765286942,MST+Strong
FMBH,SYBT,0.7371840485513943,0.7250047606031366,Strong
BBT,RF,0.7371748707771241,0.7250174194084938,Strong
BGX,DSU,0.7371745293612169,0.7250178903155192,Strong
BMRC,CATY,0.7371688879208386,0.7250256713788298,Strong
WAL,WTFC,0.7371623298697441,0.7250347165898415,Strong
FFIN,ZION,0.7371563856976537,0.7250429150089618,Strong
ARI,EFC,0.7371489755054719,0.725053135286688,Strong
FBNC,TMP,0.7371427663633221,0.7250616989424802,Strong
LGI,NIE,0.7371424075626788,0.7250621937976373,Strong
MTB,WSFS,0.7371277899004143,0.7250823540806737,Strong
GHY,JRI,0.7371206843003859,0.7250921537289092,Strong
BLW,FRA,0.7371183805249854,0.7250953309393389,Strong
BOE,USA,0.7370934821234386,0.7251296682339806,Strong
BOE,QQQX,0.7370898114246621,0.7251347303437312,Strong
PFBC,SFBS,0.7370870833221659,0.725138492534818,Strong
PRK,SFBS,0.7370835159935563,0.7251434120316391,Strong
FDUS,PFLT,0.7370677290158897,0.7251651825399649,Strong
HTB,PEBO,0.7370666974746658,0.7251666050299533,Strong
FBK,FCF,0.7370616830047246,0.7251735199181991,Strong
LGI,STEW,0.7370534026667882,0.7251849382512185,Strong
BSRR,FRME,0.7370453026388603,0.7251961077682915,Strong
FNB,MSBI,0.7370175044149363,0.725234438764547,Strong
HBAN,STBA,0.7370159625345348,0.7252365648055332,Strong
FBNC,RF,0.7370124913764594,0.7252413510322485,Strong
ISD,KIO,0.7369824049186018,0.7252828345981975,MST+Strong
AROW,PFS,0.7369775344324577,0.7252895498592852,Strong
CVBF,NFBK,0.7369739049922216,0.7252945539679426,Strong
EFT,JQC,0.7369702385434731,0.7252996090672142,Strong
PFG,RJF,0.7369629061421414,0.7253097184759881,Strong
PGC,UBSI,0.7369290714176748,0.7253563656332316,Strong
SCD,USA,0.736925855988622,0.7253607985153016,Strong
GTY,O,0.7368881975414754,0.7254127135066281,MST+Strong
BLW,ERC,0.7368613161561565,0.7254497692381514,Strong
NBTB,WTFC,0.7368560040167583,0.7254570917473226,Strong
COF,PFG,0.7368485141126081,0.7254674160668995,Strong
FFIN,TFC,0.7368245340340394,0.7255004699736047,Strong
CMI,PCAR,0.7368234195165556,0.7255020061770255,MST+Strong
BKU,QCRH,0.7368208082282299,0.7255056054528732,Strong
PPL,SO,0.7368206644841351,0.7255058035823903,Strong
CCBG,UVSP,0.7368029252940677,0.7255302539604153,Strong
AOD,GLQ,0.7367849026237081,0.7255550942227501,Strong
ADX,QQQX,0.7367809387930336,0.7255605573719762,Strong
CATY,FHN,0.7367793338362033,0.7255627693918655,Strong
FFA,IGA,0.7367729837676806,0.7255715212607499,Strong
CAC,WTFC,0.736770171374105,0.725575397358393,Strong
HWC,SFBS,0.7367671552743053,0.7255795541850594,Strong
HAFC,WSFS,0.7367567889886157,0.7255938409487559,Strong
INDB,OCFC,0.7367498906314238,0.7256033480746573,Strong
EVV,PFN,0.7367331468904812,0.7256264233192157,Strong
DK,VLO,0.7367268916493983,0.7256350437383818,Strong
PNFP,SBSI,0.7367252069792347,0.7256373653840674,Strong
FISI,RNST,0.736682851515391,0.7256957330515441,Strong
FHB,SBSI,0.7366674724476685,0.7257169249126432,Strong
COLB,PNC,0.7366547398711827,0.725734469525621,Strong
CPT,IRT,0.7366469716268245,0.7257451734227043,Strong
CAC,SFBS,0.736638787811519,0.7257564497660093,Strong
BDJ,LGI,0.7366387548315337,0.7257564952082293,Strong
IVR,MITT,0.7366367488560629,0.725759259181634,MST+Strong
CVBF,HBAN,0.7366352284796568,0.7257613540556471,Strong
NFBK,RNST,0.7366330752715751,0.7257643208761712,Strong
BSRR,FBNC,0.7366319972111277,0.725765806288602,Strong
FBP,PNC,0.7366314036169614,0.7257666241747943,Strong
ACGL,CB,0.7366287854525905,0.7257702316124705,MST+Strong
HAFC,TCBK,0.7366209676925436,0.7257810032061413,Strong
FITB,GS,0.7366159004570527,0.7257879849418111,Strong
LNC,USB,0.7365960995163924,0.7258152664192282,Strong
HOMB,SF,0.7365851841557945,0.725830305022056,Strong
FISI,KEY,0.7365564997886526,0.7258698233310811,Strong
SBCF,USB,0.736555288684592,0.7258714918157456,Strong
NWBI,RF,0.736536495428127,0.7258973819650721,Strong
MET,MFC,0.7365246220207711,0.7259137386483726,Strong
BDJ,ETJ,0.7365190769422691,0.7259213773649745,Strong
PGC,TRST,0.7365139204010649,0.7259284807733267,Strong
FITB,WAL,0.7365095545601553,0.7259344948958476,Strong
HOMB,RBCAA,0.7365052599936264,0.7259404107864138,Strong
D,XEL,0.7364951037977191,0.7259544010504805,Strong
COP,CVE,0.7364747843364563,0.7259823905075711,Strong
FBP,HOMB,0.7364687903638827,0.725990646821455,Strong
AEP,PNW,0.7364671464625795,0.7259929111739597,Strong
NFJ,STK,0.7364654189180463,0.7259952907312192,Strong
FBNC,PFBC,0.7364281608269133,0.7260466089351105,Strong
BBT,TMP,0.7364216964641385,0.7260555123898744,Strong
FMBH,FNB,0.7364207011925897,0.7260568831812151,Strong
SID,VALE,0.7364120176941973,0.726068842887233,MST+Strong
FBK,SRCE,0.7364064388220996,0.7260765265148026,Strong
E,EQNR,0.7363863411403293,0.7261042058267817,Strong
IBCP,ONB,0.7363802441124868,0.726112602682963,Strong
FNB,GABC,0.7363721031586578,0.7261238142924968,Strong
MUC,NZF,0.7363402320219329,0.7261677051178566,MST+Strong
HWC,SYBT,0.7363342866403983,0.7261758924112004,Strong
HWC,PFBC,0.7363302763390129,0.7261814148833431,Strong
BOH,NBHC,0.7363161613770494,0.7262008518625555,Strong
GABC,IBCP,0.7363101539778377,0.7262091241814058,Strong
IBOC,NBHC,0.7363090847653594,0.7262105965002722,Strong
DCOM,THFF,0.7363000971038384,0.7262229725038469,Strong
NFBK,WSFS,0.7362995284773364,0.7262237554950453,Strong
CCBG,FRME,0.7362910712594537,0.7262354008729488,Strong
CTBI,FHB,0.7362900067028499,0.726236866727585,Strong
SYBT,WABC,0.7362847806818574,0.726244062720161,Strong
CPF,EWBC,0.7362824995820492,0.7262472036682149,Strong
EMO,NXG,0.7362537476609629,0.7262867923059556,MST+Strong
SF,USB,0.7362388987127285,0.7263072370385297,Strong
CNQ,MTDR,0.73623874802636,0.7263074445076823,Strong
CTRE,VTR,0.7362369432595973,0.726309929355785,Strong
PFS,SSB,0.7362204853444794,0.7263325886335001,Strong
BOKF,SYBT,0.7362201452617774,0.7263330568523267,Strong
RBCAA,UVSP,0.7362074709895581,0.7263505063128158,Strong
BKU,MBWM,0.7362038098700288,0.7263555467262176,Strong
HAL,SU,0.736202308885117,0.7263576131835929,Strong
BBT,HBNC,0.7361816664353702,0.726386031755333,Strong
FNB,OZK,0.7361816618288457,0.726386038097036,Strong
AVK,BDJ,0.7361717327108536,0.7263997071711228,Strong
THFF,WTBA,0.7361707529169184,0.7264010560056774,Strong
ATMP,TYG,0.7361403299023114,0.7264429366408467,Strong
FBP,PNFP,0.7361251029529321,0.7264638973095193,Strong
HBAN,NWBI,0.7361178046389162,0.726473943594791,Strong
HBNC,SSB,0.7361167203960362,0.7264754360664425,Strong
HYT,JRI,0.7361063920620673,0.7264896529723361,Strong
CAC,VLY,0.7361000068544252,0.7264984420431675,Strong
AGD,EXG,0.7360928242665835,0.7265083285598541,Strong
CCBG,FCBC,0.736083247418196,0.72652151046174,Strong
AGI,RGLD,0.7360746443411599,0.7265333518274851,Strong
MTB,PFG,0.7360744833166402,0.7265335734614882,Strong
AROW,WASH,0.7360736865985974,0.7265346700624858,Strong
HBAN,UVSP,0.7360654689120433,0.7265459807719766,Strong
DSU,LDP,0.7360505781035847,0.7265664758250484,Strong
SSB,WASH,0.7360486115828782,0.7265691824143409,Strong
HOMB,ZION,0.7360422204348511,0.7265779786989816,Strong
AGD,BOE,0.7360374869756928,0.7265844933995044,Strong
BUSE,USB,0.7360342832833114,0.7265889026357182,Strong
CTBI,FBK,0.7360319103608086,0.7265921684675543,Strong
CMS,EXC,0.7360253537182925,0.7266011922391918,Strong
ASA,EXK,0.7360029779252512,0.726631986737095,Strong
CAC,SSB,0.7359767101591171,0.7266681358651731,Strong
FBK,SBCF,0.7359714041744594,0.7266754376274742,Strong
SYBT,WAFD,0.7359684865999148,0.7266794525787629,Strong
EOS,GLO,0.7359467829533516,0.7267093188430274,Strong
EFSC,WABC,0.7359461109339044,0.726710243585565,Strong
HOPE,IBCP,0.7359346070950434,0.7267260734347661,Strong
FBNC,FFIC,0.7359203684771183,0.7267456659972341,Strong
CMS,WTRG,0.7359196335893355,0.7267466772000605,Strong
CBU,OZK,0.7358961705084691,0.7267789615715784,Strong
FFIC,THFF,0.7358897827462593,0.7267877506586647,Strong
GTY,LTC,0.7358770441259191,0.726805277738241,Strong
MSBI,UVSP,0.735826689861876,0.7268745560798286,Strong
CVE,TRGP,0.7358096651534166,0.7268979774997085,Strong
CATY,HTH,0.7358023717567689,0.7269080110209697,Strong
SSB,SYBT,0.735783439659339,0.7269340552493891,Strong
FMBH,ONB,0.7357715568848898,0.7269504014925781,Strong
CPF,SYBT,0.7357690457541928,0.7269538558200338,Strong
TRST,WAFD,0.735748922791511,0.7269815365034918,Strong
PGC,VLY,0.7357471075441636,0.7269840334640595,Strong
NBTB,ZION,0.7357150331933234,0.7270281518712691,Strong
DCOM,FMBH,0.735700930321896,0.727047549584075,Strong
CFFN,CVBF,0.7356853188868864,0.7270690216384049,Strong
CFG,PGC,0.7356833703575171,0.7270717016119977,Strong
FIBK,ZION,0.7356468873825511,0.7271218778409144,Strong
SBSI,VLY,0.7356260986111349,0.7271504677697251,Strong
LRCX,MPWR,0.7356192476509779,0.7271598893627482,Strong
BOE,GGZ,0.7356170743397158,0.7271628781233049,Strong
EWBC,WFC,0.7356167472209516,0.727163327979414,Strong
GBCI,MTB,0.7356131681646637,0.7271682499055309,Strong
CNO,L,0.735612283149717,0.7271694669749039,Strong
ACV,CSQ,0.7356109476301942,0.7271713035726943,Strong
FISI,GABC,0.7356002971989019,0.7271859498107731,Strong
MSBI,PEBO,0.7355789577832936,0.7272152944165935,Strong
CBSH,GSBC,0.7355628811949365,0.7272374011353699,Strong
CHMI,EARN,0.7355598142194585,0.7272416184192727,MST+Strong
SYBT,TRST,0.7355382809129242,0.7272712273795463,Strong
QCRH,RF,0.7355366143802962,0.7272735188630256,Strong
BBT,CAC,0.7355354033826792,0.7272751839810304,Strong
BANF,ONB,0.7355340463090069,0.7272770499486328,Strong
HBNC,PFBC,0.7355163271052666,0.7273014133008864,Strong
NTRS,USB,0.7355042959313439,0.7273179553244318,Strong
ETW,NCZ,0.7355007070072699,0.7273228897714276,Strong
QCRH,WAFD,0.7354928943532482,0.7273336313504991,Strong
MUR,SLB,0.7354824114489978,0.7273480439940733,Strong
EWBC,MBWM,0.7354814345958434,0.7273493870268355,Strong
RF,TCBK,0.7354734159703299,0.7273604113913131,Strong
OII,SLB,0.7354582476619377,0.7273812650021477,Strong
IBCP,KEY,0.735447801166363,0.7273956266484382,Strong
COLB,PFS,0.7354399904433769,0.727406364498721,Strong
HAFC,WBS,0.7354245860606798,0.7274275413253476,Strong
OCFC,THFF,0.7354240680138374,0.7274282534878097,Strong
CII,FUND,0.7354226098092954,0.7274302580876115,Strong
ERC,VLT,0.7354019919174704,0.7274586009973758,Strong
ETW,IGD,0.7353972798730274,0.7274650783741754,Strong
FITB,PEBO,0.7353919599250085,0.7274723913317831,Strong
MBWM,NBHC,0.7353654129828068,0.7275088824436348,Strong
AFG,AFL,0.7353535884614776,0.7275251357011968,MST+Strong
BKH,IDA,0.7353156357822223,0.7275773006599061,Strong
IQI,MYI,0.735294784664414,0.7276059583807516,Strong
BBT,EWBC,0.735290652610058,0.7276116373312648,Strong
DPG,TYG,0.735290093284376,0.7276124060454494,MST+Strong
BAC,SFNC,0.7352889345303097,0.7276139985867373,Strong
INDB,WTFC,0.7352797923790694,0.7276265630403148,Strong
HPS,VLT,0.7352789139516156,0.7276277702897057,Strong
CHCO,PNFP,0.735265960521165,0.7276455723480147,Strong
CBSH,WTFC,0.7352587531731128,0.7276554773062416,Strong
RBCAA,STBA,0.7352508027972241,0.7276664032409026,Strong
ETV,GAM,0.7352506308964489,0.7276666394765546,Strong
ESRT,PDM,0.735248823542202,0.7276691232391244,Strong
HAFC,VLY,0.7352329039472729,0.7276910004290654,Strong
IBCP,NWBI,0.7352203789145482,0.7277082122464358,Strong
NBHC,PFS,0.7351929602687879,0.7277458893476653,Strong
EXG,SCD,0.7351906326664907,0.7277490877129416,Strong
DPG,JRI,0.7351891553252046,0.727751117724728,MST+Strong
CCNE,WSFS,0.7351887862214032,0.7277516249086591,Strong
KEY,SRCE,0.7351860811558986,0.7277553419166382,Strong
MCR,MMT,0.7351674958714869,0.7277808792878707,MST+Strong
JRI,ZTR,0.7351479672207056,0.7278077119394852,Strong
GGZ,NIE,0.7351209665741805,0.7278448095931158,Strong
FIBK,HBAN,0.7351191914773669,0.7278472484287251,Strong
BTO,WTFC,0.7351088538595676,0.727861451294726,Strong
NTRS,PRU,0.7351029863050833,0.7278695126118646,Strong
CCNE,FISI,0.7350878813446947,0.7278902646076609,Strong
HWC,JPM,0.735083071235675,0.7278968728663766,Strong
COLB,OZK,0.7350706240634712,0.7279139728519144,Strong
WFC,WTFC,0.7350651795719462,0.7279214523944927,Strong
CATY,MSBI,0.7350616036951413,0.7279263648266338,Strong
PEBO,WABC,0.7350513103486249,0.7279405053318232,Strong
FMBH,TRMK,0.7350384943810393,0.7279581109088087,Strong
EFSC,HAFC,0.7350258213222537,0.7279755197501442,Strong
PFBC,UMBF,0.7349691523008669,0.7280533602685082,Strong
FFIC,HWC,0.7349547034391828,0.7280732058808609,Strong
FITB,PGC,0.7349538653881366,0.7280743569332234,Strong
PTEN,RES,0.7349503429398934,0.7280791949508056,MST+Strong
AXP,FITB,0.7349373511547734,0.7280970386496934,Strong
AMG,IVZ,0.7349362209807844,0.7280985908779327,MST+Strong
FFBC,USB,0.7349300205345135,0.7281071067713685,Strong
FDUS,SCM,0.7349212036279307,0.7281192160245042,MST+Strong
FFA,GAM,0.7348882306327168,0.7281644997763668,Strong
EAD,JFR,0.7348825690202007,0.7281722749182358,Strong
AUB,FCBC,0.7348799823775003,0.7281758271495967,Strong
JRI,RFI,0.7348658415075804,0.7281952464722901,Strong
IDA,OGE,0.734850906272083,0.7282157561161623,Strong
ABCB,CCBG,0.7348480807942916,0.7282196361067289,Strong
CUBI,SBCF,0.7347911195771625,0.7282978517376494,Strong
LCII,THO,0.7347846725946263,0.728306703807364,MST+Strong
SCD,STEW,0.7347750295729246,0.7283199440178408,Strong
AXP,STEW,0.7347073640947601,0.7284128443475443,Strong
GABC,HWC,0.7346996893316377,0.7284233805533186,Strong
CSQ,NCV,0.7346992876505493,0.728423931992148,Strong
THFF,UMBF,0.7346653171676977,0.7284705660935139,Strong
ADX,EVT,0.7346608041282028,0.7284767612927638,Strong
BMRC,WSBC,0.7346506898969921,0.7284906452426247,Strong
CNOB,FRST,0.7346477471956651,0.7284946846811374,Strong
PRU,RGA,0.7346141407008414,0.7285408146413742,MST+Strong
DVN,SU,0.7346108374053254,0.728545348752807,Strong
FIBK,OZK,0.7346091014659715,0.7285477314960613,Strong
FFIN,THFF,0.734604056521459,0.728554656122025,Strong
GDV,UTF,0.7345985013087405,0.7285622810594294,MST+Strong
TMP,WTBA,0.7345959276612108,0.7285658135526113,Strong
LNT,WTRG,0.7345947449249091,0.7285674369268653,Strong
HWC,WASH,0.7345838144683241,0.728582439442066,Strong
ETY,RMT,0.734582698326167,0.7285839713771269,Strong
FISI,SYBT,0.7345663716364577,0.7286063798287006,Strong
FBK,HOPE,0.7345657878905242,0.7286071810097342,Strong
BANF,BSRR,0.7345250816832452,0.7286630473912545,Strong
EFSC,PNC,0.7345068506292742,0.7286880668306923,Strong
MTB,TCBK,0.7344966066394963,0.7287021248226242,Strong
MBWM,RBCAA,0.7344949303154573,0.7287044252432432,Strong
FIBK,MTB,0.7344840576113275,0.7287193456862148,Strong
CFG,FBNC,0.7344791135908963,0.7287261301876085,Strong
SBSI,TRST,0.7344744472212369,0.7287325336208932,Strong
CHY,NIE,0.7344730919364892,0.7287343934020278,Strong
CFG,STBA,0.7344715300789816,0.7287365366454717,Strong
FHB,TMP,0.7344635488606496,0.72874748869461,Strong
PFBC,SYBT,0.7344609156358693,0.7287511020425707,Strong
IBCP,MSBI,0.7344528059827204,0.7287622301097657,Strong
COF,WFC,0.7344527052837323,0.7287623682878633,Strong
FMNB,STBA,0.7344483057343162,0.7287684052779508,Strong
SF,VOYA,0.734438953468596,0.7287812381385843,Strong
DVN,XOM,0.7344338654881153,0.7287882195972774,Strong
KEY,SYF,0.7344322149511121,0.7287904843628077,Strong
FRME,HAFC,0.7344300638064784,0.728793436020827,Strong
BDJ,QQQX,0.734412771968784,0.7288171622995936,Strong
KBH,LGIH,0.7344072484865032,0.7288247409542253,Strong
BTG,PAAS,0.7343971764083801,0.728838560439306,Strong
DCOM,TRST,0.7343908613666809,0.7288472249152343,Strong
PAA,TYG,0.7343849658478592,0.7288553136969516,Strong
C,CATY,0.7343672272282233,0.7288796509325483,Strong
RVT,SPXX,0.7343535847478918,0.7288983677469832,Strong
CNOB,HTB,0.7343468695696626,0.7289075804659154,Strong
FNB,PFG,0.7342977424059492,0.728974975694023,Strong
BMRC,HOPE,0.734295658827881,0.7289778339183147,Strong
EVT,HPF,0.7342896416194561,0.7289860881807607,Strong
PFD,PFO,0.7342848405658274,0.7289926740841399,MST+Strong
CAC,SBSI,0.7342744240394223,0.7290069628756335,Strong
FIBK,NFBK,0.7342535252110333,0.7290356298411851,Strong
COLB,IBOC,0.7342476600685823,0.7290436748664892,Strong
ASML,MKSI,0.7342420709879272,0.7290513411441925,Strong
ETR,IDA,0.7342265101542893,0.7290726847793856,Strong
TRST,WABC,0.7342252290531501,0.7290744419424533,Strong
AXP,PNC,0.734223243110008,0.7290771658610521,Strong
IDE,IGA,0.7342219505060246,0.7290789387905474,MST+Strong
AOD,RGT,0.7342145708057706,0.72908906066986,Strong
CVE,IMO,0.7341910002462931,0.7291213887326401,Strong
FMBH,HBNC,0.7341901443246073,0.7291225626400444,Strong
CPF,FNB,0.7341783223476507,0.729138776437448,Strong
CBSH,NBHC,0.7341619830412622,0.7291611851418557,Strong
CWT,HTO,0.7341524245536869,0.7291742939055286,MST+Strong
AWF,HPF,0.7341490418919489,0.7291789329212016,Strong
PGC,UCB,0.7341486145416932,0.7291795189914576,Strong
FMBH,HWC,0.7341394163174342,0.7291921333675588,Strong
IQI,NAC,0.7341344441938832,0.7291989520098295,Strong
BOH,WASH,0.7341308339120648,0.7292039030174416,Strong
FNB,WASH,0.7341235426581093,0.7292139018722705,Strong
OCFC,TRST,0.7341127777121593,0.7292286641209884,Strong
C,STT,0.7341067055741204,0.7292369908690585,Strong
HAFC,THFF,0.7340862872660473,0.7292649898822138,Strong
PGC,RNST,0.7340624857616473,0.7292976268141186,Strong
FLC,PFD,0.7340468000375321,0.7293191344843051,Strong
COLB,USB,0.7340184541029462,0.729357999746426,Strong
BBT,CFG,0.733993283929425,0.7293925089697247,Strong
MTDR,VNOM,0.7339836253552401,0.7294057507927394,Strong
IIM,NAC,0.7339739399737235,0.7294190291269848,Strong
ETJ,NFJ,0.7339627098990493,0.7294344248812921,Strong
KEY,PEBO,0.7339465310479926,0.729456604537936,Strong
FISI,UMBF,0.7339396191251712,0.7294660799171251,Strong
FMNB,PEBO,0.7339330177475866,0.7294751294628398,Strong
DVN,PTEN,0.7339323326146185,0.7294760686758428,Strong
CBU,FBNC,0.7339072082701823,0.7295105094922454,Strong
COP,EQNR,0.7338695660154949,0.7295621069991302,Strong
AX,WSFS,0.7338675493237988,0.7295648712434024,Strong
AWF,BLW,0.733867416245727,0.7295650536508351,Strong
FBP,UBSI,0.7338626161792177,0.7295716329748332,Strong
EPD,PAA,0.7338537773709903,0.7295837479398917,Strong
DTE,SO,0.7338536070924057,0.7295839813312712,Strong
CCNE,NFBK,0.7338382100877704,0.7296050848400518,Strong
FFIC,GBCI,0.7338170350278279,0.7296341068949177,Strong
BCV,ECF,0.7338160603677524,0.7296354427140277,MST+Strong
EARN,EFC,0.733813291564415,0.7296392374805305,Strong
NTRS,SF,0.7338079497680751,0.7296465585911098,Strong
BBT,HAFC,0.7337773740421439,0.72968846223283,Strong
FISI,VLY,0.7337762811120967,0.7296899600349498,Strong
MQY,MYI,0.7337530163653435,0.7297218423956576,MST+Strong
MPC,PBF,0.7337483750897691,0.7297282027032133,Strong
FISI,FRST,0.7337407558167774,0.7297386438763163,Strong
EMD,MSD,0.7337400309735438,0.729739637167197,MST+Strong
PRU,WTFC,0.7337373678953992,0.7297432865119086,Strong
BANF,SBCF,0.7337310916338943,0.7297518871042482,Strong
BTO,PNC,0.7337130803001067,0.7297765681356085,Strong
FBNC,SBSI,0.7337067469121715,0.7297852466141371,Strong
NTRS,RJF,0.7336938417487571,0.7298029299081266,Strong
AG,WPM,0.733681520051214,0.7298198133084439,Strong
FBK,TCBK,0.7336535643719612,0.7298581172091447,Strong
INDB,PFBC,0.7336410004264071,0.7298753312362227,Strong
PFS,WAFD,0.7336408276442963,0.7298755679644356,Strong
AME,EMR,0.7336225109614581,0.7299006631570379,Strong
AVB,IRT,0.7336128399696811,0.7299139127737173,Strong
ETY,GLO,0.7336081779909073,0.7299202997712733,Strong
ASA,OR,0.7335946507339502,0.7299388320483433,MST+Strong
PRK,WSFS,0.7335837267905257,0.7299537974549818,Strong
BFH,COF,0.7335546855733917,0.7299935813780946,MST+Strong
IBCP,SFST,0.7335285235312619,0.7300294192273872,MST+Strong
EIM,NEA,0.7335216801230842,0.7300387933211712,Strong
ETW,RVT,0.7335172264732707,0.7300448938616437,Strong
AMP,STEW,0.7335112788570012,0.730053040734711,Strong
BIT,HPS,0.7335016604446857,0.7300662155658407,Strong
CBU,CFFN,0.7334888114363585,0.7300838151385655,Strong
CCBG,HOMB,0.7334687375754401,0.730111309903579,Strong
BBT,WAFD,0.7334314820530126,0.7301623353022085,Strong
LKFN,NFBK,0.7334269647437235,0.7301685219951303,Strong
FFIC,NWBI,0.7334183037777922,0.7301803834974038,Strong
FCBC,RBCAA,0.7334156746535719,0.7301839841388307,Strong
NI,POR,0.7334074975267378,0.7301951827741158,Strong
CHCO,DCOM,0.7334007356227458,0.730204443121588,Strong
EOD,GDV,0.7333738318266442,0.7302412863887604,Strong
AUB,TRST,0.7333665003373184,0.7302513261373533,Strong
AWF,BGH,0.7333509852001647,0.7302725721261004,Strong
AMP,USB,0.7333418673744508,0.7302850575296597,Strong
CBSH,FITB,0.7333307866302928,0.730300230548652,Strong
HTB,TOWN,0.7333228582023,0.7303110868632626,Strong
TRMK,USB,0.7333090740759596,0.7303299609409988,Strong
HWC,MET,0.7332916940818598,0.7303537580079125,Strong
CHCO,FISI,0.7332901301537926,0.7303558993343005,Strong
CUBI,FNB,0.7332793625025757,0.7303706422049345,Strong
BXP,HPP,0.7332566564759726,0.7304017299048893,Strong
AROW,WSBC,0.7332555642027165,0.7304032253451288,Strong
GBCI,USB,0.7332478061962276,0.7304138468070993,Strong
FHB,OZK,0.7332251522959333,0.7304448613058575,Strong
MSBI,SRCE,0.7332103633899801,0.7304651074623891,Strong
DCOM,FCBC,0.7331779746543619,0.730509445997296,Strong
CCNE,CHCO,0.7331641265059324,0.7305284025882465,Strong
BKU,PGC,0.7331629153788582,0.730530060464512,Strong
BGY,CSQ,0.7331107590028355,0.7306014522257186,Strong
BPOP,UBSI,0.7331099712663387,0.7306025304276755,Strong
MTDR,PTEN,0.7331024147164025,0.730612873255868,Strong
CFG,IBCP,0.7330937541680738,0.7306247269726452,Strong
GSBD,SLRC,0.7330779063800227,0.7306464173866554,Strong
MUC,NAC,0.7330708097200074,0.7306561301734115,Strong
QCRH,SBSI,0.7330583106897663,0.7306732365568533,Strong
EVV,JQC,0.7330575719361618,0.7306742476149521,Strong
BK,MS,0.7330491474951649,0.7306857772049967,Strong
MAR,TNL,0.733045125077777,0.7306912821735634,MST+Strong
OCFC,SYBT,0.7330355828784144,0.7307043411963359,Strong
CBU,MTB,0.733032722434543,0.7307082558250687,Strong
SYBT,VLY,0.7330275733986573,0.7307153024281655,Strong
BHP,VALE,0.7330256860669396,0.7307178852786627,Strong
AAT,SLG,0.7330219727281515,0.7307229670290218,Strong
RBCAA,SYBT,0.733019353413653,0.730726551572265,Strong
NRK,VKQ,0.7330089888061353,0.7307407354101244,Strong
CHY,EVT,0.7330057626757263,0.7307451502737103,Strong
FFIC,SBCF,0.7330052391045039,0.7307458667628522,Strong
GABC,RBCAA,0.7329953591233975,0.7307593870441932,Strong
OSBC,SRCE,0.7329872106715959,0.7307705376223156,Strong
JPM,STT,0.7329802090465548,0.7307801187134817,Strong
HAFC,SFNC,0.7329780688944096,0.7307830472932311,Strong
HMC,TM,0.7329767589447732,0.7307848398198019,MST+Strong
FMBH,GBCI,0.7329679734008415,0.7307968617874032,Strong
CFG,HBNC,0.7329643198755711,0.7308018611421688,Strong
EVR,MS,0.7329489629638227,0.7308228746230885,Strong
BIT,FRA,0.7329476571034326,0.7308246614565869,Strong
HIO,ISD,0.7329444237902188,0.7308290856414804,Strong
EOS,RMT,0.7329359031417383,0.730840744428308,Strong
IBOC,SF,0.7329244490963398,0.7308564166834142,Strong
BANF,BANR,0.7329012294017504,0.7308881865213716,Strong
FFIN,PFBC,0.7328889299274247,0.7309050144479449,Strong
KMI,NML,0.7328691187194897,0.7309321189830289,Strong
ABCB,OSBC,0.7328540967709379,0.7309526704637751,Strong
FTI,SLB,0.7328364541092981,0.7309768065960806,Strong
L,PFG,0.7328055040961398,0.7310191459925797,Strong
CCBG,UBSI,0.7327868328355669,0.7310446869575526,Strong
MCHP,MKSI,0.7327859312158737,0.7310459202869903,Strong
BPOP,CFR,0.7327853846128578,0.7310466679865824,Strong
BTG,FNV,0.7327667795121837,0.7310721174929548,Strong
PNFP,SYBT,0.732755600622733,0.7310874084229149,Strong
GDV,VLT,0.7327548765100141,0.7310883988820858,Strong
MYI,VKQ,0.732750399233057,0.7310945229817318,Strong
KLAC,NVMI,0.7327385647121647,0.7311107102044605,Strong
BANF,BKU,0.7327329745699946,0.7311183562597856,Strong
BLW,HPI,0.7327289634196967,0.7311238425606202,Strong
HAFC,NBTB,0.7327106587828767,0.7311488784332824,Strong
CVX,SU,0.732703284806352,0.7311589638288625,Strong
JGH,JPC,0.7327026195989508,0.7311598736268959,Strong
DFP,HTD,0.7326561329686907,0.7312234501591279,Strong
HFWA,WTFC,0.7326367272578737,0.7312499883653009,Strong
DSL,HPI,0.7326266387374556,0.7312637845026163,Strong
FFIC,HAFC,0.7326113855172441,0.7312846429164992,Strong
DGX,LH,0.732604241708009,0.7312944117002277,MST+Strong
FOF,GDV,0.7325947690004575,0.7313073649287862,MST+Strong
LTC,UHT,0.7325875365121242,0.7313172546684179,MST+Strong
BRK-B,JPM,0.7325699469849647,0.7313413061150523,Strong
TFC,WAFD,0.7325691699704852,0.7313423685655233,Strong
FULT,WTBA,0.7325660393315905,0.7313466492278604,Strong
PNFP,WASH,0.7325506405596369,0.7313677042915733,Strong
FBK,VLY,0.7325390439721353,0.7313835601486606,Strong
BOKF,OZK,0.7325335408799144,0.7313910843318855,Strong
ETY,IGD,0.7325260988015896,0.7314012594990665,Strong
ASB,C,0.7325230827396968,0.7314053831635411,Strong
RF,RJF,0.7325229402902336,0.7314055779248152,Strong
BBT,WASH,0.7325123342625007,0.7314200786654674,Strong
AROW,FMBH,0.7325089197785492,0.7314247469445518,Strong
HIW,HPP,0.7325049743133444,0.7314301411435759,Strong
FFIN,OZK,0.7325030006900274,0.7314328394459366,Strong
BSRR,FRST,0.7324975205442706,0.7314403317506212,Strong
FCBC,UCB,0.7324834674034314,0.7314595444678654,Strong
OCFC,RF,0.7324794571987006,0.7314650269169394,Strong
FBNC,PRK,0.7324557427889588,0.731497446627179,Strong
CNOB,FIBK,0.7324536927548347,0.7315002491389395,Strong
CBU,CCNE,0.7324240798967167,0.7315407303811365,Strong
A,WAT,0.7323981828271424,0.7315761302460019,MST+Strong
HPF,JQC,0.7323828864539227,0.7315970387393286,Strong
SM,VET,0.7323773316413088,0.7316046314214956,Strong
COLB,FBNC,0.7323766902834563,0.7316055080663946,Strong
CAC,FFIN,0.7323621688683598,0.7316253564928435,Strong
HPF,NRO,0.7323593064937102,0.7316292688326375,Strong
CCNE,DCOM,0.7323493392335986,0.7316428920811046,Strong
GLO,TY,0.7323473583018134,0.7316455995879243,Strong
ACGL,WRB,0.7323424203966769,0.7316523485964125,Strong
AME,ETN,0.7323271139039476,0.731673268742343,Strong
AAT,UE,0.7323196939787132,0.7316834097084433,Strong
ABCB,NFBK,0.7323124951006853,0.7316932484303988,Strong
EIM,NAD,0.7322856712058642,0.731729907539846,Strong
BLW,JQC,0.7322803159803921,0.731737226085441,Strong
QCRH,RBCAA,0.7322696339458546,0.731751824123651,Strong
WASH,WTBA,0.7322564446579185,0.7317698481655028,Strong
DSU,EFT,0.7322548629739468,0.7317720096123562,Strong
NAD,NRK,0.7322500007739642,0.7317786540013801,Strong
BOH,CTBI,0.7322429697294671,0.7317882620957142,Strong
ASB,COF,0.7322387006267189,0.7317940958675208,Strong
AROW,FFBC,0.7322386866117545,0.7317941150190339,Strong
AROW,NWBI,0.732238503479279,0.7317943652703551,Strong
AROW,PRK,0.7322348023552064,0.7317994228540954,Strong
TYG,VVR,0.7322060705991041,0.7318386835920822,Strong
ONB,PGC,0.7321670042976469,0.731892062673661,Strong
FBP,ONB,0.7321606927070464,0.7319006862859927,Strong
AOD,ISD,0.7321591175617508,0.7319028384126532,Strong
GDV,GLQ,0.7321562763812557,0.7319067203117406,Strong
HTD,ISD,0.7321419014309459,0.7319263604612886,Strong
NAD,VKI,0.7321069010138708,0.7319741784873688,Strong
NVR,TMHC,0.7321030528422898,0.7319794357189418,Strong
BPOP,USB,0.7321027148347898,0.7319798974906485,Strong
FHN,UCB,0.7320930704577632,0.7319930731123578,Strong
CPF,PGC,0.7320861731567804,0.7320024956832041,Strong
AGI,FNV,0.7320843648870756,0.7320049659844179,Strong
EPR,NNN,0.7320689496970709,0.7320260245413808,Strong
HPF,ZTR,0.7320652460424901,0.7320310839814248,Strong
LKFN,PFBC,0.7320472705147729,0.7320556392586933,Strong
BANF,NWBI,0.7320461907648876,0.7320571142132455,Strong
DCOM,NFBK,0.7320380141238814,0.7320682835311453,Strong
CCD,ETW,0.7320372495409007,0.7320693279452423,Strong
EOI,IGA,0.7320298868966791,0.7320793851807614,Strong
CNOB,PFBC,0.7320261107845855,0.7320845432262787,Strong
CAC,HWC,0.7320214993310965,0.7320908422715087,Strong
RF,SYF,0.7320124178102325,0.7321032470762132,Strong
THFF,WAFD,0.731998916917315,0.7321216880856419,Strong
KBH,NVR,0.7319979111192271,0.7321230618970733,Strong
ADI,AMAT,0.731997429401074,0.7321237198710693,Strong
BOH,GSBC,0.731975492760621,0.732153682281772,Strong
FBK,HOMB,0.7319580100396772,0.7321775603777034,Strong
NLY,STWD,0.7319494982313479,0.7321891856189247,Strong
FFA,SCD,0.7319471744148834,0.7321923594044348,Strong
FCF,USB,0.7319404483058704,0.7322015456063032,Strong
IQI,VPV,0.7319024642616109,0.7322534202561147,MST+Strong
FTI,NOV,0.731897468266837,0.7322602429917426,Strong
CBU,WBS,0.73189679445142,0.732261163176882,Strong
JPC,PFN,0.7318817700784113,0.7322816806688376,Strong
CFG,NBHC,0.7318393641630629,0.7323395876735561,Strong
FRME,USB,0.7318351494353327,0.7323453428057931,Strong
BBT,CVBF,0.7318329245573122,0.7323483808170641,Strong
CPF,INDB,0.7318294259064642,0.7323531581054811,Strong
JRI,NCV,0.7318283913534467,0.7323545707463747,Strong
CCNE,HFWA,0.7318226706533165,0.7323623820851034,Strong
INVH,MAA,0.7318185992014372,0.7323679414045412,MST+Strong
KMT,TKR,0.7318071100989532,0.7323836288463128,MST+Strong
AMP,BK,0.731801922601209,0.7323907118455162,Strong
BANF,CFR,0.7318006863715202,0.7323923997809915,Strong
AFG,HIG,0.7317931368863311,0.7324027076870605,Strong
LNC,WBS,0.7317931039076616,0.7324027527151142,Strong
CFR,CPF,0.7317626046614828,0.732444394255997,Strong
GAM,SPXX,0.7317390952177368,0.7324764907930672,Strong
CFR,DCOM,0.7317346987338348,0.732482492986918,Strong
FCBC,PRK,0.7316999370959877,0.7325299487447763,Strong
IBCP,RF,0.731695195056772,0.7325364222251723,Strong
LDP,VVR,0.731693495815881,0.7325387418889449,Strong
CFG,FBK,0.7316856751920678,0.7325494178660333,Strong
JEF,SF,0.7316732119596012,0.7325664311724893,Strong
BKU,BTO,0.7316583286557046,0.7325867475518452,Strong
BOKF,PFG,0.7316553276803051,0.7325908439500114,Strong
BLW,JFR,0.7316223304961949,0.7326358843297333,Strong
NBHC,ZION,0.7316055961658328,0.7326587252386574,Strong
CFFN,FULT,0.7316033392094801,0.7326618057337504,Strong
BOH,WTFC,0.7315993089861031,0.7326673065094372,Strong
QCRH,SFBS,0.7315929107021628,0.7326760393213868,Strong
DCOM,WAFD,0.7315818349856092,0.7326911559646271,Strong
DFP,PSF,0.7315585478974609,0.7327229382277303,Strong
ETB,FFA,0.7315557712350541,0.7327267277299852,Strong
HAFC,RF,0.7315549127007391,0.7327278994268758,Strong
FFIN,HBNC,0.7315544058179317,0.7327285912015011,Strong
IVR,RWT,0.7315266687081985,0.7327664447718679,Strong
ETW,GLO,0.7315193825007684,0.7327763881283724,Strong
FRME,TCBI,0.7314997897673041,0.732803125310879,Strong
ABG,SAH,0.7314966886379999,0.7328073571710373,Strong
BOKF,SF,0.7314902347061158,0.7328161642511499,Strong
INDB,MTB,0.731458703589868,0.7328591903089324,Strong
CVE,SM,0.7314581047289109,0.7328600074653946,Strong
AROW,HOMB,0.7314492429693649,0.7328720993879289,Strong
PRK,WASH,0.7314339727861378,0.7328929351738387,Strong
JQC,JRI,0.731424935437537,0.7329052661326197,Strong
OZK,WBS,0.7313986502996148,0.7329411295600557,Strong
ADX,RVT,0.7313876877374178,0.7329560863552225,Strong
RGT,RVT,0.7313551391678468,0.733000492267438,Strong
ETB,ETJ,0.7313322087351447,0.7330317745703188,Strong
PFBC,VLY,0.7313061736846336,0.7330672906566851,Strong
HWC,THFF,0.7312959877106889,0.7330811855303764,Strong
FMBH,OCFC,0.7312858532421798,0.7330950098831941,Strong
FITB,TRMK,0.7312798710492293,0.7331031700255711,Strong
BSRR,FCF,0.7312764196119543,0.733107877993472,Strong
FFC,HIO,0.7312736879835159,0.7331116040774203,Strong
DIOD,MCHP,0.7312675852966256,0.7331199283928577,MST+Strong
CNOB,HBAN,0.7312625079416415,0.7331268540414524,Strong
HWC,OFG,0.731262125035063,0.7331273763336587,Strong
GABC,NBHC,0.731260419965526,0.7331297020779801,Strong
CHW,LGI,0.7312539082197069,0.7331385841439435,Strong
LMT,NOC,0.7312475581417194,0.7331472455902438,MST+Strong
EOD,EVT,0.7312445821434769,0.733151304788477,Strong
PNC,WAFD,0.7312247612008832,0.7331783395588236,Strong
ALLY,CFG,0.7312115247693984,0.7331963928315545,Strong
FBNC,WAFD,0.7312045297373977,0.733205933231043,Strong
BGB,ISD,0.7312025771257461,0.7332085963411148,Strong
BOKF,MET,0.7312019775720703,0.7332094140529426,Strong
IBOC,PNC,0.731182059036323,0.7332365797799193,Strong
JRI,NCZ,0.7311715057223106,0.7332509724203431,Strong
NCZ,NIE,0.7311676330431663,0.7332562539205972,Strong
GABC,VLY,0.7311656130951961,0.7332590086794759,Strong
IRT,MAA,0.7311563310135908,0.733271667237197,Strong
BOE,RMT,0.7311510792677237,0.7332788292761169,Strong
LNT,NWE,0.7311510089172428,0.7332789252157151,Strong
ARDC,FRA,0.7311492173316837,0.7332813684641337,Strong
INDB,QCRH,0.7311474188379428,0.7332838211252956,Strong
CBSH,UVSP,0.7311423619140235,0.733290717363825,Strong
MGM,WYNN,0.7311408364490543,0.7332927976612694,MST+Strong
CCNE,CPF,0.7311150200982273,0.7333280028769837,Strong
BOH,HBNC,0.7311053659841867,0.7333411675554745,Strong
PFG,STT,0.7311053609371319,0.7333411744377485,Strong
EAD,HTD,0.731103822685507,0.7333432720281724,Strong
BANF,UCB,0.7311030603452263,0.7333443115682751,Strong
HAL,OIS,0.7310957892244874,0.7333542265174622,Strong
CNQ,FANG,0.7310942373846667,0.7333563425993305,Strong
FHB,HBNC,0.7310892322695418,0.7333631675104201,Strong
FCBC,WASH,0.7310817092498406,0.7333734256845681,Strong
AGD,BDJ,0.7310449675357038,0.7334235235718802,Strong
PB,QCRH,0.7310413054843504,0.7334285166471911,Strong
FNB,SFBS,0.7310408636070187,0.7334291191287421,Strong
BMRC,HFWA,0.7310375532883477,0.733433632596232,Strong
CATY,PFG,0.7310309944837534,0.7334425751430668,Strong
GDV,SPE,0.7309849862471756,0.7335053016206828,MST+Strong
HBAN,TCBK,0.7309823607033964,0.7335088810595324,Strong
BPOP,ONB,0.7309643747724025,0.7335334010494649,Strong
DSL,PFL,0.7309594485124433,0.7335401168137387,Strong
FCBC,ONB,0.7309510209432566,0.733551605623958,Strong
AROW,TRMK,0.7309432260876503,0.7335622317327273,Strong
AROW,SFNC,0.7309385898549386,0.7335685518682782,Strong
FFIC,WSFS,0.7309327632076302,0.7335764947057256,Strong
SBCF,WABC,0.7308927801326911,0.7336309969832366,Strong
FFIC,FNB,0.7308846351294095,0.7336420992154015,Strong
HP,SLB,0.7308683536941104,0.7336642914929001,Strong
BSRR,WTBA,0.730865224951545,0.7336685560230245,Strong
CNOB,CVBF,0.7308181812404217,0.7337326744252,Strong
AX,HWC,0.7308016482826972,0.7337552067512745,Strong
HP,NBR,0.730777635419495,0.7337879320082948,Strong
ETO,RMT,0.730755777822022,0.7338177187530676,Strong
ETV,SCD,0.7307267761876077,0.7338572392671374,Strong
NOV,PTEN,0.7307079597343816,0.7338828793010753,Strong
CVBF,OZK,0.7307022339124939,0.733890681351802,Strong
HBAN,WAL,0.7306959853138436,0.7338991956476807,Strong
BANF,OCFC,0.7306800931624935,0.7339208497345017,Strong
BIT,ISD,0.7306642055206087,0.7339424970382779,Strong
CCBG,PFS,0.7306517188557089,0.7339595099789785,Strong
UVSP,WTBA,0.7306339724705473,0.7339836885509823,Strong
O,RQI,0.7306330498903325,0.7339849454991124,Strong
ETY,GGZ,0.7306327698837668,0.7339853269871724,Strong
HAFC,TRST,0.7306093686511795,0.7340172087203685,Strong
FBK,STBA,0.730606035909968,0.734021749119237,Strong
IBOC,OCFC,0.7305784301117182,0.7340593571207737,Strong
CFG,NTRS,0.7305751016061304,0.7340638914888399,Strong
AX,HOPE,0.7305694748661852,0.7340715566398345,Strong
IGA,USA,0.7305574880391413,0.7340878856933394,Strong
AKR,BFS,0.7305485814987487,0.7341000183915695,Strong
CAC,RBCAA,0.7305368867528567,0.7341159489442296,Strong
AGI,WPM,0.7304924046215182,0.7341765392308335,Strong
LKFN,WAFD,0.7304806740894945,0.734192516865305,Strong
PFBC,WASH,0.7304673202302147,0.7342107051382257,Strong
AVK,HPI,0.7304621981951954,0.7342176813517972,Strong
FFIN,FMBH,0.7304474811299624,0.7342377256311986,Strong
BBT,FFIN,0.730427563977578,0.7342648514295397,Strong
PFBC,PGC,0.7304230276084221,0.7342710295137319,Strong
HBAN,PEBO,0.730415918618364,0.7342807111474957,Strong
QCRH,WTBA,0.730410428269865,0.7342881882886786,Strong
FIBK,FISI,0.730403317883958,0.734297871597136,Strong
ADX,GAM,0.7303993995261523,0.7343032077743468,Strong
EVF,FRA,0.7303955440852162,0.7343084582309859,Strong
FISI,WTBA,0.7303955432849,0.734308459320877,Strong
CCBG,FBNC,0.7303820762972584,0.7343267987793195,Strong
BBT,THFF,0.7303736840217695,0.7343382272198969,Strong
HAFC,TRMK,0.730364507125976,0.7343507239378525,Strong
NNN,WELL,0.7303613743539874,0.7343549899687651,Strong
AWF,HPS,0.7303358403404648,0.7343897598135954,Strong
BKU,HFWA,0.730319130689431,0.7344125125711966,Strong
ARI,PMT,0.7303090990416239,0.7344261718625993,MST+Strong
FRST,PEBO,0.7303074049089291,0.734428478602336,Strong
HTH,HWC,0.730293464154439,0.7344474601298053,Strong
DSL,DSU,0.7302906209644653,0.7344513313154721,Strong
AX,VLY,0.7302802402269946,0.7344654651826802,Strong
HPF,HYT,0.7302774444689492,0.7344692716935827,Strong
BGB,GDV,0.7302761648058577,0.734471013987812,Strong
DCOM,IBOC,0.7302550637671704,0.7344997429990423,Strong
FBK,GBCI,0.7302300497349568,0.73453379808562,Strong
BTG,WPM,0.7302238976331841,0.734542173556857,Strong
NBHC,SFBS,0.7302076006420413,0.7345643598187415,Strong
PRK,WABC,0.7302062164791523,0.7345662441479974,Strong
WAL,WBS,0.730171718530533,0.7346132063466693,Strong
FFIC,FISI,0.7301155106465351,0.734689715939273,Strong
ADI,MKSI,0.7301010406187464,0.7347094111024489,Strong
AROW,FCF,0.7300863872330574,0.7347293552961425,Strong
BMRC,CTBI,0.730079798038535,0.7347383234342211,Strong
EFSC,RBCAA,0.7300614763243752,0.7347632593912474,Strong
TCBI,WSFS,0.7300577618413557,0.7347683147205577,Strong
LKFN,PFS,0.7300552585487905,0.734771721626805,Strong
EVR,JEF,0.7300426756277659,0.7347888463664022,Strong
HOPE,KRNY,0.7300377199221627,0.7347955907296086,MST+Strong
EVT,JCE,0.7300366110516912,0.7347970998150563,Strong
PAAS,SA,0.7300196685363087,0.7348201568597466,Strong
CFR,GSBC,0.730014489325345,0.7348272050960757,Strong
COF,MET,0.7300022637357908,0.7348438422742742,Strong
BLW,JPC,0.7299945348141215,0.7348543599732923,Strong
NEA,VKI,0.7299857647620275,0.7348662942848482,Strong
QQQX,USA,0.7299586858533315,0.7349031421169303,Strong
JRI,VLT,0.7299504755114818,0.7349143140373824,Strong
CCNE,FMBH,0.7299297984569678,0.7349424488258005,Strong
CCNE,TRMK,0.7299297094286431,0.734942569962248,Strong
BPOP,SBCF,0.7299294586078523,0.7349429112416116,Strong
TCBK,TFC,0.72992923810696,0.7349432112660679,Strong
AOD,CCD,0.729924296096427,0.7349499355787074,Strong
ASB,MET,0.7299223495611845,0.7349525841016079,Strong
CPF,WABC,0.7299206619792981,0.7349548802759281,Strong
EMR,ETN,0.7299155284219772,0.7349618651032486,Strong
MAIN,TSLX,0.7299145203351883,0.7349632367197854,Strong
KRNY,NWBI,0.7299085141564943,0.7349714087547974,Strong
CBSH,WASH,0.7298798991669262,0.7350103411967396,Strong
AROW,CBU,0.7298790521415391,0.735011493595115,Strong
BOH,SRCE,0.729870542684021,0.7350230708161194,Strong
EFSC,TCBI,0.7298693074698723,0.7350247513249165,Strong
FFBC,MSBI,0.7298681944328661,0.7350262656084255,Strong
NBTB,PGC,0.7298393900864841,0.7350654527503192,Strong
BKH,NI,0.7298339994249967,0.7350727862939878,Strong
IMO,PEO,0.7298327386386894,0.7350745014776539,Strong
EWBC,OCFC,0.7298213824898301,0.7350899502920305,Strong
SCD,SPXX,0.729820946244297,0.7350905437505001,Strong
NML,PAGP,0.7298182510834174,0.7350942101752437,Strong
DSL,EAD,0.7298154776576464,0.7350979830503599,Strong
EXG,GGZ,0.7298051609896966,0.7351120173283843,Strong
PB,SYBT,0.7298043326986494,0.735113144082393,Strong
KEY,MS,0.7297953158753838,0.7351254098786358,Strong
AMAT,MPWR,0.7297812916157185,0.7351444870014078,Strong
EWBC,NBHC,0.7297803055013654,0.7351458283886736,Strong
FBNC,HTB,0.7297608750487355,0.7351722586595123,Strong
ABCB,FRST,0.7297445529761507,0.7351944600224478,Strong
CHW,RMT,0.7297197994785022,0.735228128571667,Strong
OCFC,ZION,0.7297025567378403,0.7352515804296644,Strong
BKU,CUBI,0.7296989733078346,0.7352564541602683,Strong
STK,TY,0.7296955304909887,0.7352611366161159,Strong
ARDC,EAD,0.7296881833776642,0.7352711290705434,Strong
IBOC,LKFN,0.7296641518153575,0.7353038122907327,Strong
PFBC,RF,0.7296595563830143,0.7353100619697595,Strong
BKU,OZK,0.7296523656133268,0.7353198411394503,Strong
EIM,NZF,0.7296490998016869,0.7353242824744918,Strong
AROW,FISI,0.7296407856884384,0.7353355891177329,Strong
NBTB,RBCAA,0.7296396906064919,0.7353370783436778,Strong
NI,WEC,0.7296212092294727,0.7353622111184763,Strong
ABCB,WABC,0.729616645768157,0.7353684168249858,Strong
EVT,NRO,0.729613547376942,0.7353726301992182,Strong
BSRR,STBA,0.7295826334605592,0.735414667435238,Strong
BAC,BANR,0.7295812513084595,0.7354165468515655,Strong
BANF,HOPE,0.7295720457274336,0.7354290642510213,Strong
AROW,WTBA,0.7295607794301869,0.7354443834442045,Strong
RBCAA,THFF,0.729559067193999,0.7354467116059477,Strong
PNW,PPL,0.7295543673683457,0.7354531020148795,Strong
FHB,TCBI,0.7295540499668209,0.7354535335875123,Strong
BKU,NBTB,0.7295361236758419,0.7354779076548229,Strong
HIO,JQC,0.729535090835147,0.7354793119658132,Strong
FMBH,UCB,0.7295324062753612,0.7354829620387393,Strong
FBK,RF,0.7295096818104037,0.7355138587268037,Strong
PNW,POR,0.7295057201186409,0.7355192449981973,Strong
CNOB,MSBI,0.7294956726823334,0.7355329052022983,Strong
PSX,XOM,0.729491547365293,0.7355385137906879,Strong
DK,PBF,0.7294848883338465,0.7355475670086246,Strong
NNN,SPG,0.7294842455256362,0.7355484409260397,Strong
BMRC,PEBO,0.7294819345633314,0.7355515827413718,Strong
CCD,HPF,0.729456879890966,0.7355856443800871,Strong
BBT,FITB,0.7294566330097351,0.7355859800054171,Strong
BK,PNC,0.7294523090635224,0.7355918582155155,Strong
NTRS,RF,0.7294423989023099,0.7356053304560675,Strong
FBK,GSBC,0.7294375537414931,0.7356119170575024,Strong
ABCB,OFG,0.7294336519716818,0.7356172211528469,Strong
CAC,UMBF,0.7294292968288827,0.7356231415216861,Strong
IDA,SR,0.7294093877181533,0.7356502053039157,Strong
RBCAA,TCBK,0.7294077682409219,0.7356524067235533,Strong
EFSC,USB,0.7293950211986412,0.7356697340537516,Strong
AROW,HFWA,0.7293925878596791,0.7356730416976293,Strong
BAC,HOPE,0.7293860391384394,0.7356819433173015,Strong
BANR,BMRC,0.7293843175996537,0.7356842833720811,Strong
ADX,FFA,0.7293666401467495,0.7357083115654608,Strong
CNOB,TMP,0.7293623148957569,0.7357141905716419,Strong
FPF,PSF,0.729356648212787,0.7357218928198521,Strong
ABCB,AX,0.7293466424829114,0.7357354925747277,Strong
AEP,D,0.729317684598642,0.7357748506185272,Strong
RF,WAFD,0.7293175127184774,0.7357750842227841,Strong
CVX,EOG,0.7293129018175766,0.7357813509221655,Strong
BANF,THFF,0.7293110468606809,0.735783871988669,Strong
DSU,PFL,0.7293040086044192,0.7357934375836479,Strong
NCZ,NFJ,0.7292849359823621,0.735819358290658,Strong
BKH,OGE,0.7292758340131279,0.7358317280287282,Strong
ABCB,BSRR,0.7292553381079603,0.735859581567081,Strong
CII,IGD,0.7292542280971469,0.7358610900201927,Strong
ETR,EVRG,0.72925063821593,0.735865968480769,Strong
BMRC,MBWM,0.7292474531061618,0.7358702968510663,Strong
IBOC,WABC,0.7292345897362086,0.7358877771288111,Strong
ETW,JRI,0.7292109415451313,0.7359199120215034,Strong
BOH,TCBI,0.7292074890902583,0.7359246033524652,Strong
LKFN,TRST,0.7292017449152182,0.7359324086963175,Strong
CHW,USA,0.729201551236002,0.7359326718715482,Strong
ABCB,MSBI,0.7292006845294187,0.7359338495688065,Strong
CFR,FBNC,0.7291729760479221,0.7359714993830643,Strong
KMI,PBA,0.7291479504438876,0.7360055020937173,Strong
NBHC,WABC,0.7291424550356255,0.7360129685873402,Strong
BGY,TY,0.7291333405994662,0.736025352009744,Strong
FFIC,NBTB,0.7291233582741155,0.7360389143596751,Strong
BAC,SSB,0.729115039767735,0.7360502159938072,Strong
ETW,NCV,0.7291005228723082,0.7360699384266305,Strong
CII,NCZ,0.7290841504146375,0.736092181163966,Strong
BPOP,HOMB,0.7290817342467276,0.7360954635823704,Strong
JPM,LNC,0.7290697843975814,0.7361116975057774,Strong
MTB,NBTB,0.7290685523836593,0.7361133711818318,Strong
MTB,NBHC,0.7290664607042809,0.7361162126943259,Strong
BKH,CMS,0.7290579948992152,0.7361277132410989,Strong
FFC,JRI,0.729041808745425,0.736149701154018,Strong
PR,SM,0.7290275686769878,0.7361690448844099,Strong
JPM,NTRS,0.7290131293134214,0.7361886588186191,Strong
BOKF,FBNC,0.7290089398132888,0.7361943495935175,Strong
PNC,STT,0.729007801506992,0.7361958957954168,Strong
CAC,PNFP,0.7289982693126235,0.7362088435863515,Strong
BANF,SSB,0.7289884949583522,0.7362221200719901,Strong
CHY,HPI,0.7289870829527354,0.7362240379765722,Strong
FLC,JQC,0.7289812397449751,0.7362319746588366,Strong
CUBI,KEY,0.7289812229397926,0.7362319974847703,Strong
CPF,MTB,0.7289801907853414,0.7362333994252891,Strong
EMO,PEO,0.7289774927872302,0.7362370640123598,Strong
CCNE,NWBI,0.7289665277695074,0.7362519571865226,Strong
FCBC,IBOC,0.7289049524584464,0.7363355859138597,Strong
BANR,BPOP,0.7289041839414148,0.7363366296179829,Strong
CMC,RS,0.7288964515946689,0.7363471306460441,Strong
MUC,VCV,0.728887180031457,0.7363597218323976,Strong
RNST,WTBA,0.7288614592410154,0.7363946506581707,Strong
SBSI,WBS,0.7288590843758768,0.7363978756407751,Strong
BBT,BOH,0.7288585469300618,0.7363986054711649,Strong
IBCP,WTBA,0.7288386814040183,0.7364255815708491,Strong
WABC,WSFS,0.7288320970993483,0.7364345224127556,Strong
BSRR,UBSI,0.7288118659950947,0.7364619935949245,Strong
KEY,QCRH,0.7288077258964851,0.7364676151787191,Strong
ADX,USA,0.7287989864362603,0.7364794818102398,Strong
GDV,HIO,0.7287808849229455,0.7365040598354561,Strong
CFFN,UBSI,0.7287774704737444,0.7365086958431049,Strong
SFBS,WASH,0.72875850313168,0.7365344484385234,Strong
MFC,RY,0.7287444411816815,0.7365535402376646,Strong
DCOM,PFBC,0.7287411681273923,0.7365579839667854,Strong
CNQ,SHEL,0.7287388055667686,0.7365611915288931,Strong
FCBC,WTFC,0.7287182487939912,0.7365891001175742,Strong
CTBI,FMNB,0.7287163562776412,0.736591669410344,Strong
CMS,NWE,0.7287117065900569,0.7365979818190423,Strong
CFG,DCOM,0.7287060121838975,0.7366057124623763,Strong
CHCO,HBNC,0.7286843254765274,0.7366351532793864,Strong
POR,SR,0.7286811218413178,0.7366395022786684,Strong
FFA,GGZ,0.728677177242642,0.7366448571155003,Strong
BAC,UMBF,0.7286727229125082,0.736650903871694,Strong
WABC,WASH,0.728671859783976,0.7366520755635241,Strong
EVRG,POR,0.7286693986302334,0.7366554165548049,Strong
ISD,JQC,0.7286604973470346,0.7366674998301003,Strong
PEBO,SFBS,0.7286579518333668,0.736670955266506,Strong
HAFC,MBWM,0.7286503174156277,0.7366813185962737,Strong
PRU,STEW,0.7286397519851465,0.7366956603847392,Strong
CVBF,FCBC,0.7286392554977932,0.7366963343226391,Strong
BKU,FFIC,0.7286303900095473,0.7367083683391314,Strong
RNST,USB,0.7286253584996912,0.7367151980247303,Strong
FCBC,OCFC,0.7286189032227582,0.7367239602147357,Strong
EVT,FOF,0.7286179111766616,0.7367253067776868,Strong
DSU,VLT,0.728615904807779,0.736728030133537,Strong
GBCI,HAFC,0.7286033961387272,0.7367450086173273,Strong
BBT,CFR,0.728578143710146,0.7367792834897763,Strong
AGI,OR,0.728573877775769,0.7367850734430375,Strong
OZK,RF,0.7285521151593728,0.7368146101165844,Strong
BANF,FISI,0.7285516662157236,0.7368152194197353,Strong
FITB,OCFC,0.7285480158116938,0.7368201737036062,Strong
IBP,MTH,0.7285387142720503,0.7368327974892943,MST+Strong
MPC,PEO,0.7285248604115697,0.7368515991547149,Strong
LGIH,MHO,0.728524653764188,0.7368518796010661,Strong
MS,TFC,0.7285220931466986,0.7368553546705099,Strong
CFR,WABC,0.7285043787987692,0.7368793947468348,Strong
MFC,PFG,0.7284605135581007,0.7369389207280334,Strong
ERC,EVV,0.7284525311290992,0.7369497525217045,Strong
EVV,HYT,0.7284491662505929,0.7369543184613374,Strong
BLW,HPS,0.7284157321562248,0.7369996849982708,Strong
BIT,JPC,0.7284094728130507,0.7370081779559157,Strong
ETG,GLQ,0.7283932825571502,0.7370301451675498,Strong
DCOM,SFBS,0.728386472133539,0.737039385469272,Strong
HBAN,WAFD,0.7283788614491012,0.7370497114182988,Strong
CWT,WTRG,0.728376857771831,0.7370524299236371,Strong
FBK,WBS,0.7283547211099679,0.7370824633513297,Strong
FCBC,INDB,0.728351820719438,0.7370863983015314,Strong
CBSH,LKFN,0.7282824032389883,0.7371805704995373,Strong
FFC,RZB,0.728278831372187,0.7371854157914589,Strong
CHW,FFA,0.7282494829283879,0.7372252261983608,Strong
PNC,UVSP,0.7282378319090731,0.7372410299093871,Strong
HWC,TMP,0.7282025959032791,0.7372888227780493,Strong
HWC,WFC,0.7282003644332012,0.7372918493606162,Strong
BANF,HBNC,0.7282000016071837,0.7372923414668245,Strong
BBT,KEY,0.7281833621626032,0.7373149094347636,Strong
LGI,USA,0.7281488923326122,0.7373616584382291,Strong
AGD,GGZ,0.7281437326594431,0.7373686558846354,Strong
AX,FNB,0.7281348371766178,0.7373807196060692,Strong
OCFC,WAFD,0.7281135867027686,0.7374095379058118,Strong
AWK,SO,0.7280984015286864,0.7374301302107388,Strong
COP,IMO,0.7280896659308873,0.7374419761162402,Strong
CBSH,PFBC,0.7280841051918885,0.7374495166560373,Strong
NI,NWE,0.7280733168190234,0.7374641458145291,Strong
AEIS,KLAC,0.7280727205683206,0.7374649543289218,Strong
FFC,JQC,0.728047192620111,0.7374995693285373,Strong
FRT,O,0.7280442604169886,0.7375035451887827,Strong
AMP,IVZ,0.7280359722571987,0.7375147832319041,MST+Strong
EVV,HPF,0.7280358358152963,0.737514968234142,Strong
MKSI,TER,0.7280182166622768,0.7375388577393373,Strong
FBP,UCB,0.7279966421928926,0.7375681091358376,Strong
TCBI,WSBC,0.7279834751346345,0.7375859609094597,Strong
HFWA,IBCP,0.7279784722011039,0.7375927437263684,Strong
RJF,USB,0.7279769415255499,0.7375948189547565,Strong
ITW,LECO,0.7279701768039772,0.7376039902224265,MST+Strong
HAFC,WSBC,0.7279676292701113,0.7376074440105506,Strong
BOKF,HBNC,0.7279624515940967,0.73761446353214,Strong
CFR,GABC,0.7279553780352932,0.7376240532475968,Strong
INDB,RF,0.7279471506562937,0.7376352070552304,Strong
BANR,BSRR,0.7279414816589977,0.737642892382218,Strong
EVT,HPS,0.7279083617032568,0.737687790730934,Strong
GBCI,PGC,0.7279037435002477,0.7376940510804629,Strong
DFP,LDP,0.7278808461062141,0.7377250895744104,Strong
CFR,PFS,0.7278745996861445,0.737733556663726,Strong
BANF,BOKF,0.7278704482935432,0.7377391838671128,Strong
GS,MET,0.7278676501027483,0.7377429767842615,Strong
NBHC,TMP,0.7278600145721817,0.7377533265635855,Strong
PFBC,SBSI,0.72784512044506,0.7377735147793528,Strong
DPG,GDV,0.7278323284628015,0.7377908532059725,Strong
CCNE,PFBC,0.727829284196482,0.7377949793858969,Strong
BGR,CVE,0.7278180010679238,0.737810272267981,Strong
NBTB,RF,0.7277794871406084,0.7378624707347455,Strong
CTBI,RF,0.727768258882291,0.7378776878557977,Strong
AKR,NNN,0.72772074707563,0.7379420748600395,Strong
OSBC,UBSI,0.7277201012580455,0.737942950019789,Strong
CTBI,EWBC,0.7277192117559688,0.7379441553993517,Strong
RBCAA,TMP,0.7277183614036414,0.7379453077245747,Strong
FLC,JRI,0.7277142549712671,0.7379508723874957,Strong
EAD,KIO,0.7277024447193463,0.7379668763307113,Strong
BMRC,EFSC,0.7276928157790991,0.7379799241455027,Strong
OKE,WMB,0.7276861370169743,0.7379889741493781,Strong
MS,USB,0.7276838421457935,0.7379920837708308,Strong
CVBF,QCRH,0.727672602579788,0.7380073135412846,Strong
PAM,SUPV,0.7276560563987163,0.7380297332781162,Strong
FFIC,HOMB,0.7276290868089572,0.7380662750607736,Strong
HBAN,INDB,0.7276088638722727,0.738093674444819,Strong
BOH,GABC,0.7275852402460237,0.7381256800220086,Strong
CHCO,FHB,0.7275805976391077,0.7381319697193617,Strong
FFC,PFD,0.7275499475826575,0.7381734923679426,Strong
CFG,NWBI,0.7275458827699249,0.7381789989292232,Strong
FCBC,SBCF,0.7275357040768335,0.7381927877230533,Strong
EMR,ITT,0.7275314195166015,0.7381985918211962,Strong
ARCC,NMFC,0.7275285684362014,0.7382024540243667,MST+Strong
BANF,BBT,0.7275200447222676,0.7382140005143933,Strong
RY,SLF,0.7275183890381374,0.7382162433350578,Strong
BPOP,MTB,0.7275178057379609,0.7382170334827545,Strong
NAN,NRK,0.7274734166902304,0.738277161111963,MST+Strong
BGB,LDP,0.7274698582352409,0.7382819810407932,Strong
FFIN,IBCP,0.7274415704102994,0.7383202957926872,Strong
PFBC,PFS,0.7274315856918625,0.7383338192283183,Strong
HTD,UTF,0.7274301740470638,0.7383357311588492,Strong
EVV,HPS,0.7274087017947758,0.7383648125489516,Strong
EWBC,MET,0.7273971072570758,0.7383805153752693,Strong
GAM,RMT,0.7273965742411561,0.7383812372465106,Strong
DPG,FPF,0.7273803816676699,0.7384031667488027,Strong
NTRS,TFC,0.7273784001347351,0.738405850281896,Strong
UCB,WFC,0.7273699178999679,0.7384173374183899,Strong
EVRG,XEL,0.7273683318899139,0.738419485265775,Strong
IDA,WTRG,0.7273654497848323,0.7384233883283596,Strong
LGI,RVT,0.7273542039010361,0.7384386177590713,Strong
IBOC,WASH,0.7273333385800267,0.7384668732177135,Strong
PNC,SRCE,0.7273183763477586,0.7384871341495955,Strong
ETV,RVT,0.7273179099171475,0.7384877657522195,Strong
FFBC,HTB,0.7273153676976071,0.7384912082108939,Strong
SFBS,WTFC,0.7273036906284163,0.738507020104188,Strong
FFIN,TRST,0.7272945792778472,0.7385193575284981,Strong
AX,PNFP,0.7272865627587024,0.7385302123018361,Strong
SFBS,WABC,0.7272749835315885,0.7385458908807381,Strong
FMBH,HFWA,0.7272705883652311,0.7385518419647586,Strong
AROW,RNST,0.7272664425267426,0.7385574554132637,Strong
ETW,RMT,0.7272643521845155,0.7385602857119851,Strong
FHB,OCFC,0.7272625412709555,0.7385627376588187,Strong
AN,LAD,0.7272573577672143,0.738569755991654,MST+Strong
AROW,RBCAA,0.7272372059490803,0.7385970404096129,Strong
CVBF,WTFC,0.7272283372457754,0.7386090478111199,Strong
PTEN,SLB,0.7272139158027013,0.7386285726903593,Strong
FMBH,PNFP,0.7272133574015777,0.73862932868716,Strong
FBK,FULT,0.7272010899735909,0.738645936868821,Strong
AVB,INVH,0.7271949292670018,0.7386542773625537,Strong
BBD,BBDO,0.7271796217866313,0.7386750005426861,MST+Strong
GGZ,LGI,0.7271713669613052,0.7386861756371169,Strong
GTY,NNN,0.7271524492527831,0.738711785133034,Strong
HPS,NRO,0.727146550169273,0.7387197707259865,Strong
AEE,WTRG,0.7271436260060004,0.7387237291355946,Strong
MSBI,PFS,0.7271332580659898,0.7387377639379351,Strong
CNOB,GABC,0.7271283264067642,0.738744439699191,Strong
CFR,SFBS,0.7271037920667578,0.7387776498152095,Strong
FCF,OFG,0.7270949280612932,0.7387896479224744,Strong
CFG,FIBK,0.7270871357820087,0.7388001952057015,Strong
CBU,ZION,0.7270705153085115,0.7388226914375173,Strong
AEE,BKH,0.7270701627596149,0.7388231686139588,Strong
BGR,PSX,0.7270629300566956,0.7388329580403197,Strong
FMBH,TRST,0.7270603327774472,0.7388364734128288,Strong
AMP,BLK,0.7270489131953622,0.7388519294210956,MST+Strong
VCV,VMO,0.727044743579532,0.7388575727709205,Strong
CCNE,SBCF,0.7270371337820581,0.7388678721096782,Strong
CTBI,MSBI,0.7270172995287909,0.7388947157358876,Strong
SBCF,WAL,0.7270151292793603,0.7388976528865682,Strong
FMNB,SRCE,0.7270069536028906,0.7389087174977832,Strong
ATO,OGE,0.7270068311024842,0.7389088832833394,Strong
CBU,CNOB,0.727004320252559,0.7389122813263304,Strong
EOG,SU,0.7270011639071391,0.7389165529244299,Strong
AX,UCB,0.726985594915816,0.7389376226504968,Strong
PGC,RF,0.7269825465713791,0.7389417479458322,Strong
USB,WSFS,0.7269818101086892,0.7389427445902839,Strong
FBK,QCRH,0.7269755124505329,0.7389512670663297,Strong
ASB,MSBI,0.7269655877358866,0.7389646977550598,Strong
AWF,DSU,0.7269602578171535,0.7389719104036994,Strong
BBT,GABC,0.7269454336144836,0.7389919707080942,Strong
BANR,CCBG,0.7269432128020449,0.7389949758935511,Strong
C,EWBC,0.7269309201067846,0.7390116100484693,Strong
GDV,NRO,0.7269158959441242,0.7390319398454654,Strong
BGH,ERC,0.7268976771166932,0.7390565917212386,Strong
KMI,KYN,0.7268955969290445,0.7390594063686025,Strong
HBNC,SBSI,0.7268914278487212,0.7390650474096022,Strong
LNC,MS,0.7268913062833184,0.7390652118949742,Strong
SKT,SPG,0.7268882389100055,0.7390693622252169,Strong
DX,ORC,0.7268673783584817,0.7390975871175853,Strong
CFG,TCBK,0.726862537419644,0.7391041368851293,Strong
CMS,PPL,0.7268572278912419,0.7391113205854152,Strong
CCBG,FISI,0.7268283912440651,0.7391503348520312,Strong
IHG,MAR,0.7268266560863369,0.7391526823514383,MST+Strong
TRMK,WTBA,0.7268239069152718,0.7391564016968645,Strong
CHH,MAR,0.7268142918249394,0.7391694097770288,MST+Strong
HTGC,MAIN,0.7268093543307083,0.7391760895338698,MST+Strong
AROW,DCOM,0.7268049889396492,0.7391819952628051,Strong
BKU,GSBC,0.7268046145797918,0.7391825017141682,Strong
CBSH,SYBT,0.7268012991374252,0.7391869869830973,Strong
SF,STT,0.7268000003804599,0.7391887439883539,Strong
HOMB,HTH,0.7267891905479862,0.7392033677574985,Strong
CVBF,TFC,0.7267809533220307,0.73921451105612,Strong
KEY,TCBK,0.7267700750880703,0.7392292268463547,Strong
CBSH,KEY,0.7267480274293545,0.7392590514435998,Strong
IIM,VPV,0.726746160607445,0.7392615767000947,Strong
BANF,SYBT,0.7267198631029546,0.7392971485093737,Strong
BK,USB,0.7267113384634987,0.7393086791543859,Strong
ASR,OMAB,0.7267100271431632,0.7393104528637976,Strong
H,HST,0.7267078554597008,0.7393133903025146,MST+Strong
BOE,FUND,0.7267013379072145,0.7393222059329553,Strong
DVN,TRGP,0.7266996829300886,0.7393244444354744,Strong
EWBC,RJF,0.7266925770695284,0.7393340556615414,Strong
EWBC,SFBS,0.7266772494255448,0.7393547870602519,Strong
HIO,LDP,0.7266755148730841,0.7393571330918718,Strong
BPOP,FFBC,0.7266417616549177,0.7394027837993069,Strong
BOKF,FISI,0.7266400965644004,0.7394050357356238,Strong
HPS,PFO,0.7266354772732954,0.7394112830173808,Strong
BKU,CBU,0.7266327814848675,0.7394149288662387,Strong
CFR,PFBC,0.72660985626561,0.7394459327555869,Strong
EOS,GLQ,0.7265894521340479,0.7394735260520854,Strong
CNOB,EWBC,0.7265422989228048,0.7395372892250873,Strong
HPI,ISD,0.7265185393080232,0.7395694162037486,Strong
KRNY,TOWN,0.7265095519370851,0.7395815682707553,Strong
EFT,EVF,0.7265090325250043,0.7395822705757564,Strong
FNB,TMP,0.7264838766684265,0.7396162833950771,Strong
HWC,LNC,0.7264788591359367,0.7396230673310066,Strong
BANF,UMBF,0.7264744103728189,0.7396290822124034,Strong
CCNE,FCBC,0.726446606665603,0.7396666726768173,Strong
FNV,NEM,0.7264356586167604,0.7396814738564697,Strong
BANF,CHCO,0.7264312241687936,0.7396874689099531,Strong
AMP,WFC,0.7264230984655469,0.7396984541479766,Strong
HOMB,OSBC,0.726402100249475,0.739726841138707,Strong
FITB,NTRS,0.7264004055217059,0.7397291321535121,Strong
CVBF,RF,0.7263995302486109,0.7397303153871538,Strong
AAT,BFS,0.7263574225809495,0.7397872361957193,Strong
EWBC,JPM,0.7263267407497427,0.7398287088918046,Strong
FFIC,RNST,0.7263057746183861,0.7398570475187946,Strong
BDCZ,PFLT,0.726302816494798,0.7398610457446749,Strong
EFC,PMT,0.7262895322074625,0.7398790006379928,Strong
NHI,UHT,0.7262841337478685,0.7398862970107387,Strong
AVK,TY,0.7262720411444598,0.739902640697464,Strong
BKU,WAFD,0.7262627025774702,0.7399152619354865,Strong
H,PK,0.7262622022450016,0.7399159381375676,Strong
IBOC,RBCAA,0.7262423665959843,0.739942745628357,Strong
FHN,PNC,0.7262251320625571,0.7399660369739179,Strong
O,REG,0.7262200725575891,0.7399728744250168,Strong
OZK,WSFS,0.726212617950891,0.7399829485185574,Strong
OSBC,WTFC,0.7262099596899199,0.7399865408371697,Strong
PNC,SYF,0.7262083119675758,0.7399887675261351,Strong
OSBC,WSBC,0.7262081204972479,0.7399890262737037,Strong
DB,ING,0.7262074836608363,0.7399898868757109,MST+Strong
PRK,SYBT,0.7261728161191374,0.7400367340623877,Strong
AEE,NWE,0.7261702923808179,0.7400401443424297,Strong
TOWN,ZION,0.7261699384524974,0.7400406225978443,Strong
CHCO,FMBH,0.7261592110175311,0.7400551181938665,Strong
EVRG,NI,0.7261414783191206,0.7400790791271963,Strong
BIT,JRI,0.7261285027048339,0.7400966116598104,Strong
AVK,JPC,0.7261284126841165,0.7400967332935384,Strong
EFSC,FFIC,0.7261174539508172,0.7401115403088684,Strong
FULT,OSBC,0.726114751022984,0.7401151923545632,Strong
HBNC,NFBK,0.7261069651857011,0.7401257120439729,Strong
BZH,MTH,0.7261065508480147,0.7401262718644506,MST+Strong
CBU,FCBC,0.7260891629467692,0.74014976464663,Strong
HPS,NCV,0.7260811347039787,0.7401606113486738,Strong
FLC,HIO,0.7260727600067363,0.7401719259648581,Strong
HTD,JPC,0.7260491838863565,0.7402037775013628,Strong
BOH,OZK,0.7260470369231475,0.7402066779985877,Strong
DEI,ESRT,0.7260289685615267,0.7402310874834606,Strong
CCNE,ONB,0.726027960299805,0.7402324495726934,Strong
BSRR,HTB,0.7260083970713298,0.7402588775944132,Strong
BDJ,ETB,0.7260011876121842,0.7402686166356315,Strong
GSBD,TCPC,0.7260004253939959,0.7402696462857357,Strong
FIBK,TRST,0.7259870428719146,0.7402877239669524,Strong
FNB,OFG,0.7259770804653131,0.740301181323773,Strong
CNOB,COLB,0.7259634018718869,0.7403196581587079,Strong
NFBK,SYBT,0.7259576180300382,0.7403274707451585,Strong
CCBG,SYBT,0.7259447518126936,0.7403448496306386,Strong
OCFC,PFBC,0.7259446349622598,0.7403450074630613,Strong
FRST,UVSP,0.7259387112975526,0.7403530086417525,Strong
FHB,PFBC,0.7259265841386069,0.7403693886991723,Strong
NJR,NWE,0.7259130838114791,0.7403876230577073,Strong
ATO,PNW,0.7259104720083844,0.7403911506651273,Strong
CIM,STWD,0.7259043402466127,0.7403994324057621,MST+Strong
EPD,KYN,0.7258779194193846,0.7404351161048689,Strong
DVN,VNOM,0.7258728790766957,0.7404419233448418,Strong
WFC,ZION,0.725872691086189,0.7404421772344023,Strong
GABC,OCFC,0.7258710022200926,0.740444458119456,Strong
BBT,FFIC,0.7258657804258632,0.7404515103288489,Strong
BPOP,FCF,0.7258516043640676,0.7404706552402093,Strong
ISD,JFR,0.7258223477691756,0.7405101649954906,Strong
CATY,KRNY,0.7258209825838352,0.740512008567268,Strong
BKU,FBP,0.725814038036149,0.7405213865430911,Strong
BANF,PB,0.725801012422318,0.7405389761216921,Strong
BGH,DSU,0.7257878575512635,0.7405567398231367,Strong
CSQ,RGT,0.7257687598221686,0.7405825277142736,Strong
BMRC,UBSI,0.7257677722819721,0.7405838611771498,Strong
DCOM,RF,0.7257558775887628,0.7405999222403918,Strong
OLN,WLK,0.7257555018932983,0.7406004295255326,MST+Strong
BANF,CFG,0.7257524412141857,0.7406045622136206,Strong
AMAT,MCHP,0.7257208793402978,0.7406471773519456,Strong
AEE,PPL,0.7257144747609022,0.7406558245758927,Strong
FIBK,PNC,0.7257062299535239,0.740666956258312,Strong
QCRH,TFC,0.7257004505802065,0.7406747591484315,Strong
CATY,CNO,0.7256960375017997,0.7406807173110427,Strong
BKU,WAL,0.7256949685679308,0.7406821604873026,Strong
NBHC,PRK,0.7256889564997948,0.7406902773767253,Strong
AUB,FBK,0.7256857795180611,0.7406945665818521,Strong
BSRR,TRST,0.7256766622279531,0.7407068755885109,Strong
FFA,RMT,0.7256676894568586,0.7407189892842514,Strong
ASB,AX,0.7256508063712137,0.7407417817685004,Strong
FCF,FMNB,0.725642876426723,0.7407524871011599,Strong
CHW,NCV,0.7256361666307204,0.7407615451267426,Strong
ATO,WTRG,0.7256359276304616,0.7407618677679602,Strong
EXC,PEG,0.7256298724763923,0.7407700419477122,Strong
EVRG,PNW,0.7256271124101923,0.7407737678803262,Strong
HPF,ISD,0.7256265839700761,0.7407744812423332,Strong
MCHP,MPWR,0.7256097755374133,0.7407971712453911,Strong
PNFP,THFF,0.7255915094557155,0.7408218281669142,Strong
BGY,EVT,0.7255870181229473,0.7408278907776794,Strong
GS,HBAN,0.7255818439025354,0.7408348751205825,Strong
SYBT,WTBA,0.7255809686882889,0.7408360565087407,Strong
NNN,VTR,0.7255803240633132,0.7408369266399817,Strong
EMN,LYB,0.7255674234920864,0.7408543399453278,MST+Strong
SSB,TCBI,0.7255645398514431,0.7408582322530498,Strong
ARDC,DSU,0.7255538627634188,0.7408726438958064,Strong
BMRC,STBA,0.7255526468104406,0.7408742851382539,Strong
FISI,HTB,0.7255523907639813,0.740874630738587,Strong
BBT,SBSI,0.7255431696673743,0.7408870768647887,Strong
CCNE,RNST,0.7255357540298233,0.7408970859305315,Strong
AROW,WSFS,0.7255341259907955,0.7408992833161664,Strong
ISD,JGH,0.7255297615188462,0.7409051740690624,Strong
FANG,PR,0.7254989672986727,0.7409467358742156,Strong
FCF,RBCAA,0.7254926057731516,0.7409553214963078,Strong
AXP,MS,0.7254747427994105,0.7409794291349653,Strong
FISI,TMP,0.725472422118915,0.7409825610378222,Strong
EOS,IGA,0.7254671610155996,0.7409896611753776,Strong
EIM,VGM,0.7254643049440946,0.7409935155666416,Strong
GAM,GGZ,0.7254595469120575,0.7409999366908778,Strong
HTD,UTG,0.725443453523392,0.7410216548476947,Strong
AROW,LKFN,0.7254385856912702,0.7410282239007228,Strong
CCNE,SBSI,0.7254328813185434,0.7410359217763421,Strong
CUBI,WTFC,0.7254269564110936,0.7410439171721288,Strong
BGH,EVV,0.7254256941419883,0.7410456205362955,Strong
PFS,WTBA,0.7254248969518948,0.7410466962993697,Strong
FBK,KEY,0.7254218795954712,0.74105076803756,Strong
BAC,BKU,0.7254161757267876,0.7410584649988318,Strong
BANR,WTBA,0.7253890223123145,0.7410951054860442,Strong
AOD,HTD,0.7253718173462653,0.7411183207204295,Strong
CCBG,THFF,0.7253669894752173,0.7411248349971585,Strong
CFFN,TCBK,0.7253375312217843,0.7411645819630288,Strong
EVT,GHY,0.7253138582658649,0.7411965214895913,Strong
CCD,EVT,0.7253034631103238,0.7412105461873518,Strong
FFBC,HTH,0.7252913418998642,0.7412268992692261,Strong
AX,EWBC,0.725279997840163,0.7412422035473116,Strong
HUN,WLK,0.7252645251306555,0.7412630772800497,MST+Strong
ETJ,FFA,0.7252608296589605,0.7412680626346173,Strong
BKU,CBSH,0.7252546887843677,0.741276346871573,Strong
BPOP,UCB,0.7252475174516643,0.741286021112412,Strong
AROW,SBSI,0.7252459586359132,0.7412881239627231,Strong
BSL,JFR,0.7252108664948714,0.7413354618593779,Strong
FMNB,FRME,0.7252093489131415,0.7413375089483312,Strong
MSBI,WSBC,0.7252036449850178,0.7413452030127156,Strong
MSBI,QCRH,0.7251983546119929,0.7413523391586583,Strong
CHW,SCD,0.7251948680712912,0.7413570420906633,Strong
THFF,WABC,0.7251940615310343,0.7413581300140516,Strong
FBNC,MSBI,0.7251809330755776,0.7413758384576913,Strong
CATY,CCBG,0.7251628002623317,0.7414002963820129,Strong
BGB,JRI,0.7251599733481593,0.7414041093112995,Strong
CNO,PNC,0.7251544854180083,0.7414115113511413,Strong
BMRC,THFF,0.7251518036506739,0.74141512845278,Strong
SFNC,WTBA,0.72510458108403,0.7414788181950581,Strong
LKFN,QCRH,0.7251022689422646,0.7414819364728117,Strong
IQI,NMZ,0.7250913824537171,0.7414966183959073,Strong
HIO,HPI,0.7250896176397762,0.7414989984622014,Strong
AEP,EXC,0.7250886174062855,0.7415003473953529,Strong
UVSP,ZION,0.7250854937080824,0.7415045600559953,Strong
NWBI,ZION,0.7250838591430078,0.7415067644424995,Strong
NFBK,ONB,0.7250738040984881,0.741520324605485,Strong
NML,OKE,0.7250683751401593,0.7415276459577764,Strong
BFH,SYF,0.7250665566988352,0.7415300982443865,Strong
CNOB,SSB,0.7250557500989897,0.7415446714811055,Strong
CFFN,TRMK,0.725053301936579,0.7415479729099406,Strong
AME,DOV,0.7250453865082266,0.7415586470290444,Strong
BMRC,CVBF,0.7250314469298152,0.7415774444657615,Strong
GGZ,RGT,0.7250180342158378,0.741595530979202,Strong
CDE,EXK,0.724995150231981,0.7416263881065978,Strong
FBK,IBOC,0.7249910521471319,0.7416319138937699,Strong
TRGP,TYG,0.7249910499468105,0.7416319168606345,Strong
DCOM,FHB,0.7249700275937527,0.741660262392758,Strong
ESS,IRT,0.7249681507522511,0.7416627929831036,Strong
FHB,GSBC,0.7249646709526107,0.7416674848574518,Strong
OGE,PEG,0.7249621055533799,0.7416709438108251,Strong
DUK,WTRG,0.724956252667186,0.7416788352552794,Strong
AAT,AHRT,0.7249490326130418,0.74168856993614,MST+Strong
DCOM,ZION,0.7249402739250557,0.7417003789603243,Strong
HOMB,NFBK,0.724937682539933,0.741703872795696,Strong
FITB,TCBK,0.7249083004056656,0.741743486111384,Strong
KEY,PGC,0.7249038296572275,0.7417495134380236,Strong
BAC,CNO,0.7248977912394484,0.741757654170891,Strong
BANF,GABC,0.72488856717332,0.7417700894841744,Strong
JPM,SYF,0.7248802535974965,0.7417812971523392,Strong
CII,JCE,0.7248637350025332,0.7418035656391344,Strong
ADX,ETO,0.7248486944768028,0.7418238409800499,Strong
BANR,OSBC,0.7248454297455992,0.7418282419191128,Strong
BANC,BKU,0.724833223685714,0.7418446957608931,Strong
AWK,XEL,0.7248081199479006,0.7418785346026657,Strong
CNP,ETR,0.7248058311492364,0.7418816197356066,Strong
CAC,FMNB,0.7247971860592033,0.7418932725679573,Strong
EOS,SCD,0.7247955145219788,0.7418955256341977,Strong
BGR,EMO,0.7247468309829521,0.7419611432104082,Strong
GSBC,HTB,0.724745868712707,0.7419624401373603,Strong
FMBH,PGC,0.7247408304624744,0.741969230544671,Strong
AROW,FFIN,0.7247339759327062,0.7419784687809935,Strong
BPOP,CNOB,0.7247270447694039,0.7419878101836932,Strong
CSQ,JRI,0.7246866150258735,0.7420422966032685,Strong
BGX,BIT,0.7246652426782842,0.7420710981054521,Strong
CCBG,STBA,0.7246638170493102,0.7420730192517309,Strong
CAC,COLB,0.7246621979858442,0.7420752010600487,Strong
DPG,HPI,0.7246574716248533,0.7420815701459601,Strong
CPF,SFBS,0.7246481117863827,0.7420941829897568,Strong
NBHC,TFC,0.7246452321094461,0.7420980634532797,Strong
BPOP,WSBC,0.7246246811527233,0.742125755983818,Strong
HPI,VGI,0.7246003973776156,0.7421584771763836,MST+Strong
ES,IDA,0.7245838969748076,0.7421807098344613,Strong
FMBH,UMBF,0.7245589004062963,0.7422143889654844,Strong
PH,RVT,0.7245584288834107,0.7422150242572422,MST+Strong
EAD,EMD,0.7245505852852627,0.7422255920065506,MST+Strong
CFG,RJF,0.7245367577232997,0.7422442216369223,Strong
CPF,NFBK,0.7245324990542857,0.7422499591723993,Strong
IBCP,VLY,0.7245095555144141,0.7422808693285661,Strong
GBCI,NFBK,0.7245066450237198,0.742284790328187,Strong
CDP,CUZ,0.7244763213245304,0.7423256410436994,Strong
BKH,POR,0.7244743844324739,0.7423282502606594,Strong
RJF,WBS,0.7244579605472613,0.7423503747594375,Strong
CPF,TFC,0.7244448986870142,0.7423679698276129,Strong
GS,KEY,0.7244242542182567,0.7423957782500427,Strong
PRK,VLY,0.7244238331917486,0.7423963453684984,Strong
BOH,LKFN,0.7244108848925274,0.7424137863852915,Strong
AX,HOMB,0.7243852030105864,0.7424483779892224,Strong
CUBI,EWBC,0.7243689850405165,0.7424702215705132,Strong
FBP,TOWN,0.7243452822673455,0.7425021450913856,Strong
ADC,FCPT,0.7243432851301305,0.7425048348258341,Strong
NFBK,WABC,0.7243417342454429,0.7425069235428813,Strong
GLO,NFJ,0.724327566220271,0.742526004635163,Strong
BANF,TCBI,0.7243272808123116,0.7425263890094256,Strong
HPS,ISD,0.7243180317015671,0.7425388451770493,Strong
IBCP,WBS,0.7243168568442401,0.7425404273920174,Strong
EQNR,TTE,0.7243011204881693,0.7425616196812634,Strong
MTB,SRCE,0.7243000711629961,0.7425630327952017,Strong
FCF,OZK,0.7242974025379432,0.7425666265892332,Strong
CFG,STT,0.7242789084589082,0.7425915317872832,Strong
BMRC,UVSP,0.7242776925568849,0.7425931691621127,Strong
DOC,O,0.7242759206097851,0.7425955553196032,Strong
FULT,NIC,0.7242694957507788,0.742604207164518,MST+Strong
CFR,FBP,0.7242464488919473,0.7426352417008671,Strong
NCV,PFL,0.72423609854136,0.7426491788976004,Strong
CII,GLQ,0.7242359191145639,0.74264942050127,Strong
CSQ,FOF,0.7242345858137039,0.7426512158292021,Strong
GLO,USA,0.724183187634867,0.742720421646171,Strong
FMBH,TMP,0.7241792057040085,0.7427257829050927,Strong
STBA,TFC,0.7241771681247053,0.7427285262803559,Strong
PB,TMP,0.7241768174479999,0.742728998426748,Strong
CVBF,USB,0.7241761873660008,0.7427298467599094,Strong
CCNE,WASH,0.7241755039445787,0.7427307669073919,Strong
BPOP,FULT,0.7241654299713165,0.7427443302088323,Strong
BBT,PB,0.7241545194464921,0.7427590195393226,Strong
ATO,EVRG,0.7241480059884242,0.7427677887625119,Strong
NCV,NIE,0.7241262519328465,0.7427970760135685,Strong
OZK,SBCF,0.7241220822110978,0.742802689533233,Strong
MTB,RJF,0.7241049532109209,0.742825749135124,Strong
CFR,SYBT,0.7240616341241627,0.7428840634659453,Strong
DCOM,HAFC,0.7240536689504954,0.7428947853491834,Strong
AVK,NIE,0.7240472429587389,0.7429034352340297,Strong
BLW,EVV,0.7240398058465262,0.7429134460399459,Strong
BAC,TCBI,0.7240383040308997,0.7429154675588606,Strong
HAFC,UCB,0.7240257030902005,0.7429324288383157,Strong
ADI,LRCX,0.7240250848832526,0.7429332609551782,Strong
PGC,SYBT,0.7240187356459863,0.7429418070804923,Strong
BAC,FFBC,0.7240143632460971,0.7429476923093615,Strong
SRCE,TCBI,0.7239855269693236,0.7429865046293592,Strong
CMS,OGE,0.723976641883709,0.7429984631428129,Strong
AUB,IBCP,0.7239667792418216,0.7430117371322991,Strong
AEG,ING,0.7239504512722595,0.7430337121931151,MST+Strong
FULT,WFC,0.723948498220471,0.7430363406718798,Strong
NWBI,WTBA,0.7239447829248457,0.7430413408083757,Strong
BANF,FCBC,0.7239446309642654,0.7430415453199566,Strong
CET,CII,0.7239374449186877,0.7430512163792107,Strong
BUSE,KRNY,0.7239175576654922,0.7430779802073372,Strong
NKX,VCV,0.7239145665287401,0.7430820055300221,Strong
UVSP,WABC,0.7239040595657598,0.7430961451040373,Strong
CFFN,GSBC,0.7239009305598261,0.7431003558607329,Strong
WSBC,WTBA,0.7238992514884871,0.7431026154058575,Strong
KRNY,TCBK,0.7238979535229907,0.7431043620878689,Strong
HBNC,WAFD,0.7238956678650108,0.7431074379051649,Strong
OSBC,WSFS,0.7238914644768427,0.7431130943849089,Strong
FMBH,LKFN,0.7238904899886212,0.7431144057429904,Strong
CAC,CCBG,0.7238833405939576,0.7431240265339862,Strong
DOC,NHI,0.7238734443232162,0.7431373435331907,Strong
CATY,COF,0.7238704634729316,0.7431413546924547,Strong
ADI,STM,0.7238659618034858,0.7431474122898015,Strong
BLD,PHM,0.7238563782262486,0.7431603081082189,Strong
DOV,EMR,0.7238390010374942,0.7431836905671515,Strong
IBOC,WAFD,0.7238315467592047,0.7431937206957487,Strong
COLB,FISI,0.7237852698549224,0.7432559857075859,Strong
GSBC,MSBI,0.7237648176029018,0.743283502301912,Strong
EAD,NCV,0.7237631091232387,0.7432858008555812,Strong
LNT,PEG,0.7237607978769343,0.743288910347875,Strong
BOH,WAL,0.7237499347422267,0.7433035251601775,Strong
CCNE,UMBF,0.7237453801694328,0.7433096526086113,Strong
PFGC,SYY,0.7237132860252822,0.7433528287088411,Strong
SO,WTRG,0.7237128359120799,0.7433534342261695,Strong
AMP,KEY,0.7237110786334526,0.7433557982104496,Strong
EXC,IDA,0.7237013522915275,0.743368882464786,Strong
BOH,SYBT,0.7236945725755665,0.7433780026667907,Strong
CHI,TY,0.7236910004955092,0.7433828078513665,Strong
CAC,PB,0.7236895061001651,0.7433848181121738,Strong
BBT,LKFN,0.7236880354769977,0.743386796389339,Strong
AOD,EAD,0.7236681793952785,0.7434135062059627,Strong
ST,TEL,0.7236662291207657,0.7434161296060696,MST+Strong
HWC,TRST,0.7236612174705549,0.7434228709549433,Strong
CHCO,RBCAA,0.7236578645822039,0.7434273810101375,Strong
GHY,JPC,0.7236574542146129,0.7434279330041172,Strong
CNOB,TCBI,0.7236341747275178,0.7434592460551986,Strong
EWBC,SBSI,0.7236146378573749,0.7434855239244744,Strong
RF,STT,0.7236035145199256,0.7435004848419058,Strong
ISD,JPC,0.7235946505426355,0.7435124066985896,Strong
HTH,TOWN,0.7235803072881963,0.7435316976589548,Strong
MS,STEW,0.7235776626188711,0.74353525455237,Strong
OCFC,TMP,0.7235612427708882,0.7435573377072031,Strong
AXP,LNC,0.723560273304074,0.7435586415285965,Strong
BAC,FCF,0.7235542600165066,0.7435667286578836,Strong
CNO,VOYA,0.7235515414404187,0.7435703847781746,Strong
AEE,OGE,0.7235488548263337,0.7435739978961964,Strong
ADAM,ARI,0.723548243177908,0.7435748204748356,Strong
AROW,NFBK,0.7235313678916344,0.743597514934478,Strong
CCNE,SYBT,0.7234987144364607,0.7436414264462937,Strong
FMBH,WASH,0.7234760568334727,0.7436718942739833,Strong
FFIC,QCRH,0.723474711069683,0.7436737038921264,Strong
CATY,FRST,0.7234654667690211,0.74368613437522,Strong
CUZ,ESRT,0.7234467857327413,0.7437112534677133,Strong
AWK,ES,0.7234403328919551,0.743719929957568,Strong
EOG,HP,0.7234295282500631,0.7437344576526448,Strong
HFWA,WTBA,0.7234148436321801,0.7437542018272164,Strong
BBT,FCBC,0.7234088343198363,0.7437622814853732,Strong
FFIC,PNFP,0.7234024653343061,0.7437708446365641,Strong
BSRR,QCRH,0.7233964570357554,0.7437789227509,Strong
HAFC,QCRH,0.7233910546734492,0.7437861861133894,Strong
BUSE,OFG,0.723388483394016,0.7437896431195907,Strong
FFC,PFL,0.7233860141137418,0.7437929629759321,Strong
BOKF,QCRH,0.7233771219087144,0.7438049180951758,Strong
CATY,LNC,0.7233699245318591,0.7438145944630837,Strong
AME,ITT,0.7233669868710962,0.7438185439055734,Strong
KEY,NTRS,0.7233608867896955,0.7438267448946758,Strong
VCV,VKQ,0.723352843415918,0.7438375583204736,Strong
BOKF,JPM,0.7233512014748575,0.7438397657091781,Strong
BABA,JD,0.7233488946945977,0.7438428668817122,MST+Strong
FCF,WTBA,0.7233476459202802,0.7438445456944882,Strong
BK,FITB,0.7233466888931694,0.7438458322889637,Strong
HOMB,PRU,0.7233393599954722,0.7438556849342859,Strong
C,NTRS,0.7233387795967189,0.7438564651910758,Strong
ALLY,KEY,0.7233250933339931,0.7438748640275553,Strong
BLW,HPF,0.7233111965262661,0.7438935454401173,Strong
FHB,QCRH,0.7233067440993656,0.7438995307171989,Strong
GBCI,IBCP,0.7232832882477205,0.7439310609892283,Strong
RGT,RMT,0.72323608496334,0.7439945094376167,Strong
AFL,PFG,0.7232318491354336,0.7440002027749272,Strong
BKH,DUK,0.7232267024782905,0.7440071202908068,Strong
HPF,NCZ,0.7232240907452941,0.7440106306427428,Strong
DOV,TKR,0.7232231120361677,0.7440119460920399,Strong
FMNB,MBWM,0.723211227426366,0.7440279196019918,Strong
NWE,SR,0.7231799790275355,0.744069917376673,Strong
BN,RVT,0.7231789574392216,0.7440712903489537,MST+Strong
THFF,VLY,0.7231785424448898,0.7440718480833827,Strong
DSL,PFN,0.723150834217364,0.744109085796748,Strong
ARCC,PFLT,0.7231465341553424,0.7441148645802712,Strong
EVT,UTF,0.7231443438560615,0.7441178080706555,Strong
CPT,INVH,0.7231102077737543,0.7441636812237555,Strong
CNO,FITB,0.7231094831095147,0.7441646550199563,Strong
CFG,CTBI,0.7230885733204121,0.7441927528262928,Strong
CNOB,TFC,0.7230772276799884,0.7442079982370676,Strong
HBAN,MS,0.7230667247489748,0.7442221110005066,Strong
AROW,AUB,0.7230651342714693,0.7442242480980187,Strong
NNN,WPC,0.723055311804103,0.7442374462440022,Strong
TCBI,UVSP,0.7230496576633177,0.744245043432178,Strong
ESRT,HIW,0.7230301943976347,0.744271194662759,Strong
BAC,SBCF,0.7230293070592716,0.7442723868863178,Strong
BBT,FMBH,0.7230216849582424,0.7442826278259592,Strong
ABCB,WTBA,0.723019744510221,0.7442852349600643,Strong
MYI,VGM,0.7230074610625619,0.7443017384602002,Strong
FRME,FRST,0.722999171600785,0.7443128756097331,Strong
LRCX,MCHP,0.7229976857397288,0.7443148718926301,Strong
FBNC,WTBA,0.7229971494529572,0.7443155924029038,Strong
BGB,HYT,0.7229960982915449,0.7443170046538707,Strong
GGZ,SPXX,0.7229782326854592,0.7443410069511699,Strong
IAE,IHD,0.7229684313101693,0.7443541746908264,MST+Strong
BANR,OFG,0.7229578958644391,0.7443683283638025,Strong
COF,EWBC,0.7229435349711838,0.7443876208385202,Strong
AGD,USA,0.7229421339706429,0.7443895029208258,Strong
SFBS,THFF,0.7229252270078361,0.7444122150961305,Strong
COP,OVV,0.7229143448881554,0.7444268333581812,Strong
THFF,WBS,0.722887500104192,0.7444628934954488,Strong
PEG,PNW,0.7228857720673427,0.7444652146778348,Strong
KRNY,WSBC,0.7228761492359799,0.7444781403963721,Strong
IQI,MUC,0.7228647750094093,0.7444934183598815,Strong
BEN,TROW,0.7228562991037846,0.744504803068745,Strong
FMNB,TCBK,0.7228328889065264,0.7445362463889499,Strong
BMRC,PFS,0.722821488094603,0.7445515588666738,Strong
OSBC,STBA,0.7227814228473007,0.7446053681685343,Strong
COLB,QCRH,0.7227799728981731,0.7446073154379118,Strong
DX,RITM,0.7227748439776311,0.7446142034938211,Strong
WCN,WM,0.7227607782189558,0.7446330932493455,Strong
ABCB,SF,0.7227553296583785,0.7446404103211448,Strong
FANG,TRGP,0.7227485581745454,0.7446495038948923,Strong
FFBC,FRST,0.7227365409115131,0.7446656418668541,Strong
OZK,WSBC,0.722727508371926,0.7446777714261035,Strong
ASB,OFG,0.7227161045198229,0.7446930850762307,Strong
KRG,WSR,0.7226864630645359,0.744732887598586,MST+Strong
ETR,PPL,0.7226833814393201,0.7447370254803771,Strong
FMBH,WTFC,0.7226695476296208,0.744755600677671,Strong
BPOP,PFS,0.7226639018722582,0.7447631813237572,Strong
PRU,ZION,0.7226558803893584,0.7447739517607227,Strong
CFR,QCRH,0.7226509490703451,0.7447805729604592,Strong
BHE,PLXS,0.7226415803535394,0.7447931520180091,MST+Strong
TFC,UVSP,0.7226338667274593,0.7448035086820425,Strong
EOI,LGI,0.722629814497402,0.7448089493321062,Strong
FLC,GDV,0.7226150967482147,0.7448287095054612,Strong
BMRC,FULT,0.7226093689245052,0.7448363995878488,Strong
EVT,HPI,0.7226051166831977,0.7448421085260987,Strong
PFG,WTFC,0.7225860955101352,0.7448676452764811,Strong
ARDC,ISD,0.7225786874596568,0.7448775906688873,Strong
AVB,FRT,0.722574586775739,0.7448830958268028,Strong
BUSE,OZK,0.7225706218147356,0.7448884187383562,Strong
ETY,STK,0.7225705305631552,0.7448885412420367,Strong
GBCI,WTBA,0.7225689386218885,0.7448906783926236,Strong
AAT,ESRT,0.7225661140416811,0.7448944703222314,Strong
BMRC,SRCE,0.7225579161140251,0.7449054757296054,Strong
CTBI,NIC,0.7225562505039337,0.7449077117281929,Strong
INDB,THFF,0.7225461110601269,0.7449213232816914,Strong
BSRR,PNFP,0.7225443765317664,0.7449236517499409,Strong
L,WRB,0.7225416470274112,0.7449273158806687,Strong
AVK,ETY,0.7225275003194446,0.7449463063611437,Strong
FULT,KRNY,0.7224997727149773,0.7449835263749429,Strong
GHY,HIO,0.7224935412717352,0.7449918908662897,Strong
BK,TFC,0.7224904282592618,0.7449960694402866,Strong
ETN,ITT,0.7224889334143082,0.7449980759514642,Strong
SYF,TFC,0.7224805895460892,0.7450092757193172,Strong
EWBC,QCRH,0.7224711600923408,0.7450219324391185,Strong
FBP,WSFS,0.7224651569593686,0.7450299900549392,Strong
HPS,ZTR,0.7224560962358655,0.7450421515110867,Strong
AUB,RBCAA,0.7224550446673352,0.7450435629312755,Strong
FHB,GABC,0.722443390339868,0.7450592052449684,Strong
CCBG,TRST,0.7224432868122229,0.7450593441971949,Strong
BSRR,RBCAA,0.7224410537658195,0.7450623413301474,Strong
FHN,UMBF,0.7224401236099427,0.7450635897560117,Strong
FBK,NWBI,0.7224333557292365,0.7450726733289358,Strong
EVT,GLQ,0.7224333237818072,0.7450727162072072,Strong
BPOP,COF,0.722398243400263,0.745119797884524,Strong
HPI,NCZ,0.7223930187643082,0.745126809658184,Strong
BAC,SYF,0.7223444849640295,0.7451919417653019,Strong
CHCO,OCFC,0.7223359024849192,0.7452034588152162,Strong
DCOM,WTBA,0.7223206601181024,0.7452239125013336,Strong
AX,UBSI,0.7223068824955554,0.7452424001684882,Strong
CL,PG,0.7223018031440497,0.7452492158411846,MST+Strong
BGB,BGH,0.722300953640951,0.7452503557316145,Strong
OCFC,TFC,0.7223006245451009,0.745250797322484,Strong
FHN,TCBI,0.7222989469657475,0.7452530483456643,Strong
GFI,KGC,0.7222973301047272,0.7452552178888422,Strong
GHY,HPS,0.7222687600403596,0.745293552849668,Strong
HIX,ISD,0.7222685548675745,0.7452938281408555,Strong
FISI,GBCI,0.7222660668722741,0.7452971664077703,Strong
HIO,HIX,0.7222554361829189,0.7453114299634498,Strong
HAFC,HFWA,0.7222387918966661,0.7453337616173494,Strong
FBIN,OC,0.7222356043654861,0.7453380382544741,MST+Strong
AROW,GBCI,0.7222336204227703,0.7453407000523046,Strong
FFBC,OFG,0.7222263177962647,0.7453504976904964,Strong
OII,OIS,0.7222240090350117,0.7453535952351585,Strong
DVN,OKE,0.7222100631575838,0.7453723054184616,Strong
GSBC,NIC,0.7222060981847995,0.745377624852263,Strong
LEA,VC,0.722191078816108,0.745397774592723,MST+Strong
STBA,ZION,0.7221908325129327,0.7453981050245128,Strong
SFBS,WBS,0.7221679479757838,0.745428805486099,Strong
BP,CNQ,0.7221531819799154,0.7454486139501295,Strong
AX,WTFC,0.7221467178071881,0.7454572854199117,Strong
HIW,REG,0.7221404523310434,0.7454656902486614,Strong
CGO,EVT,0.7221376991160916,0.7454693835214272,Strong
ADI,KLAC,0.7221374634355651,0.7454696996718713,Strong
EVT,QQQX,0.7221177854850773,0.7454960959185805,Strong
NBHC,OCFC,0.7221096237889616,0.745507043844709,Strong
APO,BX,0.7220965543890826,0.7455245745257729,Strong
EXC,NI,0.7220914971215838,0.7455313579969876,Strong
FHB,SFBS,0.7220887966992385,0.7455349801327386,Strong
NWBI,USB,0.7220696933596954,0.7455606033587137,Strong
AVK,GGZ,0.7220540839139815,0.7455815395864069,Strong
BANR,FBK,0.7220516887326397,0.7455847520803525,Strong
BBT,TRST,0.7220512421129265,0.7455853510994882,Strong
CCNE,FIBK,0.7220400036895855,0.7456004242359502,Strong
CFFN,WAFD,0.7220172064743371,0.7456309992558825,Strong
MTB,UVSP,0.7220143722585758,0.7456348003432032,Strong
CNOB,INDB,0.7220088747107695,0.7456421732831782,Strong
BKU,CPF,0.7219959356805234,0.7456595259493123,Strong
FRME,MSBI,0.7219749519833714,0.745687666542271,Strong
CATY,JPM,0.7219423657729013,0.7457313648051807,Strong
OSBC,TCBK,0.721941076962476,0.7457330930534383,Strong
OIS,SLB,0.7219392583646549,0.7457355317206564,Strong
BSRR,OCFC,0.7219345156866672,0.7457418914253547,Strong
JFR,JPC,0.7219203918858964,0.745760830446469,Strong
LECO,PH,0.7218949238257216,0.7457949801041549,Strong
CVX,DVN,0.7218912090839285,0.7457999610030448,Strong
FISI,SSB,0.7218754651022902,0.7458210708979867,Strong
FRST,SRCE,0.7218746332863545,0.7458221861994259,Strong
SNDR,WERN,0.7218564269342027,0.7458465969162792,MST+Strong
FBP,TFC,0.721850674110337,0.745854310022625,Strong
CNOB,HTH,0.7218425884544474,0.7458651507418116,Strong
HBNC,LKFN,0.721841441246628,0.7458666888303459,Strong
NCZ,TY,0.7218244608569663,0.7458894544676626,Strong
BGT,BGX,0.7218153441217493,0.7459016770034114,Strong
HIW,UE,0.7218034820973097,0.7459175797669476,Strong
BANF,DCOM,0.721802706917357,0.7459186189962588,Strong
ASA,HL,0.721790240887247,0.7459353311283131,Strong
PGC,WASH,0.7217642428901769,0.745970183197456,Strong
ETO,GLO,0.7217615723096291,0.7459737631986407,Strong
FMNB,GABC,0.7217502200419245,0.7459889810956668,Strong
KLAC,TER,0.721736358630416,0.7460075621192912,Strong
CCNE,HBNC,0.7217334011774124,0.7460115264827851,Strong
SF,WFC,0.7217274198955981,0.74601954411986,Strong
KEY,STBA,0.7217074920102562,0.7460462559248505,Strong
BANR,FFIC,0.7216843961418509,0.7460772129721549,Strong
MSBI,WTFC,0.7216818964635042,0.7460805633931175,Strong
BXP,REG,0.7216805150653531,0.746082414931014,Strong
CBSH,IBOC,0.7216741705465899,0.7460909186599313,Strong
BANF,FBK,0.7216737672608606,0.7460914591913506,Strong
JPC,VVR,0.7216639783312928,0.7461045793569521,Strong
BANF,HTB,0.7216501575014653,0.7461231031117247,Strong
FMNB,UBSI,0.721643130162944,0.7461325215228941,Strong
PFBC,TRST,0.7216260887284225,0.7461553608620359,Strong
AX,BANR,0.7215911212058225,0.7462022229854016,Strong
KRNY,UVSP,0.7215671191098117,0.7462343879642485,Strong
AX,FFBC,0.7215567698736333,0.7462482564487058,Strong
RITM,STWD,0.7215560208063398,0.7462492602256435,Strong
FBK,TRMK,0.7215402871186208,0.7462703436173505,Strong
IBP,TMHC,0.7215193329899176,0.7462984215581357,Strong
MXE,MXF,0.7215175176281462,0.7463008540419256,MST+Strong
IBCP,NBTB,0.7214982586428393,0.7463266595227062,Strong
EFSC,WTBA,0.7214937201472297,0.7463327406094018,Strong
AOD,GHY,0.721490768120655,0.746336695974873,Strong
BBT,BSRR,0.7214890757655539,0.7463389635205254,Strong
BYD,PENN,0.7214743423224498,0.7463587042133966,MST+Strong
CBSH,QCRH,0.7214708972333665,0.7463633200615281,Strong
TOWN,USB,0.7214624691025339,0.7463746122390098,Strong
BLD,MTH,0.7214597826786691,0.7463782115272805,Strong
EVT,VLT,0.721449179898781,0.74639241703171,Strong
NML,TYG,0.7214490079360955,0.7463926474234651,Strong
HTH,PNFP,0.7214316673566519,0.7464158795783328,Strong
CFR,CNOB,0.7214256748229689,0.7464239079464579,Strong
CCNE,LKFN,0.7214120060036325,0.7464422201300881,Strong
ADX,BOE,0.7214088382315971,0.7464464639455437,Strong
GAM,QQQX,0.7213908412172865,0.7464705738108014,Strong
FBK,ONB,0.7213902248307957,0.7464713995448242,Strong
BGH,KIO,0.72138875739339,0.7464733653742911,Strong
CII,EOD,0.7213845814000267,0.7464789596498662,Strong
CET,ETG,0.7213645286723945,0.7465058222513813,Strong
AGI,IAG,0.7213603831752483,0.746511375432085,Strong
MBWM,OSBC,0.7213603779853711,0.7465113823842593,Strong
CNO,TFC,0.721354922178882,0.7465186907521044,Strong
BANF,FITB,0.7213354011387431,0.7465448397266663,Strong
ISD,NCV,0.7213252645664754,0.7465584175850201,Strong
OZK,WAFD,0.7213228777594173,0.7465616146582715,Strong
JPC,RNP,0.7213183249173349,0.7465677130477383,Strong
FNB,GS,0.7213137865428096,0.7465737920087878,Strong
ERC,HPF,0.7212993154621749,0.746593175079742,Strong
BAC,TRMK,0.721273543721194,0.7466276934038892,Strong
FBK,FFIN,0.7212648495181788,0.7466393379427864,Strong
DB,SAN,0.7212507612732335,0.7466582065801814,Strong
WEC,WTRG,0.7212407701260558,0.7466715876125785,Strong
CBU,RF,0.7212352816565957,0.7466789381566944,Strong
CFG,HAFC,0.72123080091981,0.7466849390207225,Strong
BANF,WBS,0.7212274153597097,0.7466894731282748,Strong
BKU,CAC,0.72122165668844,0.7466971853590451,Strong
AVK,NFJ,0.7212186210228312,0.7467012508053925,Strong
AGD,RVT,0.7211987944320246,0.746727802573301,Strong
ASB,OSBC,0.7211984639618043,0.7467282451309789,Strong
FMNB,UVSP,0.7211962088440449,0.7467312651228085,Strong
ASB,CCNE,0.7211962005443487,0.7467312762375113,Strong
CATY,NTB,0.7211951388332934,0.7467326980475766,MST+Strong
MUJ,NEA,0.7211879268200806,0.7467423560772743,MST+Strong
LSTR,WERN,0.7211855274939551,0.7467455691278587,MST+Strong
C,MTB,0.7211732211092297,0.7467620489697777,Strong
HBNC,INDB,0.7211596368363281,0.7467802396470756,Strong
EG,RNR,0.721141924116836,0.7468039580548084,MST+Strong
BOH,OCFC,0.7211404565991137,0.7468059231164229,Strong
GGZ,NCZ,0.7211385980144962,0.7468084118239481,Strong
AMUB,EMO,0.7211213964530142,0.7468314449017072,Strong
C,STEW,0.7211171530618947,0.7468371267392981,Strong
BOKF,FHN,0.7211155861786119,0.7468392247617798,Strong
BGY,ETY,0.7211012270105948,0.7468584510995444,Strong
KRNY,NFBK,0.7210991109941306,0.746861284317067,Strong
EXG,FUND,0.7210809006126484,0.7468856664675679,Strong
FFIC,SFNC,0.7210541354723952,0.7469215012671745,Strong
MTB,SF,0.7210499798229834,0.7469270649494724,Strong
FITB,HBNC,0.7210470939124807,0.7469309286507279,Strong
FRST,WSBC,0.7210239530698451,0.7469619092432424,Strong
CFFN,SFNC,0.721017417089004,0.7469706592778541,Strong
CHY,ETO,0.7210160816257009,0.7469724471147502,Strong
CGO,GDV,0.7210141835560299,0.7469749881274073,Strong
OZK,ZION,0.7209975101788955,0.7469973089926155,Strong
RMT,STK,0.7209940586519977,0.747001929512906,Strong
BAC,BUSE,0.7209793330786957,0.747021642151423,Strong
NZF,VCV,0.7209732509155568,0.7470297839904956,Strong
NAC,VMO,0.7209674131042725,0.7470375986464504,Strong
FBP,STBA,0.7209616823353839,0.7470452699329755,Strong
NFBK,OCFC,0.7209614725577229,0.7470455507427604,Strong
FBK,SFNC,0.7209598603802656,0.747047708810802,Strong
IBOC,SSB,0.7209531152296716,0.7470567378323126,Strong
BANF,HFWA,0.7209526637161923,0.7470573422218776,Strong
BIT,DSL,0.7209093723723263,0.7471152891323717,Strong
FITB,STBA,0.7208967534400655,0.7471321791489568,Strong
HOPE,OFG,0.7208957494358794,0.7471335229584074,Strong
CCBG,FCF,0.7208857086227337,0.7471469619522872,Strong
GSBC,KRNY,0.7208785514104555,0.7471565412810685,Strong
ADX,ETW,0.7208543534863823,0.7471889272648755,Strong
BGB,PFL,0.7208501177804985,0.7471945960986355,Strong
SYF,WTFC,0.7208385534284705,0.7472100729668056,Strong
GRX,THQ,0.7208286637161488,0.7472233083675203,MST+Strong
EPD,PAGP,0.7208137096594075,0.7472433209344764,Strong
CDP,PDM,0.7207993724078335,0.7472625075462658,Strong
FFIC,TRST,0.7207906782902284,0.7472741420787576,Strong
ETB,TY,0.7207819221568724,0.7472858594181045,Strong
CHCO,WTFC,0.7207677244306805,0.7473048582329965,Strong
FCBC,PFBC,0.720752644615572,0.747325036894159,Strong
PB,PRK,0.7207460831743777,0.7473338167453983,Strong
ETV,RMT,0.72072015377655,0.7473685118112082,Strong
BANC,WTFC,0.7207105836008603,0.7473813168646106,Strong
IGD,STEW,0.7206985588153646,0.7473974059155348,Strong
DOV,PNR,0.7206978651742129,0.7473983339903657,MST+Strong
CVBF,FMBH,0.7206700357958807,0.7474355680647252,Strong
CVI,PBF,0.7206695731734544,0.7474361870106981,Strong
ACV,CII,0.7206644208710867,0.74744308027958,Strong
CUK,UAL,0.7206497960723277,0.7474626464615771,MST+Strong
BBT,NFBK,0.7206332150710079,0.7474848291824954,Strong
GS,RJF,0.7206329671369694,0.7474851608734859,Strong
FHB,WASH,0.7206270906689002,0.7474930224839558,Strong
BANF,RF,0.7206264679291617,0.7474938555879082,Strong
CFG,CUBI,0.720584851446467,0.7475495281966714,Strong
EMR,ROK,0.7205569223112562,0.7475868881792186,MST+Strong
FBNC,FHB,0.7205378535588315,0.7476123948158812,Strong
CCD,NIE,0.7205343687030749,0.7476170561148604,Strong
WSFS,WTBA,0.7205271605324676,0.7476266975804602,Strong
FRME,HTB,0.7205257090450076,0.7476286390381155,Strong
CFFN,FRME,0.7205228069356087,0.747632520780619,Strong
EGBN,UBSI,0.7205181498289538,0.7476387498933509,MST+Strong
HIO,HYT,0.720509413668813,0.747650434803842,Strong
ARR,CIM,0.7205090376857549,0.7476509376898354,Strong
BGX,EFR,0.720497064669002,0.7476669516984124,Strong
HTLD,WERN,0.7204960747981133,0.7476682756435326,MST+Strong
IGA,RVT,0.7204866255664762,0.7476809138041759,Strong
FLC,VVR,0.7204638969532016,0.7477113120005587,Strong
FMBH,RBCAA,0.7204584233832055,0.7477186323969658,Strong
LNC,WFC,0.7204513527393064,0.7477280886267328,Strong
CUBI,VLY,0.7204176727392815,0.7477731303820946,Strong
EVV,HIO,0.7203997558482305,0.7477970903283451,Strong
COP,HP,0.7203740965792995,0.7478314026847235,Strong
OVV,PR,0.7203727204230407,0.7478332428783295,Strong
BKH,ETR,0.7203599047853392,0.7478503797079478,Strong
NFBK,UMBF,0.720357197622427,0.7478539996250244,Strong
NBHC,QCRH,0.7203497977340907,0.7478638943897603,Strong
HPP,PDM,0.7203469221586607,0.7478677394316983,Strong
SSB,WABC,0.7203445043346706,0.747870972381372,Strong
PBA,PEO,0.7203297812122609,0.7478906588368905,Strong
HAFC,HBNC,0.720321327745468,0.747901961829934,Strong
AOD,STK,0.7203171360668951,0.7479075663918703,Strong
NOV,OII,0.7203010110790289,0.7479291262158081,Strong
LKFN,UMBF,0.7202969172784847,0.7479345997097813,Strong
ABCB,AROW,0.7202869712900224,0.7479478975302727,Strong
BHB,TOWN,0.7202767256711681,0.7479615957104107,MST+Strong
FISI,LKFN,0.7202676652544492,0.7479737090908354,Strong
HP,MUR,0.7202552649028079,0.7479902875000345,Strong
BUSE,CFFN,0.7202484029564272,0.7479994612880049,Strong
FCBC,HAFC,0.7202365534731332,0.7480153026868726,Strong
CPF,ZION,0.7202249645151023,0.7480307954688733,Strong
CB,L,0.7202131908623586,0.7480465348327487,Strong
HTH,UBSI,0.7202099743071413,0.7480508347603908,Strong
CAC,CPF,0.7201824666856733,0.7480876062525387,Strong
FIBK,KEY,0.7201683523478589,0.7481064732404621,Strong
FITB,IBCP,0.7201621823108219,0.7481147207336294,Strong
BIT,EVV,0.7201565726890431,0.7481222190403877,Strong
H,TNL,0.7201549253129647,0.7481244210517864,Strong
CPF,FBP,0.7201440748739404,0.748138924433236,Strong
AGI,SA,0.7201260988632464,0.7481629516846628,Strong
UE,WSR,0.7201242736152013,0.7481653913203935,Strong
IBOC,TMP,0.720121286172477,0.7481693843342202,Strong
ISD,NCZ,0.7201159516139684,0.7481765144483374,Strong
BANF,FIBK,0.7201146377234502,0.748178270569989,Strong
KEY,STT,0.7201134885164163,0.7481798065753762,Strong
BMRC,FISI,0.7200945579450914,0.7482051083157728,Strong
CCNE,PFS,0.7200857967052234,0.7482168179007694,Strong
AMP,L,0.7200857328643251,0.7482169032248268,Strong
KYN,MPLX,0.7200566844373963,0.7482557257550438,Strong
BYD,MGM,0.7200560091686727,0.7482566282116414,MST+Strong
CET,TY,0.720049143704273,0.7482658034358206,Strong
MTB,PEBO,0.7200229151587839,0.7483008550592684,Strong
INDB,TFC,0.7200190137263688,0.7483060687628175,Strong
FFIN,WTBA,0.7199940344312108,0.7483394491389441,Strong
NRK,VGM,0.7199688051856762,0.7483731620178851,Strong
CPF,OCFC,0.7199658426515142,0.7483771206397023,Strong
BLW,JRI,0.7199651016840323,0.7483781107381051,Strong
NRK,NVG,0.7199626148691419,0.748381433669834,Strong
AROW,ONB,0.719961462539822,0.7483829734302859,Strong
CFG,PFBC,0.7199528936603107,0.7483944232016823,Strong
BTO,HBAN,0.7199457529784526,0.7484039644758002,Strong
AUB,FFIC,0.7199298346959832,0.7484252338129933,Strong
PGC,UMBF,0.7199162829595858,0.7484433405948833,Strong
ORC,RITM,0.7199154009761677,0.7484445190177189,Strong
ETO,QQQX,0.7199145098807173,0.7484457096133063,Strong
PB,SF,0.7199115505397969,0.7484496635849375,Strong
COP,PSX,0.7198996161107074,0.7484656089484574,Strong
CIM,NLY,0.7198876320913935,0.748481620226718,Strong
BGB,HPS,0.7198871494752819,0.7484822650199778,Strong
DVN,NOV,0.719883021498323,0.7484877801296118,Strong
FBK,FIBK,0.7198807910954566,0.7484907600024778,Strong
FHN,WSBC,0.7198737560170845,0.7485001589617941,Strong
ERC,HPI,0.7198597368412487,0.7485188884173215,Strong
FFBC,FHN,0.7198528036552787,0.7485281508997792,Strong
FFIC,FIBK,0.7198506828845247,0.7485309841489199,Strong
BGR,KMI,0.7198349068628549,0.7485520598290344,Strong
AMP,UNM,0.719831473797406,0.7485566460897852,Strong
BDCZ,TSLX,0.7198207531467541,0.748570967715481,Strong
AX,SBCF,0.7198028817194776,0.748594841393557,Strong
BANR,FHN,0.7198015190824274,0.7485966616510824,Strong
FITB,STT,0.7198007852171879,0.7485976419717231,Strong
FFIC,ONB,0.7197761411429153,0.7486305615683675,Strong
HFWA,MTB,0.7197720010724228,0.7486360917396078,Strong
FHN,PB,0.7197570346859503,0.7486560830101492,Strong
CHCO,CNOB,0.7197554867311854,0.7486581506519709,Strong
FBP,UMBF,0.719748413835498,0.7486675980226498,Strong
FFBC,FMNB,0.7197243928118489,0.7486996823669035,Strong
EOD,ETW,0.7197123060495246,0.7487158258651614,Strong
MYN,NEA,0.7196855982409822,0.7487514965047052,MST+Strong
DHF,EAD,0.7196824794945977,0.7487556617554251,MST+Strong
BSRR,WASH,0.7196672382897038,0.748776016857239,Strong
ETG,RGT,0.7196348966519996,0.748819208284617,Strong
FISI,MSBI,0.7196293173129337,0.7488266590968384,Strong
SYBT,WTFC,0.7196266284970261,0.7488302497936017,Strong
DAN,LEA,0.7196213088987187,0.7488373536373321,MST+Strong
DK,MPC,0.7196012436422464,0.7488641483710561,Strong
CAC,FFIC,0.7195960498039851,0.7488710839604036,Strong
AUB,HAFC,0.7195891429138529,0.7488803069732133,Strong
RBCAA,SFNC,0.7195835387790355,0.7488877902876565,Strong
AXP,RF,0.7195607649701695,0.748918199845391,Strong
FT,HTD,0.719547456373629,0.748935970062022,MST+Strong
GSBC,RF,0.7195462852312082,0.7489375338021079,Strong
BAC,BPOP,0.7195341551133809,0.7489537300616361,Strong
OSBC,UCB,0.7195281600427366,0.7489617346130087,Strong
AWK,IDA,0.7195085180577347,0.7489879597727392,Strong
INVH,UDR,0.719504604054082,0.748993185477569,Strong
FULT,RBCAA,0.7194847129862048,0.7490197420813356,Strong
ETO,NCZ,0.7194806528233366,0.7490251626970397,Strong
AFL,MET,0.7194801445937595,0.749025841218099,Strong
CAC,IBOC,0.7194745516524675,0.7490333081346016,Strong
HTH,IBCP,0.719447614719542,0.7490692695344777,Strong
PEBO,TCBI,0.7194312660151948,0.7490910945736909,Strong
EVF,JQC,0.719431156878124,0.7490912402663323,Strong
CPT,FR,0.7194309421451165,0.7490915269242918,MST+Strong
BANF,VLY,0.719423153800938,0.7491019239049677,Strong
PNC,STBA,0.719418939797756,0.7491075492908131,Strong
FCBC,SSB,0.719413126733366,0.7491153092370146,Strong
CAC,OSBC,0.7194130705240286,0.7491153842713035,Strong
FPF,SLRC,0.7194127682381051,0.7491157877950443,MST+Strong
USB,UVSP,0.719404233061377,0.7491271813765977,Strong
EVV,VLT,0.7194003908160664,0.7491323103216595,Strong
FMBH,HAFC,0.7193982113879371,0.7491352195859742,Strong
LKFN,OCFC,0.7193942778257945,0.7491404703714859,Strong
C,CFR,0.7193854270646255,0.7491522848331633,Strong
CCBG,FNB,0.7193819279704704,0.7491569555567505,Strong
CATY,FMNB,0.7193449517835725,0.7492063109937442,Strong
BSRR,WSBC,0.7193324326578799,0.7492230206582284,Strong
GAM,IGA,0.7193238435570899,0.7492344845813093,Strong
BHB,CTBI,0.7193225688993959,0.7492361858594445,Strong
PEO,TRGP,0.7193149978824078,0.7492462907717223,Strong
ATO,ES,0.7192983074066565,0.7492685667947689,Strong
OSBC,QCRH,0.7192976323446769,0.7492694677555239,Strong
IBCP,TCBI,0.7192902384153635,0.7492793358749945,Strong
AUB,OSBC,0.7192828140514989,0.7492892444823976,Strong
MQY,NZF,0.7192611671725355,0.749318133808951,Strong
FBK,HBNC,0.7192531172624187,0.7493288767124637,Strong
CCNE,GBCI,0.7192474036028546,0.7493365017095396,Strong
CHW,IGA,0.7192374156892765,0.7493498306007996,Strong
FFC,GDV,0.719226109828132,0.7493649180097345,Strong
BST,EOI,0.7192190539966512,0.7493743336989181,Strong
NIC,TOWN,0.7192148334386178,0.7493799657868926,Strong
CFG,GSBC,0.7191969369891764,0.7494038470822305,Strong
HTB,SRCE,0.7191831386924057,0.7494222592205202,Strong
HPF,PFN,0.7191744658787209,0.7494338317974164,Strong
ADAM,DX,0.7191732252925133,0.7494354871601514,Strong
OZK,STBA,0.7191490722966064,0.7494677147194448,Strong
BANR,RBCAA,0.7191278186328454,0.7494960725276079,Strong
BLD,TMHC,0.7191177253074269,0.7495095392222478,Strong
FIBK,WTBA,0.7191114031219702,0.7495179742715045,Strong
FPF,TYG,0.7191025841669844,0.7495297403479273,Strong
DCI,PH,0.7191012266906973,0.7495315514497074,MST+Strong
CNOB,NFBK,0.7190783459001446,0.7495620776157974,Strong
FNB,HTB,0.7190693845011777,0.7495740330331918,Strong
FLC,RZB,0.7190629972188928,0.7495825542008128,Strong
ALLY,RF,0.7190579079288725,0.7495893436690886,Strong
EOD,ETO,0.7190501961173982,0.7495996316469237,Strong
ASB,PFG,0.7190463770615438,0.7496047264238082,Strong
MSBI,WSFS,0.7190442511984372,0.7496075623972357,Strong
PNC,TCBK,0.7190421465865315,0.749610370010272,Strong
ADX,BDJ,0.7190383133442539,0.7496154836391069,Strong
FBK,FISI,0.7190373365402652,0.7496167867113632,Strong
HP,NOV,0.719026455339061,0.749631302255901,Strong
KEY,NBHC,0.7190154641061516,0.7496459642976122,Strong
CHCO,WTBA,0.7190139899636375,0.7496479307466438,Strong
CPF,DCOM,0.7190009428091397,0.7496653349206701,Strong
PFBC,WABC,0.7189953464469165,0.7496728000308981,Strong
AUB,BAC,0.718990942919017,0.7496786739410198,Strong
BPOP,WSFS,0.7189909008967942,0.7496787299946636,Strong
SCM,SLRC,0.7189876080717463,0.7496831222966857,Strong
BANC,CATY,0.7189597416701851,0.7497202922821483,Strong
FIBK,FITB,0.7189437574198901,0.7497416122639984,Strong
IBCP,WASH,0.7189401952066508,0.7497463635034841,Strong
EWBC,FBP,0.7189377687355775,0.7497495998857518,Strong
CRL,IQV,0.7189222365059473,0.7497703161556246,MST+Strong
PFS,SFBS,0.718922158951855,0.7497704195927511,Strong
ONB,WTBA,0.7189202225570771,0.7497730022385747,Strong
CFG,CPF,0.7189179743224318,0.7497760007863258,Strong
FHN,HOPE,0.7189121783784218,0.7497837309805784,Strong
MET,UCB,0.7189057036856167,0.7497923663446879,Strong
AMUB,KYN,0.7188995980346603,0.7498005094227926,Strong
IBCP,SFNC,0.7188899627614961,0.7498133597616196,Strong
BOKF,WABC,0.7188788463727238,0.7498281851561412,Strong
HBAN,STT,0.7188777168900461,0.7498296914766098,Strong
BGH,BIT,0.7188737391813256,0.7498349962740796,Strong
CFG,INDB,0.7188715829763728,0.749837871841143,Strong
BUSE,SFST,0.718870799113265,0.7498389172172047,Strong
BAC,FRME,0.7188653332455951,0.7498462065709274,Strong
BOH,PRK,0.7188651564347327,0.7498464423670587,Strong
BKU,SFBS,0.7188524648051631,0.7498633678142131,Strong
THFF,WTFC,0.7188329504226497,0.7498893912802744,Strong
PB,PRU,0.71882844796632,0.7498953954168275,Strong
FBP,PFS,0.7188253022846017,0.7498995902324501,Strong
HPI,NRO,0.7188019943403037,0.7499306710085891,Strong
JCE,TY,0.718781081682297,0.749958556611901,Strong
CUBI,TFC,0.7187735018239491,0.7499686635800871,Strong
CHI,CII,0.7187566065214124,0.7499911912530541,Strong
AUB,WTBA,0.7187313471746374,0.7500248700214716,Strong
BDJ,HTD,0.7187230997518474,0.7500358661399501,Strong
CAC,WBS,0.7187175113598642,0.7500433169359432,Strong
BAC,WSBC,0.7187147668718687,0.7500469760330098,Strong
HPF,VLT,0.7187125734234586,0.7500499004420191,Strong
AX,UMBF,0.718703946521248,0.7500614021248554,Strong
LNC,MTB,0.7186998427725482,0.7500668733219084,Strong
RJF,UCB,0.7186871580380401,0.7500837846027069,Strong
BST,TY,0.7186772603128512,0.7500969799794541,Strong
MUR,SU,0.7186758230990694,0.750098896014293,Strong
EQNR,PEO,0.7186725362809321,0.7501032778478813,Strong
AXP,USB,0.7186607018730339,0.7501190547199372,Strong
AX,FFIN,0.7186444878726403,0.7501406696445136,Strong
CTBI,HTB,0.718643860896369,0.7501415054556454,Strong
EOS,GGZ,0.7186415235387569,0.7501446213381032,Strong
BK,PFG,0.7186316330892463,0.7501578059458606,Strong
IMO,SHEL,0.7186296712950286,0.750160421116672,Strong
AKR,MAC,0.7186234858056545,0.75016866662684,Strong
FNB,SBSI,0.7186190610571465,0.7501745649418587,Strong
AU,WPM,0.718614996105287,0.7501799835968872,Strong
BMO,SLF,0.7186141390506601,0.7501811260613531,Strong
CBU,FMNB,0.7185946524417655,0.7502071014836297,Strong
ATMP,GEL,0.7185939215131377,0.7502080757854613,MST+Strong
FBNC,KEY,0.7185911544610799,0.750211764155855,Strong
NTRS,PFG,0.7185810525309905,0.7502252294731356,Strong
CPF,FITB,0.7185776018503025,0.750229828985355,Strong
PRK,TRST,0.718561191517847,0.750251702406803,Strong
EARN,NLY,0.7185584573742381,0.7502553466997245,Strong
CAC,HAFC,0.7185548608339187,0.7502601404394096,Strong
BMRC,CAC,0.7185390652758774,0.7502811935856084,Strong
CVX,PSX,0.7185322637409134,0.7502902588453173,Strong
CB,HIG,0.7185180139956369,0.7503092509150652,Strong
HBNC,NBHC,0.7185137556240602,0.750314926382169,Strong
ES,EVRG,0.7185116027047138,0.7503177957309638,Strong
ADI,SWKS,0.7185062918198705,0.7503248738781483,MST+Strong
AGD,IGA,0.718503860863907,0.750328113742372,Strong
CNO,SF,0.7184872310765568,0.7503502767687145,Strong
NXPI,TXN,0.7184812027428833,0.7503583107517591,Strong
FULT,PRU,0.7184689994167642,0.7503745739072397,Strong
EFSC,OZK,0.7184623942431002,0.7503833763575787,Strong
MUJ,NZF,0.718460856531779,0.7503854255890382,Strong
ETG,JCE,0.7184589777967064,0.7503879292783081,Strong
FITB,HAFC,0.718458421875869,0.750388670122532,Strong
ETB,SPXX,0.7184545097541197,0.7503938835649985,Strong
CFG,WAFD,0.7184525666819659,0.750396472963505,Strong
DOV,IEX,0.7184520690240593,0.750397136156503,MST+Strong
DPG,KYN,0.7184485016881079,0.7504018900721028,Strong
BGB,DSL,0.7184287386660624,0.7504282261934683,Strong
FFIC,SYBT,0.7184277892357998,0.7504294913770384,Strong
HBNC,RF,0.7184150183709234,0.7504465092584236,Strong
CTBI,KEY,0.7184123743626853,0.7504500324969207,Strong
CNOB,ZION,0.7184035877438694,0.7504617408717524,Strong
FMNB,THFF,0.7184033654099311,0.7504620371345494,Strong
IGD,TY,0.7183814853269426,0.7504911920509892,Strong
EAD,NCZ,0.7183779418900215,0.7504959135264876,Strong
EVT,HYT,0.7183715998435115,0.7505043639533198,Strong
EWBC,PFG,0.7183637728010284,0.7505147929241257,Strong
LGIH,TPH,0.7183604345925734,0.7505192408025615,Strong
FBNC,FITB,0.7183595335670065,0.7505204413378672,Strong
NWBI,TFC,0.7183401749823614,0.750546234442141,Strong
WAFD,ZION,0.7183356065702089,0.7505523212005824,Strong
EAD,PFL,0.718327724848676,0.7505628223557625,Strong
NBTB,OZK,0.7183094454070086,0.7505871762733379,Strong
FRA,ISD,0.7183070505279495,0.7505903669406508,Strong
BIT,GHY,0.7182993431586941,0.7506006352799148,Strong
DHT,FRO,0.7182912131479127,0.7506114665418953,MST+Strong
IBOC,MTB,0.7182827681314999,0.7506227173067707,Strong
WAFD,WTFC,0.7182826091378833,0.7506229291223613,Strong
CPF,NBHC,0.7182821688718434,0.7506235156563597,Strong
EGBN,WSBC,0.7182792673019018,0.7506273811926902,Strong
JCE,SPXX,0.7182774541693674,0.7506297966782728,Strong
JRI,PSF,0.7182660875347551,0.7506449393225068,Strong
HTB,HWC,0.7182519330579528,0.7506637955064134,Strong
OFG,WSBC,0.7182504234015934,0.750665806598924,Strong
BSL,JQC,0.7182479092260105,0.750669155852283,Strong
ABCB,WAL,0.7182413052923214,0.750677953196547,Strong
FHN,UBSI,0.7182386898125158,0.7506814373454084,Strong
MTH,NVR,0.7182264972070465,0.7506976792197423,Strong
FRST,HBNC,0.7182087562445305,0.7507213114804581,Strong
PRK,SBCF,0.7182070646789408,0.7507235647307992,Strong
KGC,SA,0.7182021177708431,0.7507301542220839,Strong
OZK,TCBK,0.7182002049014242,0.7507327022297294,Strong
NCV,NFJ,0.7181859325055955,0.7507517132773052,Strong
OSBC,RNST,0.7181728071626119,0.7507691960081848,Strong
DRH,SPG,0.7181724005381585,0.7507697376184546,MST+Strong
FNB,MET,0.7181501366264416,0.7507993918132305,Strong
EWBC,FBNC,0.718137039457554,0.7508168359093261,Strong
ARDC,BGH,0.7181266559009615,0.7508306654619782,Strong
BOKF,C,0.7181238913970633,0.7508343473802149,Strong
GHY,JQC,0.7180983902293551,0.7508683103855761,Strong
DOC,WPC,0.7180935494256769,0.7508747572988761,Strong
AVK,USA,0.7180915695667741,0.7508773940307777,Strong
BBT,HBAN,0.718086127156296,0.7508846420638845,Strong
DOC,HR,0.718078464058024,0.750894847421363,MST+Strong
CCBG,TCBK,0.7180772183194498,0.750896506424887,Strong
CHW,GLO,0.7180740540522056,0.7509007203989012,Strong
BANF,FMBH,0.7180608498468061,0.7509183046819327,Strong
CPF,WTFC,0.718057925828004,0.7509221985958279,Strong
CCNE,CVBF,0.7180519688487738,0.7509301314386395,Strong
JBHT,LSTR,0.7180509789555112,0.7509314496603386,MST+Strong
CNOB,PB,0.7180469258367476,0.7509368470960157,Strong
FNV,PAAS,0.7180298433116599,0.7509595950360314,Strong
BSRR,GABC,0.7180275386646058,0.7509626639659182,Strong
FULT,TFSL,0.7180109604898911,0.7509847395388389,MST+Strong
MKSI,MPWR,0.7179978020682553,0.7510022608910638,Strong
FBNC,HTH,0.7179977254913239,0.7510023628573695,Strong
AOD,THQ,0.7179947179378312,0.7510063675657734,MST+Strong
MS,VOYA,0.717972712541046,0.7510356682061832,Strong
NWBI,PNC,0.717969825420718,0.7510395123817148,Strong
CTBI,HBAN,0.7179677809828395,0.751042234521016,Strong
FBK,HAFC,0.7179668778213951,0.7510434370642018,Strong
FBP,SBCF,0.7179517626694604,0.7510635623308318,Strong
HBAN,SYF,0.7179450588708057,0.7510724880185591,Strong
BSRR,SYBT,0.7179404198801187,0.7510786644817988,Strong
CII,JRI,0.7179320975742302,0.7510897448717694,Strong
BKU,BSRR,0.7179147988726785,0.7511127759894934,Strong
DTE,NJR,0.7179042161815818,0.75112686520776,Strong
BAC,VLY,0.7178955196318139,0.7511384431224195,Strong
VMO,VPV,0.7178923934051606,0.7511426050955162,Strong
ABCB,BANC,0.7178820116699252,0.7511564262256895,Strong
PB,WASH,0.7178779253496907,0.7511618662449648,Strong
AUB,BMRC,0.717868808215756,0.7511740035228109,Strong
CHCO,IBCP,0.7178683992959661,0.7511745478968704,Strong
AVK,HPF,0.7178558853161479,0.7511912069291707,Strong
CCNE,OCFC,0.7178552056903383,0.7511921116594099,Strong
BDJ,EOD,0.7178369181940624,0.751216455897949,Strong
EME,FIX,0.7178368965544749,0.75121648470401,MST+Strong
GS,STEW,0.7178303672850899,0.7512251762486534,Strong
BUSE,NIC,0.7178179205851231,0.7512417446000681,Strong
FISI,RBCAA,0.7177948056240324,0.7512725129751089,Strong
HIO,JRI,0.7177911769951371,0.751277342936499,Strong
EVV,GDV,0.7177861656832116,0.7512840132956222,Strong
FNB,SYF,0.7177726760775367,0.751301968481999,Strong
AXP,CFG,0.7177650873683195,0.7513120691585895,Strong
FNB,PRK,0.717762614437457,0.751315360634325,Strong
AVK,CHW,0.7177191355871,0.7513732287124688,Strong
AU,NEM,0.7177033534386198,0.7513942328250599,Strong
FMNB,NBTB,0.7177031357926409,0.7513945224811784,Strong
BAC,RNST,0.7177011748528511,0.7513971322105892,Strong
FHN,ONB,0.7176982170940873,0.7514010685458368,Strong
GABC,HAFC,0.7176957917342576,0.7514042963222162,Strong
BKU,HTH,0.7176814614875526,0.7514233673668226,Strong
ETN,TT,0.7176784162531777,0.7514274199772354,MST+Strong
CFFN,HOPE,0.7176768993345274,0.7514294386906499,Strong
FITB,RJF,0.7176683689591689,0.7514407908023507,Strong
EXG,GLO,0.7176607952070845,0.7514508697086131,Strong
HFWA,PGC,0.717645681945768,0.7514709815478332,Strong
CBU,WTBA,0.7176196275567274,0.7515056519325355,Strong
FCBC,HWC,0.7176035009452368,0.7515271106949678,Strong
BBT,TFC,0.7175865099179112,0.7515497190234174,Strong
AX,FULT,0.7175844312146262,0.7515524849075729,Strong
EVT,IGR,0.7175739738634485,0.7515663991112849,Strong
JRI,PFL,0.717566339956576,0.7515765563712374,Strong
GDV,UTG,0.7175527118321338,0.7515946888687629,Strong
FHN,USB,0.717532048197248,0.7516221814219588,Strong
EMD,GHY,0.7175319102874567,0.7516223649048016,Strong
EMN,WLK,0.7175131906849856,0.751647270087525,Strong
TRST,VLY,0.7175115910225334,0.7516493982934686,Strong
EAD,FLC,0.7174949440853307,0.7516715451773724,Strong
CCBG,FMBH,0.7174941495178693,0.7516726022439966,Strong
FUND,NIE,0.7174897894362323,0.7516784027278789,Strong
GGZ,IGA,0.7174651376192462,0.7517111977092715,Strong
BDJ,IGD,0.7174491288254047,0.7517324938761066,Strong
NBHC,USB,0.7174452881904484,0.751737602903502,Strong
BGH,GDV,0.7174308622444121,0.7517567927935043,Strong
FCBC,WAFD,0.7174211186579628,0.7517697537704443,Strong
OSBC,TRMK,0.7174148302876532,0.7517781184795774,Strong
PGC,TMP,0.7174132430061013,0.7517802298463278,Strong
BAC,VOYA,0.7174125223801239,0.7517811884050786,Strong
GDV,KYN,0.7174084317366699,0.7517866296540928,Strong
FBP,PEBO,0.7174023062339759,0.7517947775370937,Strong
AOD,CGO,0.7173917679915638,0.7518087948520371,Strong
FANG,PTEN,0.7173907549467697,0.7518101423274766,Strong
GS,TFC,0.7173783519345273,0.7518266396789525,Strong
IGA,SPXX,0.7173690740205928,0.7518389800740677,Strong
BMRC,HBNC,0.7173624273879369,0.7518478205222957,Strong
ED,PNW,0.7173523244324572,0.7518612579027367,Strong
CHI,ETO,0.7173472333268027,0.7518680292088463,Strong
BTO,WBS,0.7173440044962315,0.7518723236078962,Strong
JRI,TY,0.7173403278037199,0.7518772136410041,Strong
BP,EOG,0.7173362052470778,0.7518826966394722,Strong
AOD,IDE,0.7173328796521943,0.7518871196500253,Strong
CHI,ETG,0.7173316748120879,0.7518887220698447,Strong
COLB,PRK,0.7173294535222066,0.7518916763441307,Strong
AKR,BXP,0.7173259180661103,0.7518963784111341,Strong
ITT,ITW,0.7172883832427874,0.751946296961708,Strong
CBU,FMBH,0.7172841423550519,0.7519519368216936,Strong
HTB,OCFC,0.7172742657000487,0.7519650713962069,Strong
INDB,KEY,0.7172638228252015,0.7519789587146684,Strong
ACRE,STWD,0.7172510990094924,0.7519958789654471,Strong
CHY,JRI,0.7172442318057785,0.7520050108798765,Strong
PEBO,PNC,0.7172282953980302,0.7520262024716556,Strong
INDB,USB,0.7172253415874471,0.7520301302641442,Strong
CHI,ETY,0.7172111806947583,0.7520489602482563,Strong
PNC,QCRH,0.7171934138617554,0.7520725844468,Strong
GHY,HPI,0.7171920059001683,0.7520744565531151,Strong
DSU,ERC,0.7171901041433458,0.7520769852304405,Strong
AGD,CHW,0.717164488779618,0.7521110439561195,Strong
CFG,CVBF,0.7171461586418637,0.752135415145619,Strong
IIM,NVG,0.7171062144451249,0.7521885209904164,Strong
HTH,SRCE,0.7171048493727896,0.7521903357890347,Strong
AROW,CCBG,0.7171016909639273,0.7521945347263203,Strong
AROW,HOPE,0.71709523820867,0.7522031132497791,Strong
NFBK,QCRH,0.7170947134849771,0.7522038108319087,Strong
GOOD,RNP,0.7170796517575425,0.7522238340314105,MST+Strong
ERC,KIO,0.7170589532741837,0.7522513499167899,Strong
CAC,MSBI,0.7170442272534104,0.7522709255934189,Strong
LPLA,RJF,0.7170154847805702,0.7523091322314648,Strong
CNO,FNB,0.7170139579375264,0.7523111617708108,Strong
FIBK,TFC,0.7169899912760562,0.752343018474876,Strong
AEF,EMF,0.7169845957836493,0.7523501900263609,MST+Strong
CHW,ETV,0.7169767027992925,0.7523606810575729,Strong
EXC,OGE,0.7169539155082851,0.7523909681697606,Strong
ASB,HTH,0.7169453135034014,0.7524024009751678,Strong
BGB,NCV,0.7169403687748113,0.7524089728667366,Strong
AMP,HBAN,0.7169315368873516,0.7524207109226173,Strong
DCOM,PRK,0.7169094544918353,0.7524500588187427,Strong
CNOB,FHB,0.716904275066243,0.7524569422016877,Strong
CSQ,HYT,0.7169038778886028,0.7524574700425231,Strong
FMNB,TRST,0.7168976841252297,0.752465701377505,Strong
BMRC,GABC,0.7168956515403739,0.7524684026052204,Strong
AU,RGLD,0.7168893552672007,0.7524767700504772,Strong
CNO,RF,0.7168891811118934,0.7524770014932106,Strong
CPF,KEY,0.7168794238371158,0.752489968255902,Strong
BK,MET,0.7168776560103137,0.7524923175550515,Strong
SYBT,WBS,0.7168728844602344,0.7524986585234097,Strong
CFFN,CTBI,0.7168698882090895,0.7525026402490699,Strong
FULT,SF,0.716868631967366,0.7525043096655779,Strong
CATY,HTB,0.7168650410007055,0.7525090816718354,Strong
GHY,HTD,0.7168525656674443,0.7525256598051069,Strong
IBOC,WTBA,0.7168473792729012,0.7525325517571965,Strong
HBAN,NBTB,0.7168449064886179,0.7525358376999491,Strong
MET,NTRS,0.7168410838405577,0.7525409173718627,Strong
ASB,WTBA,0.7168316629816879,0.7525534360008094,Strong
BPOP,VLY,0.7168245058029418,0.7525629464663514,Strong
NMZ,PML,0.7168173824053722,0.752572411924099,Strong
FANG,OKE,0.7168120175459031,0.7525795405857071,Strong
CAC,FBK,0.7168116637249288,0.7525800107298509,Strong
BMRC,FCF,0.7167867108425254,0.7526131664507001,Strong
AMP,WBS,0.7167860518194024,0.7526140420967412,Strong
CCBG,RBCAA,0.7167854199599611,0.7526148816493584,Strong
BSRR,TCBK,0.7167701173369955,0.7526352139821848,Strong
CUBI,FITB,0.716769716712524,0.7526357462776745,Strong
DCOM,SBSI,0.7167644227353378,0.7526427801615614,Strong
BLD,BLDR,0.716740536919543,0.7526745154187925,MST+Strong
AMP,PH,0.7167343044227089,0.7526827958407062,Strong
FCBC,PNFP,0.7167182802483222,0.7527040849519522,Strong
BIT,FLC,0.7167179081076577,0.7527045793567917,Strong
JPC,NCV,0.7167147787984645,0.752708736765471,Strong
BOKF,WFC,0.716710731569552,0.7527141136320589,Strong
BXMT,KREF,0.7167100018451106,0.7527150830890655,MST+Strong
SSB,THFF,0.7167096243129234,0.7527155846494433,Strong
CCBG,WSBC,0.7166999483357034,0.7527284392983922,Strong
FBNC,NFBK,0.7166963319662706,0.7527332436311411,Strong
BANF,LKFN,0.716677196298331,0.7527586647813082,Strong
MTW,TEX,0.7166723612172785,0.7527650879028882,MST+Strong
BGH,HIX,0.7166675175028911,0.7527715224383941,Strong
AFL,AIG,0.716665983617831,0.7527735600858588,Strong
CNOB,SBSI,0.7166366682533123,0.7528125022164386,Strong
PGC,TRMK,0.7166362862959585,0.752813009590086,Strong
PH,ROK,0.7166302486400623,0.7528210296743014,Strong
KRNY,WASH,0.7166224978558259,0.7528313252570912,Strong
AMUB,OKE,0.716610547006451,0.7528471996275858,Strong
BOKF,SFBS,0.7166002667871134,0.7528608546243941,Strong
AX,SSB,0.7165825418026199,0.7528843977628704,Strong
AX,FCF,0.7165774880635134,0.7528911102363829,Strong
AME,IEX,0.7165774306896316,0.7528911864411328,Strong
HTD,RNP,0.7165753492456783,0.7528939510373578,Strong
SLB,VET,0.7165674755771309,0.7529044088366984,Strong
CUBI,HOPE,0.7165668263194209,0.7529052711737102,Strong
KYN,WMB,0.7165659165673991,0.7529064794947655,Strong
HFWA,RF,0.7165591842950981,0.7529154211528701,Strong
BGX,EFT,0.7165459108681994,0.7529330503196159,Strong
CBSH,PRU,0.7165308334113634,0.7529530750168122,Strong
NBTB,OSBC,0.7165243193883775,0.7529617262671756,Strong
FLC,HTD,0.7165164507923063,0.7529721763886016,Strong
HWC,NTB,0.7165123190480687,0.7529776636155037,Strong
ARDC,ERC,0.7164886347290947,0.7530091171704434,Strong
FFIC,NFBK,0.7164845398470011,0.7530145551753948,Strong
SF,UBSI,0.7164836390327727,0.7530157514517573,Strong
AX,GBCI,0.716470907148946,0.7530326591205112,Strong
SFBS,TFC,0.7164673785766755,0.7530373449216505,Strong
HBNC,SFBS,0.7164451353362475,0.753066882373342,Strong
BSRR,EFSC,0.7164223314739392,0.7530971630886161,Strong
PFS,TCBI,0.7164143195699939,0.7531078016194044,Strong
PH,PNR,0.7164026167057358,0.7531233408868221,Strong
HPI,SCD,0.7163978536874362,0.7531296652138512,Strong
BGB,GHY,0.716394944771876,0.753133527640516,Strong
HIW,UDR,0.7163890766413594,0.7531413192205572,Strong
EVT,THQ,0.7163867499530008,0.7531444085260133,Strong
BDCZ,NMFC,0.7163834373626387,0.7531488068600538,Strong
FFIN,FISI,0.7163814190581871,0.7531514866769008,Strong
TCBK,USB,0.7163796032454756,0.7531538976258763,Strong
HPF,VGI,0.7163741400502052,0.7531611513478306,Strong
BSRR,SFST,0.7163636235362945,0.7531751143840396,Strong
KEY,NBTB,0.716359645224159,0.753180396420195,Strong
MTB,TCBI,0.7163450739866752,0.7531997424499357,Strong
FBP,SFNC,0.7163438218170631,0.7532014049149628,Strong
FBK,PGC,0.7163391172126847,0.7532076510329874,Strong
AEM,SA,0.7163093843525498,0.7532471249828309,Strong
BP,VET,0.71630866885216,0.7532480748702116,Strong
FBK,FITB,0.7162953955603863,0.7532656960722606,Strong
AVK,EAD,0.7162846289506835,0.7532799891797426,Strong
DHF,VLT,0.7162826284186998,0.7532826449365473,Strong
IVZ,PRU,0.7162638508798638,0.7533075721378835,Strong
GDV,THQ,0.7162572577256678,0.7533163243609317,Strong
FBNC,SFBS,0.7162554254518211,0.7533187566338421,Strong
FFIN,MTB,0.716250468842527,0.7533253363022818,Strong
HFWA,RBCAA,0.716246807930424,0.753330195956031,Strong
CINF,L,0.7162347874168774,0.7533461522874098,MST+Strong
BRK-A,L,0.716223717157829,0.7533608469281783,Strong
AROW,FBNC,0.7162180282554426,0.7533683982548743,Strong
PRK,QCRH,0.7162177435629133,0.753368776147627,Strong
EMD,ISD,0.7162157178403616,0.7533714650285586,Strong
ON,STM,0.7162069030705444,0.7533831653673391,Strong
EQNR,XOM,0.7161983722092332,0.7533944886853988,Strong
DCOM,FBK,0.7161810254580896,0.7534175131252397,Strong
NFBK,RBCAA,0.7161792631875847,0.7534198521573682,Strong
CPF,HBAN,0.71615617175503,0.7534505003581456,Strong
OFG,WBS,0.7161531293807966,0.7534545382691692,Strong
QQQX,RVT,0.7161405479529521,0.7534712364079307,Strong
AVK,EOS,0.716136038160727,0.7534772217383522,Strong
GTY,KRG,0.7161340616173308,0.753479844962915,Strong
IBOC,PRK,0.7161224557043894,0.7534952478889441,Strong
BXP,UE,0.7161181795368788,0.7535009229763706,Strong
CUBI,WAL,0.7160991088535098,0.7535262319873014,Strong
FFBC,SF,0.7160946952097671,0.7535320892838379,Strong
EFC,RITM,0.7160765548797855,0.7535561626318432,Strong
ED,POR,0.7160678952058237,0.7535676542874917,Strong
HAFC,PFBC,0.7160657283585905,0.7535705297334941,Strong
UEC,UUUU,0.716061544631144,0.7535760815854706,MST+Strong
BGH,JGH,0.7160599097798923,0.7535782510398077,Strong
FIBK,FMBH,0.7160532754268263,0.7535870547895229,Strong
HPI,PFD,0.7160400993708494,0.7536045390377509,Strong
BTG,RGLD,0.7160378896050625,0.7536074712938261,Strong
FPF,HIO,0.7160377831226132,0.7536076125907789,Strong
EVV,FLC,0.7160265816523229,0.7536224762408259,Strong
EXC,PPL,0.7160135483841334,0.7536397702030679,Strong
IBOC,SFST,0.7160031367993809,0.7536535851445532,Strong
NLY,RITM,0.7159909630308205,0.7536697379743722,Strong
HFWA,OZK,0.7159740014877793,0.7536922429111509,Strong
IDA,OGS,0.7159726979407862,0.753693972457275,Strong
CLDT,KRG,0.7159714963580918,0.7536955667136542,Strong
DUK,NWE,0.715961264875222,0.7537091416783771,Strong
IBOC,INDB,0.7159384122203492,0.753739461325531,Strong
NIC,WSBC,0.7159377824627199,0.7537402968360921,Strong
BMRC,WASH,0.7159276940379217,0.753753681201065,Strong
NSA,PSA,0.7159034015695442,0.7537859091684531,Strong
FHB,PRK,0.7158918110314259,0.7538012854440806,Strong
MUC,NAD,0.715872921104179,0.753826344585835,Strong
HOMB,JPM,0.7158679642706173,0.7538329201214056,Strong
BFS,BRX,0.715859208066024,0.7538445356092675,Strong
BGR,EQNR,0.7158551851282074,0.753849872151999,Strong
RVT,SCD,0.7158439440970557,0.7538647835029095,Strong
GABC,PGC,0.715833867811646,0.7538781495551572,Strong
BANF,TMP,0.715825499496457,0.7538892498285713,Strong
RGT,TY,0.7158252081749114,0.7538896362533294,Strong
EWBC,PFS,0.7158188455920362,0.7538980758802396,Strong
HWC,PRK,0.7158029904648098,0.7539191064500093,Strong
BMRC,NWBI,0.7157992017127752,0.7539241318424882,Strong
RMT,SCD,0.7157830310839918,0.7539455801528493,Strong
ACV,NFJ,0.7157778315587678,0.7539524765411042,Strong
VLY,WABC,0.7157770448988056,0.7539535199217449,Strong
ETO,NCV,0.7157675146870901,0.753966160133079,Strong
TFSL,UBSI,0.7157641338078576,0.7539706442457058,Strong
BANF,RBCAA,0.7157406689190917,0.7540017653572282,Strong
KMI,TRGP,0.7157370192744479,0.7540066057078706,Strong
BSRR,PGC,0.715720755988272,0.7540281745554711,Strong
RJF,WFC,0.7157190412679983,0.7540304486318861,Strong
FBNC,RBCAA,0.715715822409988,0.7540347174898673,Strong
FRST,WTFC,0.7157119680502719,0.754039829120091,Strong
UMBF,WAL,0.7157107850776134,0.7540413979648419,Strong
NWBI,OZK,0.71570942785497,0.7540431978939004,Strong
BOH,IBOC,0.7157086932117126,0.754044172165381,Strong
AX,RF,0.7157085825718449,0.7540443188939959,Strong
LEO,VGM,0.7156999732853133,0.7540557362883551,MST+Strong
RJF,TFC,0.7156910611619457,0.7540675551143337,Strong
BGB,BLW,0.715670429093568,0.7540949156524422,Strong
BUSE,FHN,0.7156691882865471,0.75409656107617,Strong
ERC,HYT,0.7156617952946325,0.7541063647859864,Strong
SF,STEW,0.7156599768978319,0.7541087761088159,Strong
MSBI,UBSI,0.715650657262393,0.7541211344838534,Strong
PFS,PRK,0.7156431424751408,0.7541310993784293,Strong
CFFN,NFBK,0.715641005840886,0.7541339326129199,Strong
BC,PII,0.7156300355340331,0.7541484793672488,MST+Strong
FCF,HTH,0.7156218980269138,0.7541592696149617,Strong
HPF,SCD,0.7156216178672283,0.7541596411009697,Strong
GGG,ITW,0.7155932918474271,0.7541971998788816,MST+Strong
EPR,VTR,0.7155891753325279,0.7542026580004504,Strong
SF,SYF,0.715559423609572,0.7542421048846689,Strong
LVS,MLCO,0.7155561061136666,0.7542465033214717,MST+Strong
KRNY,OCFC,0.7155415620517073,0.7542657859777185,Strong
GHY,HPF,0.7155336227386551,0.7542763117867947,Strong
BKR,SLB,0.7155326522615781,0.7542775984190726,MST+Strong
INDB,NFBK,0.7155252347936917,0.7542874322250217,Strong
BGH,HPS,0.7155226193913564,0.7542908995986145,Strong
FMBH,WBS,0.7155132805161761,0.7543032804964113,Strong
CVBF,HAFC,0.7154896852295115,0.7543345607493912,Strong
BOE,EOD,0.7154726966696136,0.7543570816667481,Strong
HPP,VNO,0.7154702179847566,0.7543603674839279,Strong
IBCP,OSBC,0.715468380848289,0.7543628028365542,Strong
LKFN,PNFP,0.7154650442597461,0.7543672258790859,Strong
JPM,L,0.7154646015735661,0.7543678127099989,Strong
CCBG,QCRH,0.7154634071628931,0.754369396035002,Strong
CHY,CII,0.7154619398057892,0.7543713411764935,Strong
AROW,PFBC,0.7154580253788132,0.7543765301508084,Strong
OSBC,SFNC,0.7154555937349176,0.7543797535261433,Strong
AGD,RMT,0.7154469274483392,0.7543912414015168,Strong
CFG,NBTB,0.7154462379358929,0.7543921553994409,Strong
LGI,RMT,0.7154451765615801,0.7543935623246263,Strong
FRME,KRNY,0.7154340715723638,0.7544082825998614,Strong
HIO,HPF,0.7154079241766917,0.7544429412796017,Strong
DSU,EVF,0.7153938817812582,0.754461553982364,Strong
GABC,WTFC,0.7153845914054305,0.7544738677973803,Strong
OZK,PFBC,0.7153754519162618,0.7544859814254181,Strong
CET,NFJ,0.7153745413685201,0.7544871882695954,Strong
OCFC,SFBS,0.7153714432887547,0.75449129446435,Strong
IBP,MHO,0.7153626628841403,0.7545029318907378,Strong
DVN,IMO,0.7153577935053526,0.7545093856204141,Strong
GDV,IGR,0.715357497970702,0.7545097773114646,Strong
FRST,QCRH,0.7153487372023078,0.7545213884280447,Strong
EGBN,HOPE,0.7153265697134819,0.754550767392782,Strong
ARR,STWD,0.7153264847359667,0.7545508800127839,Strong
PNFP,PRK,0.7153197358083906,0.7545598242573075,Strong
DFP,EAD,0.7153194325555792,0.754560226150863,Strong
TRGP,WMB,0.7153179104470256,0.754562243360976,Strong
DVN,HP,0.7153165777772562,0.7545640095084628,Strong
CHI,NFJ,0.7153101096902881,0.7545725814124337,Strong
OSBC,SSB,0.7153078083171186,0.7545756313092564,Strong
GGAL,YPF,0.7153028536057565,0.7545821975030201,MST+Strong
HAFC,KEY,0.7152799274367123,0.754612579491341,Strong
BLD,DHI,0.7152727566449265,0.7546220820451432,Strong
AFG,AIG,0.7152659463715473,0.75463110673819,Strong
EDD,MSD,0.7152624438822077,0.7546357480503986,MST+Strong
BCC,LPX,0.7152599500822546,0.7546390526837918,MST+Strong
VET,XOM,0.7152545926583397,0.7546461519701274,Strong
TFSL,TOWN,0.7152510591060344,0.754650834351842,Strong
CSQ,EAD,0.7152485835263076,0.7546541147753617,Strong
BOKF,GABC,0.7152458812762709,0.7546576955464367,Strong
FSM,WPM,0.7152376306547098,0.754668628399631,Strong
FFIN,HAFC,0.7152373722135605,0.7546689708560164,Strong
CZR,MGM,0.7152216628224078,0.7546897868364089,MST+Strong
CPF,RF,0.7152131416295024,0.7547010777393889,Strong
BIT,KIO,0.715210141176343,0.7547050534131291,Strong
KIM,MAC,0.715194958501962,0.7547251705065069,Strong
FFIN,NFBK,0.7151929242351722,0.7547278658759431,Strong
AWF,JGH,0.7151743386557812,0.7547524910117472,Strong
AGD,BGY,0.7151735039895482,0.7547535968916635,Strong
AVK,SCD,0.7151502618163355,0.7547843906489647,Strong
FRT,UDR,0.7151441485597764,0.7547924899470365,Strong
BGY,STEW,0.7151232532071273,0.7548201730119203,Strong
HTD,SCD,0.7151210075295243,0.7548231481220957,Strong
BAC,BOH,0.7151202107613085,0.7548242036907554,Strong
FBP,TRMK,0.7151141049660924,0.7548322926768669,Strong
BANF,KEY,0.7151123147686576,0.7548346643223832,Strong
BHB,BUSE,0.7151054988285857,0.754843693980965,Strong
MBWM,NIC,0.7150797160223741,0.7548778496917576,Strong
VCV,VGM,0.7150430452393738,0.7549264265617229,Strong
ARDC,KIO,0.7150426852569347,0.7549269034059726,Strong
ABCB,PRU,0.7150410589960098,0.7549290575994412,Strong
ELV,UNH,0.7150328160171555,0.7549399763992426,MST+Strong
SLRC,TYG,0.7150301621664563,0.7549434917045694,Strong
OR,WPM,0.7150141783707394,0.7549646635826879,Strong
STBA,USB,0.7149939475101933,0.7549914602031028,Strong
CCBG,GABC,0.7149827565691633,0.7550062826637096,Strong
MTDR,PEO,0.7149769945664741,0.7550139143532733,Strong
NIC,STBA,0.7149609144713532,0.7550352117996176,Strong
AROW,CVBF,0.7149597554720675,0.7550367468248582,Strong
BTO,USB,0.7149581910350483,0.7550388188231804,Strong
BP,IMO,0.7149554915614664,0.7550423940925881,Strong
BLW,PDT,0.7149421506192394,0.7550600630158645,Strong
FITB,NWBI,0.7149379807747761,0.75506558552913,Strong
ED,WTRG,0.7149253240658473,0.7550823477398378,Strong
BAC,GBCI,0.7149139430130308,0.7550974201875797,Strong
CFFN,PFS,0.7149121855752201,0.7550997476158762,Strong
FCF,NTB,0.7148931416369345,0.7551249676220029,Strong
JFR,VVR,0.7148868771160548,0.7551332635819259,Strong
GLO,RMT,0.7148852086973638,0.7551354730147911,Strong
BK,KEY,0.7148763133790547,0.7551472526877726,Strong
CET,RMT,0.714872020113875,0.7551529380014688,Strong
EOG,PTEN,0.7148674577260776,0.7551589796512022,Strong
GLO,RVT,0.7148460038454096,0.7551873888705907,Strong
ETB,NFJ,0.7148445539796797,0.7551893087436028,Strong
LKFN,NBHC,0.7148358874266055,0.7552007846571592,Strong
DSU,JGH,0.7148326739434594,0.7552050397826283,Strong
KLAC,MCHP,0.7148298375235976,0.7552087956007959,Strong
NOV,PEO,0.7147934721699468,0.755256946780436,Strong
HBAN,NTRS,0.7147919460723323,0.7552589674114008,Strong
NBTB,NIC,0.7147902673123306,0.7552611901688969,Strong
BKU,COF,0.7147888580079834,0.7552630561493348,Strong
BAC,EFSC,0.7147638296340088,0.7552961940404457,Strong
AXP,MET,0.7147376635538032,0.7553308367148753,Strong
DTE,IDA,0.7147364872376912,0.7553323940654323,Strong
COP,E,0.7147311676124777,0.7553394367931842,Strong
EAD,ETO,0.7146857654643034,0.7553995426735399,Strong
ALK,LUV,0.7146700171198791,0.7554203900876927,Strong
HOPE,OSBC,0.7146660160501709,0.755425686550079,Strong
BGH,EVT,0.7146618793920071,0.755431162460211,Strong
CPF,FBNC,0.7146476117380843,0.755450048993202,Strong
BZH,TMHC,0.7146450902488807,0.7554533867170354,Strong
FBP,PB,0.714640092832388,0.7554600018103036,Strong
BZH,PHM,0.7146323973460412,0.755470188232413,Strong
HPS,RZB,0.7146246725321586,0.7554804133368931,Strong
CNOB,NBHC,0.7146153931644649,0.7554926959746667,Strong
SITC,SPG,0.7146112354918688,0.7554981992144405,Strong
FNB,LNC,0.7145996784148181,0.7555134963522252,Strong
IGA,SCD,0.7145964725525639,0.7555177396295022,Strong
GABC,WBS,0.7145959447141276,0.7555184382738418,Strong
GLPI,O,0.7145918495105192,0.7555238586431017,Strong
EVV,FFC,0.7145838065335515,0.7555345041312787,Strong
NBTB,TFC,0.7145633213185566,0.7555616171847844,Strong
EFSC,FMNB,0.7145591379209585,0.7555671539698394,Strong
BUSE,CUBI,0.7145365076850826,0.7555971046992139,Strong
ARCC,FDUS,0.7145328634908815,0.7556019276168087,Strong
KRNY,NBTB,0.714532283083208,0.7556026957559004,Strong
FMBH,NFBK,0.7145285105807869,0.7556076884458139,Strong
BGY,IGA,0.7145265906452,0.755610229357438,Strong
AVK,FFA,0.714521391270811,0.755617110353106,Strong
PB,THFF,0.7145104492349676,0.755631591140858,Strong
NZF,VPV,0.7145094066642874,0.7556329708737074,Strong
DFP,ISD,0.7144911187856182,0.7556571725516562,Strong
FFIN,USB,0.7144468163236339,0.7557157980039402,Strong
CHY,HPF,0.7144253794813513,0.7557441637467651,Strong
ARCC,GBDC,0.7144222403502917,0.7557483174307547,MST+Strong
IMO,MUR,0.7144180431777732,0.7557538710747392,Strong
FBP,FRME,0.714412322378118,0.7557614406965758,Strong
ASB,BSRR,0.7144041626694718,0.7557722372918023,Strong
GNL,GTY,0.7143885578127686,0.7557928845751744,MST+Strong
BOKF,DCOM,0.7143713889869967,0.7558156005442112,Strong
BMRC,TMP,0.7143646723611312,0.7558244870852873,Strong
EFSC,FRST,0.714364532916666,0.7558246715784475,Strong
AMP,MFC,0.7143581374898132,0.7558331330527748,Strong
HPS,PFL,0.7143575714435066,0.7558338819562052,Strong
EPR,RLJ,0.7143518625171713,0.7558414350680025,Strong
FCF,OSBC,0.7143177684304356,0.7558865411813659,Strong
SHG,WF,0.7143157943827295,0.7558891527430069,MST+Strong
COP,PTEN,0.7143139141034783,0.7558916402455073,Strong
EQR,FRT,0.7142917482726744,0.7559209637618547,Strong
ATO,NWE,0.7142881720225752,0.7559256947312014,Strong
THG,TRV,0.7142849625605203,0.7559299404567591,MST+Strong
EQR,IRT,0.7142807275939334,0.7559355427628293,Strong
BXMT,RITM,0.7142615576548624,0.7559609015618963,Strong
CFG,CNO,0.7142610389370054,0.7559615877318034,Strong
BPOP,GBCI,0.7142476338061041,0.7559793200794528,Strong
CCNE,FFIN,0.7142470119190027,0.7559801427034936,Strong
EWBC,GSBC,0.7142448488224253,0.7559830040120937,Strong
DX,NLY,0.7142433906254566,0.7559849328849662,Strong
SRCE,TFC,0.7142356538692525,0.7559951668241637,Strong
HWC,LKFN,0.7142058833818584,0.7560345450019352,Strong
CUBI,WSFS,0.7141989172087271,0.7560437590394791,Strong
FULT,JPM,0.7141912576057209,0.7560538901351929,Strong
HPF,JFR,0.7141797499694639,0.7560691106380899,Strong
SRCE,USB,0.714171275374582,0.7560803193119339,Strong
FRT,PDM,0.7141700744287864,0.7560819076941513,Strong
AEM,IAG,0.7141622066352015,0.7560923136294914,Strong
FMNB,WSBC,0.7141477107187191,0.7561114855380533,Strong
ASB,BTO,0.7141427934780872,0.7561179888376057,Strong
AOD,FOF,0.7141201971919839,0.7561478728502992,Strong
BSRR,WTFC,0.7141184189337834,0.7561502245800323,Strong
CVI,DK,0.7140949744119606,0.7561812290556271,Strong
RVT,SF,0.7140852367156851,0.7561941064096107,Strong
ETJ,SPXX,0.7140841082837793,0.7561955986597921,Strong
KRNY,STBA,0.7140721659162896,0.7562113911912599,Strong
NWN,POR,0.7140718609028679,0.7562117945352771,Strong
AVB,HIW,0.7140531989063829,0.7562364723994964,Strong
AROW,UCB,0.7140475615472998,0.7562439268552181,Strong
STT,USB,0.7140248521194149,0.7562739554957385,Strong
COLB,THFF,0.7140234329950584,0.7562758319620448,Strong
BBT,CCNE,0.7140204593319472,0.7562797639340256,Strong
AX,RNST,0.7140198617458288,0.7562805540990344,Strong
CPT,DOC,0.7140045475857262,0.7563008031389016,Strong
ASB,CUBI,0.7140031387342137,0.7563026659556163,Strong
KGC,OR,0.7139888725851897,0.75632152873604,Strong
AVNT,MTX,0.7139882386990732,0.7563223668528213,MST+Strong
ETG,JRI,0.7139856363839265,0.7563258075936236,Strong
FITB,NBHC,0.713965044283741,0.7563530335977493,Strong
HTD,VLT,0.7139592788834074,0.7563606561906728,Strong
BBT,CBSH,0.7139564848023356,0.7563643502937779,Strong
BANR,CUBI,0.7139479757003249,0.7563756002141728,Strong
DCOM,NBHC,0.7139438876774113,0.7563810049473594,Strong
CSQ,THQ,0.713941126637565,0.7563846552679859,Strong
EWBC,HBNC,0.713939896400988,0.7563862817357438,Strong
CPF,FMBH,0.713927366682874,0.7564028467914778,Strong
AN,SAH,0.7139222389160946,0.7564096259090115,Strong
BBT,PNC,0.7139037773882314,0.7564340323012557,Strong
CUBI,ZION,0.7138974224694571,0.7564424334085746,Strong
BOKF,OCFC,0.7138934524810838,0.7564476816263187,Strong
HLT,IHG,0.7138856917682501,0.7564579409745791,Strong
AJG,AON,0.7138823152309757,0.7564624045767566,Strong
BNS,MFC,0.7138765338157036,0.7564700472382186,Strong
BMRC,CNOB,0.7138513045694795,0.7565033977855228,Strong
CBU,HBAN,0.7138267162957644,0.7565358996164498,Strong
GGZ,NCV,0.7138212626889715,0.7565431082377639,Strong
HOPE,MSBI,0.7138084440675301,0.7565600517242104,Strong
CCBG,CNOB,0.7138043333149818,0.7565654851828997,Strong
AROW,INDB,0.7137998041524307,0.7565714716371075,Strong
PNFP,TMP,0.713797546913161,0.7565744551421744,Strong
ETJ,QQQX,0.7137945976121209,0.7565783533618696,Strong
IBCP,TRMK,0.7137882854424512,0.75658669636407,Strong
B,SA,0.7137879138970429,0.7565871874449859,Strong
AWF,EVV,0.713786232393295,0.7565894099268176,Strong
AMUB,PAA,0.7137430230752213,0.756646518428227,Strong
AXP,GS,0.7137410005492035,0.7566491914365553,Strong
ETO,HPI,0.7137404949849578,0.7566498595982717,Strong
MBWM,TCBI,0.7137306424116359,0.7566628807974713,Strong
CSQ,GHY,0.7137295055351162,0.7566643832834791,Strong
PNFP,TRST,0.71372598907006,0.7566690305938786,Strong
CCNE,PGC,0.7137108442731437,0.7566890454167502,Strong
HOMB,OFG,0.713701568745003,0.7567013033621615,Strong
FCF,MSBI,0.7136830715339907,0.756725747501708,Strong
RVT,TEL,0.7136769735960207,0.7567338057784644,MST+Strong
PB,PFS,0.7136729846767271,0.7567390769918954,Strong
SCHW,SF,0.7136633924253767,0.7567517526568713,Strong
ABCB,BMRC,0.7136626608014376,0.7567527194514234,Strong
DFP,PFD,0.7136461435140022,0.7567745456686525,Strong
BAC,TOWN,0.7136426486298463,0.756779163785782,Strong
CBU,FISI,0.7136315328318916,0.7567938519413439,Strong
IBP,PHM,0.7136209349407174,0.7568078554815384,Strong
ETY,NCZ,0.7136179427897789,0.7568118091179883,Strong
CBSH,RJF,0.7136044698309549,0.7568296111662718,Strong
NWBI,TFSL,0.7135943776032154,0.7568429459231084,Strong
AXP,TFC,0.7135841609797066,0.7568564448034957,Strong
FBP,FFIN,0.7135785110439893,0.7568639097697957,Strong
BBT,RBCAA,0.713577760669663,0.7568649011948393,Strong
CBSH,MET,0.7135774275639613,0.7568653413072087,Strong
FFA,LGI,0.7135731528500902,0.7568709892047784,Strong
CTBI,KRNY,0.7135565621193458,0.756892909044145,Strong
SF,UCB,0.7135485637634716,0.7569034763251234,Strong
HQL,THQ,0.7135482365799543,0.7569039085908406,Strong
HPI,PTY,0.713544203319299,0.7569092372017941,Strong
BGH,HIO,0.7135441983051305,0.756909243826325,Strong
BMRC,WSFS,0.7135431923073914,0.7569105729115013,Strong
MCHP,SWKS,0.7135397990445241,0.7569150559415183,Strong
EWBC,SYBT,0.7135258039203021,0.7569335454050083,Strong
HPF,RQI,0.713524400513449,0.756935399471515,Strong
CHI,EOS,0.7135041395350747,0.756962166115223,Strong
MUR,XOM,0.7135020833469403,0.756964882478784,Strong
EQNR,VET,0.7135006966904018,0.756966714340331,Strong
AMG,AMP,0.7134999595891274,0.7569676880962259,Strong
EMD,HPI,0.7134831490786941,0.7569898954692934,Strong
RMT,SPXX,0.7134768008893352,0.7569982815180822,Strong
DCOM,TFC,0.713474922545675,0.7570007628190675,Strong
PNFP,WFC,0.7134729944017943,0.7570033098979233,Strong
AWF,GDV,0.713470279885723,0.7570068957602395,Strong
NAN,NZF,0.7134677963878326,0.7570101764338011,Strong
CVBF,FISI,0.7134671484376127,0.7570110323666192,Strong
AX,WSBC,0.713459466525515,0.7570211799870398,Strong
BTE,CNQ,0.7134584040258378,0.7570225835127539,Strong
CVI,VLO,0.7134578154493283,0.7570233610010615,Strong
EWBC,HAFC,0.71344792494677,0.7570364258782136,Strong
FBK,UMBF,0.7134472412555977,0.7570373289929663,Strong
MTDR,OKE,0.7134342241735894,0.757054523566712,Strong
ITT,LECO,0.7134292821337893,0.7570610515225449,Strong
CFR,PFG,0.7134277985136003,0.7570630112301086,Strong
AMUB,PAGP,0.7134228424945203,0.757069557577743,Strong
MET,STT,0.7134226919461002,0.7570697564345042,Strong
ETY,GLQ,0.7134118902252972,0.7570840241012919,Strong
BOKF,TMP,0.7133914646274868,0.7571110029216498,Strong
CLDT,SPG,0.7133783409254719,0.7571283366438323,Strong
EAD,ETW,0.7133733418221173,0.7571349393310055,Strong
FHN,HOMB,0.7133696648789949,0.7571397957061894,Strong
PEBO,TFC,0.7133640139507197,0.7571472591897567,Strong
CBU,TFC,0.71335558310243,0.7571583941257867,Strong
DSL,HYT,0.7133513091487963,0.7571640388333346,Strong
BSRR,FULT,0.7133482674054377,0.7571680561071793,Strong
DCOM,FITB,0.7133439713072751,0.7571737299889965,Strong
PFG,STEW,0.7133302822853747,0.7571918088762257,Strong
FRST,IBOC,0.713322774856416,0.7572017236424967,Strong
BOE,ETJ,0.7133113892774092,0.7572167598813312,Strong
GLQ,USA,0.7132979885258734,0.7572344570529349,Strong
ETO,IGD,0.7132930850071398,0.7572409325873241,Strong
ADX,SPXX,0.7132855146105687,0.7572509298633199,Strong
MCO,MSCI,0.7132764738773729,0.7572628686560924,MST+Strong
BOKF,PGC,0.7132699390446997,0.7572714981501685,Strong
DSU,PFN,0.713257899683698,0.7572873963249381,Strong
BMRC,OCFC,0.7132484823879904,0.7572998317866043,Strong
FHN,SBCF,0.7132410910775592,0.7573095918083182,Strong
HBNC,PB,0.7132374809583508,0.7573143588255133,Strong
BGY,LGI,0.713235398750261,0.7573171082838932,Strong
OZK,TCBI,0.7132335921518838,0.7573194938044527,Strong
TRST,WBS,0.7132327430579417,0.7573206149868869,Strong
RF,WAL,0.7132279700809819,0.7573269174128411,Strong
BKH,EXC,0.7132095030754754,0.7573513014770947,Strong
STT,TFC,0.7132078810375339,0.7573534431987038,Strong
BGT,EFT,0.7132053443141595,0.7573567926490664,Strong
IBCP,UMBF,0.7132020577545077,0.7573611321496401,Strong
ACV,EVT,0.7131665601303522,0.7574080008418815,Strong
BBT,TCBI,0.7131646845100826,0.757410477204953,Strong
ASG,USA,0.7131615708727651,0.7574145880919312,MST+Strong
BFS,KIM,0.713155267244184,0.7574229106065066,Strong
BGB,EVF,0.7131463564540157,0.7574346751317691,Strong
HPI,PCN,0.7131361649677279,0.7574481302799183,Strong
NBHC,PNC,0.7131345907898172,0.7574502085420305,Strong
PFG,SYF,0.7131329447014836,0.7574523817356659,Strong
MTB,OZK,0.7131299666807863,0.7574563133530721,Strong
HPI,JFR,0.7131250315233326,0.7574628287601542,Strong
HWC,MSBI,0.7131236578425185,0.7574646422869935,Strong
EPR,KRG,0.7131206279630995,0.7574686423039577,Strong
BPOP,TOWN,0.7131182751755335,0.7574717484163571,Strong
GS,PFG,0.7131084893480454,0.7574846673721582,Strong
CBSH,TCBI,0.71308587948188,0.7575145153963982,Strong
EAD,PFN,0.713065710066845,0.7575411407087472,Strong
ETB,USA,0.713046161392914,0.7575669456979839,Strong
BUSE,SF,0.7130372960002215,0.7575786480620722,Strong
PFS,TFC,0.7130306326464334,0.757587443604455,Strong
BGH,HPI,0.7130276725030286,0.7575913509234005,Strong
FBP,UVSP,0.7130212270403717,0.7575998587112174,Strong
CCD,ETO,0.7130095010618291,0.7576153363523878,Strong
FUND,SPXX,0.7130028747456604,0.757624082582305,Strong
RQI,UTF,0.712994998372782,0.7576344786600171,Strong
CCNE,RBCAA,0.712973703913629,0.757662584646188,Strong
DPG,FFC,0.7129680533555504,0.7576700424913864,Strong
CATY,CFFN,0.7129644377287785,0.7576748145097889,Strong
COLB,TRST,0.7129544737546568,0.7576879651219798,Strong
GS,STT,0.7129441829787078,0.7577015468128493,Strong
AROW,FIBK,0.7129408930929462,0.7577058887286726,Strong
BMRC,GBCI,0.7129349190012598,0.7577137731343415,Strong
CVBF,EGBN,0.7129299165015021,0.7577203752024858,Strong
ABCB,RBCAA,0.7129051267624315,0.7577530907064234,Strong
APLE,SPG,0.7128648189084094,0.7578062827551519,Strong
BXP,KIM,0.7128587261499187,0.7578143227071936,Strong
IVZ,TROW,0.7128473732203949,0.7578293037084342,Strong
COF,MTB,0.7128469222639447,0.7578298987715585,Strong
CVE,PEO,0.7128327177076156,0.7578486422662304,Strong
EFSC,FBK,0.7128275640074917,0.7578554426703134,Strong
CVBF,FFIC,0.7128235760457617,0.7578607048188186,Strong
CBU,PNC,0.7128160471841907,0.7578706391143667,Strong
HST,MAR,0.712814438067637,0.7578727623187985,Strong
REG,UDR,0.7128133793733578,0.757874159246299,Strong
BPOP,PB,0.7127977219767827,0.7578948185905711,Strong
MSBI,PGC,0.7127936413112235,0.757900202782367,Strong
NEM,PAAS,0.7127871091939316,0.7579088214370755,Strong
CATY,TFSL,0.7127800705353065,0.7579181083266101,Strong
BSRR,GBCI,0.7127795076654309,0.7579188509788751,Strong
ONB,OSBC,0.7127786481762468,0.7579199849901745,Strong
DSL,GDV,0.712777083455663,0.7579220494804686,Strong
NIE,SCD,0.7127683863097858,0.7579335243808842,Strong
HFWA,ZION,0.7127654140216964,0.757937445939048,Strong
SHEL,SLB,0.7127635528118564,0.7579399015596732,Strong
AIG,CNO,0.7127593883663456,0.7579453959668262,Strong
FFIC,UMBF,0.7127472358371241,0.7579614293127005,Strong
ACV,EOS,0.7127458723187944,0.7579632282389505,Strong
GAM,LGI,0.7127320697463493,0.7579814381020827,Strong
KRNY,TRMK,0.7127112127296874,0.7580089541295836,Strong
PNFP,WAL,0.7126822166892364,0.7580472060640598,Strong
MTB,NTRS,0.7126728792578753,0.7580595237079009,Strong
C,RJF,0.7126673320966929,0.758066841252547,Strong
CNO,JPM,0.7126567339404614,0.7580808216272703,Strong
BBT,SFBS,0.7126542148298062,0.7580841446306522,Strong
PAA,PEO,0.712650656925325,0.7580888379005127,Strong
IIM,MUJ,0.71264748300406,0.7580930246294844,Strong
FHB,SYBT,0.7126032665852988,0.7581513482342442,Strong
CCD,HPS,0.7125825449745951,0.7581786795016132,Strong
INDB,PNC,0.7125647816443041,0.7582021080895197,Strong
EVT,GAB,0.712563122846985,0.7582042958899864,Strong
FFIC,SBSI,0.7125621013848324,0.7582056431010884,Strong
AEE,PEG,0.7125459171208931,0.7582269882813548,Strong
NVG,VKI,0.7125457426674425,0.7582272183620916,Strong
C,JEF,0.712531853860803,0.7582455356138894,Strong
AGI,AU,0.7125251344843941,0.758254397304237,Strong
ACV,TY,0.7125214489382288,0.7582592578554794,Strong
BRX,MAC,0.7125190139933626,0.7582624690786659,Strong
HLT,TNL,0.712505723925285,0.7582799958784552,Strong
MU,WDC,0.7124990713757734,0.7582887690375305,MST+Strong
FISI,NFBK,0.7124819834906936,0.7583113035018091,Strong
ACLS,AMAT,0.7124583792563106,0.7583424302301558,MST+Strong
CFFN,TMP,0.7124583067961604,0.75834252578085,Strong
CCL,UAL,0.7124561910024231,0.7583453157995729,Strong
BANF,CBU,0.7124441814619243,0.7583611521406878,Strong
ETG,NCZ,0.7124402829046378,0.7583662928893428,Strong
ATMP,SRV,0.7124202177382016,0.7583927508379789,Strong
GLQ,TY,0.7124049575898136,0.7584128722670607,Strong
AX,FITB,0.7123889830220699,0.7584339351293956,Strong
MUR,NOV,0.7123838121464401,0.7584407529313808,Strong
CCNE,SSB,0.7123550771721552,0.7584786388921507,Strong
AVK,DSU,0.7123413470777518,0.7584967408265486,Strong
FITB,PFBC,0.7123254139790653,0.7585177466888097,Strong
EVT,RGT,0.7123155297035683,0.758530777617404,Strong
HPI,RQI,0.7123085819474495,0.7585399370534823,Strong
CNP,EXC,0.7122976569973272,0.758554339520476,Strong
CNO,HWC,0.7122869742041512,0.7585684224852084,Strong
LEO,VMO,0.7122796492119663,0.7585780787605634,Strong
HBAN,HFWA,0.712271143288343,0.7585892916613799,Strong
HBAN,HBNC,0.7122542332332205,0.7586115827836792,Strong
POR,WTRG,0.7122504466060786,0.7586165742902291,Strong
DB,UBS,0.7122479880428895,0.7586198151341824,MST+Strong
PH,STEW,0.7122346516424315,0.758637394751364,Strong
BOKF,THFF,0.7122324268149867,0.7586403274082039,Strong
CII,HYT,0.712230100435141,0.7586433939142408,Strong
CTBI,PNC,0.7122262745231878,0.7586484369941221,Strong
BBT,SYBT,0.7122244838327934,0.7586507973596371,Strong
ABCB,WFC,0.7122216892530217,0.7586544809687455,Strong
AX,ONB,0.7122193719297863,0.7586575354798945,Strong
GOOD,RQI,0.7122142577907545,0.7586642764876246,Strong
AMP,SYF,0.7122140762284098,0.7586645158060185,Strong
DPG,JPC,0.7121903612669616,0.7586957739872267,Strong
JQC,LDP,0.712184092149798,0.7587040369606609,Strong
L,PNC,0.7121840894974084,0.7587040404566086,Strong
PFS,RBCAA,0.7121823553291345,0.7587063261511208,Strong
BPOP,PRU,0.7121719714637778,0.7587200123052275,Strong
AVB,DOC,0.7121514663458547,0.7587470377591538,Strong
AROW,WAFD,0.7121414694792246,0.7587602131382158,Strong
DSL,HPF,0.7121297381968548,0.7587756741002512,Strong
FRA,HYT,0.71211813169734,0.7587909702976967,Strong
BSRR,RNST,0.7120998236853048,0.7588150977869316,Strong
NBTB,PNC,0.712084052906073,0.7588358809306884,Strong
BOH,PFS,0.7120803965765804,0.7588406992556733,Strong
AMH,MAA,0.7120780744636188,0.7588437593291272,Strong
GLQ,NIE,0.712072351679939,0.7588513007435133,Strong
BTG,IAG,0.7120692792031355,0.7588553495849714,Strong
NIC,SFNC,0.7120678633070681,0.7588572154139828,Strong
CFR,HBNC,0.7120592982299009,0.7588685021399941,Strong
KNX,SNDR,0.7120472529263032,0.7588843746891838,Strong
FBNC,FRST,0.7120470583253168,0.7588846311194913,Strong
CCNE,WAFD,0.712045743256424,0.7588863640145025,Strong
AMG,BEN,0.7120426426301832,0.7588904497617779,Strong
ACGL,L,0.7120421424123462,0.7588911089051628,Strong
ACV,AOD,0.7120410218799254,0.7588925854428605,Strong
MET,WTFC,0.7120250505913027,0.7589136306704437,Strong
FMBH,FMNB,0.7120246416274765,0.7589141695508439,Strong
BMRC,SYBT,0.7120124528128985,0.7589302302413595,Strong
FCBC,FMNB,0.712007361063448,0.7589369393257283,Strong
ABCB,BTO,0.7119996790217619,0.7589470613662564,Strong
FTV,PH,0.7119802558773841,0.7589726531603308,MST+Strong
EXC,XEL,0.7119700945747166,0.7589860412751784,Strong
CFR,TMP,0.711953418010724,0.7590080131188024,Strong
CCBG,CCNE,0.7119380145909483,0.759028306993951,Strong
OFG,WTFC,0.7119376014934176,0.7590288512389795,Strong
FNB,WTBA,0.7119373229293976,0.7590292182394593,Strong
CFR,WASH,0.7119331073118633,0.7590347721786357,Strong
CCBG,HAFC,0.7119320674530658,0.7590361421525779,Strong
KRNY,VLY,0.7119310322360601,0.7590375060086818,Strong
AVB,BXP,0.7119202489232537,0.7590517124369675,Strong
BDJ,CET,0.7119145577913706,0.7590592100865774,Strong
RLJ,SVC,0.7118889263763429,0.7590929766815881,MST+Strong
FCBC,HBNC,0.7118885506315524,0.7590934716732157,Strong
RVT,STK,0.7118827229547008,0.7591011487875634,Strong
QQQX,STEW,0.7118777526687406,0.7591076963531056,Strong
PMT,RITM,0.711867792405757,0.7591208172540692,Strong
MET,PB,0.7118601491510564,0.7591308857488853,Strong
CHW,STEW,0.7118446488050184,0.7591513040165071,Strong
GDV,PDT,0.7118355395489783,0.759163303184528,Strong
BAC,SCHW,0.711834241546024,0.7591650129635532,Strong
GAM,STK,0.7118240435206022,0.7591784460578392,Strong
CHCO,HAFC,0.7118214414907513,0.7591818734786134,Strong
CCD,CII,0.711816808101655,0.7591879765885982,Strong
CAC,FHB,0.7117976371040704,0.7592132281459927,Strong
DSU,EMD,0.7117973020311854,0.7592136694881285,Strong
HPI,RNP,0.7117955778552072,0.7592159404870169,Strong
EIM,IIM,0.711793522642751,0.7592186475018234,Strong
AIG,LNC,0.7117918661211938,0.7592208293754936,Strong
IGA,LGI,0.7117840300593803,0.7592311504945246,Strong
MBWM,RF,0.7117698891594583,0.7592497755555042,Strong
FMBH,MSBI,0.7117642787869544,0.7592571648829475,Strong
BDJ,GLO,0.7117619944006888,0.7592601735891475,Strong
BPOP,TRMK,0.7117476241173176,0.7592791000451447,Strong
BST,NFJ,0.7117397106145182,0.7592895223634812,Strong
BPOP,FFIN,0.711737575028262,0.7592923349695267,Strong
BANR,KRNY,0.7117368266765123,0.7592933205599635,Strong
CLB,HAL,0.7117327643556938,0.7592986706748619,MST+Strong
ARCC,TCPC,0.711731877400389,0.7592998387983643,Strong
CUBI,UMBF,0.7117239110027226,0.7593103304937677,Strong
NIC,TCBK,0.711719966476789,0.7593155253558443,Strong
IIM,MUC,0.7117184048227254,0.7593175820133162,Strong
CNO,WBS,0.711712781038107,0.7593249883441121,Strong
BANC,HWC,0.7117026101993094,0.7593383828053085,Strong
NFBK,SBCF,0.7116982747496757,0.7593440922932426,Strong
AX,BUSE,0.7116945900614357,0.7593489447395899,Strong
NMZ,VMO,0.7116916597072526,0.7593528037648211,Strong
OGE,SO,0.7116806935225176,0.7593672451159351,Strong
AVK,ETG,0.7116788125909498,0.7593697220841114,Strong
BLD,LEN,0.7116685375204335,0.7593832530146639,Strong
KRNY,WAFD,0.7116482561495201,0.7594099602329165,Strong
EMO,KMI,0.7116325768585364,0.7594306066277071,Strong
FRST,PGC,0.7116315857371543,0.7594319117114393,Strong
RVTY,TMO,0.711630732138467,0.7594330357069451,MST+Strong
EVV,JFR,0.7116042816562128,0.7594678641572495,Strong
FBK,NBTB,0.7115958432978844,0.7594789749586431,Strong
ETJ,STEW,0.7115947187051546,0.7594804556996124,Strong
GS,USB,0.7115886878517035,0.7594883964199802,Strong
NI,OGE,0.7115810733940913,0.7594984221259564,Strong
KRNY,TMP,0.7115742924824574,0.7595073502179457,Strong
FMNB,FULT,0.7115473377015255,0.7595428392111594,Strong
CCNE,IBOC,0.7115331241490185,0.7595615522799736,Strong
NBHC,WASH,0.7115275275557303,0.7595689204335175,Strong
MSBI,THFF,0.711524924960478,0.7595723468367209,Strong
FCBC,LKFN,0.7115114412980511,0.7595900982792613,Strong
O,WELL,0.7115100976758753,0.7595918671551516,Strong
ELS,O,0.7114951123483215,0.7596115950295631,MST+Strong
CHY,TY,0.711476076466198,0.7596366546366782,Strong
BOH,PFBC,0.7114737492370005,0.7596397182388498,Strong
CCNE,FBNC,0.7114736098405219,0.7596399017422375,Strong
PNW,WEC,0.7114667540383506,0.7596489267571559,Strong
RBCAA,TRMK,0.7114557338739458,0.7596634335362658,Strong
ATO,ETR,0.7114498250055551,0.759671211767887,Strong
BAC,IBOC,0.7114229523415211,0.7597065850161876,Strong
APA,SLB,0.7114177060306501,0.7597134906915236,Strong
C,MFC,0.7114114710620825,0.7597216976471286,Strong
LNT,OGS,0.7113917339644286,0.7597476765816022,Strong
CII,NCV,0.7113881201863409,0.7597524331170767,Strong
AEP,PPL,0.7113502065515512,0.7598023340954524,Strong
CTBI,MTB,0.7113257338309096,0.7598345427382075,Strong
PAA,WES,0.7113196820429136,0.7598425073093587,Strong
PGC,WAFD,0.7113108421164249,0.7598541411133786,Strong
EXP,VMC,0.7113079477624344,0.7598579501953843,Strong
CPF,PNC,0.7112872132311573,0.7598852370836569,Strong
BANC,BUSE,0.7112808067539936,0.7598936678851935,Strong
NFBK,PRK,0.7112772461173644,0.7598983535745233,Strong
IVZ,MS,0.7112634729805704,0.7599164783309146,Strong
PRU,UBSI,0.7112512738277104,0.7599325314424823,Strong
BSRR,NWBI,0.711238946680727,0.7599487526396409,Strong
BOKF,LNC,0.7112175794147675,0.7599768688390884,Strong
IDA,PPL,0.7112136641733144,0.7599820206119162,Strong
NAD,VPV,0.7112109687120648,0.7599855673470848,Strong
BANR,PRU,0.7111937879132234,0.7600081737544362,Strong
ASB,BANC,0.711191118861785,0.7600116856183396,Strong
DOC,FCPT,0.7111870503645784,0.7600170388029752,Strong
AROW,FNLC,0.7111742083205992,0.7600339356626135,MST+Strong
BOKF,PFBC,0.7111736475209699,0.7600346735235572,Strong
CPF,USB,0.7111690328089727,0.7600407452117647,Strong
PFG,WFC,0.7111614697011571,0.7600506960707857,Strong
FITB,NBTB,0.7111515715182817,0.7600637190153445,Strong
DTE,EVRG,0.7111483263061698,0.7600679886613174,Strong
COLB,HAFC,0.7111466106210956,0.7600702459363928,Strong
CFFN,MBWM,0.7111322396200903,0.7600891531654819,Strong
MQY,VMO,0.7111205191925924,0.7601045728153561,Strong
BANF,HAFC,0.7111190332828354,0.7601065276882768,Strong
AMP,BRK-B,0.7111056716786717,0.7601241060791696,Strong
CFR,LKFN,0.711098716927289,0.7601332555186768,Strong
AX,BKU,0.7110983849588909,0.7601336922425017,Strong
KIM,SKT,0.7110951750355899,0.7601379150712192,Strong
FAST,GWW,0.7110929121110794,0.7601408920574141,MST+Strong
HBAN,QCRH,0.7110889562598797,0.7601460961422092,Strong
EOI,STK,0.7110863352375413,0.7601495441851672,Strong
HTB,MBWM,0.7110755510011312,0.7601637310459751,Strong
BAC,FHB,0.7110727819573143,0.7601673737311879,Strong
CHCO,EWBC,0.7110633671720576,0.76017975877807,Strong
CPF,FCBC,0.7110624878168027,0.7601809155499726,Strong
GDV,PH,0.711055012783297,0.7601907487160088,Strong
HPI,VLT,0.7110438281086541,0.7602054615580527,Strong
GSBC,HTH,0.7110381378669768,0.7602129466577418,Strong
CNO,USB,0.7110351157063565,0.7602169220605965,Strong
BK,RF,0.7110097737987028,0.7602502564304694,Strong
ACV,ETW,0.7109895012575861,0.7602769215784653,Strong
NML,TRGP,0.7109741416425466,0.7602971239685883,Strong
CFG,MBWM,0.710972352661655,0.7602994769672605,Strong
GDV,PFL,0.710969050805034,0.760303819791754,Strong
BST,ETY,0.7109639291133732,0.7603105561369338,Strong
GGB,VALE,0.7109528364837937,0.7603251456004941,Strong
BOH,CAC,0.7109432220211628,0.7603377906941589,Strong
LNC,WTFC,0.7109356195272335,0.760347789465803,Strong
BAC,STEW,0.7109295051588275,0.7603558309649141,Strong
FRST,GSBC,0.7109254444305153,0.7603611715092831,Strong
CBSH,DCOM,0.7108982924082674,0.7603968800458516,Strong
CFR,FISI,0.7108763079546216,0.760425791310866,Strong
AUB,CFFN,0.7108745018927995,0.7604281663736562,Strong
HBAN,OZK,0.7108691218885893,0.7604352413077798,Strong
CBU,WTFC,0.7108596816460878,0.760447655468688,Strong
FFC,NCV,0.7108516893882688,0.7604581653342032,Strong
OZK,WTFC,0.7108461878919108,0.7604653997495077,Strong
DFP,EVT,0.710839277381109,0.760474486907866,Strong
SHEL,VET,0.7108193112464902,0.7605007412928797,Strong
AROW,BHB,0.7108152022953396,0.7605061442285137,Strong
BUSE,EQBK,0.7108149663171739,0.7605064545193895,MST+Strong
OSBC,SBCF,0.7108109336864724,0.7605117570603726,Strong
HBNC,TFC,0.7107932565279904,0.7605350004727062,Strong
COLB,TCBI,0.710791783229248,0.7605369376575368,Strong
LKFN,VLY,0.7107891368469049,0.7605404172732637,Strong
BANF,SBSI,0.7107874294518843,0.7605426622459988,Strong
NML,NXG,0.7107832401288565,0.7605481705600816,Strong
HBAN,OCFC,0.7107748212941026,0.7605592399095515,Strong
HTH,PEBO,0.7107687406307075,0.7605672348573694,Strong
KEY,PFBC,0.7107683075388784,0.7605678042898234,Strong
C,EVR,0.710764924614605,0.7605722521698973,Strong
FMBH,VLY,0.7107632748112553,0.7605744213273868,Strong
HWC,WABC,0.7107608249947184,0.7605776423288836,Strong
KEY,MBWM,0.7107604796105009,0.7605780964365185,Strong
FIBK,HAFC,0.7107536579700878,0.7605870654039709,Strong
OFG,UBSI,0.7107524040741294,0.7605887139918269,Strong
CFR,OCFC,0.7107523528583264,0.7605887813288776,Strong
HPP,SLG,0.7107484167712335,0.7605939563640597,Strong
DK,PSX,0.7107434496076419,0.7606004869737569,Strong
CVBF,TCBI,0.7107384273617485,0.76060708994625,Strong
AROW,IBOC,0.710721931429594,0.7606287774866345,Strong
AEP,DTE,0.710703279827895,0.7606532983851512,Strong
FISI,WAFD,0.7106945479121277,0.7606647777935722,Strong
AWR,HTO,0.7106908971927922,0.7606695771584503,Strong
COP,NOV,0.7106845768307574,0.7606778860585375,Strong
ACRE,EFC,0.7106842630335654,0.7606782985815155,Strong
ETO,HYT,0.7106767175389124,0.7606882179462064,Strong
CNOB,FBP,0.7106717461291313,0.7606947533286511,Strong
EOG,SHEL,0.7106566075511833,0.760714654057376,Strong
QCRH,TCBI,0.7106554768159672,0.7607161404676949,Strong
BAC,WSFS,0.7106395711853716,0.7607370489395511,Strong
BRX,EPR,0.7106379400325137,0.7607391931108668,Strong
FBIN,SWK,0.7106323534390435,0.7607465367137158,MST+Strong
ETB,NIE,0.710627801541157,0.7607525201520439,Strong
HTD,PSF,0.7106228257490875,0.7607590607425093,Strong
HBNC,PRK,0.7106135984245467,0.7607711897482097,Strong
AMP,CATY,0.7106106492256469,0.7607750663295336,Strong
KO,PEP,0.7106082284403002,0.7607782483216772,MST+Strong
KEY,NWBI,0.7106027086507073,0.760785503738462,Strong
BBT,MTB,0.7105992690720905,0.7607900248135612,Strong
CHY,EAD,0.7105922556503936,0.7607992433613566,Strong
BKU,HTB,0.7105894195666584,0.7608029711210933,Strong
AME,ITW,0.7105823720754865,0.7608122342924218,Strong
AUB,FRST,0.7105665367894954,0.7608330476661809,Strong
GDV,STK,0.7105605576910387,0.7608409062464522,Strong
LTC,O,0.7105553726781024,0.7608477210610511,Strong
DIOD,POWI,0.7105172387441867,0.7608978397338414,MST+Strong
COP,OKE,0.7105060920745742,0.7609124889570756,Strong
GSBC,TCBI,0.7104996081434661,0.7609210101666715,Strong
ADC,GTY,0.7104941893241625,0.760928131528645,Strong
PK,SPG,0.7104844367551183,0.7609409480963444,Strong
CFFN,GABC,0.7104809776279737,0.7609454939376753,Strong
ABR,STWD,0.7104784010154922,0.7609488799972148,MST+Strong
FRME,NIC,0.7104574884286176,0.7609763617503272,Strong
EMN,HUN,0.7104549849089811,0.7609796516215384,Strong
EOS,NCZ,0.710406044150972,0.7610439617381219,Strong
KRNY,ONB,0.7104041056534665,0.7610465088896126,Strong
CHY,ETY,0.7103737168088531,0.761086438180509,Strong
OXY,XOM,0.7103616429189379,0.7611023020344402,Strong
SUPV,TGS,0.7103505504264496,0.7611168761413065,Strong
HIX,VLT,0.7103411897683114,0.7611291746237148,Strong
CNOB,PNC,0.7103392608561637,0.7611317088964777,Strong
FLS,ITT,0.7103384072012066,0.7611328304557535,MST+Strong
FFIC,UCB,0.7103337162223995,0.7611389935847467,Strong
FISI,INDB,0.7103295362336574,0.761144485319762,Strong
CUBI,UCB,0.7103182855928994,0.7611592663918644,Strong
NIC,UBSI,0.710311424320186,0.7611682805790241,Strong
BANR,CFFN,0.7103090398718256,0.7611714131891376,Strong
FMBH,WAFD,0.7103073840825398,0.7611735885032536,Strong
EAD,FRA,0.7103012900975864,0.7611815944995171,Strong
FFIC,WTFC,0.7102995646519586,0.7611838612950768,Strong
PRK,WTBA,0.7102944799486826,0.7611905412593057,Strong
FFIC,INDB,0.7102838731921886,0.7612044755620022,Strong
CPF,HAFC,0.7102803081363701,0.7612091589880273,Strong
CHI,HPI,0.7102756523379593,0.7612152752829395,Strong
BMRC,FIBK,0.710249031841071,0.7612502455289312,Strong
FBK,HFWA,0.7102468882034777,0.761253061467108,Strong
BCX,SHEL,0.7102392426532999,0.7612631047761348,Strong
FULT,MET,0.7102302570272699,0.7612749082594672,Strong
NI,PPL,0.7102254395076081,0.7612812364591576,Strong
PGC,SSB,0.7102208483692529,0.7612872672398339,Strong
ETY,FUND,0.7102203573092526,0.7612879122785905,Strong
AX,CFG,0.710212388175897,0.7612983801691725,Strong
FBNC,PB,0.7101969743285257,0.7613186266885559,Strong
EOS,JCE,0.7101924700301628,0.7613245431087023,Strong
AVB,REG,0.710189734894584,0.7613281357015724,Strong
CCNE,CNOB,0.7101661146934598,0.7613591600638167,Strong
EWBC,TMP,0.7101659092658463,0.7613594298807281,Strong
WABC,WBS,0.7101331581556098,0.7614024452868406,Strong
BOKF,RJF,0.7101260363596325,0.7614117987532996,Strong
MUJ,NAD,0.7101207901067377,0.7614186888870831,Strong
OVV,PTEN,0.710115730591728,0.7614253337107613,Strong
BANR,MSBI,0.7101108097516773,0.7614317963525331,Strong
CUZ,HPP,0.7100955383394344,0.7614518522671878,Strong
BOH,TRST,0.7100943275772041,0.7614534423361626,Strong
CTBI,FITB,0.710094130331581,0.7614537013744421,Strong
LEO,NZF,0.710072112861025,0.7614826158737638,Strong
IBOC,NFBK,0.7100680844850847,0.7614879060299189,Strong
BRK-A,JPM,0.7100661500872504,0.7614904463126896,Strong
CHW,EOI,0.7100634003919233,0.7614940572428346,Strong
BMRC,PGC,0.7100606723539118,0.7614976397154337,Strong
KRNY,SFNC,0.7100591537533432,0.7614996339416806,Strong
MSBI,OCFC,0.7100575507151407,0.7615017390457612,Strong
AMH,UDR,0.7100523810437205,0.7615085278002861,Strong
AUB,FHN,0.710048373372199,0.7615137905879329,Strong
CFG,SFBS,0.7100266236379422,0.7615423512347265,Strong
AX,KEY,0.7100266092758942,0.7615423700938849,Strong
TCBI,USB,0.7100181742362156,0.7615534462712179,Strong
BSRR,WSFS,0.709993721569331,0.7615855545251222,Strong
HPS,PDI,0.7099918658141761,0.7615879912207439,Strong
CVBF,WTBA,0.7099867587890878,0.7615946969496469,Strong
COLB,LKFN,0.7099850250804629,0.7615969733652269,Strong
PRK,THFF,0.7099837397471253,0.7615986610451396,Strong
FRT,SLG,0.7099720903554099,0.7616139568634364,Strong
IQI,KTF,0.7099673345120976,0.7616202012655683,MST+Strong
FNB,LKFN,0.7099671466984621,0.7616204478630257,Strong
FITB,WAFD,0.7099566633333972,0.7616342122917047,Strong
JPM,PB,0.7099493326294818,0.7616438371975687,Strong
BK,HBAN,0.7099452587077847,0.7616491860328025,Strong
NOV,OIS,0.7099428468231257,0.7616523526870699,Strong
FMBH,WTBA,0.7099257629367373,0.7616747823884715,Strong
C,CNO,0.7099235587100845,0.7616776763039803,Strong
EVV,NCV,0.7099220768011193,0.7616796218868938,Strong
GDV,RFI,0.7099193567121377,0.7616831930505784,Strong
GRX,TY,0.7099065512796094,0.7617000048843252,Strong
HAL,SM,0.7098979933134059,0.7617112401515342,Strong
ERC,HPS,0.7098955310516125,0.7617144726843353,Strong
OFG,TOWN,0.7098894556108342,0.7617224486506431,Strong
AMP,EWBC,0.709886674445681,0.7617260997948265,Strong
NWBI,RBCAA,0.7098840035033058,0.7617296062208613,Strong
AROW,WABC,0.709881837252235,0.7617324500738629,Strong
NFBK,WTBA,0.7098808192921799,0.7617337864474965,Strong
HBAN,PFS,0.7098797619816312,0.7617351744778087,Strong
ASB,RJF,0.7098729403571236,0.7617441298006522,Strong
AMH,CPT,0.7098705616663176,0.7617472524842901,Strong
FBP,SRCE,0.7098681683436859,0.7617503943632902,Strong
PGC,TFC,0.709847901410902,0.7617769996384742,Strong
ASB,KRNY,0.7098461604680352,0.7617792850057881,Strong
OKE,VET,0.7098248290148171,0.7618072866351212,Strong
FISI,TFC,0.7098246269190169,0.7618075519197524,Strong
EOD,NIE,0.7098068886781677,0.7618308359758514,Strong
EFSC,FBP,0.7097930821737385,0.7618489585557776,Strong
FR,MAA,0.709789729671132,0.7618533590250397,Strong
PFS,PNC,0.7097803957127369,0.7618656105734962,Strong
BGB,ERC,0.7097724894143795,0.7618759880526758,Strong
CUBI,HWC,0.7097683262565769,0.7618814523840609,Strong
BK,CFG,0.7097597008048737,0.7618927735516675,Strong
EQT,RRC,0.7097589162127638,0.7618938033443194,MST+Strong
CFFN,UMBF,0.7097541119783659,0.761900108966568,Strong
FHB,PFS,0.7097511784328483,0.7619039592588448,Strong
ASB,WAL,0.7097383088620505,0.7619208504010762,Strong
BAC,BTO,0.7097351276672783,0.7619250256196101,Strong
CFFN,FCF,0.7097259801869786,0.7619370312736103,Strong
RBCAA,TRST,0.7097253182875672,0.7619378999792998,Strong
FCBC,WBS,0.7097197472749579,0.7619452115802581,Strong
HBNC,HTB,0.7097139662039713,0.7619527987953436,Strong
CFFN,ONB,0.7097075354163125,0.7619612386252828,Strong
CNQ,CVX,0.7097062580358526,0.761962915061025,Strong
CB,CNA,0.7096870387327889,0.7619881380536196,Strong
PK,SVC,0.7096636311157286,0.762018856570192,Strong
IBOC,MSBI,0.7096392126552841,0.7620509003271578,Strong
BHP,SCCO,0.709637967221048,0.762052534644367,MST+Strong
DSM,IQI,0.7096282524430816,0.762065282711289,Strong
CWT,MSEX,0.7096275857076367,0.7620661576167298,MST+Strong
DFP,JRI,0.7096166861984323,0.7620804600586052,Strong
BSRR,DCOM,0.7096119767510415,0.762086639758182,Strong
FRST,WSFS,0.709606992147215,0.7620931804612675,Strong
BDJ,HYT,0.7095811300033326,0.7621271153773069,Strong
ARI,MFA,0.7095750605486069,0.7621350791708686,MST+Strong
AEM,GFI,0.7095727569484306,0.762138101726412,Strong
FCX,HBM,0.7095581966220134,0.7621572060644531,MST+Strong
ATO,DTE,0.7095384403868117,0.7621831270937298,Strong
HPF,PTY,0.7095366848173107,0.762185430433683,Strong
BBT,FRST,0.7095228040327844,0.7622036420369763,Strong
OXY,PEO,0.7095208152836264,0.762206251242239,Strong
CCNE,SFBS,0.7094952631784691,0.7622397743774998,Strong
HWC,OSBC,0.7094849312938312,0.7622533288955435,Strong
HPS,NCZ,0.7094778670079912,0.7622625964744811,Strong
BOH,FBNC,0.7094668940927273,0.7622769915290276,Strong
DSL,EVV,0.7094581679340717,0.7622884389336209,Strong
MUC,NEA,0.7094551320579588,0.7622924215050825,Strong
PH,URI,0.7094538054144625,0.7622941618371972,MST+Strong
FHB,FISI,0.7094399781143401,0.7623123006821546,Strong
FRA,JPC,0.7094286288411253,0.7623271884943822,Strong
AVK,HYT,0.7094219088723673,0.7623360035150284,Strong
EVV,NCZ,0.7094175182967336,0.7623417628639617,Strong
MAIN,NMFC,0.7094097279600895,0.7623519817510944,Strong
AOD,HYT,0.7094079193903144,0.7623543541027172,Strong
AOD,VLT,0.7093985529209519,0.7623666402447684,Strong
IBOC,PFBC,0.7093949135455541,0.7623714140160895,Strong
ALLY,AXP,0.7093883430521546,0.7623800324612987,Strong
AGD,NIE,0.7093878809670201,0.7623806385697106,Strong
ARCC,GLAD,0.7093718960808478,0.7624016053487193,MST+Strong
DCOM,TCBI,0.7093680217942994,0.7624066870190747,Strong
CFFN,WSFS,0.70935790634922,0.7624199546847917,Strong
FMNB,NWBI,0.7093539847757053,0.7624250982546347,Strong
NLY,ORC,0.7093501513386696,0.7624301261903682,Strong
NBTB,TCBI,0.709345394719032,0.7624363649262382,Strong
BKU,WASH,0.7093019057615702,0.7624934022513635,Strong
OR,SA,0.7092964710497797,0.7625005297705967,Strong
CCD,JRI,0.7092930807024758,0.7625049761116635,Strong
FULT,MSBI,0.7092895786724667,0.7625095688941003,Strong
AFL,CNO,0.7092873859108576,0.762512444605519,Strong
KRNY,MBWM,0.709279479511957,0.7625228134135306,Strong
AX,TRMK,0.7092774383092146,0.762525490315944,Strong
CCBG,SFNC,0.7092710434154151,0.7625338767354338,Strong
DSM,VKQ,0.7092705384276755,0.7625345389847262,Strong
ETB,QQQX,0.7092666149297705,0.7625396843053213,Strong
NFBK,SFBS,0.709262788710062,0.7625447020207249,Strong
BMRC,LKFN,0.7092598888263697,0.7625485049144485,Strong
BKU,CHCO,0.709247576333534,0.762564651247966,Strong
CTBI,FRST,0.7092448748723703,0.7625681938392522,Strong
IQI,LEO,0.7092369706293796,0.7625785590621079,Strong
BGY,NIE,0.7092294359102231,0.7625884395790128,Strong
PAGP,TYG,0.7092240235909915,0.762595536846379,Strong
FFIN,FHN,0.7092025278187635,0.7626237239703949,Strong
DTE,POR,0.7091822056583995,0.7626503711945606,Strong
KRNY,UBSI,0.7091821453066056,0.7626504503288442,Strong
BAC,COLB,0.7091613977933854,0.7626776543292908,Strong
AMUB,WES,0.7091567426548301,0.7626837579825204,Strong
BANF,PGC,0.709150581714626,0.762691835914577,Strong
BXMT,RC,0.709140735294115,0.7627047458956644,MST+Strong
BLD,LEN-B,0.7091312722227726,0.76271715304853,Strong
AGD,EOS,0.7091312095355562,0.7627172352378616,Strong
AWF,BGB,0.709127905834573,0.762721566714128,Strong
B,IAG,0.709126782346903,0.7627230397111353,Strong
ES,POR,0.7091112890658622,0.7627433525559404,Strong
EOD,SCD,0.7091071244438413,0.7627488125931875,Strong
ETV,LGI,0.70910031179373,0.7627577442494701,Strong
CHCO,OZK,0.7090950240573004,0.7627646766109448,Strong
ESS,INVH,0.709073476312156,0.7627929256198487,Strong
BOKF,WASH,0.709069513878376,0.7627981202410294,Strong
PRU,SYF,0.7090694753103883,0.7627981708022269,Strong
BAC,L,0.7090669420234684,0.7628014918398254,Strong
FFIN,PGC,0.7090661764506134,0.7628024954723032,Strong
DCOM,PB,0.7090419262263815,0.7628342857706626,Strong
KRNY,PFS,0.7090322946976964,0.7628469116438811,Strong
EAD,PDT,0.7090250357987116,0.7628564271228085,Strong
EWBC,LNC,0.7090231852393942,0.762858852948048,Strong
FMBH,PRK,0.7090140524041688,0.7628708247086543,Strong
CMS,PEG,0.7090130414768189,0.7628721498694013,Strong
SBSI,ZION,0.7090040821056376,0.7628838940420258,Strong
AAT,SPG,0.708986649415516,0.7629067447394655,Strong
NAD,VCV,0.7089798313153428,0.7629156816905224,Strong
FLC,NCV,0.708979169346784,0.7629165493724933,Strong
CCNE,COLB,0.7089783659076772,0.7629176024870875,Strong
COLB,SYBT,0.7089720373127686,0.7629258976954858,Strong
BGH,JPC,0.7089646973247232,0.7629355184748928,Strong
FRST,UBSI,0.7089630256674481,0.7629377095576702,Strong
FCF,FRST,0.708956577605202,0.7629461611343201,Strong
BPOP,TCBI,0.7089523759123979,0.7629516683088151,Strong
GSBC,OSBC,0.7089493968128115,0.7629555730017161,Strong
IMO,XOM,0.7089482086506241,0.762957130315165,Strong
JGH,VLT,0.708938847898745,0.7629693992569493,Strong
HFWA,OSBC,0.7089374008655144,0.7629712958355453,Strong
PDT,VLT,0.7089350947505318,0.7629743183744367,Strong
JFR,JRI,0.7089281666547027,0.762983398699208,Strong
HOPE,PRU,0.70888629831559,0.7630382712346871,Strong
IIM,NRK,0.7088680284517374,0.7630622144337414,Strong
BGT,EVF,0.7088656749230298,0.7630652987483708,Strong
DSU,NCV,0.708859524125909,0.7630733593490091,Strong
BOH,FHN,0.7088566189026795,0.7630771666054758,Strong
HAL,TRGP,0.7088484212459749,0.7630879094233182,Strong
PNFP,PRU,0.7088406876865494,0.7630980439150012,Strong
AFL,L,0.7088105977666851,0.7631374741595578,Strong
HAL,OKE,0.7088096053141044,0.763138774648354,Strong
BCX,GDV,0.7087977267192718,0.7631543399348892,Strong
RLJ,SPG,0.708779806610318,0.7631778212051002,Strong
ONB,SF,0.7087747931401502,0.7631843903800047,Strong
FIBK,TCBI,0.7087717622291476,0.7631883617703462,Strong
AOD,JCE,0.7087656106909972,0.7631964220421933,Strong
RJF,STT,0.7087609569659071,0.7632025196945996,Strong
NCV,TY,0.7087607024160043,0.7632028532231725,Strong
AROW,IBCP,0.7087532884839693,0.7632125673965683,Strong
BHP,FCX,0.7087446823558796,0.7632238435008701,Strong
FMBH,SBSI,0.708743579235868,0.763225288842203,Strong
CFFN,CHCO,0.7087434614193926,0.7632254432087644,Strong
MHD,NZF,0.7087422184123716,0.7632270718306949,MST+Strong
ADC,WPC,0.7087291777526229,0.7632441578517023,Strong
ABCB,HTB,0.7087243755124379,0.7632504497051568,Strong
NMZ,VGM,0.70872409161339,0.7632508216656042,Strong
HOMB,RJF,0.7087121149874889,0.7632665131033998,Strong
OSBC,PFBC,0.7086933945366348,0.7632910394644564,Strong
DHI,IBP,0.7086898830437527,0.7632956399145057,Strong
GLQ,NFJ,0.7086866068016819,0.763299932134568,Strong
DOC,ESS,0.7086794881806028,0.7633092581901483,Strong
PFBC,RBCAA,0.7086719703625136,0.7633191071072261,Strong
FISI,PB,0.7086618742913537,0.763332333533234,Strong
OFG,STBA,0.708661146128354,0.7633332874592147,Strong
HBNC,ZION,0.7086528917134993,0.7633441010271851,Strong
QCRH,USB,0.7086376095216226,0.7633641208209584,Strong
CCD,EAD,0.7086251823577919,0.7633804001180644,Strong
GS,LNC,0.708615582483496,0.7633929754936235,Strong
HOMB,TFSL,0.7086080949528768,0.7634027836563385,Strong
ADX,RMT,0.7086009229180196,0.7634121784226139,Strong
BST,ETG,0.708600428441608,0.7634128261411279,Strong
AMP,RVT,0.708560255641055,0.7634654469705162,Strong
HOMB,WFC,0.7085556371310772,0.7634714963493042,Strong
CPT,ELS,0.7085511105202151,0.7634774253110368,Strong
CATY,EGBN,0.7085442862511775,0.7634863636618829,Strong
AROW,FMNB,0.7085355395793507,0.763497819801274,Strong
AEP,OGE,0.7085342266766556,0.7634995393886553,Strong
AROW,HBNC,0.7085274393615877,0.763508429080403,Strong
BGY,CHW,0.7084831110607411,0.7635664855652832,Strong
BMRC,ONB,0.7084798864900569,0.7635707085921292,Strong
CNO,HOMB,0.7084765632947931,0.7635750607572341,Strong
BGY,RVT,0.7084622687999608,0.763593781011919,Strong
KRNY,PEBO,0.7084486169212252,0.7636116592598293,Strong
EWBC,FISI,0.7084469405380339,0.7636138545913976,Strong
MET,RGA,0.7084417342639875,0.76362067250175,Strong
BSRR,CCNE,0.7084411079697834,0.7636214926653343,Strong
ITT,KMT,0.7084398053733733,0.7636231984776611,Strong
IQI,MMU,0.7084196947436305,0.7636495338260471,MST+Strong
CSQ,HTD,0.7084143129033038,0.7636565813200279,Strong
CVBF,FITB,0.7084075232465501,0.7636654722500552,Strong
FMNB,HOPE,0.708402743773461,0.7636717308196487,Strong
BBT,FBK,0.7083964069456894,0.7636800286171043,Strong
BOH,CNOB,0.7083947177139617,0.7636822405765874,Strong
DSM,VMO,0.7083861567257658,0.7636934506387156,Strong
BAC,JEF,0.7083843059880275,0.7636958740388382,Strong
HTB,UBSI,0.7083716685974775,0.763712421533816,Strong
LNC,RJF,0.7083687464354292,0.7637162477839146,Strong
GGZ,GLO,0.7083563821082852,0.7637324372994966,Strong
BLK,IVZ,0.708352824588036,0.7637370953567255,Strong
HBM,SCCO,0.7083433838026472,0.7637494565593521,Strong
BMRC,SBCF,0.7083430068176461,0.7637499501569266,Strong
FITB,INDB,0.7083262978265503,0.7637718274111054,Strong
CHCO,MTB,0.7083239476928056,0.7637749044151613,Strong
CNOB,CUBI,0.7083220168004499,0.7637774325018383,Strong
CFR,WAL,0.7083207047691942,0.7637791503187369,Strong
DOV,RVT,0.7083182709617666,0.7637823368450378,Strong
FBP,MTB,0.708308625919753,0.7637949647388977,Strong
BSRR,HBNC,0.7082993801377976,0.763807069700461,Strong
COF,PNFP,0.7082932579124697,0.763815085066445,Strong
CHI,HPF,0.7082653679455144,0.763851598223746,Strong
LNC,SYF,0.7082526930161048,0.7638681914884206,Strong
SFBS,TRST,0.7082494779798404,0.7638724003656103,Strong
GBCI,SF,0.7082444055542377,0.7638790407463243,Strong
FRA,VVR,0.7082347193674463,0.7638917209036287,Strong
L,LNC,0.7082339908678802,0.7638926745716571,Strong
NBTB,USB,0.7082319860588907,0.763895299031365,Strong
O,VTR,0.7082275750708729,0.7639010733454,Strong
HOPE,WTBA,0.708223803298683,0.7639060108433721,Strong
FBK,FMBH,0.7082210614136245,0.7639096001312924,Strong
HAFC,UMBF,0.7082013534929605,0.7639353984559683,Strong
BGR,MPC,0.7081945135790355,0.7639443519275007,Strong
BKU,FCBC,0.7081876774471502,0.7639533003434829,Strong
CSQ,HPS,0.7081854792012242,0.7639561777991926,Strong
AX,WBS,0.7081780457088003,0.7639659079974704,Strong
CUBI,PNFP,0.7081722820950644,0.7639734522939073,Strong
LDP,PFO,0.7081557209436488,0.7639951296393862,Strong
FHN,UVSP,0.7081464293055365,0.7640072914501058,Strong
AXP,KEY,0.7081347490196599,0.7640225794835387,Strong
CNOB,FHN,0.7081308787923054,0.7640276450596465,Strong
PAGP,PEO,0.7081138746583986,0.7640499006499528,Strong
HIO,JFR,0.7081080999844688,0.7640574585926522,Strong
OFG,UCB,0.7080938344664449,0.764076129104365,Strong
HTB,THFF,0.7080910122248115,0.7640798227609318,Strong
VLY,WTBA,0.7080891632042177,0.7640822426882885,Strong
AGNC,DX,0.7080868159530745,0.7640853146696714,Strong
FBP,VLY,0.708085937950266,0.7640864637588262,Strong
OCFC,TCBI,0.7080824985827852,0.764090965026043,Strong
CCD,JPC,0.7080819654978321,0.7640916626978309,Strong
BANF,PFBC,0.708069699355103,0.7641077157638143,Strong
ASML,ENTG,0.7080400876478524,0.7641464680964607,Strong
EOG,NOV,0.7080343126678594,0.7641540254845754,Strong
BSRR,FBK,0.7080292968310463,0.7641605893645048,Strong
BGH,DHF,0.7080228003254457,0.7641690908098211,Strong
BUSE,NRIM,0.7080102687082275,0.764185489644723,MST+Strong
MCHP,POWI,0.7080027030876427,0.7641953898216833,Strong
FHN,WSFS,0.7079972571560801,0.7642025161485926,Strong
ACV,ETY,0.7079882519413496,0.764214299864443,Strong
ESRT,FRT,0.7079844160791414,0.7642193192020974,Strong
ATO,AWK,0.7079797618964158,0.7642254092917667,Strong
CAC,NBHC,0.7079654718956437,0.7642441077356845,Strong
FFIC,TRMK,0.7079579347996399,0.7642539698298729,Strong
OZK,PNC,0.7079439981352554,0.7642722052577139,Strong
MYI,NRK,0.7079312076608302,0.7642889405704754,Strong
BLK,MS,0.7079296373409156,0.7642909951832279,Strong
FIBK,PGC,0.7079245860302583,0.7642976043004998,Strong
AWP,BDJ,0.7079164003654648,0.7643083142744624,Strong
VGM,VPV,0.7079098294817716,0.7643169113898087,Strong
CFFN,LKFN,0.7078789382587081,0.7643573270941961,Strong
CSQ,ISD,0.7078728795004254,0.7643652536576667,Strong
CET,USA,0.7078627537173854,0.7643785008523128,Strong
FIBK,USB,0.7078584414746406,0.7643841423333682,Strong
LRCX,UCTT,0.7078577747425512,0.7643850145802819,MST+Strong
JRI,LDP,0.7078555101750909,0.764387977175085,Strong
DSL,FFC,0.7078518455915076,0.7643927713008443,Strong
CATY,RJF,0.7078501179581848,0.7643950314357298,Strong
NFBK,PFBC,0.7078450352802853,0.7644016806885169,Strong
ETW,GLQ,0.7078191176011764,0.7644355857740056,Strong
BMRC,TRMK,0.7078162567795708,0.7644393281620578,Strong
CUBI,WSBC,0.7078015971236852,0.7644585049253031,Strong
NIC,SRCE,0.7077928165553603,0.7644699908363175,Strong
HTB,WSBC,0.7077922406972209,0.7644707441135719,Strong
BMRC,DCOM,0.7077910668564688,0.7644722796066987,Strong
CNP,PPL,0.7077831874448308,0.7644825865317917,Strong
EFSC,OSBC,0.7077768069620091,0.7644909326316316,Strong
JPC,RZB,0.7077743651575464,0.7644941266516749,Strong
ITT,RVT,0.7077577507836821,0.7645158588496617,Strong
DPG,HTD,0.7077560926886292,0.7645180276636658,Strong
FBP,SSB,0.7077458473878901,0.7645314285392195,Strong
HBAN,SFBS,0.7077305577050109,0.7645514270407048,Strong
PBA,TRGP,0.7077191817162087,0.7645663061942911,Strong
DRH,EPR,0.7077173595683639,0.7645686894342929,Strong
NAD,PML,0.7077047771188568,0.764585146182089,Strong
FMBH,SSB,0.7077005962455609,0.7645906143217285,Strong
BDJ,NCZ,0.7076975559892882,0.7645945906305012,Strong
FDUS,GLAD,0.7076658119996468,0.7646361069166864,Strong
FT,JRI,0.7076506900212718,0.7646558833602579,Strong
LUV,UAL,0.7076477904285133,0.7646596753739361,Strong
JPM,UCB,0.7076436718694025,0.7646650614884892,Strong
NFBK,SSB,0.7076432089317848,0.7646656669005287,Strong
ETW,HYT,0.7076368480674701,0.7646739853460819,Strong
CET,RVT,0.7076328929505706,0.7646791576202785,Strong
FFIC,HFWA,0.7076302317885586,0.7646826377150738,Strong
LKFN,PB,0.7076206805267671,0.7646951281043092,Strong
FTI,PEO,0.7076204938177173,0.7646953722656921,Strong
HAFC,NBHC,0.7076203025886733,0.764695622337838,Strong
ASB,LNC,0.7076086785469792,0.764710823060614,Strong
CBU,CFG,0.7076018948472759,0.7647196939437667,Strong
CVBF,PNC,0.7075993331561494,0.764723043779708,Strong
EVV,JRI,0.7075967309916896,0.7647264465262208,Strong
FRST,OCFC,0.7075897464537477,0.764735579852608,Strong
AXP,FNB,0.7075891635716539,0.7647363420530583,Strong
ABCB,C,0.7075747192036196,0.7647552298564299,Strong
FUND,RGT,0.7075744764053052,0.7647555473413642,Strong
AX,SFNC,0.7075722631351078,0.7647584414243391,Strong
BGH,JRI,0.7075656509366189,0.7647670875023076,Strong
FFIC,FMBH,0.7075610177860213,0.7647731457288216,Strong
BOKF,FMBH,0.7075571130296611,0.7647782514825313,Strong
FHB,WABC,0.7075499786575135,0.7647875801063803,Strong
FPF,GDV,0.7075475732938483,0.7647907252394627,Strong
CCBG,EFSC,0.7075461533106119,0.764792581932367,Strong
EOI,RMT,0.7075371883045708,0.7648043039829591,Strong
ABCB,NTB,0.7075353068596612,0.7648067640134191,Strong
CGO,CHI,0.7075202223694961,0.764826487028926,Strong
LYG,SAN,0.7075182184720716,0.7648291070924647,Strong
EFSC,MSBI,0.7075175664298378,0.7648299596252258,Strong
FULT,OFG,0.7075092912724621,0.7648407791528089,Strong
CHI,EAD,0.7074774660236687,0.764882388313826,Strong
OZK,TMP,0.7074723053218573,0.764889135336805,Strong
AROW,BMRC,0.7074713922887251,0.7648903290162256,Strong
ISD,PDT,0.7074684281953245,0.7648942041938551,Strong
KYN,NXG,0.7074347968272751,0.764938171583462,Strong
FBK,SFBS,0.7074129404540691,0.7649667437816247,Strong
BMRC,SFNC,0.707404916326434,0.7649772332214417,Strong
RNP,UTF,0.7073960037935363,0.764988883849254,Strong
GDV,GRX,0.7073889352724824,0.7649981238245197,Strong
GBCI,RBCAA,0.7073778905856898,0.7650125612227687,Strong
FRA,HPI,0.7073620041770771,0.765033327147155,Strong
FNB,MS,0.707361824057458,0.7650335625873443,Strong
AWP,HTD,0.7073582007238045,0.7650382987487561,Strong
MYN,NRK,0.7073452763256375,0.7650551923545942,Strong
CNOB,LKFN,0.7073431651880285,0.7650579518075366,Strong
EWBC,GABC,0.7073413848043788,0.765060278926597,Strong
FCBC,UMBF,0.7073351192844803,0.7650684684595486,Strong
BAC,WAFD,0.7073344746836716,0.7650693109991126,Strong
HPF,PCN,0.7073238001242993,0.7650832632801488,Strong
NCZ,RMT,0.7073192836527785,0.7650891664992016,Strong
AMAT,MU,0.7073160118723439,0.7650934428259807,Strong
BGR,MTDR,0.7073097018913772,0.765101690115272,Strong
CFFN,WABC,0.7073059163960036,0.7651066378015504,Strong
ALV,MGA,0.7072888459568959,0.7651289486656535,Strong
MHD,VMO,0.7072803178870742,0.7651400945093987,Strong
CNO,UCB,0.7072698155230489,0.7651538204530526,Strong
CNOB,WTBA,0.7072687468479426,0.7651552171318672,Strong
AX,FRME,0.7072644883054959,0.7651607827045295,Strong
CCBG,WTBA,0.7072636478937432,0.7651618810503524,Strong
BMRC,QCRH,0.7072569448858818,0.7651706412482359,Strong
BOH,THFF,0.7072451913857273,0.7651860017201997,Strong
BGR,TRGP,0.7072246347795131,0.7652128660973845,Strong
BN,ETG,0.707200797710268,0.7652440163630578,Strong
DRI,TXRH,0.7071888772476279,0.765259593539829,MST+Strong
FMBH,INDB,0.7071855046314287,0.7652640006802506,Strong
BGH,HPF,0.707172431398925,0.7652810837869638,Strong
CLDT,SVC,0.7071696118406633,0.7652847681214316,Strong
LDP,RNP,0.707164268599318,0.7652917501197593,Strong
FBK,THFF,0.707160956221599,0.7652960783623564,Strong
BANR,CNO,0.7071516913157099,0.765308184569184,Strong
CFG,OFG,0.7071507620679958,0.7653093987819622,Strong
EAD,NHS,0.7071468106102969,0.765314561980501,MST+Strong
ALLY,PNC,0.7071442385686876,0.7653179227370968,Strong
BOE,SCD,0.7071421799014876,0.7653206126827009,Strong
FFBC,NIC,0.7071328856247049,0.7653327568780721,Strong
CFFN,PEBO,0.7071307988113414,0.7653354835477819,Strong
BKU,PFBC,0.7071270044946908,0.7653404412486109,Strong
DUK,PEG,0.7071235707374712,0.7653449278103681,Strong
NMFC,TSLX,0.7071201138363254,0.7653494445855104,Strong
BUSE,EGBN,0.707118788596495,0.7653511761322445,Strong
DOV,ETN,0.7071049305118373,0.7653692827493963,Strong
EIM,MYI,0.7070997741472368,0.7653760198134812,Strong
BXP,EQR,0.7070911147927657,0.7653873335863801,Strong
CCNE,HWC,0.7070821736371653,0.7653990153675855,Strong
GDV,JQC,0.7070666241505815,0.7654193306278834,Strong
CLB,SLB,0.7070617111846763,0.7654257492602711,Strong
PTEN,VET,0.7070594903490947,0.765428650693068,Strong
ELS,MAA,0.7070546396785707,0.7654349878617116,Strong
NTB,SBCF,0.7070490721409898,0.7654422615181503,Strong
CFFN,INDB,0.7070460910401959,0.7654461561204735,Strong
BANF,WASH,0.7070376442667918,0.7654571911390057,Strong
LEO,VKQ,0.7070345343516671,0.7654612539486672,Strong
AMP,SCHW,0.7069914882029509,0.7655174874515266,Strong
DSL,NCV,0.7069894007753551,0.7655202142656259,Strong
NCV,ZTR,0.706986918890424,0.7655234563481069,Strong
BIT,NCV,0.7069662932587513,0.7655503990479644,Strong
SLB,SU,0.7069482646134034,0.7655739485988229,Strong
CVE,SLB,0.7069473085657102,0.765575197396428,Strong
NI,OGS,0.7069459021442183,0.765577034472406,Strong
GABC,OSBC,0.7069253240896771,0.7656039131435038,Strong
BJRI,DIN,0.7069153189599285,0.7656169813164693,MST+Strong
INDB,OZK,0.7068945701360447,0.7656440816253401,Strong
DSL,JRI,0.7068929002255857,0.7656462626754137,Strong
HPS,PCN,0.7068811963051125,0.7656615488515635,Strong
OCFC,SBSI,0.7068769620175938,0.765667079065577,Strong
EDD,EMD,0.7068714711668795,0.7656742503612362,Strong
NBHC,SYBT,0.7068640595211904,0.7656839301941887,Strong
AG,BTG,0.7068537733839819,0.7656973639970535,Strong
EOI,FUND,0.7068490468303542,0.7657035368465341,Strong
NCZ,PFL,0.7068474817354294,0.7657055808397515,Strong
CHW,RVT,0.7068407208416619,0.7657144104146637,Strong
BLW,GDV,0.7068406004511282,0.7657145676410654,Strong
CFFN,DCOM,0.7068247490132519,0.7657352688583021,Strong
AWF,JQC,0.7068168055155981,0.7657456424745777,Strong
FOF,TY,0.706815362262242,0.765747527240876,Strong
GDV,LDP,0.7068058112303409,0.765759999960378,Strong
CCBG,WSFS,0.7067993991617644,0.7657683733848449,Strong
CPF,PRK,0.706787961568721,0.7657833093392399,Strong
NIC,TMP,0.7067771768983939,0.7657973923977622,Strong
CET,NIE,0.7067745663704464,0.7658008012917635,Strong
CATY,NIC,0.7067737405700436,0.7658018796398405,Strong
BGR,PBA,0.7067478691367066,0.7658356623496889,Strong
CUBI,FCF,0.7067163604730478,0.7658768040970457,Strong
HPS,JQC,0.7067152833660693,0.7658782104668218,Strong
EMF,IHD,0.7066878195969121,0.7659140688133205,MST+Strong
NBHC,THFF,0.706687211396408,0.7659148628974267,Strong
SYF,WBS,0.7066821478653859,0.7659214739574993,Strong
GLO,NCZ,0.7066812395763307,0.7659226598340976,Strong
TCBI,TCBK,0.7066695167355664,0.7659379651961816,Strong
NIC,TRMK,0.7066612083710393,0.7659488124267322,Strong
RBCAA,WTBA,0.7066576570792571,0.7659534488736804,Strong
PFS,SFST,0.7066550128609181,0.7659569010578622,Strong
SKYW,UAL,0.7066503152743836,0.7659630339978769,MST+Strong
EOD,ETY,0.7066402991638205,0.7659761103796638,Strong
BDJ,NCV,0.7066361838867483,0.7659814829527561,Strong
BMRC,CHCO,0.7066271097000715,0.7659933293442294,Strong
IBCP,RBCAA,0.7066131674390431,0.7660115306716432,Strong
DOC,NNN,0.7066078794671052,0.7660184338942435,Strong
IQI,PML,0.7065972984593374,0.7660322467633626,Strong
CATY,NTRS,0.7065939511777259,0.7660366163862848,Strong
FFIC,FFIN,0.7065915784827942,0.7660397137449283,Strong
FANG,XOM,0.7065883909196026,0.766043874827542,Strong
HOMB,MET,0.7065722484132804,0.7660649470987687,Strong
DOC,EQR,0.7065690048685107,0.7660691811207253,Strong
BGB,EMD,0.7065663973537654,0.766072584872001,Strong
CUBI,WBS,0.7065618520981132,0.766078518040921,Strong
CUBI,UVSP,0.7065602722613025,0.7660805802769021,Strong
JCE,NFJ,0.7065459281511559,0.7660993040707504,Strong
OZK,SBSI,0.7065435749769003,0.7661023756954415,Strong
PNC,SFBS,0.7065392417377343,0.7661080318888005,Strong
JGH,JRI,0.7065387957496073,0.7661086140364076,Strong
BGH,JQC,0.7065348766594618,0.766113729599644,Strong
CAH,MCK,0.7065305114782457,0.7661194274024831,MST+Strong
BTT,NZF,0.7065266876930452,0.766124418494744,MST+Strong
CHCO,RF,0.706525238304542,0.7661263103372159,Strong
PFBC,PRK,0.7065219712396013,0.76613057472,Strong
HAFC,SYBT,0.7065215335716157,0.7661311459905338,Strong
AKR,HIW,0.7065077531486325,0.7661491328081858,Strong
JBHT,WERN,0.7064881183985677,0.7661747602230606,Strong
DOC,STAG,0.7064879091611306,0.7661750333166298,Strong
HTH,SBCF,0.7064791284210322,0.7661864937193396,Strong
GGZ,ISD,0.7064777764182395,0.7661882583043942,Strong
NAC,NRK,0.706477208618811,0.766188999374422,Strong
FRST,FULT,0.706476399731473,0.7661900551019009,Strong
BKU,TRST,0.7064738100442323,0.7661934350485754,Strong
HBNC,MSBI,0.7064705910955793,0.7661976362589755,Strong
DOC,HIW,0.7064557560444498,0.7662169979262405,Strong
FBP,RNST,0.7064480142778076,0.7662271017422869,Strong
FLC,PFL,0.7064405507044118,0.7662368423608829,Strong
CCD,DSU,0.7064373050832301,0.7662410781428648,Strong
FFIC,HTB,0.7064344407644731,0.7662448162767913,Strong
ETV,IGD,0.7064266747248512,0.7662549514034461,Strong
BSRR,HOPE,0.7064196156660532,0.7662641637633159,Strong
FISI,PNC,0.7064175177647027,0.7662669015888619,Strong
FFIC,GABC,0.7064164311500982,0.7662683196503712,Strong
BHB,MBWM,0.7064006474595663,0.7662889174983984,Strong
HAFC,HTB,0.7063913105066565,0.766301102039327,Strong
BXP,UDR,0.7063831844567938,0.7663117062177847,Strong
FNV,OR,0.7063746717793661,0.7663228147727743,Strong
BGX,FLC,0.7063724509133361,0.7663257128488694,Strong
CMS,OGS,0.7063682321112611,0.7663312180627107,Strong
BBT,MSBI,0.7063675017788261,0.7663321710866299,Strong
CFFN,TRST,0.7063665169672279,0.7663334561831059,Strong
LTC,NNN,0.7063656037523608,0.7663346478499314,Strong
L,STEW,0.7063643069372574,0.7663363400788751,Strong
L,RGA,0.7063635093963078,0.7663373807973773,Strong
AWP,ETG,0.7063484202799054,0.7663570704574919,Strong
EVT,ZTR,0.7063465841613559,0.7663594663585022,Strong
CTBI,OZK,0.7063456051407538,0.7663607438527187,Strong
ADAM,RITM,0.7063434003262656,0.7663636208403088,Strong
ETW,HPI,0.7063419919358096,0.7663654585955586,Strong
HTB,WTFC,0.7063328234272109,0.7663774221267078,Strong
GSBC,NRIM,0.7063299922467258,0.7663811163556605,Strong
BGY,IGD,0.7063254587483395,0.7663870317948503,Strong
CUBI,FFBC,0.7063237110539514,0.7663893122246012,Strong
SSB,TRST,0.7063178732843244,0.7663969294245321,Strong
APAM,BLK,0.7062928241350931,0.7664296130303251,MST+Strong
RVT,TKR,0.7062707204004471,0.7664584523632744,Strong
IBOC,OFG,0.7062518143835341,0.7664831186875102,Strong
FITB,MBWM,0.7062209107402871,0.7665234363797533,Strong
FHN,SSB,0.706218284343273,0.7665268627474539,Strong
JQC,VLT,0.706211605562168,0.7665355757403983,Strong
AOD,JRS,0.7062090528772274,0.7665389058916353,Strong
FIBK,IBCP,0.7062081361078796,0.7665401018761124,Strong
CUK,DAL,0.7061965678484052,0.7665551932530296,Strong
FBP,GBCI,0.7061930738490036,0.7665597512927435,Strong
AUB,FBP,0.7061904256070595,0.7665632059953577,Strong
BGY,GGZ,0.7061698988582273,0.7665899831614977,Strong
FCBC,VLY,0.7061600065646766,0.7666028873351879,Strong
ONB,RBCAA,0.7061542445808106,0.7666104035547515,Strong
HAFC,LKFN,0.7061493925486277,0.7666167327307333,Strong
GDV,GLV,0.7061095519375067,0.7666687003686707,Strong
FRT,MAC,0.7060999227821325,0.766681260000357,Strong
IQI,MUJ,0.706088888514473,0.7666956521143536,Strong
HON,ITW,0.7060884932855209,0.7666961676107154,MST+Strong
FBK,MBWM,0.7060844421401851,0.766701451491798,Strong
CTBI,TCBI,0.7060787824160103,0.7667088333702563,Strong
CFFN,WSBC,0.706066247628666,0.7667251820193909,Strong
PTEN,SM,0.7060567450158733,0.7667375756856144,Strong
FBK,UCB,0.7060555189463551,0.7667391747571594,Strong
ITT,SF,0.7060461244227731,0.7667514272268775,Strong
CHSCL,CHSCN,0.7060402763441574,0.7667590542743431,MST+Strong
CHW,QQQX,0.7060355852577053,0.7667651723210891,Strong
ED,NI,0.7060246923662488,0.7667793784834739,Strong
BGB,CHY,0.7060225488066689,0.766782174014669,Strong
CUBI,FULT,0.7060197429293806,0.7667858332945638,Strong
IDA,MGEE,0.7060161673128055,0.7667904964032803,MST+Strong
AUB,FMNB,0.7060156202428352,0.7667912098572399,Strong
PFS,WABC,0.7060081267020827,0.7668009823910208,Strong
BRK-A,PRU,0.7060075138009155,0.766801781686877,Strong
NBHC,PGC,0.7059900071124163,0.7668246121344615,Strong
ASB,TFSL,0.7059728562519781,0.7668469778880553,Strong
DIOD,ON,0.705972477741812,0.7668474714807214,Strong
ETV,GLO,0.705960166438024,0.7668635257488468,Strong
CVE,VNOM,0.7059531213947022,0.7668727125218341,Strong
FBP,GSBC,0.7059490206621158,0.7668780598476972,Strong
ASB,NFBK,0.7059412410921654,0.7668882042486175,Strong
OSBC,PFS,0.7059270059468694,0.7669067662410217,Strong
E,SU,0.7059174792247156,0.7669191884094235,Strong
MTB,QCRH,0.7059129672253404,0.7669250716656218,Strong
BNS,SLF,0.7058917943795899,0.7669526786189746,Strong
BMRC,RNST,0.7058808094671045,0.7669670012887067,Strong
OZK,SRCE,0.7058743998430543,0.766975358348553,Strong
KRNY,UCB,0.7058369666023602,0.7670241631104457,Strong
FMNB,TMP,0.7058310452114513,0.7670318830251435,Strong
CAC,HTB,0.7058305737315392,0.7670324977058804,Strong
CCBG,NBTB,0.705813422311741,0.7670548581271863,Strong
ATO,BKH,0.7058124960249372,0.7670560657149682,Strong
AROW,CPF,0.7058073188182009,0.7670628151354999,Strong
MAC,UE,0.7057891495201134,0.7670865016148917,Strong
CCBG,FULT,0.7057860222145975,0.7670905784656757,Strong
C,PNFP,0.7057849835834081,0.7670919324521565,Strong
CVBF,KRNY,0.7057798758375007,0.7670985910070482,Strong
FFIC,TMP,0.7057773976974735,0.7671018215367846,Strong
DIOD,VSH,0.7057693406723425,0.7671123246665478,MST+Strong
MTB,PFBC,0.7057607412562451,0.7671235346979715,Strong
MSCI,SPGI,0.7057445766533662,0.7671446061162573,Strong
BBT,CCBG,0.7057441042770563,0.7671452218751593,Strong
FCF,FHN,0.7057382041807115,0.7671529128137212,Strong
PH,SF,0.7057315924244588,0.767161531329017,Strong
BK,SF,0.7057291738676115,0.767164683926976,Strong
BKU,FRST,0.7057291373331664,0.7671647315496634,Strong
JFR,VLT,0.7057177783990227,0.7671795377888767,Strong
HYT,JFR,0.7057149615307963,0.7671832094997957,Strong
BXMT,CIM,0.705702981780976,0.7671988245807263,Strong
CHW,JRI,0.7056937253994744,0.7672108896522853,Strong
IGA,RMT,0.7056929297375397,0.767211926735319,Strong
CFFN,GBCI,0.7056806697525245,0.7672279064886462,Strong
SA,WPM,0.7056795711728617,0.7672293383690932,Strong
AGD,EOI,0.7056698715855442,0.7672419806220927,Strong
BDJ,RGT,0.7056425624537369,0.7672775736932015,Strong
ACV,CHW,0.7056287004208257,0.7672956399969627,Strong
BGX,HPI,0.7056266057778109,0.7672983698955564,Strong
DCOM,HTB,0.7056239748079643,0.767301798762437,Strong
SYF,USB,0.705620447585537,0.767306395665334,Strong
JRS,PDT,0.7056190981677437,0.7673081543060211,Strong
HIO,VLT,0.7056143804259192,0.7673143027131462,Strong
CET,ETY,0.7056029738106454,0.7673291682053467,Strong
CFG,HFWA,0.7056025579383944,0.7673297101788846,Strong
AGD,FFA,0.7055948431115046,0.7673397642354988,Strong
IBP,LEN,0.7055947027745666,0.7673399471230902,Strong
BIT,DFP,0.7055711453153608,0.7673706466690515,Strong
ACLS,LRCX,0.7055564839543181,0.7673897524018441,Strong
TMP,WBS,0.705554017213443,0.7673929668514782,Strong
BOH,QCRH,0.7055503476562258,0.7673977486854834,Strong
LNT,NEE,0.7055449266326068,0.7674048128170596,MST+Strong
EAD,EFT,0.7055378728467713,0.7674140045024311,Strong
BSRR,SBCF,0.7055245797298486,0.7674313262698512,Strong
ASA,CDE,0.7055071894886964,0.7674539862575522,Strong
ESRT,KRC,0.705503656833865,0.7674585893273136,Strong
ETW,JCE,0.7054977215569315,0.7674663229654687,Strong
EVT,RNP,0.705478250641873,0.7674916929298023,Strong
JPM,VOYA,0.7054767225435863,0.7674936839563095,Strong
BOKF,LKFN,0.7054627670689908,0.767511866919345,Strong
CHI,JRI,0.7054588031717773,0.7675170315090378,Strong
AVK,EXG,0.7054561319399124,0.767520511856312,Strong
AWP,ETO,0.7054352721420872,0.7675476895384583,Strong
EWBC,WABC,0.7054330902995416,0.7675505321481556,Strong
IBCP,UCB,0.7054301966928984,0.767554302062208,Strong
NBHC,TCBI,0.7054288524579931,0.7675560533824313,Strong
ETY,JCE,0.7054241178634634,0.7675622217599517,Strong
PATK,THO,0.7054072129282895,0.7675842456326348,MST+Strong
MUC,MUJ,0.7053984427096396,0.7675956712884204,Strong
AROW,ASB,0.7053965339574318,0.7675981579479828,Strong
AWP,SCD,0.7053934832044477,0.7676021323518484,Strong
FCBC,PB,0.7053918528039921,0.7676042563665315,Strong
DCOM,WABC,0.7053799478794219,0.7676197654054748,Strong
RBCAA,RNST,0.7053785266071493,0.7676216169348682,Strong
FITB,GSBC,0.7053631859317441,0.7676416013586757,Strong
PEBO,SFST,0.7053480174185472,0.767661360993834,Strong
BP,DVN,0.7053405505228534,0.7676710877415491,Strong
IBP,KBH,0.705316412760799,0.7677025299413842,Strong
BXMT,PMT,0.7053163835065,0.7677025680476781,Strong
NCZ,USA,0.7053142504936212,0.767705346479206,Strong
CHH,HLT,0.7053132966608554,0.767706588924629,Strong
IBP,LEN-B,0.7053013045129628,0.7677222095094517,Strong
BANF,CPF,0.7052988565524618,0.7677253981047366,Strong
FBNC,HBAN,0.7052953058186213,0.7677300230958519,Strong
BSRR,HWC,0.7052812606147706,0.7677483173348274,Strong
AROW,PGC,0.7052628479456852,0.7677722996492057,Strong
BTO,HWC,0.7052560128886127,0.7677812020509324,Strong
BKR,HAL,0.7052401062484517,0.7678019194447854,Strong
CTBI,FBP,0.705233063305286,0.7678110922547472,Strong
FCBC,FIBK,0.7052264286195711,0.7678197332452832,Strong
BZH,TPH,0.7052259212985015,0.7678203939743963,Strong
FFA,GLO,0.7052188740897727,0.7678295721190053,Strong
DHF,ISD,0.7052084386815357,0.7678431627858182,Strong
PFL,VGI,0.7052031487801174,0.7678500520542831,Strong
BPOP,SFNC,0.7051856255279054,0.767872872905528,Strong
FMBH,PFBC,0.7051761732725299,0.7678851824686684,Strong
EMD,FLC,0.7051473698559162,0.7679226916091018,Strong
EMR,TKR,0.7050982605223707,0.7679866398286227,Strong
FSM,HL,0.7050959298936984,0.7679896745481695,Strong
FBK,SSB,0.7050957989788185,0.7679898450125255,Strong
MPWR,POWI,0.7050926237770383,0.7679939794333829,Strong
NWE,NWN,0.7050550606453895,0.768042888587103,Strong
COLB,PGC,0.7050516167184602,0.768047372603461,Strong
BUSE,TFSL,0.7050488697612595,0.7680509491417097,Strong
BKU,FMBH,0.705039371589542,0.7680633156328429,Strong
JPC,NCZ,0.7050289669063837,0.7680768621610943,Strong
FFIN,RBCAA,0.7050194777686601,0.7680892164733728,Strong
BLK,STEW,0.7050164571796176,0.7680931490651149,Strong
KMT,PH,0.705012478385152,0.7680983291413255,Strong
BPOP,UVSP,0.7050115951065637,0.7680994790955612,Strong
BDJ,UTF,0.7049979259486578,0.7681172749669704,Strong
ETB,STEW,0.7049892715803779,0.7681285418725463,Strong
HTB,QCRH,0.7049823732574961,0.7681375225081819,Strong
OFG,UVSP,0.7049785639657846,0.7681424816194133,Strong
CFR,PRK,0.7049675757499352,0.7681567864050474,Strong
HPF,PFD,0.7049581875721872,0.7681690080025525,Strong
DSU,HIX,0.7049549699567264,0.7681731966728254,Strong
NAC,VKQ,0.70495432949337,0.7681740304210107,Strong
BANR,NIC,0.7049498927752452,0.7681798060672446,Strong
FRME,TFSL,0.7049394327539799,0.7681934225779601,Strong
HBNC,WTBA,0.704937880666864,0.7681954430132165,Strong
BBT,OSBC,0.7049236038790585,0.76821402762634,Strong
GHY,JFR,0.7049143451260005,0.7682260798410836,Strong
AMAT,UCTT,0.7049092344597265,0.7682327323673126,Strong
FLC,HYT,0.7049069876069912,0.7682356570649513,Strong
RBCAA,WASH,0.704900175451041,0.7682445242876242,Strong
FRA,HPF,0.704897212075612,0.7682483816115567,Strong
DRH,SVC,0.7048962179471312,0.7682496756300894,Strong
DFP,GHY,0.7048909990995096,0.7682564687661151,Strong
BOKF,NTB,0.7048863820671151,0.7682624784966202,Strong
AWF,JRI,0.7048806905470755,0.7682698867623597,Strong
DSU,EVT,0.7048798168545115,0.7682710239824075,Strong
ETV,GGZ,0.7048719285187816,0.7682812915608689,Strong
EMR,FLS,0.7048634678271796,0.7682923039739763,Strong
NWE,OGE,0.7048348830305198,0.768329508699855,Strong
RF,SFBS,0.7048307086821384,0.7683349416990765,Strong
FITB,OFG,0.7048158276222055,0.7683543093883114,Strong
CINF,WRB,0.7048052957622086,0.7683680163018127,Strong
CCNE,FHB,0.7048044670279228,0.7683690948653221,Strong
MMU,NZF,0.7047955709239467,0.768380672682562,Strong
ATO,PPL,0.7047951181313558,0.7683812619639344,Strong
FNB,RBCAA,0.7047926170378074,0.768384516973361,Strong
MGEE,POR,0.7047876966179589,0.7683909205372498,Strong
NCZ,PFN,0.7047782994082132,0.7684031501650508,Strong
BAC,FFIN,0.7047756952344242,0.7684065392298218,Strong
FBNC,TCBI,0.7047668787983604,0.7684180128050612,Strong
CNP,PNW,0.7047579149718359,0.768429678016361,Strong
BBT,HTB,0.7047495689625988,0.768440539062589,Strong
BST,FFA,0.7047494871144099,0.768440645574647,Strong
AOD,HPS,0.704731132772673,0.7684645303816267,Strong
FBIN,PHM,0.7047280240055364,0.7684685757979485,MST+Strong
GDV,SOR,0.7047152190307676,0.768485238595033,MST+Strong
EGBN,SFNC,0.7047073739121383,0.7684954470754679,Strong
BOKF,HAFC,0.7047021936996638,0.7685021877657033,Strong
IBOC,SFBS,0.7046988474198282,0.7685065420413436,Strong
AU,BTG,0.7046965125672845,0.7685095802040668,Strong
BK,GS,0.704665871495706,0.7685494499435855,Strong
JPC,PDT,0.7046644607009936,0.7685512856003903,Strong
EIM,VKI,0.704658339113042,0.7685592506592553,Strong
APA,BGR,0.7046362050727931,0.7685880495131405,Strong
BANF,INDB,0.7046349204882772,0.7685897208676717,Strong
BOE,STK,0.7046326156917757,0.7685927195963078,Strong
JRI,UTF,0.7046302158667308,0.7685958419524128,Strong
C,VOYA,0.704613186471458,0.768617998135019,Strong
FPF,JQC,0.7046105729889972,0.7686213983633331,Strong
BXMT,EFC,0.7046105027412338,0.7686214897578212,Strong
CFFN,EFSC,0.704602620227174,0.7686317450806023,Strong
CHY,USA,0.7046007166846956,0.7686342216103892,Strong
ABCB,COF,0.7045980661088103,0.7686376700255976,Strong
CVBF,OSBC,0.7045979406943794,0.768637833190145,Strong
BGR,KYN,0.704594007752076,0.7686429499422004,Strong
NWBI,OSBC,0.7045885284820524,0.7686500784075255,Strong
BMRC,FFBC,0.7045842659203324,0.7686556239040571,Strong
VKQ,VPV,0.7045731825139089,0.7686700429782484,Strong
MYN,NZF,0.7045566834542452,0.768691507102498,Strong
BPOP,C,0.7045541092041167,0.7686948559680666,Strong
FNLC,TOWN,0.7045267520993463,0.7687304441748793,Strong
EWBC,NTRS,0.7045246134827272,0.7687332261809331,Strong
MYN,NAD,0.7045192722983176,0.7687401741832964,Strong
AMP,CFR,0.7045058655343147,0.7687576139013977,Strong
BKH,CNP,0.7045013921553918,0.7687634328512357,Strong
AFG,TRV,0.7044964972726159,0.7687698000407979,Strong
HTH,VLY,0.7044875464342547,0.768781443019725,Strong
BANF,FFIC,0.704483885247936,0.768786205328977,Strong
MTB,SFBS,0.7044726677155081,0.7688007964154199,Strong
MBWM,MSBI,0.70446722747188,0.7688078726549566,Strong
EXG,STK,0.7044632067435158,0.7688131024592182,Strong
CUBI,SSB,0.7044555400867742,0.7688230744628126,Strong
HBAN,MBWM,0.7044541079027556,0.768824937287084,Strong
BAC,FBP,0.7044436289256054,0.7688385670274281,Strong
CAC,FRST,0.7044424932061377,0.7688400442144806,Strong
AKR,WSR,0.7044308600114937,0.768855174904229,Strong
BANC,FFBC,0.704423476836482,0.7688647776605689,Strong
CAC,CFR,0.7043996667937583,0.7688957448266204,Strong
PGC,WTBA,0.7043986697477945,0.7688970415500446,Strong
CNP,NI,0.7043926872195573,0.7689048221729953,Strong
HBNC,WABC,0.7043912128846962,0.7689067396184063,Strong
STX,WDC,0.7043893886476611,0.7689091121222832,MST+Strong
PVH,RL,0.7043771765857776,0.7689249942799654,MST+Strong
ETW,HTD,0.7043745619455591,0.7689283946564086,Strong
KEY,OZK,0.7043492218341726,0.7689613490492581,Strong
BMRC,TRST,0.7043281265788278,0.7689887820003256,Strong
ABG,LAD,0.7043276334208679,0.7689894233071507,Strong
MSBI,TCBK,0.7043199249112336,0.7689994474494326,Strong
BDN,ESRT,0.704316993171026,0.7690032598487134,Strong
DCI,ITT,0.7043168504976839,0.7690034453789087,Strong
AGD,IGD,0.7042737717661867,0.7690594622443876,Strong
MSBI,SBCF,0.7042508370075378,0.7690892834937466,Strong
APO,CG,0.704248140929179,0.7690927890324041,Strong
FBP,HBNC,0.7042457500968446,0.7690958976657662,Strong
APA,PEO,0.7042365091882735,0.7691079128597319,Strong
HIO,HPS,0.7042283932293077,0.7691184652193604,Strong
CBU,RBCAA,0.7042282377067839,0.7691186674281364,Strong
FITB,SFBS,0.7042218463937654,0.7691269773011926,Strong
CBSH,TRST,0.7042092666489232,0.7691433330024733,Strong
DCOM,RBCAA,0.7042000704640786,0.7691552893088903,Strong
FHB,IBOC,0.7041961592086448,0.7691603744231176,Strong
HMY,KGC,0.7041953888896147,0.7691613759288557,Strong
LGI,SPXX,0.7041865684780241,0.7691728434129431,Strong
EOI,SCD,0.7041848082890739,0.7691751318275001,Strong
MBWM,TFC,0.7041829028956494,0.7691776090141347,Strong
JRI,PDT,0.7041775685085342,0.7691845441653984,Strong
CBU,PGC,0.7041770788743905,0.7691851807277744,Strong
CNO,HBAN,0.7041687902052999,0.7691959565607455,Strong
PFG,UCB,0.7041674496296358,0.7691976993860085,Strong
HBAN,PGC,0.704157187861929,0.7692110401418728,Strong
AUB,AX,0.7041543109625167,0.769214780197941,Strong
NRO,PDT,0.7041519247383417,0.7692178823475938,Strong
ABCB,EGBN,0.7041363920086704,0.7692380749694201,Strong
CRM,NOW,0.7041272371613206,0.7692499760658812,MST+Strong
CCS,IBP,0.7041264831812613,0.7692509562148607,Strong
FFA,STK,0.7041208465019198,0.7692582836708101,Strong
NTB,UBSI,0.7041184475142552,0.7692614022369051,Strong
EVV,HTD,0.7041080964178265,0.769274858008727,Strong
CPT,STAG,0.704096739725353,0.769289620721152,Strong
BGB,PFN,0.7040918383159182,0.7692959920395814,Strong
CZR,PENN,0.7040908645505433,0.7692972578262017,Strong
RQI,TY,0.7040902552142112,0.7692980498945631,Strong
BDN,HPP,0.7040892148702493,0.7692994022222436,Strong
EMD,JRI,0.7040795147557811,0.7693120111427078,Strong
FFC,HTD,0.7040710609681933,0.7693229998275194,Strong
CE,EMN,0.7040634329730832,0.7693329149684379,MST+Strong
EAD,FFC,0.7040602801459434,0.769337013088616,Strong
ARDC,BGT,0.7040585276338199,0.7693392910363802,Strong
ETO,HPF,0.7040575240658412,0.7693405954896164,Strong
PHK,PTY,0.7040516533914339,0.7693482262390238,MST+Strong
BANR,TFSL,0.7040489243408459,0.7693517734549705,Strong
ETY,NCV,0.704029695164415,0.7693767670466596,Strong
FBK,NBHC,0.7040153262428493,0.7693954428733649,Strong
HAFC,WTBA,0.7040002858466925,0.7694149909552159,Strong
NIC,ONB,0.7039993121642217,0.7694162564383187,Strong
IAG,PAAS,0.7039968016912623,0.7694195192594709,Strong
NIC,PEBO,0.7039848095516236,0.7694351050587391,Strong
TRST,UMBF,0.7039656754573148,0.7694599723737229,Strong
FBNC,OSBC,0.7039497340315096,0.7694806897752411,Strong
QCRH,WABC,0.7039272654680967,0.7695098888668076,Strong
AMP,MTB,0.7039143246145427,0.7695267056905267,Strong
BANF,TRST,0.7039097852633898,0.769532604555012,Strong
FR,UDR,0.7039067271244916,0.7695365785659684,Strong
CHY,NFJ,0.7039055543304589,0.7695381025908219,Strong
HPS,SCD,0.7038785255470521,0.769573225174769,Strong
FLC,JFR,0.7038760604878992,0.7695764283189822,Strong
FISI,TCBI,0.7038682174039251,0.769586619681079,Strong
ETO,HPS,0.703858290826125,0.7695995181571711,Strong
OFG,RF,0.70385706062273,0.7696011166536467,Strong
BRX,HIW,0.7038526552890542,0.7696068408102228,Strong
MBWM,ZION,0.7038430221904026,0.7696193576172541,Strong
AWF,PDT,0.7038368006767952,0.7696274414587941,Strong
IBCP,NBHC,0.7038262679818363,0.7696411267833387,Strong
CFFN,WASH,0.7038020315094996,0.7696726167540332,Strong
BMRC,CBU,0.7037865365768352,0.7696927483394459,Strong
CHI,HPS,0.7037650648922872,0.7697206442700011,Strong
SSB,WFC,0.7037622808363205,0.7697242612308377,Strong
CFG,OZK,0.703757402206601,0.7697305993572023,Strong
EQR,HIW,0.7037431107086408,0.7697491660162539,Strong
AGCO,CNH,0.7037236187891837,0.7697744880298597,MST+Strong
FRST,PNFP,0.7037140337250288,0.7697869397112049,Strong
GHY,HIX,0.7037138059378713,0.7697872356205041,Strong
FMNB,TRMK,0.7037014913733914,0.7698032328155144,Strong
CUBI,TOWN,0.7036995336901898,0.7698057759068975,Strong
HAFC,PB,0.7036985993834758,0.769806989597424,Strong
AOD,HPF,0.7036962361672007,0.7698100594728537,Strong
BOE,ETB,0.7036933568615105,0.7698137997444441,Strong
DOV,LECO,0.7036914433757557,0.7698162853879414,Strong
CBU,FITB,0.7036883599737392,0.7698202907513685,Strong
JRI,PFN,0.7036866080745694,0.7698225664728602,Strong
CFR,THFF,0.7036656548605659,0.769849784229929,Strong
AMP,PRI,0.7036637247927611,0.7698522912965043,MST+Strong
KIO,VLT,0.7036611800412101,0.7698555967956456,Strong
ARR,RITM,0.7036442941587566,0.7698775303140667,Strong
RF,VOYA,0.7036345886683066,0.7698901367489953,Strong
NRIM,PEBO,0.7036319504154945,0.7698935635326555,Strong
IOSP,MTX,0.7036291080846179,0.7698972553729259,MST+Strong
AROW,UMBF,0.7036219777143415,0.769906516774158,Strong
HAL,TS,0.703618667470638,0.7699108163019429,MST+Strong
CCD,ETY,0.7036154788292011,0.7699149578632681,Strong
NBHC,TRST,0.7036119413770079,0.7699195524507637,Strong
AX,TFC,0.7036113906062516,0.769920267811867,Strong
AXP,HBAN,0.7036044506983025,0.7699292815599333,Strong
PDM,UE,0.7035962582080652,0.7699399220613707,Strong
ETO,ISD,0.7035954323315728,0.7699409947111885,Strong
ADI,POWI,0.7035954019319576,0.7699410341942329,Strong
BHB,FMBH,0.7035935623805011,0.7699434234013548,Strong
COP,SM,0.7035883678602829,0.7699501699976656,Strong
AVK,HPS,0.7035879017947017,0.7699507753165761,Strong
MUR,TRGP,0.7035786535621328,0.7699627866824048,Strong
BCS,DB,0.7035703226959592,0.7699736064360139,Strong
NI,PEG,0.7035636376602201,0.7699822885492625,Strong
CNOB,SFBS,0.7035623341271733,0.769983981486403,Strong
BKU,SF,0.7035616256256422,0.769984901636854,Strong
GNL,KRG,0.7035551211984433,0.7699933490642068,Strong
UBSI,WFC,0.7035513384988117,0.7699982616878928,Strong
CATY,MS,0.7035479769513812,0.7700026273313862,Strong
CHY,EOS,0.7035404939085753,0.7700123454743109,Strong
TRGP,VET,0.7035293579234452,0.7700268074249815,Strong
GSBC,OFG,0.7035139719028246,0.7700467883150678,Strong
FUND,GAM,0.7034844131943817,0.7700851729589634,Strong
NIC,UCB,0.7034798800494536,0.7700910594865342,Strong
BJRI,DRI,0.7034666787326462,0.7701082018357599,MST+Strong
BSRR,FFIC,0.703463739623609,0.7701120183147268,Strong
GDV,JGH,0.7034632096188783,0.7701127065321305,Strong
CPF,FFIC,0.703456464208461,0.7701214654735175,Strong
MET,ZION,0.7034367460270792,0.7701470690367144,Strong
OZK,PEBO,0.7034283435242397,0.7701579792169401,Strong
ISD,PFL,0.7034018068265873,0.7701924346206118,Strong
BPOP,EFSC,0.7033903216256732,0.7702073465948333,Strong
BANR,SF,0.7033897229102104,0.7702081239376661,Strong
CNO,MTB,0.7033822102192381,0.7702178779809801,Strong
FISI,HBAN,0.7033807656356418,0.7702197535305859,Strong
BPOP,LNC,0.7033736449414671,0.7702289984914004,Strong
CHW,EOD,0.7033704603902455,0.7702331330314925,Strong
AMP,SEIC,0.70336768648801,0.7702367344031185,MST+Strong
LAD,PAG,0.7033674408585114,0.7702370533043559,Strong
KRNY,SRCE,0.7033652546352809,0.770239891676248,Strong
CFFN,UCB,0.703357184887734,0.7702503685325519,Strong
A,DHR,0.7033500076605502,0.7702596865206562,Strong
FCBC,NFBK,0.7033482115759333,0.7702620183081426,Strong
MS,SYF,0.7033479703740639,0.7702623314507027,Strong
FMNB,HOMB,0.7033462403089384,0.7702645775200383,Strong
CATY,EQBK,0.7033372963667837,0.77027618895201,Strong
MSBI,STBA,0.703327854789151,0.7702884462470523,Strong
JQC,NCV,0.7033205521568497,0.7702979265753612,Strong
AX,EFSC,0.7033152130539778,0.7703048577622008,Strong
QQQX,RMT,0.7032978728732991,0.7703273682359999,Strong
D,DTE,0.7032831835539761,0.7703464369308446,Strong
BP,SLB,0.703281941787542,0.7703480488875896,Strong
CBSH,HBNC,0.7032801690616868,0.7703503500853534,Strong
DSM,VGM,0.703275681137629,0.7703561758853771,Strong
ARI,TWO,0.703270331249696,0.7703631205481011,MST+Strong
FCBC,NBHC,0.7032530947450132,0.7703854947427123,Strong
BAC,BRK-B,0.7032466973045826,0.7703937989047127,Strong
BSRR,SFNC,0.703245341400861,0.7703955589165075,Strong
IIM,VTN,0.7032436676196846,0.7703977315391257,MST+Strong
FBP,USB,0.7032433896412346,0.770398092363637,Strong
BANF,OSBC,0.7032377357716084,0.7704054312222773,Strong
SM,TRGP,0.703230937283076,0.770414255731193,Strong
BDJ,FOF,0.7032290588046115,0.7704166939979799,Strong
ACP,BGB,0.7032192735110059,0.7704293951933482,MST+Strong
EGBN,VLY,0.7032113477087149,0.7704396826374991,Strong
CBSH,WFC,0.7032084389752741,0.7704434580483189,Strong
SF,UMBF,0.7032029520026175,0.7704505798523128,Strong
LKFN,WTBA,0.7031921746985719,0.7704645680385674,Strong
AROW,CNOB,0.7031907179749072,0.7704664587444321,Strong
FCF,KRNY,0.7031834513315278,0.7704758901723949,Strong
CET,ETW,0.7031729135447196,0.7704895670355056,Strong
BRK-B,MET,0.7031667014039275,0.7704976295824311,Strong
NTB,WSBC,0.7031561094890035,0.7705113763092618,Strong
H,PEB,0.7031476565539077,0.7705223467831317,Strong
JRI,NFJ,0.7031305135842142,0.7705445949661652,Strong
DSM,NZF,0.7031220824786617,0.7705555366374812,Strong
DFP,GDV,0.7031115616934371,0.7705691900232747,Strong
ABCB,KRNY,0.7031111176084124,0.7705697663308464,Strong
FBP,TCBK,0.7031096448788183,0.7705716775500923,Strong
CFR,LNC,0.703107932082927,0.7705739003068726,Strong
CF,MOS,0.7031072259867152,0.770574816631435,MST+Strong
MKSI,UCTT,0.7030977410573764,0.770587125434397,Strong
NIC,QCRH,0.7030946965326029,0.7705910763399705,Strong
CCD,CGO,0.7030780758258445,0.7706126448147026,Strong
BLW,DFP,0.7030749646185888,0.7706166821207691,Strong
CTBI,TFC,0.7030470710578852,0.7706528776850377,Strong
FNLC,TMP,0.7030417710790842,0.770659754912524,Strong
GSBC,HBAN,0.7030369028604393,0.770666071835994,Strong
NIC,NWBI,0.7030361282575739,0.7706670769436387,Strong
FMBH,RF,0.7030185708879264,0.7706898586488259,Strong
FHN,FRME,0.7030180269913651,0.7706905643753983,Strong
HAFC,INDB,0.7030115978550171,0.7706989063765212,Strong
BDJ,JCE,0.7030012954560088,0.7707122738661831,Strong
CFR,IBCP,0.7029946927945792,0.7707208407788397,Strong
BZH,LEN,0.7029876147546124,0.7707300243864743,Strong
ETR,WEC,0.7029721277308241,0.7707501180916886,Strong
L,TRV,0.7029683709893598,0.7707549922130121,Strong
BMRC,FMBH,0.7029682830147446,0.7707551063538346,Strong
BSRR,TRMK,0.7029604576640366,0.7707652591236367,Strong
AU,PAAS,0.7029513164043774,0.7707771190112258,Strong
HBNC,RBCAA,0.7029403477054199,0.7707913495811692,Strong
BANF,CCBG,0.702936482290788,0.7707963644299473,Strong
CAC,WABC,0.7029119826638338,0.7708281485988511,Strong
CHY,GGZ,0.7028921522283865,0.7708538743129122,Strong
PEO,VLO,0.7028668973944406,0.7708866357715113,Strong
HIW,KRG,0.7028616126146591,0.7708934911975077,Strong
BGY,EOS,0.7028599094434645,0.770895700541306,Strong
CSQ,HPI,0.7028542061862082,0.7709030987274494,Strong
CNOB,KRNY,0.7028450529735647,0.7709149719994226,Strong
BANR,WFC,0.7028436761524998,0.7709167579544502,Strong
FHN,TOWN,0.7028351955786485,0.7709277585109405,Strong
FUND,USA,0.7028305005189532,0.7709338486291113,Strong
ASB,BMRC,0.7028045840715205,0.7709674648498204,Strong
IBOC,ZION,0.7027805098971637,0.7709986901452379,Strong
ONB,PRU,0.7027720381786305,0.7710096780473893,Strong
AME,GGG,0.7027704002276431,0.7710118024678441,Strong
DPG,RNP,0.7027455038137822,0.7710440923659526,Strong
SFBS,ZION,0.7027271069734481,0.7710679516444084,Strong
CHI,ETV,0.7027261536444096,0.7710691880182873,Strong
FNB,WAL,0.7027082311177463,0.77109243140139,Strong
AKR,SKT,0.7026921761405527,0.7711132522002813,Strong
JRI,USA,0.7026908916742645,0.7711149179282366,Strong
MGEE,NWN,0.7026819122138798,0.7711265626161768,Strong
CBU,KEY,0.7026778842176865,0.7711317861200035,Strong
D,IDA,0.7026594709464751,0.7711556639920697,Strong
FIBK,RBCAA,0.7026542555942642,0.7711624269967201,Strong
AVK,SPXX,0.7026541671995293,0.7711625416220249,Strong
LECO,TKR,0.7026259576840074,0.7711991212598632,Strong
PH,RMT,0.7026180820164086,0.7712093334284685,Strong
AAT,DOC,0.702573509186219,0.7712671272831236,Strong
AGI,NEM,0.7025709511963151,0.7712704438829286,Strong
NWBI,TCBI,0.7025680489811629,0.7712742067758225,Strong
HOMB,MSBI,0.7025662725661028,0.7712765099935265,Strong
AVK,ETV,0.7025644327630175,0.7712788953899653,Strong
ONB,WFC,0.7025622004143747,0.7712817897313865,Strong
ASA,SSRM,0.7025610778141994,0.7712832452294042,MST+Strong
BHB,TMP,0.7025520124423006,0.7712949987620812,Strong
FBP,QCRH,0.7025318825022684,0.7713210972062564,Strong
EMD,FFC,0.7025304889780045,0.7713229038761853,Strong
FBK,HTB,0.7025299460587254,0.7713236077565299,Strong
FISI,SBSI,0.7025295168387552,0.7713241642283026,Strong
TKR,URI,0.702524025663623,0.7713312833489602,Strong
BTG,NEM,0.7025202597765382,0.7713361656547186,Strong
ENTG,MCHP,0.7025155406930352,0.771342283693776,Strong
HBNC,KRNY,0.7025131986376226,0.7713453200251847,Strong
JPM,PNFP,0.7025044984137744,0.771356599227913,Strong
ASML,STM,0.7024900336798157,0.7713753513305754,Strong
APAM,IVZ,0.7024886560526269,0.7713771372647404,Strong
FMNB,SFNC,0.7024878463930697,0.7713781868926944,Strong
INDB,TCBI,0.702472324771378,0.7713983085651951,Strong
HPS,JRS,0.7024609118732937,0.7714131035012385,Strong
EQR,INVH,0.7024554278739213,0.7714202124991004,Strong
DSU,PSF,0.7024516028079817,0.7714251709557036,Strong
NCV,USA,0.7024474491950867,0.7714305552736594,Strong
CHY,HPS,0.7024341554815511,0.7714477876284939,Strong
HBAN,SBSI,0.7024301652623481,0.771452959988685,Strong
AUB,MSBI,0.702427589463729,0.7714562988741113,Strong
LNT,SR,0.702411585675546,0.7714770435009121,Strong
PRU,SFNC,0.7024072569638288,0.771482654420916,Strong
CHI,USA,0.7024055819962803,0.7714848255198797,Strong
AGD,SCD,0.7024008314717548,0.7714909831336271,Strong
NCV,PFN,0.7023926280360555,0.7715016162833938,Strong
CNO,COF,0.7023905185032004,0.7715043505992686,Strong
AXS,EG,0.7023895447301117,0.7715056127726982,MST+Strong
OGS,POR,0.7023883163007503,0.7715072050204712,Strong
EVT,MCN,0.7023853874720557,0.7715110012539604,MST+Strong
NKX,NZF,0.7023809700771385,0.7715167268735805,Strong
FRT,VNO,0.7023730449114918,0.7715269989942131,Strong
FTI,OII,0.7023639766291955,0.771538752585772,Strong
CUBI,SFNC,0.7023542597498674,0.7715513466388774,Strong
KEY,RJF,0.7023542056637476,0.7715514167393543,Strong
BMO,BN,0.7023476340751084,0.7715599340620165,Strong
BKU,THFF,0.7023456938096972,0.7715624487885641,Strong
BMRC,UCB,0.7023454382865542,0.7715627799647231,Strong
HPS,JFR,0.702338978829125,0.7715711518335493,Strong
CCNE,PNFP,0.7023168668404279,0.771599809693564,Strong
ASB,CCBG,0.702313436400476,0.7716042555604835,Strong
HIO,NCV,0.7023115591658678,0.7716066884548528,Strong
ATMP,DVN,0.7023106847684834,0.7716078216704606,Strong
HTD,NCV,0.7023053008340419,0.7716147991918741,Strong
OSBC,WBS,0.7023041272421241,0.7716163201460632,Strong
ETJ,IGA,0.7022989743239463,0.7716229982006158,Strong
CHY,ETG,0.7022951833534357,0.7716279111677653,Strong
EOD,TY,0.7022930636136464,0.771630658263853,Strong
WASH,WBS,0.7022863765487919,0.7716393243623709,Strong
OCFC,OSBC,0.7022696784350453,0.7716609638499989,Strong
SF,ZION,0.702268820451355,0.771662075715329,Strong
BSRR,NBTB,0.7022511375118528,0.7716849907677967,Strong
FFA,JCE,0.7022430194849925,0.7716955105674874,Strong
FRST,MBWM,0.7022405464211912,0.7716987152753448,Strong
CCNE,WBS,0.7021854979856338,0.7717700460815594,Strong
ASB,CNO,0.7021757170687927,0.7717827193338904,Strong
ETW,FUND,0.7021734668562336,0.7717856349320923,Strong
BBT,ZION,0.7021602813868321,0.7718027191104835,Strong
ERC,JQC,0.7021597408247178,0.7718034194991393,Strong
ETW,HPF,0.7021595367025122,0.7718036839734412,Strong
INDB,PGC,0.7021476627312542,0.7718190685241533,Strong
DSU,NCZ,0.702139827742215,0.7718292197860678,Strong
EGBN,FRME,0.70212758551915,0.7718450809337972,Strong
ETW,ISD,0.7021253730275528,0.7718479474254591,Strong
GABC,RF,0.70212344461501,0.771850445857214,Strong
NFBK,VLY,0.7021221524084509,0.7718521200224161,Strong
AWP,ETW,0.7021172075477792,0.771858526482957,Strong
AROW,BSRR,0.7021042460872303,0.7718753188342916,Strong
CNO,EWBC,0.7021007079947669,0.7718799025823034,Strong
ASB,FRST,0.7020837623023012,0.7719018560642263,Strong
AWF,EVT,0.7020833645871114,0.771902371304673,Strong
CCBG,CHCO,0.7020699605628139,0.7719197360311318,Strong
BHB,FCBC,0.7020361016716341,0.7719635980127119,Strong
THQ,TY,0.7020335795588588,0.7719668651453133,Strong
BSRR,ONB,0.7020303536757926,0.771971043918368,Strong
ATI,CRS,0.7020148764567073,0.771991092621272,MST+Strong
MUC,NRK,0.702011769085139,0.771995117749926,Strong
FULT,RJF,0.7020074716956902,0.7720006843317042,Strong
DPG,HPF,0.7019973453779256,0.7720138012005672,Strong
DFP,VLT,0.701993441839668,0.7720188574903232,Strong
RBCAA,UCB,0.7019867983556963,0.772027462781349,Strong
FCBC,FFIC,0.7019795113350216,0.7720369015338301,Strong
ETG,THQ,0.7019644129859642,0.7720564577983087,Strong
CCD,EOS,0.7019465604939413,0.7720795807506615,Strong
MHD,VKQ,0.701929697360568,0.7721014216272782,Strong
BKU,GABC,0.7019078637075041,0.772129699328417,Strong
CCD,FFC,0.7018913161233037,0.7721511301250504,Strong
NIC,UVSP,0.7018900633577837,0.7721527525589951,Strong
CTBI,USB,0.7018770514112651,0.7721696038937753,Strong
CHW,SPXX,0.7018745445677415,0.7721728503803518,Strong
BZH,LEN-B,0.7018693822186882,0.7721795358351732,Strong
CCBG,RNST,0.701866371710562,0.7721834345405734,Strong
ASB,NTB,0.7018635480536338,0.7721870912497387,Strong
CNO,KEY,0.7018524929363558,0.7722014077475439,Strong
EWBC,LKFN,0.7018429597389014,0.7722137531294021,Strong
IQI,VTN,0.7018252496550957,0.7722366869618462,Strong
EFT,HYT,0.7018110429789318,0.7722550835327252,Strong
EQBK,FRME,0.7018055479067534,0.7722621991179506,Strong
BGH,HTD,0.701798435382641,0.7722714090491232,Strong
ETV,STK,0.7017975871435626,0.7722725074174756,Strong
BDJ,RQI,0.7017911613579403,0.7722808279920714,Strong
CBSH,THFF,0.701788944649006,0.7722836983272326,Strong
AWF,DFP,0.7017871265803695,0.7722860524697187,Strong
CLDT,UE,0.7017816143498931,0.7722931899869465,Strong
GLO,SPXX,0.7017733653012067,0.7723038711527909,Strong
EGBN,STBA,0.7017699835569785,0.7723082499145293,Strong
NFBK,PGC,0.7017665900253441,0.7723126439139215,Strong
BGH,JFR,0.7017664629725473,0.7723128084234427,Strong
ESS,HIW,0.7017654921762521,0.7723140654212481,Strong
ISD,PFN,0.7017646595800741,0.7723151434743798,Strong
EOG,IMO,0.7017398277761954,0.772347295229037,Strong
HBNC,TCBI,0.7017326271665457,0.7723566181932466,Strong
BTO,C,0.7017173759034624,0.772376364341294,Strong
FCBC,SFBS,0.7017112646984597,0.7723842765120744,Strong
BRX,SKT,0.7017008779981673,0.7723977239762333,Strong
MLCO,WYNN,0.7016901696638786,0.7724115876087325,Strong
AVNT,GDV,0.7016871817144638,0.7724154559374589,MST+Strong
DD,EMN,0.7016672350999132,0.772441279192259,MST+Strong
DSU,KIO,0.7016485409465215,0.772465480204104,Strong
CTBI,FNLC,0.7016272302411498,0.7724930676178916,Strong
CFG,THFF,0.7016090549485494,0.7725165953576021,Strong
EAD,EVF,0.70160825402973,0.7725176321227496,Strong
FHN,VLY,0.7015843587294877,0.7725485632250083,Strong
BHB,SRCE,0.7015833364228727,0.772549886514945,Strong
CNOB,WAFD,0.7015721785504299,0.7725643292950694,Strong
FANG,SU,0.7015707928353337,0.7725661229495715,Strong
HTB,PGC,0.7015640634378131,0.7725748333490898,Strong
PEBO,TFSL,0.7015591567598086,0.7725811843944834,Strong
BTG,SA,0.7015568472826094,0.772584173689043,Strong
LCII,PATK,0.7015169554233673,0.7726358062847368,Strong
HAFC,SSB,0.7015160052277994,0.7726370360941812,Strong
BAC,FHN,0.7015031627539109,0.7726536575285062,Strong
ADNT,LEA,0.7014884021788912,0.7726727610329082,MST+Strong
BGR,TTE,0.7014757287504753,0.7726891629232608,Strong
GNL,GOOD,0.7014653459128108,0.7727026000825792,Strong
HOPE,HTH,0.7014613216520396,0.7727078080981975,Strong
ASB,RBCAA,0.7014608882236523,0.7727083690194481,Strong
ED,EVRG,0.701454124860216,0.7727171217719768,Strong
JCE,USA,0.7014528488720726,0.7727187730706785,Strong
EMD,JPC,0.701449085813873,0.7727236429489226,Strong
AAT,UDR,0.7014197962905381,0.7727615462863844,Strong
EAD,LDP,0.7014151574316237,0.7727675492259962,Strong
SU,TTE,0.7013845070104365,0.772807211391772,Strong
FCBC,WABC,0.7013826809070108,0.772809574336381,Strong
GHY,KIO,0.701376922163653,0.7728170259981945,Strong
BDJ,EAD,0.7013735815244448,0.7728213486641724,Strong
CHY,DSU,0.70136632787838,0.7728307345358619,Strong
BSRR,FFIN,0.701354841501683,0.772845597125735,Strong
BSRR,CFG,0.7013491813518452,0.7728529208693654,Strong
BN,TY,0.7013289247936288,0.7728791305325448,Strong
FFBC,KRNY,0.7013164201366513,0.7728953096808762,Strong
FFA,FUND,0.7013103643018495,0.772903144899994,Strong
FCBC,SBSI,0.7013057541355562,0.7729091096169637,Strong
BXP,CDP,0.7013036960295387,0.7729117724170869,Strong
FMNB,RNST,0.7012974708240216,0.772919826600377,Strong
DSL,JQC,0.7012873947019223,0.7729328629293463,Strong
EVRG,EXC,0.7012851450244126,0.7729357734968506,Strong
BDJ,CHY,0.7012834562103656,0.7729379584282744,Strong
DSL,ISD,0.701278604558688,0.7729442352994322,Strong
CNO,MS,0.7012662709268936,0.7729601918250465,Strong
HFWA,PNC,0.7012652003952239,0.7729615768002651,Strong
MS,WBS,0.70125743977275,0.7729716168492217,Strong
PFBC,TFC,0.7012551364333957,0.7729745966933251,Strong
HFWA,KEY,0.701250833803367,0.7729801630011381,Strong
CPT,SUI,0.7012492025268922,0.7729822733712692,Strong
FMBH,WABC,0.7012347791177188,0.773000932576774,Strong
FMNB,QCRH,0.7012333117908469,0.7730028307957909,Strong
BKU,SYBT,0.7012281655630336,0.7730094882172747,Strong
JQC,KIO,0.7012212453927911,0.7730184404103293,Strong
AVK,ISD,0.7012200180148198,0.7730200281819096,Strong
FRA,JRI,0.701201117145163,0.7730444784808143,Strong
ALLY,C,0.7011967745649337,0.7730500959641183,Strong
CVBF,FHN,0.7011953278965348,0.77305196733915,Strong
BANR,FRST,0.7011948421481007,0.7730525956904865,Strong
TRST,WTBA,0.7011824358974497,0.7730686439153387,Strong
BLK,RVT,0.7011698357846958,0.7730849425713894,Strong
BTE,DVN,0.7011621481112956,0.7730948866584287,Strong
BOKF,TRST,0.7011470210242614,0.7731144533324139,Strong
BHB,PEBO,0.7011450262897589,0.7731170334564373,Strong
PFBC,PNC,0.70114388134829,0.7731185143969973,Strong
JBHT,ODFL,0.7011422549006217,0.7731206181436094,MST+Strong
EFSC,HTB,0.7011350916786235,0.7731298834237058,Strong
ADX,BST,0.7011323576772386,0.7731334196925669,Strong
IBCP,LKFN,0.7011294709883193,0.7731371534361554,Strong
AG,KGC,0.7011222440371447,0.7731465009464316,Strong
CNOB,RBCAA,0.7011131286232065,0.7731582908781274,Strong
CFG,FMBH,0.701095639631374,0.7731809107429205,Strong
SF,TCBI,0.7010749855509366,0.7732076234092152,Strong
MGM,RRR,0.7010713821239779,0.7732122837565659,Strong
AXP,WFC,0.7010713736460065,0.7732122947211763,Strong
EARN,MITT,0.7010635905081581,0.7732223606335268,Strong
EPD,TRGP,0.7010488168592673,0.7732414669955727,Strong
AMH,AVB,0.7010426939794336,0.7732493854127094,Strong
SLB,TS,0.7010395130065311,0.7732534991753596,Strong
AGD,ETV,0.7010282993912472,0.7732680009010495,Strong
CCBG,HTB,0.7010174611480144,0.7732820169278289,Strong
MSBI,RNST,0.7010073078460757,0.7732951469573882,Strong
HYT,NHS,0.7010059786836212,0.7732968657849051,Strong
BMA,YPF,0.701004447460262,0.7732988459059511,Strong
BANF,PRK,0.70099204388372,0.7733148855625113,Strong
L,THG,0.7009920082123695,0.7733149316903567,Strong
BSRR,HFWA,0.7009839764469247,0.7733253177713443,Strong
LGIH,TOL,0.7009834046040088,0.7733260572307017,Strong
CHCO,FMNB,0.7009818752595787,0.7733280348473361,Strong
MSBI,PNFP,0.7009789878897288,0.7733317685318135,Strong
CSQ,ECF,0.700977797843546,0.7733333073862189,MST+Strong
FNLC,MBWM,0.7009775704854954,0.773333601383652,Strong
DVN,SHEL,0.7009492686973787,0.7733701976448553,Strong
PAGP,WES,0.7009393189348656,0.7733830629967718,Strong
PRK,WBS,0.7009209196985798,0.7734068532168824,Strong
AVK,BOE,0.7009095522552715,0.773421550960055,Strong
ETO,FUND,0.7009055413513092,0.7734267368648317,Strong
RF,SYBT,0.7008593287145187,0.773486485060316,Strong
BXP,ESS,0.7008521957205669,0.7734957068781094,Strong
AUB,CUBI,0.7008433418262239,0.7735071533913259,Strong
FCF,HTB,0.700840542270429,0.7735107726846097,Strong
BDJ,CHI,0.7008332716897071,0.7735201720838222,Strong
BGY,USA,0.700832021657118,0.7735217881131494,Strong
PNC,STEW,0.7008290749688691,0.7735255975481753,Strong
AVNT,RVT,0.7008239471089083,0.7735322267250302,Strong
COF,FBP,0.7008239278657115,0.7735322516020758,Strong
KMI,PAA,0.7008172549797159,0.7735408780669372,Strong
DRI,EAT,0.7008171293995008,0.7735410404115598,MST+Strong
PBA,TRP,0.7008123593901157,0.7735472068463364,Strong
BOKF,IBCP,0.7007911025684205,0.7735746860278968,Strong
EMD,GDV,0.7007909382514733,0.7735748984403858,Strong
BOE,JRI,0.7007883466674865,0.7735782485728429,Strong
MAR,PK,0.7007847337124141,0.7735829190042731,Strong
PNC,VOYA,0.7007838503004684,0.7735840609779026,Strong
CAT,CMI,0.7007809735149121,0.7735877797445975,MST+Strong
ABCB,EQBK,0.7007808452053909,0.7735879456074909,Strong
EXK,SA,0.700780297346788,0.7735886538118458,Strong
EWBC,FBK,0.7007753084775353,0.7735951027798259,Strong
FRME,OFG,0.7007707926258244,0.7736009402452605,Strong
AAT,NNN,0.7007612666695638,0.7736132539330439,Strong
HAFC,TCBI,0.7007518239303588,0.7736254598572118,Strong
HYT,TY,0.7007402058833367,0.7736404773751995,Strong
HTB,TCBK,0.7007377451792267,0.7736436580503627,Strong
ONB,TFSL,0.7007375569942044,0.7736439012954159,Strong
HYT,NCV,0.7007342599180056,0.773648163032776,Strong
CFFN,FFIN,0.7007217726570301,0.773664303613615,Strong
ETG,NCV,0.7007131542040643,0.7736754433170743,Strong
CAH,COR,0.7006732350816819,0.7737270383259436,Strong
IAG,WPM,0.7006708480990198,0.7737301233647043,Strong
NMZ,VKQ,0.7006707911256791,0.7737301969993428,Strong
CHMI,RITM,0.7006641818619639,0.7737387390302183,Strong
CFG,JEF,0.7006467250806514,0.7737613002979001,Strong
ING,LYG,0.7006405002212615,0.7737693451911086,Strong
BOH,BPOP,0.7006399540826974,0.7737700510065023,Strong
CAC,CBSH,0.7006286346141579,0.7737846798507219,Strong
LNC,NTRS,0.7006257192684932,0.7737884474861418,Strong
LKFN,RBCAA,0.7006205303931903,0.7737951532632001,Strong
OGE,POR,0.7006113529080572,0.7738070135272008,Strong
EGBN,TOWN,0.7006098898882221,0.7738089042028113,Strong
HTD,HYT,0.7006011361003237,0.7738202167166173,Strong
HTB,STBA,0.7006000463728116,0.7738216249591224,Strong
MQY,NVG,0.7005653327173516,0.773866483681324,Strong
BANC,PNFP,0.700554966942786,0.7738798783496235,Strong
BLW,EVT,0.7005520789711914,0.7738836101492376,Strong
OCFC,PNC,0.7005511087891193,0.7738848638019492,Strong
CVX,KMI,0.7005465659275198,0.7738907339831381,Strong
SBSI,WTFC,0.7005460595608688,0.7738913882957107,Strong
NCV,SCD,0.7005444221388981,0.7738935041219843,Strong
BGR,E,0.7005413775743047,0.7738974381992685,Strong
BRX,BXP,0.7005340145062522,0.7739069524093292,Strong
ETB,IGA,0.7005323712022986,0.7739090757934053,Strong
EGBN,HFWA,0.7005234781685487,0.7739205667656744,Strong
BANF,NBHC,0.7005207490057426,0.7739240931696821,Strong
BIT,PFL,0.7005049022028071,0.7739445688125124,Strong
DRH,H,0.7004962266097771,0.7739557783106512,Strong
FRST,HWC,0.7004882430113354,0.7739660935579343,Strong
BOKF,COF,0.7004702043285751,0.7739894000196965,Strong
FBP,TCBI,0.7004581663234934,0.7740049530545738,Strong
C,HOMB,0.7004517799348324,0.7740132041059345,Strong
AWF,HTD,0.700446014572156,0.7740206527320107,Strong
GAM,SCD,0.7004408596130232,0.7740273126795679,Strong
GLQ,RMT,0.7004353142145001,0.7740344769911737,Strong
AWP,GGZ,0.7004258338885725,0.7740467248318121,Strong
FBNC,PNC,0.7004160360267505,0.7740593827003837,Strong
OII,PTEN,0.7004129172267346,0.7740634118381586,Strong
BLW,JGH,0.7003904256225892,0.7740924678323782,Strong
EFSC,NTB,0.7003842459942113,0.7741004508534906,Strong
ABCB,JPM,0.7003838223682299,0.7741009981026636,Strong
HPS,RQI,0.7003759203239791,0.7741112060628251,Strong
CNQ,XOM,0.7003703627152444,0.7741183853710691,Strong
MTD,TMO,0.700368136086299,0.7741212617073645,Strong
CTBI,HTH,0.7003674942682605,0.7741220907992996,Strong
GNL,NNN,0.700362582079012,0.7741284362700908,Strong
FPF,HYT,0.700348120582249,0.7741471170491445,Strong
BANR,FMNB,0.7003369735288578,0.7741615160561034,Strong
EFSC,FHN,0.7003328073808176,0.774166897534611,Strong
NRO,VLT,0.7003313322636037,0.7741688029575932,Strong
ETY,THQ,0.7003110140181694,0.774195047751961,Strong
ABCB,FMNB,0.7002896953723469,0.7742225837931275,Strong
NTB,WBS,0.700288670792389,0.7742239071581438,Strong
ON,TXN,0.7002867128002985,0.7742264361279605,Strong
EFSC,KRNY,0.7002837444566582,0.7742302700661371,Strong
EOD,EXG,0.7002775670734174,0.7742382487665959,Strong
OFG,SRCE,0.7002679062931136,0.7742507264535001,Strong
IVZ,PFG,0.7002559110038357,0.7742662190695967,Strong
IBCP,PB,0.7002105761844344,0.7743247688348418,Strong
AEE,SR,0.7002101026701311,0.7743253803535939,Strong
FNV,SA,0.7002076993914096,0.7743284840538806,Strong
SFST,TOWN,0.7002004114661139,0.774337895926431,Strong
BLDR,PHM,0.7001981008232044,0.774340879944738,Strong
VPV,VTN,0.7001953433150316,0.7743444410402497,Strong
SBCF,SF,0.7001942487993168,0.7743458545129343,Strong
KSS,M,0.7001900798704481,0.7743512383015241,MST+Strong
DCI,DOV,0.7001819147406165,0.7743617827080356,Strong
EVT,SPE,0.7001812048574045,0.7743626994407665,Strong
DSU,HTD,0.7001782254851489,0.7743665469464072,Strong
FISI,NBHC,0.7001720755364678,0.7743744888147236,Strong
FISI,FMNB,0.700166754894362,0.7743813596744669,Strong
RIO,SCCO,0.7001638367406401,0.774385128033022,Strong
GS,NTRS,0.7001631106898399,0.7743860656160596,Strong
ADAM,MFA,0.7001518482230914,0.7744006092158097,Strong
UMBF,WTBA,0.7001369690774106,0.7744198227351743,Strong
BIT,FFC,0.7001367874819653,0.774420057227387,Strong
AWF,EMD,0.700112926314036,0.7744508682750172,Strong
ITW,PNR,0.7000962152566688,0.7744724459182925,Strong
FULT,NTB,0.7000821521001404,0.7744906040745229,Strong
ATO,D,0.7000757518126256,0.7744988678976547,Strong
LKFN,WTFC,0.7000611244568605,0.7745177538870746,Strong
EQBK,FFBC,0.7000581422655384,0.7745216042622202,Strong
HTD,NCZ,0.7000567108578802,0.7745234523784541,Strong
FMBH,SFBS,0.7000566919281039,0.774523476819,Strong
BHB,BSRR,0.7000536280573553,0.7745274326228151,Strong
BHB,GSBC,0.7000490853100858,0.7745332977863691,Strong
EOD,GGZ,0.7000468811747477,0.7745361435404449,Strong
AOD,HPI,0.7000466935215829,0.7745363858185322,Strong
BCX,CVX,0.7000457306874684,0.7745376289277772,Strong
GGG,IEX,0.7000440792220824,0.7745397611200054,Strong
BLDR,IBP,0.7000430685883634,0.7745410659372899,Strong
HLT,HST,0.7000408804097341,0.7745438910613986,Strong
EWBC,PGC,0.7000390389738799,0.7745462685032058,Strong
CFFN,SRCE,0.7000335841103184,0.7745533111280096,Strong
FHN,MTB,0.7000263758219528,0.7745626174532917,Strong
AG,B,0.7000187390979941,0.7745724767922056,Strong
ALB,SQM,0.6999837150966286,0.7746176926760341,MST
EVN,IQI,0.6999190007716257,0.7747012317382415,MST
CPK,SR,0.6998301099956522,0.7748159652515528,MST
ERH,HTD,0.6993847941196193,0.7753904898570535,MST
L,MKL,0.6991300827086095,0.7757189146738533,MST
L,ORI,0.6991295611363527,0.775719587046308,MST
MAN,RHI,0.6990197551103726,0.7758611278954854,MST
ATMP,HESM,0.6989395968455939,0.7759644362397108,MST
CHSCM,FLC,0.6986034741218532,0.7763974830950275,MST
CATY,TFIN,0.6984477754951917,0.776597997041981,MST
COF,OMF,0.6983097722438071,0.7767756790170415,MST
MIY,NZF,0.6979942948010558,0.777181710025325,MST
ITW,SWK,0.6976524280600204,0.7776214656759156,MST
HCA,THC,0.6970511169100113,0.7783943513284107,MST
CAT,EMR,0.6969799579788175,0.7784857635450793,MST
FCX,TECK,0.6969239502879628,0.7785577046205852,MST
CXT,ITT,0.6967667481506405,0.7787595930059025,MST
ITUB,UGP,0.6967019373079257,0.7788428117304214,MST
AIR,MOG-A,0.6966126860135659,0.7789573980474596,MST
MCHP,SLAB,0.696046779744899,0.7796835515195905,MST
BUI,HPI,0.6957878278287241,0.7800156051916858,MST
MRTN,WERN,0.6957070366514911,0.7801191746759066,MST
AA,CENX,0.6956266723013212,0.7802221833537916,MST
CW,MOG-A,0.6948283843304932,0.7812446680387736,MST
AG,MUX,0.694754340694954,0.7813394387909086,MST
AVA,IDA,0.6946905748505052,0.7814210454671602,MST
PTEN,PUMP,0.6943181695204257,0.7818974747108144,MST
BDCZ,FSK,0.6935866223381058,0.7828325206094778,MST
KOS,MTDR,0.6934186595675674,0.7830470489471658,MST
CPAY,WEX,0.6934160447603511,0.7830503882122132,MST
GPN,MA,0.6932910345587137,0.783210017097951,MST
ASA,DRD,0.6932134565051937,0.7833090622414709,MST
GTN,NXST,0.6930476021260339,0.7835207691873473,MST
PPG,RPM,0.6929001712971737,0.7837089111434503,MST
ING,PUK,0.6927359844199134,0.7839183829711951,MST
PRU,TXT,0.6925592135836102,0.7841438470285791,MST
MRSH,WTW,0.6922464674554596,0.7845425833497381,MST
KYN,USAC,0.6921127858894093,0.7847129591265722,MST
CBT,MTX,0.6920592668880491,0.7847811581733483,MST
BST,MSFT,0.6918942694268091,0.7849913764789915,MST
EAD,MCR,0.6914781598164942,0.785521279385232,MST
CTBI,HBCP,0.6913425158402726,0.7856939406152085,MST
LHX,LMT,0.6912906754484999,0.785759918233935,MST
FDUS,SAR,0.6910481712957944,0.7860684813732268,MST
EFX,TRU,0.6910050942506765,0.7861232800894826,MST
GGG,NDSN,0.6908955358149296,0.7862626332022531,MST
LRCX,TSM,0.6906175641291331,0.7866160891703994,MST
EMN,FUL,0.6906160294250079,0.7866180401884921,MST
CTBI,CZNC,0.6904244302778167,0.7868615757834198,MST
OSK,TKR,0.6903373760814415,0.7869722027092932,MST
HLX,PTEN,0.6902511591284082,0.7870817503558215,MST
CUK,PK,0.6900429468611919,0.7873462429437357,MST
AXTA,PPG,0.6897739395042032,0.787687832197244,MST
FLEX,JBL,0.689768564050948,0.7876946565123468,MST
CIVB,FISI,0.6896044219377959,0.7879030118767208,MST
ARES,KKR,0.6895000547017499,0.7880354627784845,MST
EVT,HEQ,0.6893903088920901,0.7881747155395306,MST
BWG,EMD,0.6892670938513719,0.788331029642533,MST
AAL,JBLU,0.6883699360510682,0.7894682564219182,MST
EAD,JHI,0.6883172542753307,0.7895349843099662,MST
ITW,XYL,0.687611949891385,0.7904277957013088,MST
MAR,MGM,0.6871844338095294,0.7909684774887942,MST
NBR,RIG,0.6871180462762928,0.7910524049943938,MST
ADBE,MSFT,0.6870817975291258,0.7910982271132634,MST
MT,RIO,0.6869253625463289,0.7912959464747322,MST
AMKR,LRCX,0.6869115823579238,0.7913133609918086,MST
EVG,EVV,0.6866881595793143,0.7915956548904064,MST
BCC,UFPI,0.6865587837273367,0.7917590748108458,MST
HAL,PDS,0.6865416574448716,0.791780705189421,MST
BURL,ROST,0.6861189792616035,0.7923143577373776,MST
AIT,TKR,0.6859898246779799,0.7924773502403967,MST
DTE,SRE,0.685759627313775,0.7927677751854258,MST
HPI,RA,0.6855637395875036,0.793014830141904,MST
MDT,SYK,0.6853237670589081,0.7933173802975603,MST
AROC,KYN,0.685255064192658,0.7934039775641939,MST
FAF,STC,0.6851920409159056,0.7934834076199633,MST
EDN,PAM,0.6850915268810465,0.7936100719105744,MST
NPO,PH,0.6846773160448094,0.7941318328277625,MST
RRX,TKR,0.6846021660414179,0.794226458837254,MST
ECC,OXLC,0.684479626082326,0.7943807322911023,MST
MDLZ,PEP,0.6844373330729188,0.7944339707327239,MST
DHCNI,FFC,0.6844271094070234,0.794446839748232,MST
NG,SA,0.6843165396775923,0.7945860058198957,MST
FCNCA,FNB,0.6842151892980008,0.7947135467600879,MST
CXH,NZF,0.683891892715582,0.7951202516404898,MST
ESNT,GDV,0.683880513339308,0.7951345630277834,MST
MBUU,MCFT,0.6837882997351087,0.7952505268968909,MST
PMM,PMO,0.6837819632664571,0.7952584947468878,MST
BRX,OLP,0.6835351855829006,0.7955687455111587,MST
LPX,WY,0.6830349579581941,0.7961972645542131,MST
NJR,UGI,0.6826984069169119,0.7966198504720908,MST
FUL,MTX,0.68252262283551,0.7968404823607922,MST
ARE,DOC,0.6824960956401525,0.7968737721369019,MST
AIV,UDR,0.6822629547405664,0.7971662878715251,MST
NOW,WDAY,0.682244343668764,0.7971896340661186,MST
ENS,RVT,0.6821992199375837,0.7972462355664232,MST
RVT,TRMB,0.6821655665807174,0.7972884464474356,MST
DHY,EAD,0.6819624401679839,0.7975431773039201,MST
SHBI,TOWN,0.6817554145307614,0.7978027142962584,MST
MFIC,NMFC,0.6816658012117173,0.7979150315519601,MST
ARW,VSH,0.6813574745400022,0.7983013534499335,MST
AMAT,FORM,0.6810262791136201,0.7987161208919974,MST
LRCX,STK,0.6808483546960746,0.7989388528591226,MST
DTE,UTG,0.6806765395912101,0.799153878059526,MST
ICE,NDAQ,0.6805477899229119,0.7993149693044516,MST
SR,SWX,0.6801275906970053,0.7998404957277353,MST
ERC,FTF,0.6801002823500626,0.7998746372400333,MST
FBIN,UFPI,0.680046819345271,0.7999414736775797,MST
CNK,IMAX,0.6794064192025012,0.8007416322353906,MST
DTE,FTS,0.6793032436660028,0.8008704718417294,MST
AB,GDV,0.679181045102609,0.8010230394906142,MST
BABA,BIDU,0.6791611773449993,0.8010478420856032,MST
BHR,CLDT,0.6789853702272944,0.801267283461275,MST
ASA,DGP,0.6788370748567073,0.8014523381253469,MST
MS,UBS,0.6788315403668342,0.8014592436713994,MST
CIG,SBS,0.6787577315906163,0.8015513313685952,MST
ETN,PWR,0.6787315037459305,0.8015840520545172,MST
CSIQ,JKS,0.6785962562940353,0.8017527595287274,MST
GDV,TDY,0.6785589412123331,0.8017993000591443,MST
AFB,IQI,0.678543455179192,0.8018186139281227,MST
AGCO,TKR,0.678381279564661,0.80202084815214,MST
GDV,GGT,0.678276659967431,0.8021512825303827,MST
LFUS,VSH,0.6780925385032723,0.8023807842872706,MST
ESNT,RITM,0.6780825938577432,0.8023931781143916,MST
FUL,PPG,0.6780221393785273,0.8024685172908315,MST
A,BRKR,0.6776749734029077,0.8029010232862981,MST
FMN,IQI,0.6772131699538115,0.8034759860085284,MST
PH,WAB,0.6770160887240947,0.8037212343541824,MST
TKR,WCC,0.6769741019124513,0.8037734731720731,MST
MSEX,YORW,0.6769548414479999,0.8037974353678918,MST
HUBS,NOW,0.6769120935833779,0.8038506159935714,MST
BC,THO,0.6766864874622798,0.8041312237908937,MST
RHP,USFD,0.6766697225418684,0.8041520720089349,MST
BCS,HSBC,0.6765944110253359,0.8042457198825047,MST
MCO,NFJ,0.6765636095679514,0.8042840175361545,MST
BLK,BX,0.6765451216548201,0.8043070040042918,MST
GOOGL,MSFT,0.6761164223570947,0.804839832069593,MST
CNX,RRC,0.676094064985426,0.8048676102497528,MST
AMAT,KLIC,0.6760778651906447,0.8048877372768891,MST
GAIN,GLAD,0.6759198130597183,0.805084078764798,MST
BRW,JFR,0.6752952345510976,0.805859498236389,MST
T,VZ,0.6752440647001114,0.8059229929712746,MST
AVNT,DAN,0.6750860756436182,0.8061190040637695,MST
PEBO,SMBC,0.6749602897670713,0.8062750278074209,MST
BALL,CCK,0.6746053069618667,0.8067151827480791,MST
ITUB,SBS,0.674537550887046,0.80679916845886,MST
CP,UNP,0.6743678031283059,0.8070095375789484,MST
GM,LEA,0.6741593724932418,0.8072677715687134,MST
DNN,NXE,0.6737834581471378,0.8077332998618568,MST
BKNG,EXPE,0.67357037295669,0.8079970631670762,MST
EC,PEO,0.6734845768398768,0.8081032398897101,MST
INTU,MSFT,0.6733333837494503,0.8082903144917051,MST
ADBE,CRM,0.6731890383716744,0.8084688758738032,MST
EEA,GF,0.6731668535300612,0.8084963159717412,MST
ARCB,ODFL,0.6730266888781894,0.8086696620027372,MST
CRUS,SWKS,0.6728543757803677,0.8088827161209866,MST
FBIN,MHK,0.6728496344057704,0.8088885777339542,MST
PEP,PG,0.6727834096343094,0.8089704449059812,MST
RVT,WTS,0.6723937081295696,0.809452026831029,MST
ETN,JCI,0.672363820033845,0.8094889498518865,MST
PARR,VLO,0.6717386698834714,0.810260859373731,MST
BUSE,CARE,0.6715777067825162,0.8104594909278117,MST
DTE,MDU,0.6714303769469254,0.810641256109106,MST
ARW,SNX,0.6711678476862495,0.8109650452562681,MST
CLH,GDV,0.6707468156235442,0.8114840532955109,MST
CUBE,MAA,0.6707318943483697,0.8115024407253872,MST
MPWR,NVDA,0.670514959588628,0.811769721548386,MST
MCO,NDAQ,0.6704701264955528,0.8118249485011497,MST
GSBC,WSBF,0.6703947006907855,0.8119178521367965,MST
CCJ,NXE,0.6703620400299317,0.8119580776986806,MST
INVX,NOV,0.6702489145776518,0.8120973899999288,MST
COHU,MKSI,0.6701326879980607,0.8122404964072394,MST
AMX,MXF,0.6699058097205084,0.8125197724110984,MST
ACB,CGC,0.6697533170499608,0.8127074294603677,MST
CBT,OEC,0.6695063943198267,0.8130112000214674,MST
ACM,RVT,0.6694480490285495,0.8130829612917129,MST
HXL,WWD,0.669213717186047,0.8133711118720076,MST
BME,THQ,0.6691316285067752,0.8134720296276017,MST
EGO,KGC,0.6690684271212606,0.813549719290394,MST
CTBI,FBIZ,0.6690100798528845,0.8136214354933324,MST
NWE,TXNM,0.6690015831023568,0.8136318785515267,MST
URG,UUUU,0.6688468742247369,0.8138220023755356,MST
BLMN,CAKE,0.6688427742686045,0.8138270402627275,MST
CPT,NXRT,0.6685553691120305,0.8141801162985615,MST
CASH,WTFC,0.6685272038970308,0.8142147089103331,MST
EDF,HPI,0.6682308377243501,0.8145786177842503,MST
HDB,IBN,0.6681687788071362,0.8146547995229192,MST
SIGI,THG,0.6679665233721879,0.8149030330386704,MST
CAKE,EAT,0.6675491761260564,0.8154150156502438,MST
EMF,TDF,0.6675472851571778,0.8154173346732607,MST
MFM,NZF,0.667435540475713,0.8155543630246693,MST
DAN,DCH,0.6673670733779908,0.8156383103091825,MST
GDV,LAMR,0.667357252869568,0.8156503504939258,MST
CIK,ISD,0.6672128645926851,0.815827353558723,MST
BC,MBUU,0.666807352414134,0.8163242585956465,MST
BA,HXL,0.6662210474942447,0.8170421684414524,MST
ALGT,ALK,0.6659621428522452,0.8173589874073139,MST
FELE,WTS,0.6657779553267995,0.817584301064056,MST
GD,RTX,0.6656157999855361,0.8177826117183759,MST
EXC,FE,0.6655065812221584,0.8179161555781149,MST
GRBK,TMHC,0.6653293700612652,0.818132788658094,MST
BIP,BN,0.665206528334695,0.8182829237681855,MST
OGS,UTL,0.6651015891138323,0.8184111569207346,MST
CEV,NAC,0.6650885964642046,0.8184270322219268,MST
ACN,CTSH,0.66507582084806,0.8184426420366182,MST
AA,FCX,0.664933418427183,0.8186166154834839,MST
ACM,J,0.6648218709707732,0.8187528675115915,MST
ITUB,PBR-A,0.6646574113213127,0.8189537089221677,MST
GBX,TRN,0.6643342146387812,0.8193482597299134,MST
AAPL,QQQX,0.6642433696206541,0.8194591269603944,MST
CPB,GIS,0.6641462726045403,0.8195776075460575,MST
AER,RLJ,0.6640873050840463,0.8196495530602742,MST
DHT,TNK,0.6639669991635689,0.8197963171866913,MST
AMZN,MSFT,0.6639230168258787,0.8198499657548585,MST
STNG,TNK,0.6638269328760469,0.8199671543713847,MST
APD,LIN,0.6637080460935885,0.820112131243541,MST
BYD,MCRI,0.6633800170378682,0.8205120144911126,MST
MXF,PAC,0.6630314414361922,0.8209367315010431,MST
GNTX,LEA,0.6629278255590432,0.8210629384413315,MST
EMD,FAX,0.6627938295301349,0.8212261204684921,MST
NWE,OTTR,0.6625698705455303,0.8214987881360138,MST
MOG-A,RVT,0.6621530397037899,0.8220060344014636,MST
APH,GLW,0.6619011882074703,0.8223123637554401,MST
JBL,TEL,0.6618894610283992,0.8223266248536537,MST
KMB,PG,0.6617324699548945,0.8225175135461925,MST
ASA,BVN,0.6617311728585461,0.8225190905279389,MST
AMAT,AVGO,0.6615296561725202,0.8227640534533334,MST
CATY,LOB,0.6614717208486117,0.8228344659181314,MST
FNB,TBBK,0.6613980606150536,0.822923981161014,MST
EHI,HIX,0.6609055697593806,0.8235222282860607,MST
HEI,TDG,0.6607119653020767,0.8237572879166816,MST
DDD,SSYS,0.6606341216473632,0.823851780786613,MST
MLI,RVT,0.6603018983433254,0.8242549383008567,MST
AME,NSC,0.6601584682771625,0.8244289317131435,MST
CNC,MOH,0.6600477653223487,0.8245631991274548,MST
CBRE,RVT,0.6600303419836331,0.8245843292427608,MST
ITUB,TIMB,0.6599351706297549,0.8246997385354806,MST
HUBG,JBHT,0.6595412077759051,0.8251773048552595,MST
PH,WWD,0.6594145029650907,0.8253308391607687,MST
CI,ELV,0.6593884644545951,0.825362387736932,MST
EXP,OC,0.6592317516187812,0.8255522374522629,MST
GATX,TRN,0.6591614668193357,0.8256373697703663,MST
BC,RVT,0.6590642487125291,0.8257551105351645,MST
HNI,MLKN,0.6587851647100883,0.826093015694857,MST
CTAS,GDV,0.6587704925734035,0.8261107763812267,MST
ITW,SNA,0.6581702860451882,0.8268370020201222,MST
BSX,SYK,0.6580933758618198,0.826930014134425,MST
MPA,NZF,0.65797240319902,0.827076292491787,MST
MWA,WTS,0.6578849938619762,0.8271819704732736,MST
AOD,IHD,0.6578707531355166,0.8271991862477663,MST
FBIN,HD,0.6578325499117469,0.8272453687851665,MST
RL,TPR,0.6576756801091761,0.8274349761652863,MST
CNK,MCS,0.6575401288309516,0.8275987810153521,MST
ADM,BG,0.6574531168460974,0.8277039122221214,MST
ALL,TRV,0.6574237676178167,0.8277393700702936,MST
MPWR,MRVL,0.6571353778694158,0.8280877032423368,MST
ESBA,ESRT,0.6571306937020391,0.8280933598308355,MST
BJRI,PLAY,0.6568941848664764,0.828378917082664,MST
CTRA,EQT,0.656604267047498,0.8287288253132047,MST
FPF,SABA,0.6564155341076955,0.8289565319029756,MST
DDT,HPI,0.6562177530958525,0.8291950879065161,MST
CDNS,MSFT,0.6560578858888787,0.8293878635609775,MST
CLF,NUE,0.6557654246272656,0.8297404116622673,MST
STEW,V,0.6557418300761032,0.8297688472386714,MST
MUFG,NMR,0.6557289424294039,0.8297843787040053,MST
BYD,CHDN,0.6555690655883226,0.8299770290937905,MST
CMC,WOR,0.6548154319093585,0.830884550452879,MST
BABA,TDF,0.6546763836625648,0.8310518832629348,MST
CNS,RVT,0.6546630540023393,0.8310679226124189,MST
HUM,UNH,0.6546315417684074,0.8311058395073309,MST
ADI,QCOM,0.6537949499059035,0.8321118315396032,MST
MTZ,PWR,0.6537878303030634,0.8321203875605219,MST
CRH,RVT,0.6537463855970841,0.8321701922118045,MST
ALLE,ITW,0.6537174667125062,0.8322049426523419,MST
AXP,WEX,0.6537017571679147,0.8322238194525381,MST
SSD,UFPI,0.6536794446743642,0.8322506297091469,MST
CHCT,UHT,0.6536725688854286,0.8322588913488055,MST
ORC,RPT,0.6536246837024018,0.8323164257631808,MST
HPI,RIV,0.653434676350472,0.8325446818634157,MST
RBC,TKR,0.65337336081533,0.8326183269477918,MST
CAL,DBI,0.6531469083145938,0.8328902589001822,MST
CHEF,USFD,0.6530505052637017,0.8330059960604105,MST
BUSE,INBK,0.6528465347878152,0.8332508208363012,MST
RLI,WRB,0.6527488161886115,0.8333680865156627,MST
JPC,NZF,0.6525558056484405,0.8335996573314549,MST
GD,LMT,0.6524004611345723,0.8337859903661463,MST
BCX,GGN,0.6521338755474714,0.8341056581183569,MST
CSWC,MAIN,0.6517889649491275,0.8345190651517466,MST
HOV,MHO,0.6516461682655548,0.8346901601605775,MST
HLI,MC,0.6515097917266561,0.8348535299959435,MST
BCX,BHP,0.651286524772554,0.8351209196606753,MST
ASX,TSM,0.6511594517540537,0.8352730670217331,MST
FIS,GPN,0.6508883035261894,0.8355976262218683,MST
KRG,VRE,0.6506944841916218,0.8358295469871572,MST
BUSE,SMBK,0.6506345524983431,0.8359012471598029,MST
ISRG,SYK,0.6506335031590474,0.8359025024976927,MST
RPM,SHW,0.6504783606714205,0.8360880806811918,MST
SYK,ZBH,0.6504656124088689,0.8361033280535739,MST
A,IQV,0.650308138262375,0.8362916497701325,MST
ENOV,PH,0.6500694854337626,0.8365769714332775,MST
CACI,SAIC,0.6499217561459323,0.8367535406008961,MST
HMY,SBSW,0.6498974093617652,0.8367826368158398,MST
IRT,UMH,0.6495660120074389,0.8371785807013472,MST
COHR,LITE,0.6495087723191302,0.837246950046245,MST
FMX,MXF,0.649214125080881,0.8375988000458441,MST
MUR,WTI,0.6492110002830075,0.8376025306993676,MST
ITT,SPXC,0.6491724081840169,0.8376486039097577,MST
MCD,YUM,0.6488657160476508,0.8380146585261492,MST
ATMP,SUN,0.6488507051238236,0.8380325708183142,MST
EVR,PJT,0.6486393971024793,0.8382846806396032,MST
A,TECH,0.648335836330196,0.838646723799484,MST
LSCC,MPWR,0.6482117082523475,0.8387947207125859,MST
ABEV,ITUB,0.6480858786853995,0.838944719650348,MST
DNN,UUUU,0.6480507107327301,0.838986637876039,MST
CC,TROX,0.6480473088712977,0.8389906925928348,MST
KRO,TROX,0.6480268088186492,0.8390151264206752,MST
DAN,PAG,0.6479047855084872,0.8391605501827559,MST
FAST,MSM,0.6478648098558488,0.8392081864998114,MST
GD,TXT,0.6475179247295438,0.8396214328737162,MST
TK,TNK,0.6472866904732798,0.83989679071505,MST
ESI,RVT,0.6471702260482021,0.8400354444329096,MST
PFL,PGP,0.6467703643942935,0.8405113153381178,MST
ALL,PGR,0.6467617091726582,0.8405216128420991,MST
AGO,AIG,0.6466303563202623,0.8406778737182723,MST
APAM,VRTS,0.6456309754283159,0.8418658142146931,MST
GDV,TDG,0.6455482579359721,0.8419640634421731,MST
EME,ETN,0.6455240733448433,0.8419927869704784,MST
COF,NAVI,0.6447175347719912,0.8429501352132388,MST
AXIA,CIG,0.6446361549978329,0.8430466713084953,MST
IIM,VFL,0.6446237499584389,0.8430613857146597,MST
IFN,IIF,0.6445392176046882,0.8431616480786015,MST
DQ,JKS,0.6444558910092008,0.8432604686463124,MST
AROW,PFIS,0.6443963950787636,0.8433310203250399,MST
MARA,RIOT,0.6442079355921657,0.8435544610845637,MST
JBL,PLXS,0.6439490921039821,0.8438612538753251,MST
CWH,THO,0.6437535190105989,0.8440929818324533,MST
CME,ICE,0.6435613946507956,0.8443205615750505,MST
EVF,FCT,0.6434739310102261,0.8444241457819334,MST
AOD,IAF,0.6431837714924779,0.8447676941118454,MST
ESE,RVT,0.6431258267580225,0.8448362838348948,MST
CBRE,MMI,0.6430489459108621,0.844927279816598,MST
AMWD,FBIN,0.6428913871504892,0.8451137353628928,MST
AEO,URBN,0.6425684367746943,0.8454957873642017,MST
ASC,STNG,0.6424507276227324,0.8456349949916544,MST
NXST,SBGI,0.6423483039918116,0.8457561066976559,MST
MT,STLD,0.6421064383172858,0.8460420340417067,MST
MIDD,RVT,0.6419862430233347,0.8461840898724878,MST
CHD,PG,0.6410887977232614,0.847244005321653,MST
CMCSA,LBRDK,0.6409940050071792,0.847355881543075,MST
ITW,MMM,0.6408182494556608,0.8475632726166693,MST
ASA,OGC,0.640802464172224,0.8475818967247661,MST
CMBT,FRO,0.6407784508280847,0.8476102278428632,MST
ASA,CGAU,0.6407415897055121,0.8476537150210431,MST
OXLC,SLRC,0.6407091203146122,0.8476920191736946,MST
PMO,VKQ,0.6406237402541686,0.8477927338044735,MST
DMB,NZF,0.6405702360352324,0.8478558414786886,MST
BBN,NBB,0.6403330853059894,0.8481355017849572,MST
MPWR,RMBS,0.6402778082560379,0.8482006740671244,MST
ODFL,XPO,0.6402176938833772,0.8482715439252018,MST
BJRI,RHP,0.6401494984764193,0.8483519334846602,MST
ARMK,USFD,0.6401442444285675,0.8483581267029066,MST
ITT,ZWS,0.640101671388095,0.8484083080827356,MST
CAPL,TYG,0.6399987373661971,0.8485296254507593,MST
DEA,PDM,0.6397042874118201,0.84887656651386,MST
CAF,TDF,0.63968267036495,0.8489020316091251,MST
CRF,GDV,0.6396481056443265,0.8489427476051298,MST
AMP,FHI,0.639561515606639,0.8490447389782956,MST
CAL,SCVL,0.6395290215590754,0.8490830094177183,MST
BGR,MEOH,0.6393606477540045,0.8492812870256774,MST
CMU,CXE,0.6393428115508322,0.8493022882921815,MST
CAMT,NVMI,0.6393269687982112,0.8493209419315985,MST
AMD,NVDA,0.6392281032166717,0.8494373393998269,MST
ATMP,LNG,0.6390875074156462,0.849602839666104,MST
BLMN,CBRL,0.6388221754622638,0.8499150834497952,MST
CASS,CTBI,0.6386733116863038,0.8500902167578406,MST
ECL,STEW,0.6386336698855556,0.8501368479420762,MST
WIA,WIW,0.6386279707014816,0.850143551758782,MST
PRSU,RLJ,0.6383633564778532,0.850454753084662,MST
ACNB,FNLC,0.6376638744294625,0.8512768357832105,MST
FDS,MCO,0.6373727997089277,0.8516186943592446,MST
BC,HZO,0.6373125450653612,0.8516894444979799,MST
ALSN,CMI,0.6368987800472863,0.8521751227919221,MST
NOW,TEAM,0.6368949728227683,0.8521795904352928,MST
CVCO,SKY,0.636710673569623,0.8523958310906701,MST
ICLR,IQV,0.6367087744648284,0.8523980590489065,MST
BRK-B,MRSH,0.6365339161623572,0.8526031712791629,MST
AVY,ITW,0.6364056222946022,0.8527536311331636,MST
AME,ROP,0.6364005289948325,0.8527596038804459,MST
CACI,LDOS,0.6357349993294222,0.8535396893766308,MST
CWBC,FISI,0.6357181105253195,0.8535594759296865,MST
HRZN,PFLT,0.6356489598671374,0.8536404865432081,MST
AIZ,TRV,0.6354258681781096,0.853901788055149,MST
EMF,KF,0.6352628485083206,0.8540926782166902,MST
ADSK,NOW,0.6351830990871086,0.8541860463773585,MST
RGR,SWBI,0.6351456158887477,0.8542299270234592,MST
FAST,ITW,0.6348977585131524,0.8545200307621204,MST
AIN,MOG-A,0.6346978468805659,0.8547539448513053,MST
DVN,NOG,0.634322464564647,0.8551930021174787,MST
BANR,WNEB,0.634319219699464,0.855196796416516,MST
GOF,JQC,0.634281451556003,0.8552409583783941,MST
NAT,TNK,0.6340073215999237,0.8555614278356363,MST
CMC,CRS,0.6339960530607168,0.8555745986637088,MST
ACR,MITT,0.6338110740961425,0.8557907757201612,MST
ADSK,PTC,0.6330146453432145,0.8567209051456437,MST
GTE,VET,0.6319463722273904,0.8579669314986559,MST
CPA,UAL,0.6318458909717534,0.8580840390407535,MST
CX,MXF,0.6318285397237281,0.8581042597217099,MST
BCBP,MBWM,0.6316843201522429,0.8582723109220722,MST
ATMP,CQP,0.6315171392766753,0.8584670765071013,MST
PEO,WDS,0.6313055952319486,0.8587134618346813,MST
GGAL,TEO,0.6311687317151171,0.8588728291020539,MST
HMN,TOWN,0.6311619691589743,0.8588807028231868,MST
ACN,PAYX,0.6308638260969546,0.8592277624740083,MST
HPI,JSM,0.6307702061038691,0.8593367138626522,MST
CW,HWM,0.6305163733481866,0.8596320452982351,MST
GATX,SF,0.6303595025948838,0.8598145118630136,MST
EIX,SRE,0.6299523935630097,0.86028786628313,MST
GDV,SSNC,0.6296894030243837,0.8605935126127972,MST
LII,TT,0.6294929164173256,0.8608217975663423,MST
GIS,SJM,0.6292716098746368,0.8610788467095951,MST
CNC,ELV,0.6292161921179568,0.86114320282058,MST
CSR,IRT,0.6290730893250491,0.8613093644852016,MST
AOS,MAS,0.6288367251649285,0.8615837450127196,MST
COF,ENVA,0.6288208778781613,0.8616021380217654,MST
REI,SM,0.6284518304792813,0.862030358538165,MST
GRC,MTX,0.6280606239712813,0.8624840590164189,MST
AIT,RUSHB,0.6275817300107207,0.8630391300390491,MST
BELFA,BELFB,0.6273725135068686,0.8632815143313697,MST
LII,WSO,0.6273487599561476,0.863309029309728,MST
CC,HUN,0.6272601550574278,0.8634116572557637,MST
DNP,PDT,0.6271346397888683,0.8635570163123356,MST
CVCO,TMHC,0.6271191310579739,0.863574975253482,MST
ASM,EXK,0.6271000623543808,0.8635970560922718,MST
BSBR,GGB,0.62618435602925,0.8646567457329526,MST
NPKI,PTEN,0.6261411320395709,0.864706734055459,MST
MT,TX,0.6259812081856213,0.8648916600527244,MST
CUK,LIND,0.6255263803223541,0.8654173786996029,MST
SLB,XPRO,0.6250027546761641,0.8660222229525475,MST
OPY,SF,0.6247928796018412,0.8662645328052613,MST
HHH,RVT,0.6244695859523677,0.8666376567489233,MST
NZF,PNI,0.6243352923640018,0.8667926022250054,MST
BCE,RCI,0.6238994800094023,0.8672952438363739,MST
EDIT,NTLA,0.6238820334203434,0.8673153596929511,MST
PIM,PPT,0.623849593466591,0.8673527616067283,MST
CRESY,PAM,0.6236699774671477,0.8675598221827153,MST
RVT,SXI,0.6235258921436204,0.8677258874280283,MST
ATLO,CCNE,0.6234517298263251,0.8678113506674995,MST
DDS,M,0.6233643873271233,0.8679119917052381,MST
CBRE,CIGI,0.6233574437320899,0.8679199920129852,MST
AMAT,VECO,0.6225483191649432,0.8688517489595757,MST
GPC,LKQ,0.62171191508843,0.8698138707925621,MST
GNK,SBLK,0.6216694668163137,0.8698626709816742,MST
RUN,SEDG,0.6213102544154012,0.8702755260084002,MST
IQV,NFJ,0.6213091734287927,0.8702767681274818,MST
FMX,KOF,0.6212798849429407,0.8703104216968326,MST
EXLS,G,0.6209388410224029,0.8707021982028035,MST
AGM,BUSE,0.6209114985072824,0.8707336004688432,MST
TEN,TNK,0.6207970465589466,0.8708650336774962,MST
IBKR,LPLA,0.6207540940652868,0.870914353923178,MST
NRG,VST,0.6206128501317426,0.8710765177276418,MST
PGZ,RNP,0.6203031436473044,0.8714319897188714,MST
PCM,PFL,0.6202550876784632,0.8714871339515424,MST
CRSP,NTLA,0.6202004145156684,0.8715498671726496,MST
KW,PDM,0.6201182124796186,0.8716441791469515,MST
ACM,KBR,0.6200034042069829,0.8717758838061731,MST
AWI,RVT,0.6198154752274223,0.8719914274493502,MST
FBIN,WHR,0.6197999790873375,0.8720091982458241,MST
ADP,TY,0.6197622293003109,0.8720524877548245,MST
ARW,BDC,0.6194860922762497,0.8723690821249344,MST
BKNG,HLT,0.6189934645310542,0.8729336005320746,MST
FND,HD,0.6189576152453096,0.8729746671635901,MST
KFY,MAN,0.6188360008182157,0.8731139664233809,MST
BTZ,GHY,0.6186850655789914,0.8732868193451778,MST
DTF,NZF,0.61862028571282,0.8733609955650412,MST
MCO,VRSK,0.6186183740209575,0.8733631844531146,MST
GOOD,SAFE,0.6185581246552799,0.8734321671941332,MST
EQIX,PLD,0.6183283180548148,0.8736952351308609,MST
GD,HII,0.6182605984826436,0.873772741068702,MST
HPE,HPQ,0.6182211409782582,0.8738178975298478,MST
AM,ATMP,0.6176891302503777,0.8744265203544804,MST
EME,PRIM,0.6176194083436233,0.8745062511570477,MST
EIG,SAFT,0.6173744588598387,0.8747863066374111,MST
CRS,KALU,0.617221075436078,0.8749616272316427,MST
ORRF,UVSP,0.617108363803311,0.8750904366940471,MST
FDX,UPS,0.6170468668608227,0.8751607088291582,MST
IOSP,SCL,0.6169033030186778,0.8753247362908491,MST
HMN,SAFT,0.616675896122332,0.8755844949262955,MST
INSW,TNK,0.6165614550492962,0.8757151876617235,MST
CAE,GDV,0.6158144417051276,0.876567804901449,MST
CRESY,IRS,0.6155464198896774,0.8768735143797224,MST
FLC,GDL,0.615494950034114,0.876932209427714,MST
GDV,LKQ,0.615472674963369,0.8769576101917709,MST
FBIN,TREX,0.615238842439636,0.8772242102910338,MST
GLU,PDT,0.6150361190284002,0.8774552763207932,MST
NAVI,SLM,0.6147566618840288,0.8777737044545949,MST
CXE,IQI,0.6146570136398138,0.8778872209574373,MST
AMT,AWK,0.614606950360793,0.8779442461104315,MST
MPWR,SMTC,0.6144860048610606,0.878081995190585,MST
IX,SMFG,0.6144145389720911,0.8781633800471401,MST
IAC,MTCH,0.6142760032961584,0.878321122032075,MST
PYPL,XYZ,0.6142028199456858,0.8784044399413224,MST
DRH,MCS,0.6141692888091531,0.878442611888616,MST
G,GDV,0.6140648784814757,0.878561462299052,MST
MA,SYK,0.6138915769362365,0.8787586961888496,MST
FAF,MHO,0.6137401927005061,0.8789309498470218,MST
BIO,TMO,0.61346778173877,0.8792408296493401,MST
AQN,FTS,0.613426976839543,0.8792872376652092,MST
ADI,KEYS,0.6128722747967744,0.8799178657161424,MST
PFS,TILE,0.6128561145746716,0.8799362311273794,MST
KAI,RVT,0.6125819211250223,0.8802477820193331,MST
ASH,RVT,0.6125557581705308,0.880277503778745,MST
EMA,FTS,0.6124183764345583,0.8804335563407857,MST
KWR,RVT,0.6124098827768085,0.8804432034188139,MST
BCML,IBCP,0.6123325314206894,0.8805310540569373,MST
SPG,SRG,0.6123248065487041,0.8805398269826253,MST
FSS,ITT,0.6121159333158441,0.8807770054720501,MST
BC,HOG,0.6118899503813162,0.8810335403589171,MST
APOG,RVT,0.6116144743320983,0.8813461586322389,MST
JBTM,RVT,0.6115554788747595,0.8814130939862881,MST
MKSI,PLAB,0.6115370405385098,0.8814340128012876,MST
LEA,THRM,0.611184692251062,0.8818336665708993,MST
BLDP,PLUG,0.6109070300148902,0.8821484795487773,MST
FISI,FSBW,0.6108857808096867,0.8821725672342269,MST
CAL,GCO,0.6106802586548298,0.8824055092135024,MST
BR,MCO,0.610652994767558,0.8824364059040651,MST
GAP,URBN,0.6105672291528254,0.8825335923886123,MST
CPRI,PVH,0.6103114926707923,0.8828233201827053,MST
CIF,VLT,0.6099689685877773,0.8832112220892834,MST
AAT,FSP,0.609491197397127,0.8837520043574136,MST
ECL,LIN,0.6093794129299398,0.8838784838087872,MST
FBIN,SITE,0.6091399737911473,0.884149338300779,MST
BCE,FTS,0.6090830422953721,0.8842137272228111,MST
BWFG,TOWN,0.6090801321654318,0.8842170184231564,MST
AVAL,CIB,0.6088743807396166,0.8844496811694641,MST
BST,XYZ,0.6085181731940454,0.8848523343541052,MST
CATY,KFY,0.6084099130704602,0.8849746741342825,MST
ENPH,SEDG,0.6083736467112872,0.8850156532951412,MST
NAD,NBB,0.6082531057645657,0.8851518448666695,MST
EEA,GDV,0.6080708043933233,0.885357775824753,MST
ACN,GIB,0.6076592194808176,0.8858225336027329,MST
KOP,MTX,0.6076418323234051,0.8858421616479935,MST
COLM,PVH,0.607365000215308,0.8861546138058437,MST
ITW,PKG,0.6072771945254168,0.8862536944629152,MST
COHR,MKSI,0.6071654747570085,0.8863797439506291,MST
CDW,RVT,0.6071281136331997,0.8864218931939805,MST
RVT,VYX,0.6070674340583244,0.8864903450592968,MST
GT,LEA,0.6069421554216343,0.8866316535950718,MST
POOL,SITE,0.6067490279369051,0.8868494483993266,MST
MUA,NZF,0.6063468465586346,0.8873028270453841,MST
HUBS,PCTY,0.606204855090783,0.887462838556316,MST
CSTM,KALU,0.6056984818327739,0.8880332405571608,MST
ASA,GGN,0.6056929860105027,0.8880394292929761,MST
ALG,TKR,0.6056739677602389,0.8880608450323223,MST
NAD,NPV,0.605609767006948,0.8881331352821512,MST
AVNT,MTRN,0.6055868878030224,0.8881588959155648,MST
PKG,SON,0.6046728810132306,0.8891874031797452,MST
DHR,RGEN,0.6044898316682671,0.8893932407340781,MST
MCHP,SYNA,0.6044532156586466,0.8894344094325937,MST
EEFT,WEX,0.6043595699526664,0.8895396900052674,MST
BUSE,DLX,0.6042827235357358,0.8896260747800327,MST
HNI,MTX,0.6039529855965046,0.8899966453908638,MST
BRSL,MGM,0.6037827855242827,0.8901878616064335,MST
AMZN,META,0.6035413656841407,0.890459021309638,MST
NRO,SEVN,0.6032321047045736,0.8908062587290532,MST
RVT,WD,0.6027486912613608,0.8913487630985295,MST
FNB,GHC,0.602039965826619,0.8921435245221264,MST
FBIN,JELD,0.6019537210852615,0.8922401906602712,MST
MOS,PEO,0.6018037919597914,0.8924082115715976,MST
PVH,RVT,0.601635095319362,0.8925972268393376,MST
BUSE,LCNB,0.6010237337863154,0.893281888558908,MST
NZF,OIA,0.6009806035309792,0.8933301701711645,MST
GTLS,RMT,0.6006907856133199,0.8936545354740613,MST
EVV,PPT,0.6005479816107956,0.8938143189602686,MST
BCPC,IOSP,0.600405922271455,0.8939732409066224,MST
DBI,GIII,0.600259583010637,0.8941369212702974,MST
DUK,KO,0.6002489864253551,0.8941487723803516,MST
MCO,TRU,0.6002454180663238,0.8941527631603855,MST
BBN,GBAB,0.6000422130257211,0.8943799941571579,MST
HAL,KEX,0.5995963551156283,0.8948783659072016,MST
JPC,OPP,0.5993976910133682,0.8951003396118581,MST
ATKR,GDV,0.5991680765600017,0.8953568265669261,MST
CTS,RMT,0.5988703453830904,0.8956892927984678,MST
PSKY,WBD,0.5987392284384446,0.8958356674765248,MST
EPAC,PH,0.598670381653771,0.8959125162048235,MST
ECPG,PRAA,0.5985402114596198,0.8960577978460766,MST
RMT,WSC,0.5984529029503617,0.8961552287964829,MST
AZZ,RMT,0.5982765198156328,0.8963520292656978,MST
CSL,ITW,0.5979555107764573,0.8967100860629847,MST
FBIN,NX,0.5975588513609685,0.8971523266859776,MST
NHI,XRN,0.5974727354829223,0.8972483095744206,MST
EXPD,LSTR,0.5973503188028829,0.8973847348792123,MST
AAMI,GDV,0.5969870448248059,0.8977894576961729,MST
KMX,PAG,0.5969112977649991,0.8978738243595266,MST
MHO,SGI,0.5966987208026883,0.8981105490943881,MST
ASTE,TEX,0.5965905108735059,0.8982310272157092,MST
SB,SBLK,0.5965679124662455,0.8982561856550217,MST
HTHT,TCOM,0.5965510018758493,0.8982750114793917,MST
OXY,SSL,0.5963276846525726,0.8985235838278564,MST
PEO,SFL,0.5961755394785189,0.898692895845384,MST
NOVT,RVT,0.5961715165346285,0.8986973722731935,MST
CSW,RVT,0.5960847213382368,0.8987939459762324,MST
FIVN,RNG,0.5955531229280965,0.8993852089865649,MST
EMD,TEI,0.595331561173818,0.8996315232651444,MST
CMCO,RVT,0.5952743734273924,0.899695088985827,MST
PRKS,RCL,0.5949510890713892,0.9000543438355385,MST
FET,MTDR,0.5949196956879313,0.9000892225908148,MST
AYI,HUBB,0.5947057712404563,0.9003268614892523,MST
ACN,IT,0.5944419037378434,0.9006198934757732,MST
FUN,PRKS,0.5939349401296995,0.9011826228576542,MST
IPI,MOS,0.5937968951418736,0.901335791875732,MST
HLNE,KKR,0.5935258154476911,0.9016364949937518,MST
EME,STRL,0.593515220654585,0.9016482455430334,MST
SF,WT,0.5934019975553015,0.9017738102702899,MST
IDXX,ZTS,0.5932312933473117,0.9019630886601605,MST
EFOR,RHI,0.5930709995421675,0.9021407877463833,MST
HBM,TGB,0.5930006966155107,0.9022187133777367,MST
IBCP,NBN,0.5926486064350598,0.9026088782689213,MST
CHD,CLX,0.5925165900437593,0.9027551273255009,MST
DBI,SHOO,0.5924341104921077,0.9028464869598732,MST
PCF,PDT,0.5923887473927237,0.9028967300940637,MST
AVNT,NGVT,0.5923884297751906,0.9028970818701425,MST
CAG,GIS,0.5923086814046901,0.9029854025346257,MST
CEVA,MPWR,0.5922478152878431,0.903052805446234,MST
DNOW,NOV,0.592009656229428,0.9033164935619984,MST
SHOP,XYZ,0.5919923862348268,0.9033356117912913,MST
RVT,WMS,0.5918009554692099,0.9035475023824593,MST
BUSE,MPB,0.5914598791485149,0.9039249093276334,MST
HPE,NTAP,0.5912021985964332,0.9042099329288158,MST
AEO,ANF,0.5911561079977341,0.9042609048303104,MST
ARCC,BBDC,0.5910931444622046,0.9043305319824112,MST
DCI,MSA,0.591084783611785,0.9043397772830907,MST
BHK,BTZ,0.5908168366534056,0.9046360189010765,MST
FRBA,QCRH,0.5904108356289991,0.9050847080478168,MST
HSY,MDLZ,0.5902840689672133,0.9052247577621667,MST
BUSE,TSBK,0.5899060799321706,0.9056422252388958,MST
GGG,TTC,0.5894818680622054,0.9061105141623671,MST
HLT,LYV,0.5894014342618001,0.9061992780158235,MST
BTE,OBE,0.5893687374578382,0.9062353585489387,MST
MPWR,MTSI,0.589251631518683,0.9063645717715548,MST
GAP,M,0.5890126255955564,0.9066282307588305,MST
NGG,PPL,0.5889888758627536,0.9066544260491385,MST
ARTNA,YORW,0.5887147758238509,0.9069566959630974,MST
CTAS,RSG,0.588594046938051,0.9070898004739653,MST
PVH,SHOO,0.5884671439197527,0.9072296909606158,MST
BGR,BSM,0.5882081536869188,0.907515119778267,MST
ETD,LZB,0.5881282743508096,0.9076031353506778,MST
INFY,WIT,0.588122672832058,0.9076093071007393,MST
ACIW,RVT,0.5879723790827136,0.9077748849987936,MST
FLG,VLY,0.5878559918810298,0.9079030874702103,MST
FOR,MTH,0.5872181520325761,0.9086053576415053,MST
BUSE,PKBK,0.5868612031981159,0.9089981262927709,MST
ALV,STLA,0.5868291645871179,0.9090333716788203,MST
NBH,VKQ,0.5867767095607579,0.9090910740286059,MST
JBHT,R,0.5867559136805589,0.909113949204874,MST
KN,VSH,0.5863968277399131,0.9095088479614554,MST
GIS,MDLZ,0.5861773480258562,0.9097501327003408,MST
MO,PM,0.586101175562586,0.9098338578415446,MST
CATY,MATW,0.5859779194275978,0.9099693187931143,MST
PLXS,SANM,0.5859322514897586,0.9100195036484013,MST
FICO,MCO,0.5857099208726284,0.910263784984739,MST
EPM,PEO,0.585614207192477,0.9103689283005247,MST
ITT,R,0.5855497618202341,0.9104397159392442,MST
AOSL,POWI,0.5855104848679672,0.9104828555574594,MST
GIB,OTEX,0.5853984863948667,0.9106058572237863,MST
NSP,TNET,0.5852714789704946,0.9107453222822562,MST
BRC,CATY,0.5851740042808888,0.9108523433785645,MST
BABA,WB,0.5846306342050765,0.9114486993736108,MST
EHC,UHS,0.5845391612260825,0.9115490538351927,MST
ATR,SON,0.5845303544307283,0.9115587151349842,MST
IBCP,UNTY,0.5844310610962218,0.9116676356038731,MST
IBN,IIF,0.5843798921455091,0.9117237606364011,MST
MYRG,PWR,0.5841579530696748,0.9119671561304444,MST
FBIN,LEG,0.5839722228483605,0.9121707922879788,MST
AMSF,EIG,0.5839299767383113,0.9122171049280854,MST
MMD,NZF,0.583490443262837,0.9126988076437516,MST
DMO,DSL,0.5830920094819556,0.9131352479430902,MST
MYI,NUV,0.5829348351777129,0.9133073577085504,MST
AXP,DIS,0.5828937339590483,0.9133523592140678,MST
ASA,USAS,0.5822704146223973,0.9140345566526494,MST
RVT,VMI,0.5819646408357763,0.9143690274328234,MST
IBCP,MVBF,0.5819623510872948,0.9143715316136053,MST
IQV,MEDP,0.5815130221218846,0.91486280706794,MST
NXST,RVT,0.5810483939539826,0.9153705326762681,MST
CATY,THR,0.5810179653608772,0.9154037739043058,MST
AMP,HPE,0.5809531307479557,0.9154745974105937,MST
INTU,TYL,0.5807201244276093,0.9157290817402172,MST
FDUS,OFS,0.5806570923815048,0.915797911788944,MST
BAH,CACI,0.5806558552845321,0.9157992626285172,MST
DOC,MPT,0.5802141900397237,0.9162814086952504,MST
OXM,PVH,0.580188538127151,0.9163094039382648,MST
PVH,VFC,0.5798925806338415,0.91663233563535,MST
GWRE,NOW,0.5797009587170234,0.9168413617229282,MST
ARCC,OCSL,0.5794785882959028,0.9170838693424906,MST
NWS,RVT,0.579478014827106,0.9170844946600002,MST
GE,PH,0.5792762061217119,0.9173045229129616,MST
THG,UFCS,0.5789124057881077,0.9177010343373188,MST
MTUS,STLD,0.578793673094874,0.9178304057995965,MST
SYK,TFX,0.578700895561915,0.9179314837590931,MST
BGH,HYI,0.5786524046013326,0.9179843085790382,MST
GL,PRU,0.5786434157638976,0.9179941004561004,MST
BKE,URBN,0.5785019990385042,0.9181481372431094,MST
FN,LITE,0.5783601965971232,0.9183025682234334,MST
OXY,SD,0.5779934838478886,0.9187018190382681,MST
RVT,TJX,0.5779574780578154,0.9187410102332263,MST
CSCO,STEW,0.5776541221260324,0.9190711374795398,MST
AZTA,MKSI,0.5776535850878827,0.9190717218064294,MST
MSFT,VRSN,0.5775629837519877,0.9191702956993468,MST
BGR,SBR,0.5775519196199235,0.9191823327067122,MST
CTBB,FFC,0.577270357368743,0.9194885998545681,MST
IQV,ZTS,0.5764804281528729,0.9203472951523539,MST
RH,WSM,0.5762685001347917,0.920577535968816,MST
AOD,MXF,0.5761746877335991,0.9206794363581722,MST
IPGP,MKSI,0.5760576984064522,0.9208064960604349,MST
CNMD,RVT,0.5760057540752549,0.9208629061100736,MST
STE,SYK,0.5758169066929623,0.9210679598238534,MST
OMC,WPP,0.575750536574935,0.9211400147915245,MST
CIB,EC,0.5757228264932746,0.9211700966778344,MST
BABA,BZUN,0.5756939685555695,0.9212014236250728,MST
TSM,TWN,0.5755237181351768,0.921386218547709,MST
PLNT,RHP,0.5751977618050922,0.9217399179756812,MST
CHRW,EXPD,0.5751767245794558,0.9217627410787922,MST
CGNX,MKSI,0.5749888236238185,0.9219665681316015,MST
OLED,SWKS,0.5748952500312132,0.9220680560227502,MST
ALNT,RMT,0.5744196712333218,0.9225836859241314,MST
CWST,RSG,0.5742044262917315,0.9228169631170295,MST
AM,AR,0.5741969149835938,0.9228251026239004,MST
RVT,ZBRA,0.5739276524208995,0.923116837219537,MST
FELE,TNC,0.5735785347151553,0.9234949542740823,MST
MSFT,SAP,0.573545746207074,0.9235304583963931,MST
RYZ,STLD,0.5732663844934619,0.9238329021057197,MST
COO,SYK,0.5730134231962609,0.9241066786943367,MST
GDO,ISD,0.5729205003852175,0.924207227427683,MST
NNI,TOWN,0.5729143346934473,0.9242138987340027,MST
NGL,PAA,0.5726941301276026,0.92445212950417,MST
FISV,GPN,0.5725516793817802,0.9246062087377738,MST
AMBA,MPWR,0.5723961316100938,0.924774424808457,MST
CLS,JBL,0.5723723867457742,0.9248001008371765,MST
GTN,SSP,0.5722816789761735,0.924898179286592,MST
GSK,NVS,0.5722585553608033,0.9249231802038446,MST
NUW,NZF,0.5721102557237792,0.9250835035565393,MST
AUB,MCHB,0.5717252333830039,0.9254996127681482,MST
GPK,SON,0.5712852558582944,0.9259748853416119,MST
ROCK,SSD,0.5712235399967968,0.9260415325493812,MST
CSIQ,FSLR,0.5709358979161779,0.926352095138584,MST
DY,MTZ,0.5703848758124102,0.9269467343786155,MST
GAP,PVH,0.5702885867670532,0.9270506062054507,MST
AAT,DHC,0.5701043065220943,0.9272493661123804,MST
MDLZ,MKC,0.5698005314262219,0.9275769171058302,MST
NXP,VMO,0.5696643961329992,0.9277236699222465,MST
HUBS,OKTA,0.5695611800467546,0.9278349206116845,MST
FUL,SXT,0.5695579180818799,0.9278384362787737,MST
GDV,VVV,0.5694331035984971,0.9279729483142307,MST
OMC,PRU,0.5687591883850306,0.9286988872772158,MST
FNLC,NKSH,0.5685854692841058,0.9288859248754867,MST
DBL,DSL,0.5684100909844588,0.9290747106832057,MST
JD,TCOM,0.5681403039051952,0.9293650478631148,MST
PLUS,RVT,0.568138667403843,0.9293668087425513,MST
BUSE,TRS,0.5680793652753618,0.9294306157262501,MST
ARW,NSIT,0.5680637682848881,0.9294473968064162,MST
JD,NTES,0.5678172955943006,0.9297125409562887,MST
BDCZ,PSEC,0.5677337951063566,0.9298023498503791,MST
TCPC,WHF,0.5672253275370911,0.9303490446739965,MST
ISTR,PGC,0.5672052921880488,0.930370579728262,MST
ABT,TMO,0.5671415336789872,0.9304391074337028,MST
GDV,UHS,0.5671286782412243,0.9304529238588869,MST
KLAC,PDFS,0.5664190525766579,0.9312152784650197,MST
GDV,LH,0.5663604161316008,0.9312782439941343,MST
AIR,DCO,0.5663331558964333,0.9313075153820748,MST
AZO,GPC,0.5661494412917705,0.9315047597390252,MST
TKR,WNC,0.5661242811558735,0.9315317695539175,MST
AVNT,NVRI,0.5659200511006547,0.9317509848659623,MST
DRI,QSR,0.5658795731473816,0.9317944267408111,MST
CALY,RVT,0.5656333429136016,0.9320586430975236,MST
NOW,PEGA,0.5655976018383463,0.9320969886891103,MST
CIEN,LITE,0.5652186465356421,0.9325034621537422,MST
MOMO,WB,0.5650793297165265,0.9326528510474553,MST
COST,WMT,0.5649567007041298,0.9327843258716028,MST
HLIO,NPO,0.5645555999546947,0.9332142305444182,MST
EME,GVA,0.5644540294068959,0.9333230636742071,MST
SEM,UHS,0.5644399675057906,0.9333381300409936,MST
DLB,RVT,0.5640719650439514,0.9337323331191317,MST
ASA,GLDG,0.5639267869187103,0.933887801699208,MST
HMC,IX,0.5638725824762165,0.9339458416030166,MST
CATY,MGRC,0.5637795981572036,0.934045397015366,MST
ANGI,IAC,0.563262878504789,0.9345984394329053,MST
DRI,WEN,0.5632592770224267,0.9346022929327461,MST
LNN,VMI,0.5629955408329966,0.9348844411658623,MST
RVT,TTEK,0.5626494210554879,0.9352545952247571,MST
GEF,PKG,0.5625232578747423,0.935389482649081,MST
MUR,TPL,0.5621102370469007,0.9358309280560237,MST
CPRT,MCO,0.5620677848671861,0.9358762900435227,MST
NFG,NJR,0.5619318629325292,0.9360215137137295,MST
EW,ISRG,0.5618624382002068,0.9360956807931476,MST
BGC,RVT,0.561610492760608,0.9363647870775491,MST
MANH,NIE,0.5615602188290437,0.936418476078891,MST
AOD,IFN,0.5614202793721701,0.936567905309412,MST
DGII,RMT,0.5613768910693894,0.9366142310798087,MST
EXPE,TRIP,0.5613506951722012,0.9366421993779683,MST
SNN,SYK,0.5610880777772973,0.9369225391916908,MST
BANR,RVSB,0.5607576084938907,0.9372751906522537,MST
BLX,WTFC,0.5603757945017623,0.9376824681076613,MST
JACK,WEN,0.5602501413520948,0.9378164624785653,MST
RVT,SCSC,0.5602228627134477,0.937845549423307,MST
CBOE,CME,0.5600792750551863,0.9379986406651277,MST
FPF,JHS,0.5600717359838185,0.9380066780318587,MST
MCO,MORN,0.5600003954274211,0.938082730437544,MST
EPAM,GLOB,0.5599043749977598,0.9381850830217247,MST
CVLG,MRTN,0.559742013360925,0.9383581263452403,MST
CVX,KRP,0.5596832665557134,0.9384207302103749,MST
NOW,VEEV,0.5595851843607885,0.9385252427497212,MST
FR,IRM,0.559448484489566,0.9386708853591167,MST
VLT,WEA,0.559198300277782,0.9389373778077195,MST
LPX,WFG,0.5590596764525391,0.9390850052550738,MST
IBOC,PLOW,0.5587544700816093,0.9394099530219922,MST
ACN,GLOB,0.5580837480213043,0.9401236641832772,MST
INTU,QTWO,0.5580829301378594,0.9401245341571941,MST
ACHC,UHS,0.5578581737771863,0.940363574605922,MST
SHOO,WWW,0.5578262898255261,0.9403974799779867,MST
BATRA,GDV,0.5577048993035162,0.9405265553895688,MST
SF,SNEX,0.5576374484847202,0.9405982686729546,MST
DJP,VET,0.5575051516257121,0.9407389099790524,MST
AEO,ZUMZ,0.557491762671901,0.9407531422515675,MST
HUBS,WIX,0.5570314002013265,0.9412423702731125,MST
MXL,NXPI,0.5569794510001851,0.9412975608167854,MST
DAR,RVT,0.5567970237481227,0.9414913448905171,MST
IQI,NAZ,0.5567938262314599,0.9414947411096252,MST
BANX,FPF,0.5567268498046302,0.9415658768194287,MST
QSR,YUM,0.5566943005899666,0.9416004454226149,MST
AHT,DRH,0.5566433302942039,0.9416545754211532,MST
INTC,MCHP,0.5565658497680127,0.9417368530879391,MST
WLY,WLYB,0.5562429330230635,0.9420796855648003,MST
DSX,SBLK,0.5562314103161656,0.9420919166236746,MST
ARLP,TYG,0.5561770013223997,0.9421496682349364,MST
KELYA,KFY,0.5560754953072733,0.9422574008122481,MST
AVNT,MYE,0.556037405499069,0.9422978239398954,MST
BMI,XYL,0.5558421102330545,0.9425050554420867,MST
LOW,WSM,0.5555565667058754,0.9428079690945814,MST
CCK,RVT,0.5555107355455138,0.942856579183161,MST
JOE,RVT,0.5555023706437264,0.9428654510122572,MST
FTNT,PANW,0.5554540780828602,0.9429166685525713,MST
ITRI,RVT,0.5554202552996012,0.9429525382546026,MST
JOYY,MOMO,0.5553894872999081,0.9429851671156784,MST
CTSH,INFY,0.5553326741413968,0.9430454133906843,MST
BWXT,CW,0.5549028432656063,0.9435010935175365,MST
EA,TTWO,0.5545446250200747,0.9438806862945394,MST
COF,RM,0.5542300525071456,0.9442139031944555,MST
ACM,FLR,0.5540164042655348,0.9444401471077616,MST
BCO,RVT,0.5539825366879927,0.9444760063781475,MST
BABA,GDS,0.5539180440075109,0.9445442879955276,MST
AZN,GSK,0.5535317473657599,0.9449531762306956,MST
DOX,PAYX,0.5535267989764004,0.9449584128665129,MST
TOWN,TRC,0.5534925451662631,0.9449946611846406,MST
LZB,RVT,0.5531740949616802,0.9453315873684955,MST
CNQ,GPRK,0.5530676498564729,0.9454441814761219,MST
BEP,BIP,0.5530477593413499,0.9454652195175136,MST
GRMN,RVT,0.5529438076159139,0.9455751608244435,MST
RICK,RVT,0.5527169012002917,0.9458150969398916,MST
BJRI,RRGB,0.5525677840903394,0.945972743697894,MST
GOOD,RMAX,0.5517863733625821,0.9467984227251521,MST
UONE,UONEK,0.5516987844685413,0.9468909288101336,MST
AMN,CCRN,0.5515722749820675,0.9470245245165856,MST
BUD,DEO,0.5515223453715542,0.9470772456652581,MST
HAS,MAT,0.5515073840049904,0.9470930429424657,MST
HY,NPO,0.55146975373956,0.9471327744940938,MST
KHC,MDLZ,0.5514175283375057,0.9471879134179176,MST
MCO,RELX,0.551014600964042,0.9476132112164308,MST
SGRY,THC,0.5509392719203611,0.9476927013327041,MST
DAN,OI,0.5506051544530727,0.9480451946473093,MST
HASI,RMT,0.5505856670571003,0.948065749769392,MST
PRU,SMFG,0.550582975564164,0.9480685886958137,MST
DOO,PII,0.55033540664864,0.9483296824958712,MST
BTI,PM,0.550322705120968,0.9483430759793968,MST
CTBI,FMAO,0.5500827191222758,0.9485961004323433,MST
DBRG,EVT,0.5500665991440544,0.9486130937910836,MST
PLXS,TTMI,0.5500257496085693,0.9486561551915749,MST
GFF,UFPI,0.5499525573212808,0.9487333057068453,MST
ALLY,CACC,0.5498982100223786,0.9487905880410297,MST
DKS,WSM,0.549416232109993,0.9492984439995749,MST
FIX,IESC,0.5494135563108602,0.9493012627076188,MST
SBUX,TY,0.5491818570760071,0.9495453047896061,MST
JKHY,PAYX,0.5490537048237898,0.9496802569035646,MST
PSX,WKC,0.548837949888464,0.9499074166586299,MST
STLD,SXC,0.5487817620263634,0.9499665656996951,MST
ATRO,MOG-A,0.5487496276480951,0.9500003919492928,MST
DORM,SMP,0.5483810669703874,0.950388271212995,MST
MYI,SBI,0.5480412418396474,0.9507457685000261,MST
KFRC,RHI,0.547800766706469,0.9509986680259136,MST
CCK,SLGN,0.5476286008449867,0.9511796877089137,MST
IDCC,RVT,0.547592138304535,0.951218020955727,MST
DELL,HPE,0.5474807252439511,0.9513351404799981,MST
L,SPNT,0.5470733826113858,0.9517632241147104,MST
HUBS,WK,0.5469959509368704,0.9518445766648351,MST
FTNT,NOW,0.5469701194855097,0.9518717145860469,MST
ETN,MOD,0.5468210068736435,0.9520283537020906,MST
MXF,TV,0.5466572643996693,0.9522003314432638,MST
KF,SHG,0.5463010815111091,0.9525743209733201,MST
EBF,FCBC,0.5459940805191164,0.9528965520778041,MST
ALX,VNO,0.5453092224818179,0.9536149930849264,MST
ASA,GAU,0.5452996325140296,0.9536250494675257,MST
AMP,DXC,0.5452425789067618,0.9536848757249307,MST
GNRC,RVT,0.544822817614681,0.9541249209462239,MST
RDNT,RMT,0.5447541765503542,0.9541968596150857,MST
ERIC,NOK,0.5447115209744327,0.954241561687152,MST
FIVN,HUBS,0.5439897765383304,0.9549976161872549,MST
FSLR,RUN,0.5434870891134855,0.9555238467840711,MST
CWEN,XIFR,0.5431496873502274,0.9558768881501138,MST
AES,DTE,0.5428208035695486,0.9562208912489325,MST
HD,TSCO,0.5423848963222601,0.9566766472301286,MST
FDX,RVT,0.5423156356645011,0.9567490416357874,MST
MT,PKX,0.5420731005066026,0.9570025073043408,MST
RVT,UHAL,0.5417603632801042,0.9573292398332934,MST
RVT,USPH,0.5417059539596694,0.9573860726377115,MST
DAL,RYAAY,0.541382497655258,0.9577238666178701,MST
DECK,SHOO,0.5412954193998839,0.9578147843921768,MST
TEAM,TWLO,0.541279748143799,0.9578311457205816,MST
RVT,VRRM,0.5411598216449789,0.9579563438435189,MST
ACCO,RMT,0.5411172413228973,0.9580007919381932,MST
AMGN,HQH,0.5410526657530491,0.9580681961603265,MST
EVTC,RVT,0.5407711732750192,0.9583619636911523,MST
JD,VIPS,0.5406545546406171,0.9584836413412416,MST
ATMP,GLP,0.5404503876485989,0.9586966280856537,MST
EMBJ,ITUB,0.540104680850743,0.9590571611215434,MST
ABM,HOMB,0.5400146719383102,0.9591510079874699,MST
NOW,RPD,0.5399668151257713,0.9592009016616162,MST
FPF,NXDT,0.5397565489620569,0.959420086341685,MST
CIGI,FSV,0.5397291917955468,0.9594486001912278,MST
CRK,RRC,0.5397257388632525,0.9594521990560525,MST
BBY,WSM,0.5393777506744869,0.9598148251881851,MST
GIS,HRL,0.5392998227302036,0.9598960123573765,MST
GIL,RVT,0.5392828415339778,0.9599137028566914,MST
ACN,IBM,0.5391831276288116,0.9600175752257751,MST
HSIC,XRAY,0.5387812604977071,0.9604360879332814,MST
MSI,TY,0.5387714866745171,0.9604462643224585,MST
AAT,RMR,0.5386367190412207,0.9605865717974401,MST
FITBI,RZB,0.538264917322654,0.9609735508091218,MST
PDI,RCS,0.5378352221470261,0.9614205925119078,MST
GSBC,MLR,0.5377872383636526,0.9614705004693045,MST
HQL,VRTX,0.536967583397828,0.9623226242816616,MST
LITE,VIAV,0.536891564130223,0.9624016166546865,MST
NMM,SBLK,0.5368180436668833,0.9624780063285775,MST
CSCO,FFIV,0.5365936763142681,0.9627110923695975,MST
DSGX,INTU,0.5365816729112216,0.9627235606224441,MST
CCEP,KO,0.5364501754401052,0.9628601399579222,MST
ARIS,ASA,0.5358051042036635,0.9635298602496308,MST
BBWI,GAP,0.5354146038333826,0.9639350560765154,MST
ANET,APH,0.5351712772592351,0.9641874534972594,MST
CSGP,SPGI,0.5350914995296328,0.9642701908390275,MST
BOOT,SHOO,0.5350825956994832,0.9642794245451022,MST
COLM,CRI,0.5349285385845041,0.9644391752884118,MST
KE,RMT,0.5345683518420196,0.9648125705627808,MST
HAL,TTI,0.5340020979070451,0.965399297796466,MST
FLO,GIS,0.533958726107804,0.9654442230312386,MST
FOXF,RMT,0.5338100208951002,0.9655982385080244,MST
BUD,ING,0.5338072855266774,0.9656010713263761,MST
RZB,SLMBP,0.5334537268679519,0.9659671558930439,MST
BCH,ENIC,0.5330816884237388,0.9663522252018268,MST
BFC,FCBC,0.5330764566909,0.966357639085137,MST
IIIN,RVT,0.5326222322543344,0.9668275624387894,MST
GDV,SPB,0.5324263393936204,0.967030155275811,MST
FWONA,GDV,0.5324073644405191,0.9670497769602979,MST
JNJ,PEP,0.5321614209554216,0.9673040670281278,MST
AOD,JOF,0.5319572369267106,0.9675151296732154,MST
ASA,VGZ,0.5312760017145943,0.9682189817240785,MST
VPG,VSH,0.5311205063903202,0.9683795677415751,MST
NVS,SNY,0.5310270807244604,0.9684760392240375,MST
BST,MELI,0.5306664043836836,0.9688483840274663,MST
ATHM,BABA,0.5302712250807183,0.9692561838020758,MST
NTCT,RMT,0.5301917752199523,0.9693381502654764,MST
NFJ,RACE,0.5301902431073057,0.9693397308402192,MST
BG,DAR,0.5301842841150135,0.9693458782962731,MST
ASIX,EMN,0.5294392762932665,0.97011414143567,MST
BF-B,DEO,0.5293971453187611,0.9701575693476178,MST
BCH,CCU,0.5293913742131986,0.9701635179564334,MST
MNST,PEP,0.5292969528576307,0.9702608382722342,MST
CAKE,SHAK,0.5290224693042992,0.9705436937054414,MST
ELV,THQ,0.5289650545167712,0.9706028492470324,MST
IMKTA,WMK,0.528930331357937,0.9706386234248697,MST
RELX,TRI,0.5288146574683134,0.9707577890820003,MST
DAL,SABR,0.5287778384280727,0.9707957164840885,MST
DG,DLTR,0.5284737907226209,0.9711088603008203,MST
AGO,OSG,0.5280963281514885,0.9714974748793859,MST
CALY,GOLF,0.528076756248149,0.9715176207890941,MST
LRCX,TSEM,0.5280755871689428,0.971518824141928,MST
AAON,EME,0.5280276963833429,0.9715681176496654,MST
ALRS,NFBK,0.5279388241462082,0.9716595863303071,MST
CTAS,UNF,0.5279328448745451,0.9716657399800149,MST
BBSI,IBCP,0.5278850379522525,0.9717149397305236,MST
MCY,THG,0.5278094879629439,0.9717926857484122,MST
A,ILMN,0.5277948581051537,0.9718077401367478,MST
GD,LDOS,0.5277889907830451,0.9718137776518245,MST
AMCR,FUL,0.5276786096447235,0.9719273536178272,MST
AMC,GME,0.5276653555385816,0.9719409904530402,MST
PEO,VTOL,0.5274425383912973,0.9721702130889454,MST
NEE,XIFR,0.527060746465182,0.9725628550739721,MST
ALL,KMPR,0.5268619780915472,0.9727672094683834,MST
RMT,SRI,0.5263899120250305,0.9732523701229496,MST
NTAP,P,0.5263423524128577,0.9733012355762654,MST
COLM,NKE,0.5263158020038637,0.9733285139110395,MST
BMRN,HQL,0.5263124126498882,0.9733319961350411,MST
BST,IAC,0.5263081529465055,0.9733363725387997,MST
PFX,TPVG,0.5257281536065035,0.9739320781178701,MST
SHOP,W,0.5256285700104949,0.9740343217664408,MST
ALGN,RVT,0.5252978486308868,0.9743738003139383,MST
APLE,CNTY,0.5247081182108849,0.9749788528877076,MST
PEO,REX,0.5245878655476272,0.9751021838272877,MST
GDV,HERZ,0.5245062502264403,0.9751858794850956,MST
ETD,HVT,0.5242350512993895,0.9754639395698956,MST
PG,UL,0.5240918110673783,0.9756107717041891,MST
RMT,VSEC,0.5239017620978912,0.9758055522511735,MST
EOS,GDDY,0.5237482477023959,0.9759628602540202,MST
EXTR,RMT,0.523323961558761,0.9763974994245315,MST
HIFS,ONB,0.5226285506732846,0.9771094609374278,MST
CIG,CIG-C,0.5224847749048416,0.9772565938331227,MST
RVT,SIG,0.5224464070544871,0.9772958538185997,MST
ASX,UMC,0.5223736297463646,0.9773703190230768,MST
PPC,TSN,0.5223712944248007,0.9773727084129159,MST
ROST,ULTA,0.5223670173658419,0.9773770844808651,MST
HQL,REGN,0.5221463108354096,0.9776028735274773,MST
BCIC,TYG,0.521550819079021,0.9782118184943167,MST
NVS,THQ,0.521390809413802,0.9783753784577758,MST
OPLN,RVT,0.5212633684022207,0.9785056275748029,MST
BMO,STN,0.5209388204749501,0.9788372484995143,MST
PAR,RMT,0.5208109690524739,0.9789678553941658,MST
COLM,UAA,0.5207135036602849,0.9790674096707694,MST
DGICA,SAFT,0.5204951837694267,0.9792903718821842,MST
AAP,AZO,0.5202479025662207,0.97954284993948,MST
GVA,TPC,0.5201436861517326,0.9796492370723997,MST
HQL,RARE,0.5199448711770654,0.979852161117109,MST
DXPE,HWC,0.5195312821070422,0.9802741635817581,MST
GPRE,REX,0.5195043637710992,0.9803016232047163,MST
MTX,SMP,0.5194210031034949,0.9803866552503712,MST
EOT,NMZ,0.5189990731823257,0.9808169317642047,MST
RMT,VCYT,0.5189868257358499,0.9808294186698828,MST
FNWB,PGC,0.5187450902223887,0.9810758480134054,MST
MHLA,MHNC,0.5185776182080787,0.9812465355780079,MST
ATMP,SMC,0.5179857862678231,0.9818494932851745,MST
QLYS,RPD,0.5172578514699122,0.9825906050131843,MST
ABT,BDX,0.5169274203553986,0.9829268331311354,MST
BURL,FIVE,0.5165969703466452,0.9832629654912818,MST
AMZN,NFLX,0.5160217937888779,0.983847758762627,MST
BTU,HCC,0.5157078350547225,0.9841668201532477,MST
RVT,ZD,0.5155264855268137,0.9843510699676069,MST
ACNB,CHMG,0.5154345865497815,0.984444425501225,MST
CROX,DECK,0.5153880295268071,0.9844917170532141,MST
FCX,SQM,0.5153273957636035,0.9845533040281734,MST
MOV,PVH,0.5152007527687364,0.9846819255285064,MST
SLB,TDW,0.5151517307416164,0.9847317089018548,MST
RMT,XRX,0.5149283100102253,0.9849585676461469,MST
GDS,VNET,0.5146325918339055,0.985258756029191,MST
HWKN,RVT,0.514398902367844,0.9854959133676364,MST
BKD,VTR,0.5143226049831546,0.9855733306221769,MST
FCBC,NHC,0.5142967781890457,0.9855995351165242,MST
MXF,VLRS,0.5132257188287067,0.9866856451487407,MST
BAK,UGP,0.5130879966873602,0.9868252158438594,MST
PEBK,SHBI,0.5129142940210785,0.987001221862386,MST
ARR,PFSI,0.512779257522791,0.9871380273064239,MST
FRO,SFL,0.5127692025084486,0.9871482132806111,MST
EXPO,RVT,0.5123669448986746,0.9875556238524749,MST
ECL,IFF,0.5123475485173532,0.9875752644559773,MST
GLNG,TK,0.512305815231675,0.9876175218862058,MST
LC,RVT,0.5122605347034968,0.9876633690650912,MST
HQL,XNCR,0.5121307647315338,0.98779475121957,MST
BRT,OLP,0.5121175208962615,0.9878081586054435,MST
JLS,JPC,0.511935917649627,0.9879919861520872,MST
EGHT,RNG,0.5117289706406599,0.9882014261873336,MST
ATMP,DKL,0.5117244447042274,0.9882060061503093,MST
MAIN,NEWT,0.5117204632265713,0.9882100351377016,MST
KYN,WLKP,0.5116358529448638,0.9882956511643024,MST
DMLP,PEO,0.5111306096900912,0.98880674584057,MST
CTBI,TG,0.5109152693534594,0.9890244998447112,MST
GORO,NEM,0.5103728484099379,0.9895727882172812,MST
ATMP,SPH,0.5102828763756622,0.9896637041180583,MST
BLKB,RVT,0.5102532545351647,0.989693634883882,MST
OXSQ,PFLT,0.5100711728624537,0.9898775956021495,MST
HPI,VIASP,0.5094213467610176,0.9905338492338184,MST
CRMT,PAG,0.5092609932785669,0.9906957219261958,MST
ITGR,RMT,0.5091952577813785,0.9907620725669927,MST
LOPE,PRDO,0.5088630207836427,0.9910973506334858,MST
FVCB,SHBI,0.5088569928015406,0.991103432743989,MST
PRLB,RMT,0.5085573962776907,0.9914056724896315,MST
HLT,MTN,0.5084521618737192,0.9915118134710053,MST
CMPR,RVT,0.50793828008008,0.9920299591442993,MST
RVT,SPSC,0.507782593988509,0.9921868836176893,MST
AMCX,WBD,0.5077525631891533,0.9922171504371881,MST
ALB,LAR,0.5076367061316149,0.9923339093958092,MST
CATY,MATX,0.5072011449729754,0.9927727383717027,MST
AROW,FRPH,0.506557538668891,0.9934208185166133,MST
TTD,XYZ,0.5063832784242283,0.9935962173597198,MST
KNSL,RLI,0.5062753920780534,0.993704793107034,MST
GDV,INGR,0.505681935544303,0.9943018298843637,MST
KO,PM,0.5055133938801379,0.9944713229850944,MST
SACH,VVR,0.5054528137104991,0.9945322380792901,MST
BRK-B,CMCSA,0.5053670012655237,0.9946185185632492,MST
PBR,YPF,0.5051560657358678,0.994830572775216,MST
BL,WK,0.5050922204686344,0.9948947477310005,MST
BF-B,STZ,0.505083483022664,0.9949035299739729,MST
CAC,NWFL,0.5049936725437395,0.9949937964191139,MST
HUBS,VRNS,0.5041781939979185,0.9958130406879411,MST
CTRN,RMT,0.50391877521181,0.9960735161504797,MST
CABO,LBRDK,0.5032524462908752,0.996742247232578,MST
LYV,MSGS,0.5031248383443025,0.996870264032083,MST
ETSY,XYZ,0.5031245544753284,0.9968705487922407,MST
PRLB,SSYS,0.5029681391118224,0.9970274428401433,MST
FIVN,NICE,0.5027565104906769,0.9972396798255905,MST
RMT,SMG,0.5023870863132902,0.9976100577747898,MST
GDV,TNET,0.5021995410721587,0.9977980346020344,MST
CPS,DCH,0.5021182601852398,0.9978794915366888,MST
IPAR,RVT,0.5020159594423844,0.9979820044045039,MST
BFAM,EVT,0.5019244092310906,0.9980737355214888,MST
FC,RVT,0.501883061110604,0.9981151625833524,MST
ASA,SII,0.5018325139851959,0.9981658038770954,MST
TITN,TKR,0.5017574002879823,0.9982410527643287,MST
KF,LPL,0.5015834577620676,0.9984152865796201,MST
JD,ZTO,0.501503150659412,0.9984957179082823,MST
CVS,UNH,0.5014896236655096,0.9985092651893526,MST
MSFT,ORCL,0.5014093600063392,0.9985896454436736,MST
HASI,RUN,0.501226997494288,0.9987722488192311,MST
AGO,MBI,0.5010503656879906,0.9989490820977909,MST
MSTR,RIOT,0.500708520939755,0.9992912278812869,MST
RVT,YELP,0.500345772332395,0.9996541678676731,MST
HAS,SWK,0.49989076325812615,1.0001092307761925,MST
DFIN,RVT,0.49974406469382104,1.0002559025631181,MST
CYH,THC,0.49919799254148844,1.0008016861082034,MST
FWRD,LSTR,0.49916690714246714,1.000832746124479,MST
HQH,INCY,0.4988932987409078,1.0011060895420547,MST
RMT,ZG,0.49867199553779573,1.0013271238333696,MST
GUT,PDT,0.4983083195205191,1.001690252003563,MST
MRK,THQ,0.4982858107245855,1.0017127225661202,MST
JNJ,PFE,0.49809837275517455,1.001899822581904,MST
PUK,VOD,0.4979514698600986,1.0020464361893628,MST
CASY,MUSA,0.4976090242107806,1.0023881242205728,MST
DVN,EGY,0.49752319241557497,1.0024737478701624,MST
ENSG,UHS,0.4973390018805163,1.0026574670539123,MST
LPG,STNG,0.49676720368740324,1.0032275876515724,MST
GAB,GCV,0.49675400146343573,1.0032407473149845,MST
ICL,MOS,0.4966443659010926,1.0033500227726189,MST
ODFL,TFII,0.4964640257386016,1.0035297447125306,MST
AAT,CTO,0.49642007340336114,1.0035735414972227,MST
COST,HD,0.4962276248411869,1.0037652864677211,MST
CATY,PKOH,0.496043008421446,1.0039491935138491,MST
NXST,WBD,0.4957529625728271,1.0042380568641809,MST
HQL,NTLA,0.4956991426026448,1.0042916482748976,MST
LAND,PDM,0.49568222451594773,1.0043084939241052,MST
BUSE,OPBK,0.49540517260408756,1.0045843194037147,MST
RLGT,RMT,0.49504635539846814,1.0049414357081032,MST
BANF,PROV,0.4950170158802198,1.0049706305358184,MST
CLNE,RMT,0.49492990402731246,1.0050573077916378,MST
GLRE,SRCE,0.49475327627007676,1.0052330314209965,MST
KT,SKM,0.4944178820561899,1.0055666242908126,MST
RVT,SBH,0.4939764915313852,1.0060054756000236,MST
HTHT,YUMC,0.49396765879317367,1.006014255571785,MST
HQL,RGNX,0.4937035273309053,1.0062767737248979,MST
NEA,PCQ,0.4936174804082329,1.0063622802865448,MST
FTAI,RMT,0.49347287914503685,1.0065059571159658,MST
AROC,NGS,0.4933310153838042,1.0066468940161648,MST
BN,JHX,0.49330057056710175,1.0066771373512942,MST
MATV,ONB,0.4930657292081472,1.006910394019103,MST
BST,LOGI,0.4926705906121531,1.0073027443503237,MST
MHF,NRK,0.4924250908366453,1.0075464348240777,MST
ROL,WM,0.4923668670764905,1.0076042208362463,MST
GDV,WHG,0.49210977835196296,1.0078593370585371,MST
MEI,RVT,0.49208057673072514,1.007888310547627,MST
SHBI,WEYS,0.4918787914891081,1.008088496622089,MST
BUSE,RGP,0.4918169137685317,1.0081498759921248,MST
NWPX,RVT,0.4914308871059593,1.0085327093297873,MST
BUSE,CBZ,0.4912345419128614,1.008727374553837,MST
BST,TSLA,0.49075402029285586,1.009203626338257,MST
CAR,RHP,0.4905868499291656,1.0093692585677794,MST
AMGN,GILD,0.4905212561860594,1.0094342413589312,MST
ROG,VSH,0.48954464520335905,1.010401261674431,MST
FCFS,SF,0.4893702617375778,1.0105738352663027,MST
BELFB,RMT,0.48923858194323566,1.0107041288693386,MST
EL,NFJ,0.4892318368635149,1.0107108024914793,MST
NVEC,RMT,0.48919762173160575,1.0107446544685699,MST
ETG,SONY,0.48908152934500687,1.0108595062173509,MST
EME,VST,0.4890763190938438,1.0108646604824567,MST
CRVL,EXLS,0.4888641067717081,1.0110745701760002,MST
LILAK,RVT,0.4888396807281014,1.0110987283860053,MST
DFP,WIW,0.4886866172965793,1.011250100324762,MST
FPF,TSI,0.48865960745032405,1.0112768093352837,MST
SCI,STEW,0.48843690166828396,1.0114970077382495,MST
CHSCO,CHSCP,0.4884320431314899,1.0115018110399112,MST
BCC,BXC,0.48797470577737995,1.0119538469936462,MST
CFFI,TOWN,0.4877251278614111,1.0122004466888848,MST
MDLZ,POST,0.48752765035391954,1.012395525124524,MST
AGYS,RMT,0.48677143749548235,1.0131422037448816,MST
CLFD,RMT,0.48673809510831173,1.0131751130892312,MST
PEBO,SAMG,0.48617733550414904,1.0137284296061257,MST
CRAI,IBCP,0.48616710579047495,1.0137385207335519,MST
DVA,FMS,0.48585246487137684,1.0140488500349705,MST
LULU,NKE,0.48579575545309517,1.0141047722468373,MST
MPWR,VICR,0.48480987985568674,1.0150764701679507,MST
PRDO,STRA,0.48470384659377613,1.015180923191747,MST
MCI,MPV,0.48453968972459044,1.0153426123978149,MST
PRG,UPBD,0.4840657644070994,1.015809269098191,MST
FORR,IBCP,0.48383358679007593,1.0160378075740333,MST
GME,KOSS,0.4837677688444925,1.0161025845410565,MST
LXFR,RVT,0.4831805267447116,1.0166803561152231,MST
BAX,BDX,0.4827274898227719,1.0171258625924602,MST
HLF,NUS,0.48223561952748334,1.0176093361133405,MST
RVT,XRAY,0.4819659284310768,1.0178743258073888,MST
COTY,CUK,0.4816675460747998,1.018167426237159,MST
KRNT,RMT,0.48163995608032795,1.0181945235756005,MST
BGR,PBT,0.48123205495956917,1.018595056968598,MST
IRDM,RMT,0.48117049128934214,1.018655494964473,MST
CPAY,WU,0.4808409452231718,1.018978954421364,MST
CZR,FLL,0.48045716960247,1.019355512466117,MST
CNO,ITIC,0.4803835093855846,1.0194277714624174,MST
RVT,USLM,0.48038065121006296,1.0194305751643287,MST
KT,SHG,0.4802163682814344,1.0195917140881103,MST
BABA,NOAH,0.4797598323995074,1.020039379240324,MST
BUSE,MNSB,0.47975505246591166,1.0200440652580538,MST
ABBV,AMGN,0.4797412842281734,1.0200575628579267,MST
GDV,PRMB,0.47924534039573785,1.0205436390515226,MST
ADAM,LFT,0.4790673893454965,1.0207179930367678,MST
ECPG,OMF,0.4789745728380269,1.0208089215538558,MST
BUSE,PKE,0.47883372933409335,1.0209468846770693,MST
CMP,RVT,0.4780941623128883,1.021671021109155,MST
L,TAP,0.4778151506272877,1.0219440780910787,MST
NWL,SWK,0.4775271093530749,1.0222258954330252,MST
RVT,UPBD,0.47713079652450013,1.0226135178800442,MST
RVT,WINA,0.47694246232805193,1.0227976707755528,MST
MRTN,ULH,0.47670483285483695,1.023029977219791,MST
DXCM,PODD,0.4766388103800713,1.0230945113917176,MST
CCO,RVT,0.47627760464407115,1.0234475026653092,MST
CVSA,PRDO,0.4762213310653394,1.0235024855218091,MST
ETN,POWL,0.4761122655496602,1.0236090410409042,MST
ALRM,RVT,0.4760879246852629,1.0236328202189855,MST
EMN,FMC,0.4759561302755504,1.023761563768097,MST
FCEL,PLUG,0.47584180235936885,1.0238732320366921,MST
RMT,TREE,0.4757635255544622,1.0239496808393835,MST
CSV,SCI,0.4751404999711397,1.0245579534890745,MST
CW,KTOS,0.4749209418357503,1.0247722265598826,MST
BGR,CRT,0.4745472673026709,1.0251368032583057,MST
BBY,TGT,0.4744781553975761,1.0252042182925545,MST
BSAC,GDV,0.47435036337998354,1.025328861019738,MST
CVGI,TKR,0.4743169577233685,1.0253614409335192,MST
CERS,RMT,0.4743097823025394,1.0253684388525528,MST
NMT,VMO,0.473873852884842,1.0257934949249365,MST
TEX,TWI,0.47329362931456015,1.0263589729577463,MST
ABCB,CBAN,0.47308628839577455,1.0265609690653794,MST
ANDE,FULT,0.4725513643473018,1.0270819204451982,MST
MMSI,RVT,0.47230397775639554,1.0273227557526452,MST
MGNI,RMT,0.471980949843894,1.0276371442840182,MST
HQL,LGND,0.4717974230721351,1.0278157197940347,MST
ARCO,ITUB,0.471274557052156,1.0283243096881878,MST
HQL,IONS,0.4709920743283385,1.0285989749865216,MST
MTRX,RMT,0.4709698455808852,1.0286205854629924,MST
AMRC,RMT,0.4702607149547477,1.0293097541996308,MST
ATRC,RMT,0.4700722748403453,1.0294928121746696,MST
CLAR,RMT,0.47000373315959343,1.0295593881271798,MST
BMO,TAC,0.46995828249160493,1.0296035329275004,MST
CMRE,SBLK,0.46978921964268266,1.0297677217288541,MST
BAP,BMO,0.46976367325207236,1.0297925293455257,MST
HALO,HQL,0.4697608205522622,1.0297952995112551,MST
OVLY,SHBI,0.46969537835326547,1.02985884629568,MST
CVNA,W,0.46963418364866766,1.0299182650592544,MST
FCBC,STRS,0.4694503943569616,1.0300966999685401,MST
CF,UAN,0.46932109764022917,1.0302222113309059,MST
ENO,FFC,0.4688492072441038,1.0306801567468895,MST
LIVN,RVT,0.46883651662825765,1.0306924695288526,MST
FDBC,PFIS,0.4687748779123076,1.0307522710018082,MST
AGIO,HQL,0.46870840519522033,1.0308167585024794,MST
OSIS,RVT,0.46861820641364316,1.0309042570349167,MST
FNB,MG,0.4686147107236594,1.0309076479261765,MST
MMS,TTEK,0.4684123596489434,1.0311039136295204,MST
GOOS,RVT,0.4682135870917268,1.0312966720670373,MST
PRU,WLFC,0.46811343113198944,1.0313937840301448,MST
BRK-B,T,0.4680161952527696,1.0314880559145903,MST
ASA,THM,0.46772458585029303,1.031770724676473,MST
MPX,RVT,0.4676819783661617,1.0318120193463909,MST
DHR,WST,0.4675606850202627,1.0319295663752805,MST
HQY,WBS,0.46691148645082636,1.0325584860424843,MST
HAL,SND,0.4667882554723128,1.0326778244231714,MST
BC,HELE,0.4667644255374199,1.0327009000311562,MST
RMT,VSAT,0.46659704367563143,1.0328629689599376,MST
BCTX,PPCB,0.466582931201654,1.0328766323219303,MST
NBTB,NPK,0.4665551146651847,1.0329035631023986,MST
BOX,WDAY,0.4664963451126302,1.0329604589599446,MST
PHG,PUK,0.4663903566215594,1.0330630603970317,MST
BGX,ZIONP,0.4662495246744866,1.0331993760407652,MST
COR,CVS,0.4659439516779128,1.033495087866495,MST
EIX,PCG,0.4658255581422324,1.0336096379753505,MST
CMG,NIE,0.4651362509702954,1.0342763161067787,MST
LLY,THQ,0.4649149683958182,1.0344902431673115,MST
IBOC,TIPT,0.46487265428018915,1.034531145707862,MST
COF,WRLD,0.4642847202222477,1.0350992993696326,MST
ABT,RMD,0.4641190458220489,1.0352593435250426,MST
CNMD,IART,0.4641171145748908,1.0352612089952073,MST
HQL,NBIX,0.4638922819381643,1.0354783610117941,MST
NXPI,SIMO,0.46274444141496635,1.0365862806202228,MST
IOSP,NEU,0.46237303629162757,1.0369445151100154,MST
DMRC,RMT,0.46224717347727645,1.03706588654986,MST
JJSF,MZTI,0.4621080590485562,1.0372000202000033,MST
BRO,ERIE,0.4619459333986318,1.0373563193053468,MST
L,WTM,0.461658154174712,1.0376336982049956,MST
EMO,ICMB,0.4615856460154294,1.0377035742297225,MST
PRA,SAFT,0.46127531669386174,1.038002585070132,MST
ADSK,APPF,0.4611263172711342,1.0381461195119557,MST
GDOT,GDV,0.46107481498447483,1.03819572818956,MST
RVT,WLY,0.4608471800234825,1.038414965200827,MST
ICFI,TTEK,0.4607876387054861,1.0384723022734057,MST
OFLX,RMT,0.4605362812706502,1.0387143194635855,MST
BIIB,HQL,0.45962698460677975,1.0395893568070234,MST
QGEN,TMO,0.4595255781729228,1.0396868969329922,MST
CW,MRCY,0.45931778786302024,1.0398867362717727,MST
JPC,PAI,0.45869653624348544,1.0404839871487832,MST
RAMP,RMT,0.4586234935281871,1.0405541854913782,MST
ISRG,PODD,0.45858951175246254,1.0405868423611144,MST
CALX,RMT,0.4585478649451011,1.0406268640150502,MST
ORA,RVT,0.4580196970540549,1.0411342881165186,MST
HQH,JAZZ,0.45782089767420514,1.0413252156034587,MST
ERII,ITT,0.457741369606465,1.0414015847822924,MST
OFIX,RVT,0.45755941184531085,1.0415762940415736,MST
JJSF,UHT,0.45750110158260304,1.041632275246305,MST
DLTR,FIVE,0.45695330206113843,1.0421580474562018,MST
NCA,NZF,0.45693703021207216,1.042173660949007,MST
GNW,MET,0.456929401720673,1.0421809807123972,MST
BLDP,RUN,0.4569198965691156,1.042190101114844,MST
SHOO,VRA,0.4568100702486377,1.0422954761020142,MST
FLC,MPV,0.45665515525790995,1.0424440941768438,MST
HCI,UVE,0.4566492539311942,1.0424497552101069,MST
ISRG,PEN,0.45662766466407523,1.0424704651316743,MST
IIPR,RMT,0.4566263776132508,1.0424716997470476,MST
FNB,FSTR,0.4562416027948555,1.0428407330030263,MST
HCKT,RVT,0.45594465478054824,1.0431254432899735,MST
NUS,USNA,0.4558369329198932,1.0432287065453163,MST
ADEA,RMT,0.4554163703745666,1.0436317642017545,MST
RBBN,RMT,0.45445205437884395,1.0445553557578038,MST
ENR,RVT,0.45442011137529004,1.044585935789593,MST
NOA,SLB,0.45423457082341634,1.0447635418376577,MST
FNLC,SGC,0.454076299607593,1.0449150208437115,MST
CBZ,HURN,0.45400182175435133,1.0449862948820416,MST
KR,SFM,0.4538793075403841,1.0451035283258936,MST
ATNI,IBCP,0.45348293652419447,1.0454827243678448,MST
DJP,UCIB,0.45342831365246267,1.0455349696184604,MST
NVGS,SFL,0.4532612688055205,1.045694727149831,MST
AVNS,RMT,0.4530901130885263,1.0458583909033514,MST
RMT,TGLS,0.45287822880094103,1.0460609649528645,MST
ASA,CMCL,0.4523948163075342,1.046522989420171,MST
ALNY,HQL,0.45231464511137115,1.0465995938166888,MST
NEA,NMI,0.45212140875473394,1.0467842100884652,MST
BLBD,RMT,0.4520323578505624,1.0468692775599422,MST
RMT,TDAY,0.4519087526078923,1.0469873422273144,MST
PCYO,RVT,0.45186097522726887,1.0470329744308258,MST
GMED,RVT,0.45124309076755714,1.0476229371605443,MST
AVAV,KTOS,0.45105631726156104,1.0478012051323848,MST
GHI,SLRC,0.45103397576024307,1.047822527186505,MST
MSFT,TTWO,0.45091011985608004,1.0479407236517913,MST
PLPC,RMT,0.45081079347705966,1.0480355018060603,MST
RMT,VCEL,0.450464913767138,1.0483654765708972,MST
ASA,TRX,0.44994435673907024,1.048861900596003,MST
PRGS,RVT,0.4498385646246384,1.048962759468001,MST
ONIT,RITM,0.4490790322288237,1.0496865891981055,MST
FFC,GJH,0.44889701287089606,1.049859978405791,MST
HWBK,UNTY,0.44867802148573804,1.050068548728379,MST
BGR,VOC,0.4486110870761222,1.0501322896891399,MST
BMY,THQ,0.4484408569809818,1.0502943806562217,MST
GPC,MNRO,0.44825008780679676,1.050475998957809,MST
GDV,LAUR,0.4481699450241728,1.050552288061691,MST
HE,POR,0.4481679327189648,1.050554203533578,MST
SGI,SNBR,0.4481201706910866,1.0505996661991792,MST
CMRE,SFL,0.44804326101710384,1.0506728691490002,MST
KFY,TBI,0.4479713996062969,1.050741262532031,MST
BUSE,PSMT,0.4477403906389855,1.0509610928678705,MST
EIG,UVE,0.4471170460882887,1.051554044176248,MST
BC,JOUT,0.44706852890195137,1.0516001817212173,MST
BTZ,VBF,0.4470254975241909,1.0516411008284234,MST
HIVE,RIOT,0.44693827404254843,1.0517240379086632,MST
MTLS,SSYS,0.44657961482058683,1.0520650029151366,MST
AVNT,MD,0.4462849647959667,1.0523450339161897,MST
TDOC,VEEV,0.44622314564570265,1.0524037764606295,MST
HOFT,LZB,0.44619419252446496,1.052431287520031,MST
BJRI,LOCO,0.4460010853507355,1.0526147582560912,MST
CHE,ENSG,0.44589933238498447,1.0527114206799655,MST
CECO,RMT,0.44576827797110613,1.0528359055701833,MST
DSGR,GRC,0.44554861064858187,1.0530445283571044,MST
III,RMT,0.444623390924383,1.0539227761801306,MST
FATE,NTLA,0.44418510023654784,1.0543385602010886,MST
HCC,TECK,0.4441249735477649,1.054395586534992,MST
BOOM,SLB,0.4440797877270436,1.0544384403775844,MST
NTRA,VCYT,0.44394638092250505,1.0545649520797615,MST
BSRR,NRC,0.44388844164952396,1.0546198920468701,MST
RVT,UNIT,0.4438494551977132,1.0546568587007688,MST
RDWR,RVT,0.44381687997745406,1.0546877452806076,MST
PACB,VCYT,0.44378481796153546,1.0547181443764628,MST
LBTYK,RVT,0.4437501934616075,1.0547509720672388,MST
RMT,UI,0.4436814746315867,1.0548161217656975,MST
FRPT,RMT,0.4436163189950716,1.0548778896203375,MST
ADTN,RMT,0.44324401087962423,1.0552307701354957,MST
EDU,JD,0.4429989256183094,1.0554630020817315,MST
CDXS,RMT,0.44238552366198974,1.0560440107666065,MST
CNDT,WTFC,0.4420640212216206,1.0563484072770493,MST
GKOS,RMT,0.4419610105588467,1.0564459185790376,MST
KRO,VHI,0.44186476949699155,1.056537013552302,MST
SOHU,WB,0.44158002713959343,1.0568064845187188,MST
CVLT,RVT,0.4411966082563444,1.057169231243187,MST
AMSC,RMT,0.44117032188182387,1.057194095819851,MST
PAMT,RMT,0.44116482405838475,1.0571992961987964,MST
BH,DIN,0.44116481816630576,1.057199301772087,MST
LE,RVT,0.44109033557868416,1.0572697521648067,MST
RMT,WPRT,0.44085635706232873,1.0574910334727867,MST
ICE,MKTX,0.4407720589151495,1.0575707457043717,MST
SYY,TSN,0.4406271671555705,1.0577077411501057,MST
CMRE,GSL,0.44061003932599674,1.0577239343741855,MST
NOW,NTNX,0.44003290283686397,1.0582694337106557,MST
ASX,IMOS,0.4399435176802201,1.0583538938557178,MST
EAD,JMM,0.438893083222163,1.0593459461175438,MST
AG,PLG,0.43853227124204003,1.0596864902016634,MST
PBI,RVT,0.4383294309005842,1.0598778883431956,MST
CLPR,FRT,0.4379508172204575,1.060235052032843,MST
LXU,MOS,0.4377422397265487,1.0604317613816094,MST
PFS,SCHL,0.43772299905958306,1.0604499054084704,MST
LW,SYY,0.43732202039960727,1.0608279592850036,MST
KR,WMK,0.4372276863957167,1.0609168804428397,MST
CDW,CNXN,0.43699185288625575,1.0611391493237297,MST
ALKS,HQL,0.436887529281817,1.0612374576108619,MST
GECC,TCPC,0.4368316370528995,1.0612901233377239,MST
RMT,VREX,0.43622141127788344,1.0618649525453945,MST
AGX,FIX,0.4362184119209766,1.0618677771540328,MST
RMT,UFPT,0.43612895601246326,1.0619520177367119,MST
ADP,TMUS,0.4359290881481928,1.0621402090607504,MST
GENC,GSBC,0.4354499371237369,1.062591231731434,MST
ATEN,RMT,0.4349088467472821,1.0631003275822257,MST
AGRO,YPF,0.4341533242329562,1.0638107686680407,MST
NEO,VCYT,0.43410141979023903,1.0638595585976196,MST
CHKP,FTNT,0.4337223315905274,1.064215831877606,MST
RMT,TSAT,0.4335969988999374,1.0643335953544477,MST
HRB,L,0.4334247088157695,1.0644954590642748,MST
ARAY,RMT,0.4333547755240446,1.0645611532232007,MST
EXEL,HQL,0.43315377930748383,1.0647499431251604,MST
AMC,BB,0.43289736505994625,1.064990736992631,MST
ENR,EPC,0.4327103481013471,1.0651663268228608,MST
MERC,RVT,0.4325474635949243,1.0653192351638787,MST
HCC,METC,0.43210267667731767,1.065736668528096,MST
AXON,NIE,0.43206130909635104,1.0657754837709947,MST
GCBC,NWBI,0.43160017370800435,1.0662080718996603,MST
APPS,RMT,0.43103172771423054,1.0667410860051931,MST
RMT,UEC,0.43066918250927516,1.067080894300638,MST
CWCO,YORW,0.43058624906578014,1.0671586113921583,MST
HURC,RVT,0.4304004224420806,1.0673327293378756,MST
BSET,RMT,0.4302217969095524,1.0675000731526416,MST
ATMP,CCEC,0.43020093444930047,1.0675196162607032,MST
LYTS,RVT,0.4301195707577738,1.0675958310542677,MST
AUBN,TYG,0.42995945155651705,1.0677458016246029,MST
MSTR,RMT,0.42971324641937514,1.067976360768931,MST
GPRO,RMT,0.42966965634029247,1.068017175573228,MST
AAOI,COHR,0.4293996523260236,1.0682699543411078,MST
GWRS,RMT,0.42931467509717575,1.0683494979666759,MST
BKNG,MMYT,0.4291817897846391,1.0684738744727087,MST
EBAY,NFJ,0.4287071043766282,1.0689180470207917,MST
IQI,NIM,0.42856189882584,1.069053881873276,MST
ATMP,KNOP,0.42829450549986986,1.0693039740879393,MST
DBI,PLCE,0.4281470776599958,1.0694418379135953,MST
CLDT,CXW,0.42804478945866364,1.069537479980329,MST
CVEO,PEO,0.4279894649141744,1.0695892062711043,MST
RMT,TTGT,0.42792928257340357,1.0696454715713954,MST
MDGL,VKTX,0.4272002621047915,1.0703268079378452,MST
ITRN,RMT,0.4270963775547762,1.0704238622575861,MST
RMT,SIRI,0.4263156841829693,1.0711529450242208,MST
NYT,RVT,0.4260917424012154,1.0713619907377567,MST
CSGS,UCB,0.4246289366447886,1.0727264920334645,MST
AVD,MTX,0.42402173506063195,1.0732923785617487,MST
ERIC,NFJ,0.42401063082852186,1.0733027244645177,MST
MCHP,PI,0.4234090624572564,1.0738630616077114,MST
AMC,CNK,0.4232674698021963,1.0739949070622297,MST
AORT,RVT,0.42316307640297224,1.0740921036829456,MST
HRTG,UVE,0.42303384553790874,1.0742124133169297,MST
GHM,RMT,0.4229915057709663,1.0742518273003157,MST
EML,TSBK,0.4227788004279171,1.0744498122965844,MST
HUBS,YEXT,0.4224466160456652,1.074758934788946,MST
NATH,PEBO,0.42243100999905214,1.0747734551996972,MST
HQL,INSM,0.4222146239893865,1.0749747680858501,MST
HIMX,ON,0.4219660016919687,1.0752060251952007,MST
GDV,RBA,0.42172140131521585,1.0754334927691105,MST
RVT,VTRS,0.4216386942795837,1.0755103957846397,MST
CENTA,SCL,0.42076797365408647,1.076319679598876,MST
NNBR,RVT,0.42049893719496084,1.0765696102018105,MST
CMRE,DAC,0.4204110376297484,1.0766512549291452,MST
RMT,TRNS,0.42040128787249637,1.0766603105227792,MST
FLWS,RMT,0.4203918085850122,1.0766691148305385,MST
ANGO,RMT,0.41994357875544724,1.0770853459634038,MST
KEP,SHG,0.41870143283423517,1.0782379766691255,MST
DGZ,DZZ,0.4186727599775148,1.0782645686680845,MST
RVT,VISN,0.4180050129912277,1.0788836702895936,MST
FPI,LAND,0.4179955339732918,1.0788924562037758,MST
RELX,RTO,0.4177237902367356,1.0791442996775402,MST
RVT,UIS,0.4176305828451008,1.079230667795258,MST
QNST,RMT,0.41743899188881184,1.0794081786897747,MST
ASA,FURY,0.4167359016977057,1.0800593486492251,MST
MOG-A,MOG-B,0.41648888560292685,1.0802880304780509,MST
PM,UVV,0.4158843526537524,1.0808474890994082,MST
HQL,TVTX,0.41586128652866816,1.0808688296655906,MST
BBBY,W,0.4151110962417585,1.0815626692506,MST
FOSL,MOV,0.4146719664167817,1.0819686072924837,MST
GILT,RMT,0.41450632082279,1.082121692950668,MST
CTBI,LMNR,0.414139384332227,1.0824607296967157,MST
AVNT,CLW,0.4140677474482789,1.082526907334613,MST
TEVA,VTRS,0.4140264772168235,1.082565030640817,MST
MAGN,RVT,0.413912709587229,1.0826701163445596,MST
RMT,TDC,0.4137623872169409,1.082808951554298,MST
NNY,NVG,0.413709030592934,1.082858226553288,MST
RVT,WLDN,0.41370060578652795,1.0828660066817797,MST
GDV,INVA,0.413690227197694,1.0828755910097023,MST
NTGR,RMT,0.41357497589559106,1.0829820165675965,MST
KOPN,RMT,0.41356714534746125,1.0829892470865432,MST
CPRX,HQL,0.4134418019372467,1.083104979272788,MST
BTO,EBMT,0.4133816585341026,1.0831605065417567,MST
CMG,WING,0.4132970970266383,1.0832385729592182,MST
RVT,TTEC,0.4130358778001818,1.0834796926567827,MST
BOE,SWZ,0.412988362900434,1.083523545752067,MST
GMAB,HQL,0.4128119857804874,1.0836863145943227,MST
DJCO,RVT,0.41277579983357754,1.0837197056125005,MST
HQL,VYGR,0.4124399218525189,1.0840295919830611,MST
AOD,CEE,0.4118722619706986,1.0845531227462317,MST
HLIT,RMT,0.4117850986188573,1.0846334877562491,MST
HCSG,RVT,0.41136051801321816,1.0850248679055996,MST
FGBI,SHBI,0.41096160782499525,1.0853924563723527,MST
FUNC,PGC,0.4106751824106761,1.0856563154049481,MST
SSTK,ZBRA,0.41067379571364615,1.0856575926933445,MST
MLAB,RMT,0.4106508245654085,1.0856787512285495,MST
GHC,PRDO,0.4105822549030817,1.0857419077266184,MST
FRAF,QCRH,0.41046344431496545,1.0858513302335955,MST
ATLO,RGCO,0.4100748658854802,1.0862091272996373,MST
LPSN,RNG,0.40941639822935394,1.0868151653070048,MST
FIVE,OLLI,0.4090015291242209,1.0871968275117245,MST
ARWR,HQL,0.40897839873035974,1.087218102562352,MST
ESCA,RMT,0.40811138466532165,1.0880152713401392,MST
LEU,UUUU,0.4080936490474342,1.0880315721086091,MST
EZPW,FCFS,0.4079665396188606,1.0881483909661764,MST
GLPG,HQL,0.407787101983647,1.088313280279491,MST
CDNA,VCYT,0.4065465749694063,1.089452546034561,MST
AEO,TLYS,0.40645927246666397,1.08953267737442,MST
ISRG,MASI,0.40608725758397973,1.0898740683363561,MST
CNK,NCMI,0.4059202491868953,1.0900272939822238,MST
VLGEA,WMK,0.4058516792445644,1.0900901987958938,MST
HBM,WRN,0.4057407931975451,1.090191915950999,MST
CLMT,TRGP,0.40539130478341523,1.0905124439607141,MST
MIN,MMT,0.40532673873080155,1.0905716494290492,MST
ETX,NUV,0.4053160258339492,1.0905814725787806,MST
BRN,GBR,0.40511152919457116,1.0907689680270785,MST
HVT,HVT-A,0.40474700728694535,1.0911031048558653,MST
MTA,PAAS,0.4046097558439076,1.0912288890568214,MST
RCKY,RVT,0.4045021050383515,1.0913275355837482,MST
ASA,NEWP,0.4042919950109147,1.0915200456144498,MST
AGIG,USEG,0.40404798447171725,1.091743573856318,MST
HQL,TGTX,0.4039060458247986,1.0918735770914152,MST
FNLC,OVBC,0.40386681377824624,1.0919095074425846,MST
ASPN,RMT,0.4028353052989007,1.0928537822610116,MST
AG,SCZM,0.4026541417390965,1.0930195407776602,MST
HQL,UTHR,0.4026046752322089,1.0930647965859948,MST
BHK,BKT,0.4024380191715674,1.0932172527255803,MST
CASY,RVT,0.4022988609727622,1.0933445376707542,MST
PAHC,RVT,0.40112849738776474,1.0944144577007702,MST
HQL,PRTA,0.4009006017092479,1.0946226731534041,MST
BHC,HQL,0.4006948960248569,1.0948105808541888,MST
BUSE,FCCO,0.40026994711110625,1.0951986604163593,MST
AXTI,MKSI,0.39985128467749687,1.095580864493811,MST
ALCO,QCRH,0.3992232138318397,1.0961539911601474,MST
ACN,AKAM,0.3991733812279863,1.0961994515342668,MST
MX,TER,0.3985097933950981,1.0968046376678957,MST
BLFS,RMT,0.39841522670413526,1.0968908544571467,MST
DPZ,PZZA,0.3981542417829569,1.0971287601891067,MST
HQL,IOVA,0.39797405006786335,1.0972929872482888,MST
NMS,NRK,0.3978932336062614,1.097366635535944,MST
CTBI,SENEA,0.3978197553906157,1.0974335921680038,MST
META,SNAP,0.397678610544001,1.0975621981974406,MST
RVT,RYAM,0.3973658721816477,1.0978471002998116,MST
GIC,RVT,0.3973610750804957,1.097851469844172,MST
ADUS,CHE,0.3973107455347184,1.0978973125618638,MST
AVNT,NUS,0.39723579571648804,1.0979655771320993,MST
TVC,TVE,0.39707163974114085,1.0981150761726743,MST
RMT,TSQ,0.3965725780032167,1.098569453422753,MST
DAN,MPAA,0.3951248467712256,1.0998864970793798,MST
IBCP,SBFG,0.39498315575577686,1.1000153128427106,MST
GDV,TAK,0.39494053385434025,1.100054058804075,MST
PSO,RELX,0.3949372467271762,1.1000570469505877,MST
LMAT,RVT,0.3948947420786981,1.1000956848577326,MST
FF,MTX,0.394629831993851,1.1003364649107554,MST
JYNT,RVT,0.39457770663583347,1.100383836090086,MST
DRS,TYG,0.3943416230931981,1.1005983617167545,MST
DVA,UHS,0.3942586739352391,1.1006737264646238,MST
FUL,PBH,0.39388420124827195,1.1010138952363209,MST
EEX,FNB,0.39375252096607033,1.1011334878514318,MST
CMTL,RMT,0.3934142974451685,1.1014406044402318,MST
KRO,NL,0.393372604755768,1.1014784566610751,MST
OMCL,RVT,0.3932100293498795,1.1016260442183823,MST
GSBC,NODK,0.3927652483571829,1.102029719783289,MST
AROW,VLGEA,0.39257908551051607,1.1021986340850582,MST
CODI,G,0.39189254793946166,1.102821338259773,MST
BCRX,HQL,0.39150377246892154,1.1031738099964832,MST
GRPN,RMT,0.3905777357711228,1.1040129204215656,MST
HQL,PGEN,0.3902080513696772,1.1043477247953408,MST
PERI,RMT,0.3900939647843144,1.104451026723852,MST
ALLT,RMT,0.38948097424158706,1.1050059056479409,MST
BPOPM,RZB,0.38900970899077697,1.1054323054888735,MST
RVT,STKS,0.3884032703433076,1.105980768057648,MST
HQL,KPTI,0.3882347374369371,1.1061331407774229,MST
NEOG,UFPI,0.38815580681081224,1.1062044957323107,MST
ESRT,OGCP,0.38779474183639806,1.1065308474358968,MST
BCX,MSB,0.38778674592285717,1.1065380735222288,MST
MTNB,TPST,0.3877173568870578,1.1066007799680444,MST
BTO,CZWI,0.38758486488020766,1.10672050231284,MST
OMF,OPCH,0.38741873136369714,1.1068706054786195,MST
ENTA,HQL,0.387357998698989,1.1069254729212903,MST
HQL,KURA,0.38718876916791517,1.1070783448628059,MST
HMN,JRVR,0.3871130515189053,1.1071467368701358,MST
RMT,TZOO,0.38667442329292157,1.1075428449564184,MST
PZZA,WEN,0.3865389995896255,1.1076651122161196,MST
ATMP,MMLP,0.38622714129818875,1.1079466220913454,MST
AIOT,RMT,0.385693850910713,1.1084278497848084,MST
BABA,ONC,0.3856444518167201,1.1084724156994434,MST
GSBC,UTMD,0.3853508258401931,1.1087372765085577,MST
KVHI,RMT,0.38487731493404964,1.1091642665231787,MST
QDEL,RVTY,0.38484983230327574,1.1091890440287664,MST
COKE,KO,0.3847262984955148,1.1093004115247458,MST
RMT,TRUP,0.3844648922764132,1.1095360361192301,MST
AUDC,RMT,0.3840451936289399,1.109914236660707,MST
SGMO,XNCR,0.3839310033187313,1.1100171139953372,MST
HAE,RVT,0.383825747495707,1.1101119335493093,MST
MKSI,SMCI,0.38372981441547704,1.1101983476699313,MST
RVT,UFI,0.38353886148032784,1.110370333284956,MST
GSM,RMT,0.38353468844801797,1.11037409151329,MST
PRGO,VTRS,0.383143066183195,1.110726729503531,MST
ORN,RMT,0.3830273363886491,1.1108309174769586,MST
MSTR,SLAI,0.382517534098933,1.1112897605044931,MST
CYTK,HQL,0.3825126031405164,1.1112941976447854,MST
GTN,GTN-A,0.3824261955974082,1.1113719489015295,MST
ANIP,RVT,0.3822162858367257,1.111560807300504,MST
MITK,RMT,0.3821177166929052,1.1116494801034136,MST
RMT,TWIN,0.3816268197708723,1.1120909856923826,MST
AOD,TLK,0.38149175335097224,1.1122124317314814,MST
HQL,SNDX,0.38119961363232285,1.112475066118497,MST
CHRS,HQL,0.38104413979258656,1.11261481223954,MST
ODC,TOWN,0.3805798599215065,1.1130320211732396,MST
ICUI,MTD,0.38052686821654336,1.1130796303800161,MST
MFIN,RMT,0.38006310370247637,1.1134962023262798,MST
DNN,ISOU,0.3799119717282549,1.1136319214819097,MST
EVH,RVT,0.3797173634481347,1.1138066587625208,MST
IEP,STEW,0.3796949925718061,1.1138267436439062,MST
PEBK,UNB,0.37952329366294685,1.1139808852373123,MST
RCKT,RGNX,0.37948950083904387,1.1140112200161685,MST
DLX,QUAD,0.3793581224935156,1.1141291464695504,MST
LLY,NVO,0.378975699269409,1.1144723421696843,MST
NWBI,SHEN,0.3785977251150572,1.114811441352252,MST
RMT,STAA,0.3784060542857984,1.1149833592607574,MST
RMT,UPLD,0.37828338766360714,1.1150933703832993,MST
RVT,VVX,0.37778603661262367,1.1155392986241017,MST
HCM,TDF,0.37764018346936223,1.1156700377178173,MST
NECB,PGC,0.3771052578833911,1.1161494004985255,MST
HSTM,RMT,0.37710479675895553,1.1161498136370802,MST
AGM,AGM-A,0.37707140392931204,1.1161797311102617,MST
BSRR,LCUT,0.3769779410278708,1.1162634626038148,MST
ATLC,RMT,0.3768432959885592,1.1163840772883145,MST
INSE,RMT,0.376715214937128,1.1164987998765354,MST
OSPN,RMT,0.37661959944709805,1.1165844352783196,MST
IDT,RMT,0.3759138148639114,1.117216348910173,MST
OOMA,RMT,0.3757819021516107,1.1173344153371356,MST
RVT,SATS,0.3749526548858805,1.11807633470539,MST
IMMR,RMT,0.37490136533309726,1.118122206797542,MST
ACP,FCO,0.37477189357465124,1.118237994726837,MST
LND,SBS,0.37475677145397407,1.1182515178134353,MST
AKO-B,BCH,0.3741583351030508,1.1187865434451285,MST
RMT,TCMD,0.3725535856191023,1.1202199912346662,MST
RDI,RLJ,0.3724497760853593,1.1203126562836292,MST
DCOM,JMSB,0.37224839421931105,1.1204923969226108,MST
CEE,VEON,0.37210850096467535,1.1206172397704084,MST
BGR,MVO,0.3720977362297141,1.1206268458057622,MST
HQL,PTCT,0.37168861526199826,1.1209918686038733,MST
ELF,RMT,0.3716410834638725,1.1210342693567645,MST
RMT,VUZI,0.37152300273821404,1.1211395963587996,MST
IRTC,RMT,0.3713615061554331,1.1212836339165633,MST
ATEC,RMT,0.3713518164448568,1.1212922755063848,MST
MED,RVT,0.3708965124498232,1.1216982549243597,MST
HQL,HRTX,0.3708354696558096,1.121752673582007,MST
FDP,FRME,0.3707913581060306,1.1217919966678043,MST
ACAD,HQL,0.3707303941499534,1.1218463405030537,MST
LCTX,RMT,0.3702043249551494,1.1223151741332293,MST
APT,LAKE,0.370050257357846,1.1224524423263142,MST
BKE,CATO,0.3699823235452817,1.1225129633591928,MST
AVNW,RMT,0.36953060704841917,1.122915306647461,MST
BGSF,WTFC,0.36946263307453114,1.12297583849829,MST
HQL,OPK,0.3691097668566194,1.1232900187782144,MST
HQL,VNDA,0.36886381971265975,1.123508949930832,MST
DIN,NDLS,0.36860296412154386,1.1237411053071398,MST
ATS,RMT,0.3680287504443384,1.1242519731409517,MST
ATOM,RMT,0.36802754030196566,1.124253049538256,MST
EVC,TOWN,0.3671904040756722,1.1249974185964409,MST
CRD-A,MTX,0.36695775567667105,1.125204198644254,MST
KEY,PLBC,0.3669131466574351,1.1252438432113858,MST
INTT,RMT,0.366359897299011,1.1257354064796834,MST
IGI,PDT,0.3658878125305711,1.126154685173781,MST
DLTH,RVT,0.36569941342720524,1.1263219669107007,MST
ASA,USAU,0.3645959585774701,1.1273012387312717,MST
PBT,SJT,0.36410669649888266,1.1277351670504183,MST
DAKT,RMT,0.36362953180256197,1.1281582053926993,MST
GIS,TR,0.3636161962293386,1.128170025989577,MST
CATY,NC,0.3635817250471775,1.1282005805288549,MST
BCPC,WDFC,0.3632337038310786,1.1285090129626092,MST
RMT,TBRG,0.3629853013720867,1.12872910711819,MST
ASA,PZG,0.36285481265659747,1.128844707958896,MST
PODD,TNDM,0.36179063292144487,1.129787030442955,MST
NATR,RVT,0.3616889764450571,1.129877005301854,MST
SHEN,TDS,0.36113329171779235,1.130368708238341,MST
AGEN,HQL,0.36081581031880483,1.1306495386999413,MST
CGEN,RMT,0.36063670913275947,1.1308079331763115,MST
MITT,SNDA,0.3605752338824644,1.1308622958765011,MST
CLLS,HQL,0.3604766655249287,1.130949454639836,MST
HQL,OCUL,0.3603413374333768,1.1310691071429926,MST
ANIK,RMT,0.36027561901763705,1.1311272085688355,MST
BUSE,CIA,0.3598066680142936,1.1315417199429338,MST
FLXS,RMT,0.35885038614188475,1.1323865186923723,MST
BW,RMT,0.35856997235162075,1.132634122431758,MST
JBSS,MZTI,0.35856199914898507,1.132641161931717,MST
LNTH,RMT,0.3585240362015464,1.1326746786244086,MST
RMT,UEIC,0.35848904671073034,1.1327055692361274,MST
HQL,SRPT,0.35819588427497706,1.1329643557720808,MST
BIDU,XNET,0.3580645629987529,1.1330802592943248,MST
HQH,NVCR,0.35762643654781434,1.1334668618465964,MST
AEHR,MPWR,0.3574985790971818,1.1335796583415019,MST
GLBS,SHIP,0.35727398526486626,1.1337777689963175,MST
CYRX,RMT,0.35703869877646455,1.1339852743519516,MST
RMT,SLP,0.3569651659177516,1.134050117130851,MST
HQL,PBYI,0.3563556414482087,1.1345874656030634,MST
FISV,LRN,0.3562327092272143,1.1346958101383697,MST
HQL,TBPH,0.35567072267948896,1.1351909771668476,MST
RMT,SENS,0.35557565793193385,1.1352747174742035,MST
IMXI,RVT,0.35544010781259494,1.1353941097146885,MST
AXGN,RMT,0.35475235171900676,1.1359996903881562,MST
MYGN,RMT,0.35460196160473484,1.1361320683752087,MST
ICHR,MRAM,0.35446686871836564,1.1362509681242383,MST
LUMN,VNO,0.3539560479904896,1.1367004460362549,MST
HQL,SUPN,0.3535371178015752,1.1370689356397217,MST
CRNT,RMT,0.353404760402774,1.1371853319465794,MST
ESEA,GNK,0.3532472904705896,1.1373237969280432,MST
HAL,TUSK,0.35298156890504423,1.1375574105028334,MST
BBW,MAC,0.35226020864613794,1.138191364713212,MST
CRTO,RVT,0.3521671521630336,1.1382731199821652,MST
MSTR,NCTY,0.35163075856987286,1.138744257004291,MST
ESRT,FISK,0.3515914421256084,1.1387787826214464,MST
NCSM,SLB,0.3515310261847702,1.1388318346579795,MST
PRTS,RMT,0.3505906600283519,1.1396572642436393,MST
ACTG,RMT,0.3502258108521231,1.139977358676809,MST
RILY,RMT,0.3499493956835989,1.1402198071568492,MST
RMT,SSSS,0.34993922557355017,1.140228726551344,MST
RELL,RMT,0.3498771082118453,1.1402832032334378,MST
CHT,EMF,0.34980403634530055,1.1403472836418733,MST
BTU,HNRG,0.34906907840184237,1.1409916052260487,MST
MDLZ,NOMD,0.34892972188863863,1.1411137350074805,MST
INGN,RMT,0.3483748810144315,1.1415998589572167,MST
GEOS,RMT,0.34831791458506334,1.1416497583890926,MST
AVBH,WAL,0.34798873084934984,1.1419380623752324,MST
CLDX,HQL,0.3477681860264376,1.1421311780820647,MST
RCEL,RMT,0.347685666744023,1.1422034260638312,MST
MGF,MIN,0.3471791360913405,1.142646807993318,MST
GBLI,TRST,0.346949990494094,1.1428473297041088,MST
GDV,MANU,0.34660666109649657,1.1431477060323425,MST
HQL,IBRX,0.3465137575539998,1.1432289730810712,MST
ATRA,HQL,0.3464859778753897,1.143253272135803,MST
TDF,YRD,0.34617356195939003,1.1435265086919586,MST
AVTX,KYNB,0.34595727970859314,1.143715629246542,MST
SRV,YTRA,0.34584585447052446,1.1438130489983716,MST
FTK,PEO,0.34531186536815117,1.1442798037471855,MST
RVT,STGW,0.34497962233923163,1.1445701181323653,MST
BHB,SGA,0.3448216909619283,1.1447080929547688,MST
CCRN,TOWN,0.34476501664920156,1.1447576017225642,MST
NSSC,RVT,0.34467010567794515,1.1448405079503912,MST
ESEA,SHIP,0.34397482711179445,1.1454476617359743,MST
CW,ESLT,0.3438557520201913,1.145551612088961,MST
GREE,MSTR,0.3435279383512535,1.145837738642559,MST
CCOI,RVT,0.3432298447317891,1.1460978625477067,MST
FARM,RMT,0.34255455446096894,1.1466869193803784,MST
AMP,TKO,0.34234145107276615,1.1468727470188085,MST
MXC,USEG,0.3421253022617999,1.1470611995340094,MST
RAIL,RMT,0.34195158686102733,1.1472126334197794,MST
MLP,RVT,0.34191697757647277,1.1472428011746487,MST
INSG,RMT,0.34181734706381905,1.1473296413291003,MST
CZNC,SPOK,0.3416554133382553,1.1474707723177482,MST
RVT,TCX,0.34119261061707146,1.1478740256517075,MST
PRPL,RMT,0.34066981827877324,1.1483293793343674,MST
AKBA,RMT,0.34005826761742286,1.1488618127369168,MST
LAB,RMT,0.3398791279265051,1.149017730127342,MST
CTLP,RMT,0.339524800608202,1.149326062866233,MST
NGVC,SFM,0.33931496867031313,1.1495086179143563,MST
HQL,ZYME,0.3392947874970175,1.1495261741282643,MST
HQL,VKTX,0.33798554730748936,1.1506645494604504,MST
OPRX,RMT,0.3376409850265674,1.1509639568409018,MST
HQL,RIGL,0.33753323126236956,1.151057573484168,MST
COLL,HQH,0.3370091638686808,1.1515127755533754,MST
CELH,RMT,0.3369909433901859,1.151528598524426,MST
IIF,RDY,0.33689429802336773,1.1516125233572552,MST
CLSK,MSTR,0.33675081153401265,1.1517371127700864,MST
EFXT,PDS,0.3367448336611366,1.1517423030685843,MST
MKSI,PXLW,0.3359829154197442,1.1524036485366191,MST
GGB,SUZ,0.33585070049053695,1.1525183725298813,MST
INVE,RMT,0.3352776019130537,1.1530155229544365,MST
HQL,NKTR,0.3352268992422971,1.153059496086566,MST
ATEX,RVT,0.33455532429554363,1.153641777766787,MST
ARCC,LOAN,0.3345091593257061,1.153681793801301,MST
MCHX,RMT,0.3339021529579303,1.1542078210115108,MST
ARKR,PK,0.33350045366408887,1.1545557988559159,MST
BHV,MUC,0.33339416697203195,1.1546478537008311,MST
SHIP,TOPS,0.3331892350458254,1.1548253244141944,MST
HAL,PNRG,0.3330629466682119,1.1549346763620774,MST
HQL,QURE,0.33298298721381697,1.1550039071675757,MST
CHRD,SM,0.33295176675427784,1.1550309374607437,MST
EGAN,RMT,0.3324420478392456,1.1554721564458006,MST
GERN,HQL,0.3323772980727108,1.155528192583192,MST
HOVNP,VVR,0.33233018869036596,1.1555689605641317,MST
ASND,HQL,0.3321921051594003,1.155688448363658,MST
NGNE,SMMT,0.3317533699277615,1.1560680170926263,MST
GDV,MLCI,0.3316150209410552,1.1561876829122033,MST
AMPH,HQH,0.3315503410193493,1.1562436239656855,MST
DPG,SGU,0.331356309473389,1.1564114237818743,MST
GAIA,RMT,0.33101349172780276,1.156707835429671,MST
ABUS,HQL,0.3309109158097133,1.15679651122424,MST
TRIP,TRVG,0.3304492274581597,1.157195551790483,MST
DXLG,MAC,0.3302476507401672,1.1573697328510304,MST
CZFS,ONB,0.3300771948764219,1.1575170021417207,MST
KOPN,MVIS,0.3300167746433416,1.1575691991035857,MST
RVT,UTI,0.3298406999164261,1.1577212964125467,MST
BTCS,RIOT,0.329545502528092,1.157976249732185,MST
HQL,VSTM,0.3292529605284191,1.1582288543043477,MST
RMT,VATE,0.3288715037938439,1.1585581523653925,MST
GBR,REPX,0.32874873475997773,1.1586641146078722,MST
EBS,HQH,0.3283669686860717,1.1589935559043703,MST
FBIO,RMT,0.3282587671330289,1.1590869103453556,MST
ARCT,EDIT,0.32807919082770315,1.159241829104089,MST
AOD,GRFS,0.32807708670146307,1.1592436441909328,MST
JPC,MHLA,0.32799173810437954,1.159317266235279,MST
GASS,VET,0.32743108462975273,1.15980077200375,MST
MGNX,XNCR,0.3273914620933686,1.1598349347270338,MST
TCOM,TOUR,0.3272986602883577,1.1599149449090156,MST
CTMX,XNCR,0.32677287126225896,1.1603681560071708,MST
NRT,PEO,0.32674489570609483,1.1603922649637968,MST
COFS,PGC,0.3266134905148009,1.1605055014821766,MST
BF-B,MGPI,0.3265375863994254,1.1605709057188833,MST
ATMP,DLNG,0.3261347955863644,1.160917916489909,MST
POOL,SAM,0.3254272305042586,1.161527244188221,MST
CARE,FCAP,0.32477752503939245,1.1620864640469808,MST
OSUR,RVTY,0.32460218725232587,1.1622373361303397,MST
LQDT,RVT,0.3245898978136793,1.1622479100315222,MST
RMT,TRAK,0.3242620048137616,1.1625299954721497,MST
BHRB,CFFN,0.32424897388881635,1.16254120452669,MST
AROC,NRP,0.3242305095159693,1.162557087186716,MST
FONR,RMT,0.3235451262969562,1.163146485790198,MST
DNN,EU,0.3234221964902548,1.1632521682848866,MST
NEXT,PEO,0.32320511123998885,1.1634387725703585,MST
CBFV,CNOB,0.3230177306869367,1.1635998189352414,MST
AVXL,RMT,0.3225929207333193,1.1639648441999275,MST
RMT,SCOR,0.3221588977262193,1.164337667752599,MST
ACB,RMT,0.3219377867515297,1.1645275550612535,MST
HBIO,RMT,0.321732995508072,1.1647033995759848,MST
RVT,STKL,0.32160677868361776,1.1648117627465668,MST
PRTH,RVT,0.32159237495932397,1.164824128390785,MST
HQL,XENE,0.32117332271283394,1.165183828661526,MST
BRN,MARPS,0.3205117302409528,1.1657514913214113,MST
HQH,PCRX,0.319475064881673,1.1666404202823826,MST
FBIN,FERG,0.3191663564063848,1.1669050034973842,MST
IRMD,RMT,0.31837537679476974,1.16758265078343,MST
ALTO,GPRE,0.3176774998979477,1.1681802087880553,MST
BEEM,RMT,0.3175681248863648,1.168273833579812,MST
RMT,ULBI,0.3174671818776165,1.1683602339367627,MST
APEI,PRDO,0.3174671126068369,1.1683602932256496,MST
TXT,VALU,0.3171809550039331,1.168605189956015,MST
ASMB,HQL,0.31685338846479894,1.1688854619125015,MST
RMT,TBCH,0.3166310472505041,1.1690756628631835,MST
RMNI,RVT,0.3161523635893965,1.1694850460015327,MST
HQL,URGN,0.31585512616917993,1.1697391793308627,MST
RMT,RMTI,0.31565588213069556,1.169909498952209,MST
ESPR,HQL,0.315243716186203,1.1702617517579537,MST
BGR,PVL,0.3151583817043791,1.1703346686274152,MST
ASUR,RMT,0.3146264280040552,1.1707891116643891,MST
MSTR,WULF,0.314440410567311,1.1709479829887313,MST
ALOT,GDV,0.31434956932523944,1.1710255596482604,MST
BGS,HAIN,0.314282336394839,1.1710829719581453,MST
EDIT,INO,0.31425800400372794,1.1711037494571281,MST
HQL,KYNB,0.31353883239813446,1.171717685794548,MST
LTRX,RMT,0.3132363368589854,1.1719758215432727,MST
CHGG,XYZ,0.3132130425225942,1.1719956974984216,MST
GEN,STK,0.3118355066674146,1.1731704849105142,MST
GBR,MXC,0.3116977059565637,1.1732879391210294,MST
ETG,EVO,0.3111152978143574,1.173784223940365,MST
ADMA,RMT,0.3110726295382491,1.1738205744165084,MST
HQL,XOMA,0.31060416044252415,1.1742196042968078,MST
CIX,FNLC,0.30976618345452855,1.174933033449542,MST
WSO,WSO-B,0.30919251040361245,1.1754211922510054,MST
HQL,RNAC,0.30913980386637735,1.1754660319495607,MST
BIDU,CMCM,0.3089597000261297,1.1756192410588304,MST
JILL,PVH,0.3089561387110099,1.1756222703649248,MST
PGEN,TCRT,0.308510951300314,1.1760008917510956,MST
AIRG,RMT,0.3084068349048228,1.1760894227015029,MST
RMT,TISI,0.308291769904004,1.1761872555813517,MST
BLNK,PLUG,0.3078990224235938,1.1765211239722015,MST
GDV,MHH,0.30780279206106764,1.1766029134240084,MST
FLNT,RMT,0.30759359956555304,1.1767806936166543,MST
CLMB,RMT,0.30721922455188844,1.1770987855300095,MST
PAYS,RMT,0.3071803008755131,1.1771318525335102,MST
CVGW,TMP,0.3070984850044171,1.1772013549054239,MST
GDV,PHI,0.30595002829916895,1.1781765332078475,MST
POLA,PPSI,0.3058928107874963,1.1782250966708387,MST
HAIN,KUST,0.3056641384478473,1.1784191627363776,MST
IDN,RMT,0.30500152106149203,1.1789813221069347,MST
EHTH,RMT,0.3045364664119029,1.1793757107793064,MST
RVT,TPB,0.30451953805372317,1.1793900643521438,MST
BCAL,CVBF,0.3044017108133086,1.1794899653551034,MST
ASYS,NVMI,0.3040886061142071,1.1797553931945324,MST
HQL,IRWD,0.30406249891008824,1.17977752232352,MST
LEU,LTBR,0.30402908613269414,1.17980584323634,MST
GOGO,RVT,0.3038935174705272,1.1799207452447582,MST
QUIK,RMT,0.30367796028864685,1.1801034189522148,MST
HWC,LARK,0.30190302594551693,1.181606511537985,MST
ABEO,HQL,0.3016899759701425,1.1817868031331686,MST
EVI,RMT,0.3014179792844718,1.1820169378782424,MST
LXRX,NTLA,0.3012165679101278,1.1821873219501826,MST
RDNW,RMT,0.3009791177656448,1.1823881615056497,MST
INFU,RMT,0.30001896880899853,1.1831999249416825,MST
BWEN,RMT,0.2998510311110018,1.1833418516126253,MST
BGS,SJM,0.2996368883684464,1.1835228021728637,MST
CSTE,RVT,0.29934547167025144,1.1837690047722558,MST
QMCO,RMT,0.29833121453311806,1.1846254981781221,MST
BAH,FCN,0.2970172550854982,1.1857341564739559,MST
ARQ,RVT,0.29684853278088275,1.185876441471975,MST
PANL,RMT,0.29675867968927966,1.1859522084053138,MST
LIND,RGS,0.29648249184667386,1.1861850683205604,MST
LADR,SFBC,0.29642330453292554,1.1862349644712673,MST
EYPT,HQL,0.2962683075281046,1.1863656202637494,MST
ANY,MSTR,0.2958830282852376,1.186690331733399,MST
DHX,RVT,0.29546270480215864,1.187044477008205,MST
BGX,PYT,0.295337779420557,1.1871497130349171,MST
CULP,RMT,0.29504994578526733,1.187392146019783,MST
BCX,LGO,0.2948809055839414,1.1875345000597317,MST
ACIC,HRTG,0.29450342491604986,1.1878523267510572,MST
HROW,RMT,0.2937730024000165,1.18846707787804,MST
FLGT,HQL,0.29326028455257297,1.1888984106705056,MST
BC,RGR,0.2927156811827989,1.1893563963902503,MST
AXSM,HQL,0.29137802436639915,1.1904805547623203,MST
GSAT,RMT,0.29101875214199113,1.1907823040824959,MST
APWC,ELSE,0.2909719923799729,1.1908215715379253,MST
LWLG,RMT,0.290953328573246,1.1908372444853697,MST
BBY,SPWH,0.2902855511252521,1.1913978755015033,MST
ARL,SHBI,0.2901050919196154,1.1915493343377643,MST
INOD,RMT,0.2896959520381156,1.1918926528524996,MST
RMT,SILC,0.2888908470617153,1.1925679460209255,MST
EVT,GRF,0.2888751464037465,1.192581111368324,MST
KNDI,KODK,0.28886551259403914,1.1925891894579297,MST
GROW,MARA,0.2881573327718044,1.1931828587674194,MST
RMT,STXS,0.2881552049600009,1.1931846420734715,MST
CDZI,RMT,0.28813716112719495,1.1931997643922034,MST
AUPH,HQL,0.28800674398504394,1.1933090597284142,MST
LITS,RMT,0.2874061324335424,1.193812269635773,MST
ARDX,HQL,0.2868104051116652,1.1943111779501479,MST
FIZZ,TR,0.286499714243182,1.1945712919343223,MST
DEI,ELME,0.286429935889326,1.1946297033898612,MST
EOS,KEN,0.28631556373955785,1.1947254381324959,MST
CMI,CYD,0.28590129578260803,1.1950721352432179,MST
RMT,STRT,0.28439983194100077,1.1963278547781115,MST
ACIU,HQL,0.2843672606538835,1.1963550805225984,MST
KODK,RMT,0.284153721442061,1.1965335587086046,MST
ASPS,ONIT,0.2840892579824898,1.1965874326746961,MST
ARWR,ASTH,0.2840259115024085,1.1966403707861368,MST
AGIG,GTE,0.2838784310848956,1.1967636098370509,MST
RCMT,RMT,0.28356335891707424,1.1970268510630209,MST
CVU,RMT,0.2833074271570002,1.1972406381701215,MST
CRVS,HQL,0.2829541998616183,1.1975356363285241,MST
OESX,RMT,0.2828657554572502,1.1976094893935583,MST
COE,TAL,0.2824848016352096,1.1979275423537021,MST
NAGE,RMT,0.2822869938476784,1.1980926559764244,MST
GSBD,KTN,0.2822663846646609,1.1981098575133577,MST
KFFB,TYG,0.28182922954460526,1.1984746726196551,MST
CORT,HQL,0.2815202875609731,1.1987324242207074,MST
GOLD,HL,0.2814090965054767,1.198825177825794,MST
HQL,MNKD,0.28125947966266795,1.1989499742168828,MST
PLSE,RMT,0.2811299678024255,1.1990579904221268,MST
HQL,OMER,0.2809884432488529,1.199176014395841,MST
ASM,LODE,0.28086592259124693,1.199278180747697,MST
CRL,NOTV,0.2806621919468467,1.1994480464389887,MST
CRIS,WFCF,0.2806577555868789,1.1994517451011701,MST
EMF,TKC,0.2793093879273039,1.2005753721217973,MST
HQL,PVLA,0.2790619879133494,1.200781422313529,MST
GEVO,RMT,0.27727146205285513,1.2022716314936028,MST
ASRT,RMT,0.2769450962962,1.202543058442233,MST
ANAB,HQL,0.2767238218138114,1.2027270498215201,MST
DCOM,GNE,0.27553006381526673,1.2037191833519423,MST
ACH,CAH,0.2754708590691321,1.2037683671960049,MST
CPSS,PHM,0.2753720544122286,1.2038504438573516,MST
FER,VTR,0.2750057548161502,1.2041546787550592,MST
LFVN,RMT,0.27438803370873033,1.204667561023596,MST
HQL,NVAX,0.2739303160964548,1.2050474545872003,MST
ACNT,L,0.2726717751926407,1.2060913935580166,MST
PETS,WSM,0.27266198209886694,1.2060995132252836,MST
SFM,UNFI,0.2725776081131976,1.2061694672696721,MST
BIO,BIO-B,0.2714308031198193,1.2071198754723416,MST
L,TCI,0.2710699843802577,1.2074187472618954,MST
RMT,SIFY,0.2703413581349856,1.208022054322697,MST
ATNM,HQL,0.26998466713117825,1.2083172868653511,MST
HQL,WVE,0.2698361619901106,1.20844018305408,MST
CSQ,ELMD,0.26947890066791985,1.2087357852997322,MST
MTR,PEO,0.26938465673542783,1.2088137517951822,MST
APT,NNVC,0.2689900419207494,1.2091401557133488,MST
ALTO,AMTX,0.26881089383629453,1.2092883081909835,MST
MSTR,SLNH,0.26879697695858207,1.2092998164569595,MST
AMRN,HQL,0.26858435072219994,1.209475629583168,MST
AOD,SW,0.26837632075416623,1.2096476174868727,MST
UUUU,WWR,0.2677212065272998,1.2101890707428324,MST
HQL,KALV,0.2674290109779867,1.210430492859473,MST
SENEA,SENEB,0.26720236914964146,1.210617719059455,MST
ASRV,USB,0.26647038821102387,1.2112222023963861,MST
CRDF,HQL,0.2664490935989055,1.2112397833633888,MST
RMT,SCYX,0.26607510464803796,1.2115485094307714,MST
LMB,RMT,0.2654258463780202,1.2120842822361653,MST
RMT,WKHS,0.2653184079841301,1.212172918370865,MST
ASM,NAK,0.2653040019427416,1.212184802789788,MST
HAFC,SEB,0.2652389932892995,1.2122384309290812,MST
DLHC,RMT,0.26509338557918555,1.2123585397239667,MST
HQL,MRKR,0.264717802798771,1.2126682952903725,MST
ALDX,RMT,0.264465446166627,1.2128763777346585,MST
BNED,RMT,0.264084459992277,1.2131904549638717,MST
PSHG,TOPS,0.2638487687282376,1.2133847133302467,MST
GDV,VNCE,0.26373358283697923,1.2134796390240923,MST
JAKK,RVT,0.26357768466174075,1.2136081042397988,MST
HQL,MCRB,0.26328266812110995,1.2138511703490589,MST
GBR,PED,0.26315609384788863,1.2139554408231887,MST
FBIZ,SNFCA,0.262911355865667,1.2141570278463432,MST
CRMD,RMT,0.26195721944649075,1.2149426163844195,MST
GLBS,PXS,0.2615477599405632,1.215279589279304,MST
GPUS,MARA,0.26115723750895087,1.2156008904990563,MST
BUSE,CALM,0.2609057913160561,1.21580772220277,MST
KNOP,ORMP,0.26082466369193996,1.2158744477190562,MST
LMFA,MSTR,0.26081337307671754,1.215883733687792,MST
AEC,UUUU,0.26073780910102234,1.2159458794691296,MST
RVT,SIGA,0.2604297618846496,1.216199192661589,MST
KRMD,RMT,0.2600465647667432,1.2165142294550089,MST
HQL,TVRD,0.259758845284009,1.216750717867872,MST
CLPT,QURE,0.2595603899358491,1.2169138096546943,MST
GDV,MNOV,0.25889939916943133,1.2174568582340557,MST
AWF,WHLRP,0.25858009033800333,1.2177191052636045,MST
RMT,SIEB,0.25826750959635547,1.217975771847408,MST
CCEC,TARA,0.2582545154347745,1.217986440454265,MST
CZFS,VABK,0.2579786465478807,1.218212915259167,MST
LFCR,UMBF,0.2579375534332844,1.2182466470848303,MST
MESO,NFJ,0.2574482857224742,1.2186481972066636,MST
NNDM,RMT,0.2572529001635449,1.2188085164097395,MST
LINC,RVT,0.2570050135707047,1.219011883805318,MST
AQMS,RMT,0.25685649291677654,1.2191337146377534,MST
MDXG,RMT,0.2565322556664608,1.21939964272058,MST
KMDA,QQQX,0.2564452186598532,1.2194710175647037,MST
ASA,MAKO,0.25577106923621207,1.2200237135103464,MST
AGM,KG,0.2554671927454913,1.2202727623400507,MST
RMT,TXMD,0.25511551098946905,1.2205609276152756,MST
AP,RMT,0.25507240497725764,1.2205962436635156,MST
SRG,TACT,0.2547087669521616,1.2208941256700667,MST
RMT,TLPH,0.2546251546685122,1.2209626082165561,MST
ISSC,RMT,0.2543469691798584,1.2211904280824852,MST
AKO-A,AKO-B,0.25432971381704617,1.221204557953297,MST
RMT,SOS,0.25424704451568586,1.2212722509615241,MST
RMT,SMID,0.25387661649611915,1.2215755265261996,MST
PESI,RMT,0.2532260515798869,1.2221079726604462,MST
IMDX,LCTX,0.25277798544107277,1.2224745515215663,MST
APWC,PPSI,0.25261388166959814,1.2226087831603385,MST
HQL,SYRE,0.25257084416625974,1.2226439840229373,MST
HNNA,JRI,0.25192185132054074,1.2231746798225176,MST
IRIX,RMT,0.2513766826627308,1.2236202984073687,MST
CRBP,HQH,0.25000740046943987,1.2247388289186882,MST
RFIL,RMT,0.24984615991194414,1.224870474856877,MST
HQL,NGNE,0.2496298788037302,1.2250470368081952,MST
CPSH,POLA,0.24949725034291043,1.225155295998911,MST
CBAT,LAR,0.2486116012680127,1.2258779700541056,MST
SDEV,TPVG,0.2474933499811937,1.226789835317204,MST
GNSS,RMT,0.24712315197075463,1.2270915597698857,MST
ACCO,AMPY,0.2466442540601903,1.2274817684510102,MST
GMED,ORGO,0.2464489272531993,1.2276408862096444,MST
FTFT,RIOT,0.24639201059677474,1.2276872479611616,MST
DYAI,FPF,0.24638525379683718,1.2276927516306047,MST
AEYE,RMT,0.24631857771997218,1.22774706049742,MST
RMT,SQNS,0.2462841141659937,1.2277751307417872,MST
EVGN,RMT,0.2461851518460264,1.2278557310645037,MST
KTCC,MFIC,0.24577404769740047,1.2281905001282167,MST
POET,RMT,0.24547156303025083,1.2284367602524349,MST
APVO,GL,0.2453066263265283,1.2285710184384715,MST
GTIM,RVT,0.24525091016301517,1.2286163679822801,MST
RMT,SMSI,0.2450689558037193,1.2287644560258737,MST
CLIR,PMT,0.24433403513474958,1.2293624078076004,MST
ONCY,RMT,0.2442210062730987,1.2294543454125504,MST
ADAM,JVA,0.24413325853188872,1.2295257146299228,MST
CSPI,RMT,0.24398530202515584,1.2296460449859903,MST
HQH,PRQR,0.2437565355097761,1.229832073488266,MST
CBIO,HQL,0.242459451920297,1.2308863051311465,MST
FRD,RMT,0.2422877761790321,1.231025770502769,MST
AMC,TOON,0.24219134257201383,1.2311041039879496,MST
BRBS,ZION,0.24208024841867049,1.2311943401277716,MST
CTSO,RMT,0.24187296987509008,1.2313626842851053,MST
ASA,SKE,0.24168000814127472,1.2315193801631588,MST
MDWD,RVT,0.24137842966697787,1.2317642390758243,MST
RDCM,RMT,0.24094904733439668,1.232112781092383,MST
HYT,LSBK,0.24041352744271136,1.2325473399081177,MST
FLUT,RMT,0.2400182048737475,1.2328680344029141,MST
GSIT,RMT,0.24001154985433573,1.2328734323892816,MST
BWFG,CMT,0.23951437249986782,1.2332766336066958,MST
MFC,NTIC,0.239477418860239,1.233306597030731,MST
ATYR,HQL,0.23929434088969564,1.2334550329138914,MST
GNT,XPL,0.23760238312099308,1.234825993311614,MST
CHW,CRWS,0.23720495151733026,1.235147803692068,MST
EMO,SSBI,0.2369451677579482,1.2353581118380628,MST
RMT,XXII,0.23670268369061087,1.235554382703885,MST
HQL,OVID,0.23555548716544986,1.2364825213763033,MST
AFBI,WAL,0.23554773833633658,1.2364887881931348,MST
BST,PDSB,0.23542853942576222,1.2365851855608152,MST
HQL,VRDN,0.23413909695957333,1.2376274908391673,MST
INLX,WEC,0.2336787515200075,1.2379993929562263,MST
HQL,ZVRA,0.2325414423267519,1.2389177193609333,MST
GALT,RMT,0.23226132463807203,1.2391437974358972,MST
PFGC,RAVE,0.2315339122136824,1.2397306867108822,MST
FCX,TMQ,0.23136411575991522,1.239867641516694,MST
BWLP,SCD,0.23106812209654806,1.2401063485874524,MST
LEE,RMT,0.2310596253325008,1.240113200209964,MST
ARI,ASTC,0.23094393716685688,1.2402064850928196,MST
RMT,WYY,0.2300155400868538,1.2409548419770529,MST
CENN,KOSS,0.22992882446769736,1.2410247181521428,MST
UAMY,XPL,0.22934562566906425,1.2414945624777707,MST
FUNC,FXNC,0.22912105002861294,1.2416754406618398,MST
ASA,IDR,0.22898824951810232,1.2417823887315342,MST
MLSS,RMT,0.22858657323091428,1.2421058141471568,MST
LSAK,RVT,0.22835876422817386,1.2422892060803121,MST
HQL,PTGX,0.22830233202961114,1.242334631224928,MST
ENJ,PDT,0.22829162859907193,1.2423432467727493,MST
BEEM,POLA,0.2280604744630707,1.242529295861413,MST
IGR,SELF,0.22799433143611225,1.242582527290552,MST
ACRS,HQL,0.22770810795513843,1.2428128515950112,MST
LPTH,RMT,0.22718077111439205,1.243237088318723,MST
CHSCO,TVC,0.22672132877694975,1.2436065866849133,MST
RMT,WATT,0.22652373608151685,1.2437654633559199,MST
RMT,SRTS,0.22605566644050412,1.2441417391595668,MST
BOH,FNRN,0.2258274168243139,1.24432518513103,MST
CNVS,DLPN,0.2256591455845581,1.2444604087036613,MST
RCG,TPL,0.22538680898387953,1.24467922856945,MST
EDAP,GDV,0.22520866708455287,1.2448223430798848,MST
CVV,RMT,0.224433894114108,1.2454445839826773,MST
FABC,RVT,0.22421779516676726,1.2456180833893131,MST
ANIX,RMT,0.2238160187164415,1.2459405935144408,MST
XYZ,ZDGE,0.2230334030473723,1.2465685676709706,MST
PXS,SCKT,0.22296762037319445,1.2466213375574842,MST
EPSN,SBR,0.22256879176887026,1.2469412241410016,MST
ACNB,BRID,0.22216441995662273,1.2472654729794914,MST
RMT,XBIT,0.2220566624197458,1.2473518650166473,MST
DAIO,OLED,0.22198908977046652,1.247406036725439,MST
MIND,RMT,0.22181642529194143,1.2475444478719453,MST
AMC,MSN,0.22177830571960014,1.24757500318049,MST
FSI,RMT,0.2214406373224369,1.247845633624258,MST
HQL,PLUR,0.22140608461962333,1.2478733232026211,MST
RMT,RVP,0.22120716487548597,1.2480327200234087,MST
RVT,XELB,0.22041192429917705,1.2486697527375465,MST
BYFC,SCM,0.2204083521705976,1.2486726134815342,MST
BDJ,NTZ,0.22021555954223151,1.2488270019964882,MST
CRIS,HQL,0.22020473206097202,1.2488356720874272,MST
CSBR,GDV,0.22017029774459043,1.2488632449194825,MST
GLBS,SGLY,0.21978278218041464,1.2491735010154397,MST
EFSI,ONB,0.21974395901338828,1.2492045797119156,MST
ACU,AVNT,0.21952375946989713,1.2493808390799843,MST
ARTW,WATT,0.21935403332118997,1.2495166799037218,MST
BMRA,TPC,0.2189724553364869,1.2498220230604942,MST
DRH,NHTC,0.21870748038290733,1.2500340152308598,MST
IPWR,RMT,0.21798429364575295,1.250612415062514,MST
HQL,IRD,0.21793855543437968,1.250648987178753,MST
BLDP,INUV,0.21789514957820766,1.250683693362788,MST
CYPH,RMT,0.21785175150483263,1.2507183923611,MST
BTO,FUSB,0.21713610187625854,1.2512904523920427,MST
KOSS,UUU,0.21699767407640844,1.2514010755338127,MST
LFMD,RMT,0.2166606813599116,1.2516703388992554,MST
GDV,KINS,0.2162200771906848,1.2520223023647103,MST
QRHC,RMT,0.2160668466473151,1.2521446828163947,MST
RMT,UAVS,0.21527359208721375,1.2527780393292232,MST
AWRE,TRMB,0.21490950432807496,1.2530686299416525,MST
BBGI,PLAB,0.21477517962229337,1.2531758219641063,MST
NKTR,VTGN,0.21455932241774492,1.2533480582681373,MST
BHRB,OBT,0.2138794733281386,1.2538903673542288,MST
JBK,VVR,0.21383216632776866,1.253928094965761,MST
RMT,SVRA,0.21360576546944554,1.2541086352709279,MST
SCM,TLF,0.213479125112496,1.2542096115781476,MST
OTLK,RA,0.21330160241457616,1.254351145082926,MST
RMT,SEED,0.21313959794421947,1.2544802924364977,MST
RMT,TOVX,0.21291286559069125,1.254661017493816,MST
BYFC,UONEK,0.21289442294744318,1.2546757167113396,MST
HHS,RMT,0.21275311808882735,1.254788334270902,MST
GDV,NTWK,0.21272876349609562,1.254807743444313,MST
RMT,USIO,0.21272003559025468,1.2548146989972226,MST
IVR,MNDO,0.21196798004837297,1.2554138918712243,MST
RMT,VERU,0.2119601854820857,1.2554201006180474,MST
HQL,LRMR,0.21183832453436335,1.2555171647298469,MST
HQL,LSTA,0.21120851828398748,1.2560186954946273,MST
INTZ,WATT,0.21076752318685674,1.2563697519545296,MST
BLRX,HQL,0.21057989160119892,1.2565190873192504,MST
NNVC,NVAX,0.21046002274654704,1.2566144812578381,MST
HDSN,RMT,0.20919880221855253,1.257617746202277,MST
ATOS,RMT,0.20916715755745935,1.257642908334906,MST
GDC,TANH,0.2086094693671119,1.2580862694051533,MST
OCGN,RMT,0.20835041682570363,1.2582921625554984,MST
RMT,VHC,0.2081639073497329,1.2584403781270428,MST
FEIM,RMT,0.2079616576063184,1.258601082467103,MST
FFA,LWAY,0.20794391658682657,1.258615178212287,MST
ENLV,GL,0.20770357179283727,1.258806123441702,MST
IBKR,VIRT,0.20741566939167438,1.2590348133457832,MST
DWSN,PTEN,0.20713857063456834,1.2592548823533953,MST
NXTS,SVRA,0.20705153455878542,1.2593239975806183,MST
ACB,INM,0.20690401567581304,1.2594411334589537,MST
ELA,RMT,0.20675090339592564,1.2595626991968873,MST
AAMI,NEON,0.20668615262701032,1.259614105488653,MST
BST,FORTY,0.20662739093738655,1.259660755173879,MST
CNVS,RMT,0.20621018292252824,1.2599919182895356,MST
BKTI,OIS,0.20600244520767474,1.260156779763792,MST
CARE,RMCF,0.20527126188673092,1.260736878268633,MST
LADR,MPU,0.2049420963070472,1.2609979410712397,MST
GLMD,SMSI,0.20488230658863782,1.2610453547841665,MST
FTEK,RMT,0.20465590447398674,1.261224877272894,MST
DMAC,RMT,0.2046055835087267,1.2612647751295312,MST
RDHL,RMT,0.20449331192907283,1.2613537870644598,MST
FFA,TATT,0.20442549528488288,1.2614075508852143,MST
PAVM,RMT,0.2042688139258184,1.2615317562980186,MST
BANR,VIRC,0.20408404669073146,1.2616782104080806,MST
GJO,WHF,0.20373712912650208,1.2619531456226873,MST
ETG,XWEL,0.20369102719119472,1.2619896773023187,MST
CCLD,RMT,0.20346931375541008,1.2621653506926815,MST
BTO,CFBK,0.2027958652219069,1.2626988039735312,MST
BCV,VNRX,0.2027718286455298,1.2627178397048726,MST
LBTYA,LBTYB,0.20275122267236,1.2627341583465936,MST
ELLO,OVV,0.20269180977242102,1.2627812084661214,MST
PDEX,WLK,0.20194646609348876,1.263371310349029,MST
MYSZ,TYG,0.20087945195724638,1.264215605063277,MST
C,ESP,0.20074490000568457,1.2643220317579817,MST
BST,GRVY,0.20068401413817455,1.2643701877708329,MST
RVT,VIVS,0.20025379428880186,1.2647104061493273,MST
PW,RMT,0.1997848224010362,1.2650811654585359,MST
AIRI,VLT,0.19975038548291213,1.2651083862792847,MST
FTLF,MBRX,0.19974798874138536,1.2651102807728776,MST
IMNN,SBET,0.19970592089710715,1.2651435326498672,MST
GLW,OCC,0.1993516290176873,1.2654235425203,MST
HQL,NERV,0.19919084737955012,1.2655505937104607,MST
RKDA,SEED,0.19918700411828383,1.2655536305362298,MST
AIFU,EMF,0.1989567853596031,1.2657355289636116,MST
CLRB,HQL,0.19864557837757865,1.2659813755521219,MST
ACB,IGC,0.1984725306698347,1.2661180587371506,MST
PLX,RMT,0.1977515850840376,1.2666873449403073,MST
INDP,RMT,0.19672353009925747,1.2674986942010966,MST
GEG,RMT,0.19661930795812668,1.267580918160157,MST
PTN,RMT,0.1959279215968198,1.268126238513485,MST
ENVB,HIMX,0.19575324830525456,1.2682639722823836,MST
AQMS,AWX,0.19543942053717903,1.2685113948741817,MST
PHIO,TPST,0.1952458241291054,1.268664002698031,MST
OPTT,RMT,0.19507050181967187,1.2688021896106012,MST
LDP,WILC,0.19506221401697912,1.2688087215833763,MST
MXF,SIM,0.19505415680067562,1.268815071788891,MST
BDL,CSQ,0.19504095305018723,1.2688254781094308,MST
BB,CVM,0.19495262546137815,1.2688950898625322,MST
KELYA,KELYB,0.19492885042682492,1.2689138265250128,MST
GYRE,RMT,0.19491414384859296,1.268925416367256,MST
BLIN,RMT,0.1948068224058172,1.2690099901846186,MST
EVT,SRL,0.19391905387604103,1.2697093731432867,MST
AIFC,STK,0.19379063174823036,1.2698105120463996,MST
HSDT,QNRX,0.19293991480873823,1.2704802912216007,MST
BYFC,COHN,0.19249654050572437,1.2708292249506032,MST
MDGL,SLNO,0.19248733245948857,1.2708364706290982,MST
BOTJ,IVR,0.19228124170506583,1.2709986296569593,MST
BABA,FENG,0.1920782009599486,1.271158368607194,MST
ETW,UG,0.19199781910350136,1.271221602157939,MST
FLNA,NGNE,0.19175542580700256,1.27141226531208,MST
NIE,SNT,0.19161375334505493,1.271523689637708,MST
IZEA,RMT,0.1912558194488697,1.2718051584666028,MST
ISBA,TPVG,0.1910270265109202,1.2719850419632142,MST
CCD,LGL,0.1901863566178416,1.2726457821264787,MST
REFR,RMT,0.19010609237775122,1.2727088493620595,MST
ADX,TRT,0.1900827179532543,1.2727272151146496,MST
IMUX,SNAP,0.19005700347748447,1.27274741918616,MST
EMO,SLNG,0.18884830672053482,1.2736967404209412,MST
MBAI,TRAW,0.18823353849033325,1.2741793135266846,MST
DAL,PPIH,0.18820454224919408,1.2742020701213808,MST
SVC,TAYD,0.18811116324518456,1.2742753523119055,MST
EFOI,NCV,0.18805956014744885,1.2743158477022494,MST
AIRT,DPG,0.1872719341002831,1.27493377545637,MST
RMT,STRR,0.18725731106133714,1.274945245050675,MST
ACHV,RMT,0.18720580187602165,1.2749856455066295,MST
FBRX,RMT,0.18570304965719647,1.2761637436808833,MST
RMT,VANI,0.18518907215632346,1.2765664321481092,MST
CAPR,RMT,0.18504152284931027,1.276682009860474,MST
AAME,TDC,0.18480921935906458,1.2768639556671144,MST
LFWD,WPRT,0.18463739076722735,1.2769985193670137,MST
ABAT,RMT,0.1845597302632495,1.2770593327929212,MST
AYTU,TK,0.1829354920322714,1.2783305581638331,MST
BVFL,IVR,0.18272836666711945,1.2784925759134314,MST
INDP,XBIO,0.18251319024925045,1.2786608696216129,MST
EFOR,GRCE,0.1823690663470917,1.2787735793743225,MST
EMF,SCNI,0.182138392995337,1.2789539530449585,MST
ATHE,QXO,0.18206454750176473,1.2790116907192328,MST
GGZ,NAII,0.18079087579960176,1.2800071282617127,MST
RMT,VTSI,0.18070778879479538,1.2800720379769293,MST
CATX,RMT,0.18062339741127517,1.2801379633373309,MST
EAD,SANG,0.18027537351815517,1.2804097988392973,MST
BLNE,RMT,0.1802685808964037,1.2804151038656146,MST
PMTS,RMT,0.18024385141518234,1.2804344173637459,MST
EKSO,RMT,0.18002030799480956,1.280608989508656,MST
EYPT,QXO,0.1798287230246214,1.2807585853511805,MST
BYSI,HQL,0.17974129218669893,1.2808268484173035,MST
KEQU,RMT,0.1795829873111836,1.2809504382987005,MST
MRVL,PRSO,0.17952491838849283,1.2809957701815469,MST
AQB,CRSP,0.17943396874262418,1.281066767391439,MST
HQI,RMT,0.17879793590003204,1.2815631581002693,MST
ABTS,WES,0.17792008751448377,1.2822479576786359,MST
NEN,TWO,0.17766737443559436,1.2824450285017333,MST
BOSC,RMT,0.17691672609282805,1.2830302209279187,MST
RCON,TYG,0.17660904281616838,1.2832700083644373,MST
AIOT,SPCB,0.17641792639251844,1.2834189289608298,MST
HIO,REED,0.17609483355117472,1.2836706481405775,MST
MI,VUZI,0.17550870791020387,1.2841271682273498,MST
KODK,SYPR,0.1753937352051033,1.284216698844005,MST
HQL,QNRX,0.1753513360045444,1.2842497140318587,MST
CODA,EMR,0.17517690553393855,1.2843855297114348,MST
RGNX,RLMD,0.17501562441239513,1.284511094220369,MST
CAAS,RMT,0.17492817511844483,1.2845791722440116,MST
EDUC,TY,0.17491950002641482,1.2845859254822818,MST
AMRN,MTNB,0.1746816401355495,1.2847710767794007,MST
ALP,BWLP,0.174480524237245,1.2849276055581924,MST
CNET,XNET,0.17433496121492004,1.2850408855636306,MST
BOH,FNWD,0.17408948405247335,1.2852318981005153,MST
JOB,RMT,0.17364223840981294,1.285579839286683,MST
FMY,JMM,0.17265475042990858,1.2863477364772649,MST
AMS,RMT,0.17258807450098895,1.2863995689512735,MST
GIGM,LGI,0.17242617668214477,1.2865254162416344,MST
CHGG,GDC,0.1722931524749619,1.2866288101274883,MST
IAC,PALI,0.17198366728787368,1.2868693272528695,MST
NEGG,W,0.17197240928953264,1.2868780755848375,MST
CHNR,JXG,0.17165398757644773,1.287125489160674,MST
TGEN,VST,0.1716331889029753,1.287141648069104,MST
FUND,LIQT,0.17048829625772138,1.2880308255179909,MST
NFJ,PSTV,0.17044463585949773,1.2880647220854256,MST
ASND,CD,0.17041223267823694,1.2880898783250827,MST
RSSS,SLRC,0.17035543223331787,1.2881339742174975,MST
PRK,TAOP,0.17014012317132488,1.288301111408878,MST
AIM,IBIO,0.1696444112632838,1.288685833503819,MST
FWDI,RMT,0.16952133526968577,1.2887813350063029,MST
AXR,EMD,0.16949487098604946,1.2888018691901022,MST
CLWT,VIVO,0.1692790151928037,1.2889693439389445,MST
GTLS,POWW,0.16914527928925954,1.2890730939017696,MST
ACB,BNC,0.16900640669210723,1.2891808199844526,MST
GDC,JXG,0.16897877992870333,1.289202249510368,MST
BYD,MBRX,0.1687405810159953,1.2893870008527344,MST
EOS,QCLS,0.16865171785021502,1.2894559179357663,MST
NTLA,SLS,0.16854176627788872,1.2895411848577085,MST
RMT,STEX,0.16839823656228095,1.2896524829873504,MST
KDP,MDLZ,0.16833898623082538,1.2896984250352286,MST
COCP,DOMH,0.1680749661248341,1.2899031233973859,MST
AGPU,RMT,0.16805554849831875,1.2899181768636965,MST
MTVA,SWZ,0.1680096986310099,1.289953721161337,MST
GJT,LADR,0.16774783563219975,1.2901567070459312,MST
LAR,TRAW,0.16729706874447048,1.2905060490021187,MST
PPBT,RMT,0.16715886607186117,1.290613136403112,MST
BGI,FPF,0.1670730247659209,1.2906796467242203,MST
IVR,UBCP,0.16690357851858792,1.2908109245597605,MST
CSQ,ZTEK,0.1668354125482552,1.2908637321202767,MST
DRIO,ECF,0.16671553635158795,1.2909565938856442,MST
CETX,LEG,0.16663177177226515,1.2910214779218314,MST
ELVA,TGB,0.16604613868763357,1.291475018196145,MST
KPRX,QQQX,0.16575414221610216,1.2917010937394904,MST
ORGO,PHUN,0.16535869490912397,1.292007202062648,MST
IMMP,SLS,0.1652753001481889,1.2920717471191847,MST
AIOT,DOMH,0.16511010919469862,1.29219959046991,MST
LEDS,RMT,0.165052441551345,1.2922442172040507,MST
BCDA,GDOT,0.16493630315002028,1.2923340874943907,MST
CVR,SCCO,0.16435911125313893,1.2927806378089526,MST
APLE,CPHC,0.16412054818607702,1.2929651594794989,MST
DBVT,FOF,0.16400424892605875,1.2930551040647427,MST
OPHC,ZNB,0.16341738757336502,1.2935088808559723,MST
MBOT,RMT,0.16325800080451283,1.2936320954548763,MST
HURA,LSCC,0.16318718393693687,1.2936868369609882,MST
AQMS,YDKG,0.16222053209945453,1.2944338282821146,MST
CDXS,TNXP,0.1621803014848945,1.294464907608627,MST
POCI,ROG,0.16050148960404131,1.2957611742878845,MST
ACRE,PNBK,0.1604508651666399,1.295800242964447,MST
AIOS,FIVN,0.16025101416139084,1.2959544635816562,MST
SNGX,VISN,0.16020810799758112,1.2959875709299213,MST
SBET,VUZI,0.16011376353531884,1.2960603662366048,MST
CTXR,RMT,0.16011327695225056,1.2960607416689616,MST
AEHL,CALY,0.15986625290000617,1.2962513237023088,MST
MTEX,VLT,0.15978419737413138,1.2963146243299646,MST
SILC,SNOA,0.15940553875920202,1.2966066953712663,MST
CLWT,HIHO,0.1593488252260197,1.2966504345998426,MST
RMT,TWAV,0.15872435415181055,1.297131948452577,MST
KF,XWIN,0.15836676637201616,1.297407594881411,MST
KGEI,OVV,0.15835788145740617,1.297414443069441,MST
JAGX,OCGN,0.15826619750644622,1.2974851078093759,MST
AQMS,GURE,0.15758625570811524,1.2980090479591309,MST
CREG,LAR,0.15747205051166624,1.298097029877454,MST
CREX,RMT,0.15672447126956746,1.29867280616053,MST
PGP,TRIB,0.1565236775389428,1.2988274115224525,MST
MARA,SGRP,0.15646668111505668,1.2988712937662017,MST
CTGO,GGN,0.15606484234353227,1.2991806322882649,MST
AEHL,CPHI,0.15605076733385775,1.2991914660019455,MST
CSIQ,VIVO,0.15550941636084945,1.2996080821841256,MST
RDHL,WHLR,0.1554698969085487,1.299638490574553,MST
ALM,ASA,0.15542268714234786,1.299674815373178,MST
ELDN,HQL,0.15490996823148015,1.3000692533619276,MST
NFJ,TAP-A,0.15467826766300447,1.3002474628600476,MST
BIT,RAND,0.15447906737817227,1.3004006556610372,MST
AHT,IHT,0.15446117834608525,1.3004144121424637,MST
MVIS,SINT,0.1541406311153682,1.3006608850001078,MST
IBKR,PSIX,0.1541269733604025,1.3006713855848429,MST
FFA,HGBL,0.15401755853044258,1.3007555046737702,MST
NGG,ORLA,0.15378001488397924,1.3009381116071748,MST
BGMS,HQL,0.15340928271933502,1.3012230533468618,MST
AOD,ZNB,0.15293225952020328,1.3015895977456156,MST
EDSA,STK,0.15260885482418424,1.3018380430574426,MST
ALCO,CMCT,0.15240996811414992,1.3019908078675901,MST
SUNE,TCPC,0.15240962639637126,1.301991070325468,MST
ACFN,SRV,0.152200286308051,1.3021518449796468,MST
KFS,PNR,0.15112906417289498,1.3029742405950357,MST
AIXC,NTLA,0.15088364308707528,1.303162581501575,MST
GSBD,NTRP,0.15084345702845733,1.3031934184698315,MST
EOI,VTVT,0.15060348977152133,1.3033775433300043,MST
GLU,MGYR,0.15051816811520816,1.3034430036520905,MST
LPCN,SLS,0.1503298209974377,1.3035874953393518,MST
AGO,CMTV,0.1502265111042219,1.3036667433786735,MST
DARE,HQH,0.14929234422281823,1.3043831153286076,MST
GAM,TPCS,0.14928580258764285,1.3043881304369165,MST
RDGT,VHC,0.14880900130306335,1.3047536155895,MST
PBHC,PFO,0.14864440531997272,1.3048797604990487,MST
KZIA,LNTH,0.14780005685466868,1.3055266700801875,MST
LMFA,OXBR,0.14743345629499408,1.3058074465287797,MST
HYFT,OPCH,0.14715081117373713,1.30602388096563,MST
NEPH,QQQX,0.14649111711710083,1.3065288997055513,MST
ITP,KRNT,0.14617847373622683,1.3067681709192134,MST
LIVE,MTRX,0.14567600224938257,1.3071526289998558,MST
CCEL,VVR,0.14558664385095632,1.307220988317617,MST
KOPN,PULM,0.14547062497925733,1.3073097376067713,MST
ELTK,HEI,0.14500036874148536,1.3076694010785102,MST
NSPR,XNET,0.14475736025483518,1.3078552211503878,MST
DAKT,IBIO,0.14456199994643032,1.308004587188875,MST
BKYI,WATT,0.14444746944613585,1.3080921454957706,MST
PROP,PRTH,0.1441100044294602,1.308350102664069,MST
RMT,XTIA,0.14384392365056844,1.308553458097476,MST
BGDE,MSTR,0.1433431009089263,1.3089361322013184,MST
AEMD,GEO,0.14241391748542906,1.309645816634842,MST
GYRO,MFA,0.14194012293877956,1.3100075397196922,MST
GRDX,PLUG,0.14175623252787736,1.3101479057511962,MST
CHCI,GLO,0.14153557626870597,1.3103163158041604,MST
AACG,VERU,0.14147215864673243,1.3103647136223315,MST
CHI,ORKA,0.14106397246344154,1.3106761823856863,MST
ACCS,GAM,0.14099852599616883,1.3107261147957885,MST
NEXM,QGEN,0.14094606870451798,1.3107661357354958,MST
FCPT,WVVI,0.1407338183646128,1.310928054193202,MST
CHMG,PPCB,0.14054731089235784,1.3110703177996534,MST
GDOT,RCAT,0.14022775027542458,1.3113140354046207,MST
DSS,LAR,0.1396575561133069,1.3117487898882874,MST
AXSM,RZLT,0.13935262935103462,1.311981227494483,MST
LINK,TWO,0.13926590281112433,1.3120473293207648,MST
CLRO,GL,0.1387347952402516,1.312452059893807,MST
FGNX,RMT,0.13850834459227154,1.312624588683092,MST
DCOY,PHIO,0.13809646159667555,1.3129383370161178,MST
OMEX,OPTT,0.13796022727674248,1.3130420958394726,MST
NCTY,PLAG,0.13784395340704603,1.3131306458939673,MST
BESS,NSSC,0.13767278532990937,1.3132609905651584,MST
PRGO,SVA,0.13688373836314752,1.313861683463562,MST
CANF,RARE,0.13672264908042042,1.3139842852329549,MST
AVK,NTIP,0.136672806019073,1.3140222174536678,MST
MSLE,OKTA,0.13609080685087988,1.314465057085292,MST
ETG,SOTK,0.1359867000043714,1.3145442556229354,MST
EP,FNLC,0.13555710866110313,1.314871013703547,MST
CHSCM,KTH,0.13541623870242755,1.3149781452918314,MST
DFTX,JOF,0.13514433080633342,1.3151849065387473,MST
DDD,OGEN,0.13467657868014782,1.3155405134923457,MST
HQL,RVYL,0.13406726620263376,1.3160035971055446,MST
CPIX,QURE,0.13346837731829003,1.3164585999428238,MST
FCUV,NXTS,0.1333135511746815,1.3165762027511498,MST
BIDU,UTSI,0.13319257616831578,1.3166680856097972,MST
HFBL,MGYR,0.13236693531971955,1.3172950046821559,MST
RCS,VRME,0.1322472785640099,1.3173858367509423,MST
AQMS,GWAV,0.13176540814435378,1.317751563729405,MST
MSTR,TONX,0.13151287973892625,1.3179431856199824,MST
AWF,SOWG,0.13115151208166806,1.318217347722546,MST
CPAC,EDD,0.13095108876364114,1.3183693801331695,MST
GGZ,OPXS,0.13094459938744304,1.318374302398645,MST
BYRN,TPC,0.13078589022031928,1.3184946793822725,MST
BCHT,TRC,0.13037541264504396,1.3188059655271174,MST
NSYS,VECO,0.13036040032589047,1.318817348744025,MST
AKTX,GLQ,0.13035128583518188,1.318824259835114,MST
GPRO,TENX,0.1301265513318666,1.3189946540211097,MST
ICCC,RAIL,0.12973481488744878,1.319291616825144,MST
BX,SMTI,0.1294015299196217,1.3195442168266878,MST
AEMD,BNBX,0.128654185606363,1.3201104608279088,MST
GLPG,WKSP,0.1280811782933443,1.3205444496166387,MST
AREN,SCM,0.12804752279553736,1.3205699354479206,MST
FIEE,RY,0.1280055867762756,1.3206016910664051,MST
NCZ,XTLB,0.12759246987512662,1.3209144787796623,MST
JOF,PCSA,0.12753563859242553,1.3209575022744482,MST
MAIN,SIF,0.12718999718287818,1.3212191361141588,MST
APVO,BDRX,0.12679652187459478,1.3215169148561097,MST
LIXT,NIXX,0.12649866240986682,1.3217422877324712,MST
BIDU,LITB,0.12644120373367349,1.32178575893851,MST
WWR,XTNT,0.1252713395721137,1.3226705261915277,MST
CCM,NMZ,0.12510622661088885,1.322795353325004,MST
GJS,SLMBP,0.12444096338573726,1.3232981800140606,MST
GIII,YHGJ,0.12381465052765332,1.3237713922519603,MST
BNTC,NTLA,0.1236684580466242,1.3238818239959154,MST
SNES,STK,0.12360262319145666,1.3239315517114496,MST
BCAL,ODV,0.12357059578467967,1.3239557426253494,MST
CRVO,LAR,0.12327957178818398,1.3241755383723233,MST
DIT,SOR,0.12297524393841812,1.3244053428324591,MST
NML,PMN,0.12189904258503768,1.3252176858274736,MST
BLKB,DXR,0.12185582000425871,1.3252503008833774,MST
NXPL,ORLA,0.1216742115412014,1.3253873309027808,MST
NMM,SCNX,0.12005182631604744,1.3266108500113758,MST
KKR,NUWE,0.1199767289352518,1.3266674572512498,MST
PRQR,VS,0.11985034053396078,1.3267627214133197,MST
COHR,ESOA,0.119638124896622,1.3269226617277874,MST
OLB,RMT,0.11939190011259146,1.327108209519788,MST
BFH,SLSN,0.1186370803719774,1.3276768579952145,MST
HIND,VANI,0.11792340333753351,1.3282142874268945,MST
SBET,TROO,0.11783213798867197,1.3282829984693232,MST
KURA,LIXT,0.11730010407601384,1.3286834806860406,MST
IPDN,XNET,0.1159785275635449,1.3296777597872764,MST
DSWL,RMT,0.1145805599071661,1.330728702698513,MST
QMCO,QUBT,0.1142085866829281,1.331008199311388,MST
STRL,TSSI,0.11385346353501104,1.331274980208814,MST
ATLX,VKTX,0.11368034993381411,1.331405009804444,MST
AYI,MRDN,0.11330777288539924,1.3316848179014438,MST
COSM,RIGL,0.11197607454508895,1.3326844528656518,MST
NOK,TULP,0.11186307331648383,1.3327692423548168,MST
ARCB,ARMP,0.11141541894227505,1.3331050829231168,MST
FEED,SNAP,0.1111596218337463,1.3332969497949463,MST
FTEK,NCPL,0.11071657348551392,1.333629203725298,MST
ATRA,PRHI,0.11063984109037965,1.3336867390130416,MST
JCTC,PDI,0.11028938995284174,1.3339494818374182,MST
FEED,INDV,0.11026874208748454,1.3339649604937271,MST
DDD,PMCB,0.10952353934174396,1.334523480991066,MST
DGZ,KELYB,0.10862890868058114,1.335193687312383,MST
DOX,VSA,0.10858908906551551,1.3352235100794807,MST
GCTK,ORLA,0.10842518465830385,1.3353462587222058,MST
ALOY,FCEL,0.10787938128088427,1.3357549316540933,MST
ABVC,OESX,0.10773699468825602,1.3358615237454396,MST
HQH,SKYE,0.10599535089034949,1.3371646488818425,MST
RDGT,VIVK,0.10561783213449767,1.3374469468846248,MST
CENN,SOBR,0.10232992685266395,1.3399030361539868,MST
AIFF,ATEX,0.10162978364123175,1.3404254670504945,MST
EQS,OVV,0.10044262076402621,1.3413108358885153,MST
CENT,CKX,0.10036365678893672,1.341369705346787,MST
ATEX,FKWL,0.09955459724259513,1.3419727290503372,MST
BTCS,DTST,0.0995084090059361,1.3420071467723738,MST
ACH,SUIG,0.09865329161012265,1.3426441884504452,MST
SCD,SRXH,0.0983481779396202,1.342871417567877,MST
BHRB,DGICB,0.09776606266027568,1.343304833118473,MST
CIIT,XELB,0.09681875780138652,1.3440098527902342,MST
CELZ,GEG,0.0957519455216217,1.3448033718565537,MST
RDI,RDIB,0.0952904456655554,1.3451465008202226,MST
ATHM,IPM,0.09291778851718524,1.3469092111072778,MST
ORLA,SCWO,0.09195162290727966,1.3476263407137161,MST
AEHR,IVT,0.09169210832483536,1.3478188985729238,MST
MGA,RIME,0.09133027030062008,1.3480873337431667,MST
BRFH,PROV,0.09019233230370946,1.3489311826007215,MST
APT,TOMZ,0.08704436701404782,1.351262841186682,MST
AMRN,BRTX,0.0861301525540153,1.3519392349110848,MST
IVDA,WES,0.08457709138061029,1.3530875127791178,MST
ETB,GJP,0.08407314462379123,1.3534599036367563,MST
CHGG,USBC,0.08328198555821045,1.3540443230867958,MST
ARL,IOR,0.0830197889946501,1.3542379488150151,MST
BL,CAPS,0.08257794067432492,1.354564180336742,MST
HNI,MAYS,0.0823536382953983,1.3547297602877126,MST
ISOU,WVVIP,0.07914710781091176,1.3570946114321494,MST
INTG,TRIB,0.075911275744848,1.359476902529169,MST
BAP,GJR,0.07464633993086583,1.3604070420790493,MST
OLLI,QXL,0.06499938812411493,1.367479880565623,MST
BANFP,TACT,0.06486104645571755,1.3675810422379233,MST
