ticker,degree,weighted_degree,betweenness,eigenvector,community
RMT,361,136.23695063585467,0.22948615278377865,8.043480019469234e-05,42
RVT,211,113.35441406086063,0.24721704307753992,0.0005461034087463371,4
CATY,156,121.5206393397255,0.01090613863594634,0.11452023524472398,40
BUSE,154,116.5314598181896,0.028348170844623235,0.11044955794525683,40
GDV,147,99.95419252349127,0.42455132870438334,0.00010232173311730059,29
FNB,141,108.20589308345238,0.005570147080178297,0.10641788665995137,40
TOWN,140,107.53086956204905,0.014677053285621229,0.10894147133650284,40
ASB,139,108.51864123032195,0.0028674980027337178,0.11045764862369535,40
ABCB,138,107.33365156136759,0.0029901889567331796,0.11007588175663098,40
FULT,134,105.20546595505182,0.0028039751656980523,0.11061813183572398,40
BANR,133,102.61598952976398,0.0028502313423311378,0.10850529661022432,40
UBSI,132,104.08339117235319,0.0022991399919253886,0.11043443284357712,40
HWC,132,101.78916183778134,0.002883838610170949,0.10554291857680302,40
CTBI,130,98.6036109939561,0.007973598289526991,0.10333778764810794,40
HOMB,130,101.2812186877707,0.0023044363559347044,0.10782751047593665,40
FFBC,129,101.13720961483236,0.0015596290052885048,0.10866048159914089,40
WTFC,128,97.05049484630793,0.0026188690434912182,0.09920982164363251,40
UCB,128,99.92836237770685,0.005893481998167551,0.10717086974116471,40
WBS,128,97.42404699588047,0.0039968921627816815,0.10073604284984354,40
WSBC,128,99.67400733169397,0.0004922825591494283,0.10768615218399105,40
FRME,128,99.9594893650585,0.0007150906393797591,0.10777333228626154,40
ONB,127,97.45059951561828,0.0033343714987320162,0.10607965528776239,40
FCF,127,99.13641686168339,0.0004801809862794787,0.10785096784097674,40
PEBO,126,96.28087707047617,0.0014393765326022392,0.10279651811980933,40
HOPE,124,96.84146939055593,0.0006170155806553282,0.10636003850678977,40
EFSC,124,95.26144895378171,0.0004708491582747495,0.10512549337030096,40
UVSP,123,94.56400510715041,0.00045699026876187083,0.10397716263821198,40
SRCE,123,94.73508586626059,0.0007978229077642519,0.10381488812774568,40
SFNC,123,95.78436830570996,0.0006214126294830361,0.10595199577348227,40
GSBC,122,92.47144981532854,0.0014991690817372622,0.09899140577391595,40
PNFP,121,93.07266170157406,0.0017461998103579252,0.10159626281001649,40
CFG,121,92.5472474875216,0.0019422918588770004,0.09154162649368987,40
RF,121,92.78559636997558,0.0020597515452888742,0.09271843639711853,40
AUB,120,93.04725495843292,0.003987866981297662,0.10421787442358224,40
WSFS,120,91.93382668304584,0.0003695946385924916,0.10318032970271691,40
STBA,120,93.45307128894018,0.00020515884739030597,0.10407905672565315,40
SBCF,119,91.40087751156918,0.0016008731118677612,0.10200802326657868,40
TRMK,119,92.63151008062933,0.00037456325485080025,0.10454511438949751,40
TCBK,119,92.13215223146872,0.00019795544494679546,0.1036470176103278,40
IBOC,119,89.64192230120507,0.0020836281516650023,0.09923907644986953,40
QCRH,119,88.33671348672016,0.0013181959302982437,0.09848899460601716,40
RNST,118,91.9307885446008,0.0003709144954068243,0.1043480934009701,40
MBWM,118,89.57971963748125,0.0005856732880670382,0.09892581242053591,40
PFS,118,89.2596193121823,0.007477058912494406,0.0986609773681726,40
NWBI,118,89.97062117816002,0.0013534164891222105,0.10122778462274669,40
UMBF,117,89.41631537254854,0.001975395926286238,0.1012594088199746,40
NBTB,117,90.6693916035514,0.00048281036204206996,0.10270820701945292,40
GBCI,116,89.61018986217282,0.001593317953815039,0.10251615104544834,40
CNOB,115,85.9568312494981,0.00043507093103003434,0.0965586177474412,40
FFIN,115,88.00337632358433,0.00035416247482705207,0.10110265055668578,40
VLY,115,87.83628256294936,0.0005235513458545337,0.09933298210030866,40
FITB,115,87.68309582973646,0.00181168358789875,0.08726823990037741,40
KEY,114,86.46546986027593,0.005350483802787771,0.08604590296055707,40
HQL,114,39.02138164336174,0.09420641803989592,1.7180648096678675e-07,20
BOKF,113,85.91800623810015,0.0016597771482449017,0.09503637318626026,40
EWBC,113,86.00839695302668,0.0015361563478970591,0.09211449923642406,40
BKU,113,85.64348061782214,0.0011507183100230144,0.09497465380865044,40
HBNC,111,82.55481916059365,7.946749132315474e-06,0.09515223357890532,40
CFR,111,84.7871142258654,0.0017563766850281254,0.09378003571955168,40
CVBF,110,84.11351776143978,0.0007405932666684031,0.09687915907821067,40
SSB,110,84.49859320618502,0.00021609365557457487,0.09787642008174385,40
FIBK,109,83.28500489134808,0.00014378824998604475,0.09795320886025971,40
FISI,109,80.92695301943422,0.0010091132563623782,0.09138018264857528,40
DCOM,109,80.46405262632707,0.000589311072444155,0.09334269961392147,40
HFWA,108,82.7043225509166,0.00015309811789480262,0.09639748616509446,40
HBAN,108,82.26177801842739,0.001192900105228602,0.08408261938654917,40
BBT,108,80.86199656543174,0.0001219840079489393,0.09425480663116995,40
FBNC,108,81.42964447342055,0.00014295934336992053,0.09401536434044894,40
PNC,107,80.9898449743495,0.05218692400543952,0.079766025377818,40
TFC,106,80.26422061248454,0.0011613503665558011,0.08071470168435013,40
OCFC,105,78.62022567397722,0.0001222700592327201,0.09164059193544044,40
CBU,105,80.93728720118695,0.00016061616185588623,0.0953483580031223,40
PB,105,80.21496264915145,0.0009866543971255035,0.09295150698728216,40
INDB,104,79.01049596709811,0.00013993971178864514,0.0940517196392195,40
CAC,103,77.00865869318044,0.0002929418763051962,0.08811292939999095,40
CPF,102,76.44944041731391,0.00012114616364371407,0.09148799592481546,40
WAFD,102,77.75384308419716,0.0002980703008286054,0.0922140129779515,40
GABC,102,77.34127698324873,7.1494809412441955e-06,0.09042350066560093,40
THFF,101,75.73286384868241,3.8313849819356e-06,0.08818683543537875,40
TMP,100,75.44884277459172,0.0004824270002979156,0.08626241655753036,40
PFBC,100,74.38862824678799,0.00012290848841323924,0.08900769392930684,40
BOH,100,74.6807620693609,0.000745390881932531,0.08829452135945186,40
CHCO,100,76.53870862739578,6.791845027530681e-06,0.09020264800562619,40
IBCP,99,71.94072651145673,0.006221168934458073,0.07747440541354417,40
NBHC,99,73.92552163929541,0.00010141770600515529,0.08925517840251537,40
COLB,99,75.64487845123404,0.00016540711010271824,0.09104446825413892,40
SYBT,99,74.32806394157782,3.169470216245596e-06,0.08828496730276658,40
PGC,99,71.546130266749,0.0017395674218061742,0.08191989786978342,40
WASH,96,72.03606784550657,5.861187761105039e-06,0.08513872207306242,40
TRST,96,71.14286787202457,0.0036385017563519994,0.08315683435084611,40
FMBH,96,70.56622463976204,3.0565662903721875e-05,0.08208906623999475,40
FCBC,96,70.17974820419585,0.0011828730612931226,0.08025969951349597,40
CBSH,95,72.4614448926602,0.00022935233335196525,0.08523762566316054,40
SFBS,95,70.55592205114299,9.575620249453944e-05,0.08564758654778518,40
FHB,94,71.28889902109803,0.00010492146469973089,0.0863583672495579,40
BANF,93,68.40466414525244,0.0005807918287172967,0.08109352514971342,40
MTB,92,69.47129737833765,0.00045717124565896624,0.0752316692504533,40
SBSI,92,69.77003819531244,2.146764543068099e-06,0.08458987655664316,40
USB,91,67.98859149704641,0.0007822443074924929,0.06786061371424643,40
LKFN,91,67.69543156036559,5.3919878415838425e-06,0.08110445318503404,40
HAFC,89,65.00765347851613,0.00029132868770536703,0.07813768957052897,40
EVT,85,62.87150657411429,0.043758084991243965,9.274455630239342e-05,29
ZION,85,63.867726407017685,0.0006386117518117865,0.07322752326869217,40
TCBI,84,62.10630934401977,0.00045307756098640417,0.07436451352834986,40
BAC,84,63.42422582022785,0.024092700591727013,0.056491829578782383,54
PRK,82,60.30947504944882,0.00028979015728378176,0.07381911499850605,40
AROW,80,57.95180977741229,0.0030162296550683976,0.06526031913770437,40
NFBK,80,58.683738016887276,0.000291552828185011,0.06951891736425056,40
CCNE,79,57.87498801533986,0.003909056697736052,0.06974573120016554,40
WABC,79,59.02448198245411,1.8329613052126948e-06,0.07227395253645356,40
AOD,77,55.871991812441266,0.07550900523844795,9.045342689663607e-05,29
BSRR,75,53.96635514180205,0.0006023645507144815,0.061464677850475664,40
FFIC,74,54.17745377927641,5.539431296542969e-07,0.06668738922554261,40
FBK,72,52.60979939408335,6.97718354702751e-07,0.06538410664891349,40
SF,70,50.97983510830197,0.07644527160741048,0.03626756547613865,54
WTBA,68,49.45284626252789,2.382129155660668e-07,0.05999116016238357,40
PRU,67,49.68762827074964,0.01751650993800076,0.032554986981824796,54
CSQ,67,50.087583119867475,0.022372268628772566,8.959311104364071e-05,29
OZK,67,49.270627079799226,3.2077009095461012e-06,0.0616696154532177,40
JRI,66,47.8901338285256,0.008998609623622852,3.175985666459308e-05,29
RBCAA,65,47.01531850953771,6.892799142256712e-07,0.05693026185346497,40
FBP,65,47.50274923664275,1.854869972826574e-05,0.05764476536155684,40
HPI,65,47.78476460047169,0.012639212898337108,2.1176834124423526e-05,29
TY,62,45.8984603515665,0.04868477703249446,8.661026929808435e-05,29
NFJ,60,42.690436544559354,0.03665800752777954,8.419068520934413e-05,29
STEW,59,43.35528038732247,0.18722185670294408,0.0030422435188947007,29
ETG,58,42.778108663399365,0.017613309762574265,8.564173985779538e-05,29
ETW,58,43.46425409882671,0.0023930945464192602,8.535443815240185e-05,29
EAD,57,41.113407868074994,0.006405849712582433,2.054667939943586e-05,29
BPOP,57,42.121444840160756,3.166616957674105e-05,0.048347296888355824,40
BMRC,56,40.31531564144052,0.0,0.05068093498683726,40
BDJ,56,41.76612299722763,0.01569591815258588,8.572677394783465e-05,29
HPF,54,40.04491796850432,0.004460559835083313,1.9481058862946786e-05,29
CII,53,40.869681856527,0.00355508715128429,8.57404278277796e-05,29
ETO,53,39.9540385515018,0.0018479626774375118,8.315290450892383e-05,29
NIE,53,38.829675298797376,0.004495765857888102,8.102859491841488e-05,29
ETY,52,39.84409900330453,0.011849815482095316,8.393474787824737e-05,29
FHN,51,37.27994011211231,3.6854143240092466e-05,0.045271416668315655,40
CCBG,51,36.97033588583389,5.980754052161251e-07,0.04431881725052659,40
MET,51,37.870370042670004,0.0011384284304434052,0.024755720264417296,54
AMP,50,36.208662966097044,0.02354969276793334,0.014693138055463276,54
OSBC,50,36.022190630068856,6.114813935908055e-08,0.0466063366815502,40
PEO,50,34.11312022356017,0.05364928840109133,1.5544033429652836e-07,10
EOS,49,36.235585806024375,0.003743760067342967,7.880135951143305e-05,29
HPS,49,36.10409616145943,0.0044623179697603176,1.9020030509532306e-05,29
C,49,36.20725246290616,0.00970261601320149,0.023382830081961455,54
DSU,48,35.553361082396464,0.002843882016227221,1.3669447857324244e-05,29
JPM,48,36.199767325153545,0.0051444363828047086,0.025629733498166385,54
USA,47,35.10753847682104,0.0006303104314202008,8.045759243407172e-05,29
JPC,46,33.141515800471055,0.042538948984944334,1.1708517766449078e-05,29
PFG,46,34.33404398007585,0.005873542641154528,0.020535530686772812,54
CFFN,45,31.861516364310415,0.004195817673701455,0.03985034076631337,40
MSBI,45,32.35938516265406,0.0,0.041539444938757566,40
ASA,45,27.865323545620537,0.022695657062092447,2.516318830464006e-09,26
ISD,45,32.86132114263475,0.002285808879528349,1.8256873880212076e-05,29
NCV,45,32.30355008083034,0.005272804583776515,2.9973309549627395e-05,29
COF,44,32.18936808949439,0.0033017538577562932,0.021990422475435218,54
CHW,43,31.275053246291996,0.0007384509821258312,7.24625423857871e-05,29
WFC,43,31.899535304490364,1.7131565601479405e-05,0.029156440489108888,54
GGZ,43,30.698128614135307,0.0010104820905133998,7.414794569310154e-05,29
FFA,43,30.715448715761095,0.006794631181860554,7.591215597151991e-05,29
HTB,42,30.173331529748562,0.0,0.03645216675496455,40
BOE,42,31.423126694278327,0.0010371781904275957,7.77329261001022e-05,29
NZF,41,29.035833031549757,0.03670323116946293,2.4622787761080306e-07,33
BGR,41,28.677138045290665,0.020164931117447587,1.4694565933700397e-07,10
EXG,41,31.642482838771436,0.00031823418079270587,7.84356480973547e-05,29
BGB,40,29.728634037827316,0.0021441000194890652,9.817763571769493e-06,29
LNC,40,29.474209335104423,0.00022141232211838976,0.01952664148587817,54
FMNB,40,28.660471813414507,0.0,0.036380247955059446,40
SCD,40,28.207302509258998,0.002160904063660543,7.02786254198715e-05,29
HYT,40,28.724644673253287,0.003673095762387775,1.9643067968181418e-05,29
AVK,39,28.027439006928404,0.0010577548946160973,3.434664619059859e-05,29
FRST,39,28.018704473096868,4.189868061054757e-08,0.035640539418196095,40
HTD,39,28.436821933462458,0.0062536460312161805,1.7078851049553233e-05,29
ETV,39,29.78241431703551,0.000321994491551527,7.529075073289677e-05,29
AX,39,28.035618154695772,0.0,0.036487435661636286,40
HAL,38,27.14687186946898,0.0074023990415594725,8.255028401246668e-08,10
JQC,38,27.92348552865309,0.0017345233588869644,9.133541475785896e-06,29
KRNY,38,27.112860784658302,0.0,0.03512705903172446,40
NCZ,38,27.316213562393305,0.005678545971962046,3.0196819602481576e-05,29
MS,37,27.542593861771042,0.00808636955925724,0.013206557840350349,54
EOI,37,27.666806184975222,0.006171813756879596,7.361711195572785e-05,29
SPXX,37,27.702779349704535,5.975032357546739e-05,7.330997997542347e-05,29
IGA,35,25.96615344997185,0.00015102821781526945,7.139162556461193e-05,29
CNO,35,25.085681849815227,0.0007127718467942392,0.018134331358165404,54
ATMP,35,23.928309572873758,0.007544624219506392,8.655498450439685e-08,10
GAM,35,24.95513439427558,0.0008163910160248498,7.047884565732115e-05,29
QQQX,35,24.48218301718329,0.0036940090283916365,6.593685942767558e-05,29
RJF,35,25.648336187662355,5.353607462953998e-05,0.01922685407329294,54
CUBI,34,24.33219094196867,6.181197069577736e-06,0.0304800699336477,40
FFC,33,23.986163069798163,0.0021873488134481383,8.291048407713377e-06,29
VLT,33,22.66298199542355,0.0018572955410476404,1.0617919271047339e-05,29
DVN,32,23.88829628039612,0.001896951757294991,8.593449960055613e-08,10
FLC,32,23.504310227387194,0.007650736044237718,8.252098587821166e-06,29
EVV,31,22.42087457758129,0.004340553891484541,9.576281476545635e-06,29
GHY,31,22.731033545299308,0.005433436025634715,1.2305993958017282e-05,29
L,31,20.553502848860056,0.02613695030423127,0.0027544207656973042,54
LGI,31,22.332721584532315,0.00029064451343760515,6.714480329238856e-05,29
CHY,30,22.23667805995504,0.00011746439057090218,2.729987229575008e-05,29
SLB,30,20.87768780432184,0.0052255909652535034,6.268809540833535e-08,10
AGD,30,22.029486606669387,5.275449367669245e-06,6.668550701128201e-05,29
CHI,30,21.682607732661975,0.000348282505161955,2.7055083177582363e-05,29
IQI,30,21.680136918620246,0.0068616468655496995,1.536326160255492e-08,33
VET,29,20.86904672904925,0.007564171739036832,7.681186267165592e-08,10
GS,29,21.50810989297291,0.001592377697301082,0.010865754535962663,54
IDA,29,21.700293835352127,0.001137408420057513,8.17319429156999e-08,8
OFG,29,20.870658817744967,0.0,0.026711296551901378,40
JFR,29,21.371256068660927,0.00045118508175898576,6.113098959243839e-06,29
BGH,29,20.906541130966687,0.0008149464253395628,9.289734160266231e-06,29
LNT,29,22.735193182960998,0.0015694133874037176,8.718114947672011e-08,8
BIT,29,20.67707887833839,0.0003432007254251181,7.316873685117364e-06,29
COP,29,22.058947639902737,0.0007790581251768349,8.191673948740573e-08,10
ADX,28,20.227406813442833,0.002538270991931977,6.3841179659825e-05,29
DTE,28,20.418896688216073,0.046997788709373066,1.0482716574133621e-07,8
CCD,27,19.427225804079413,0.0005851280826763759,2.063046669601663e-05,29
AEE,27,21.031793581022395,0.0006381693598065014,8.467230906872757e-08,8
CMS,27,21.206025802915335,0.00055845246453597,8.562863671413556e-08,8
DUK,27,20.77781436226003,0.017431968965029757,8.308616310428698e-08,8
AXP,27,19.491906498489858,0.006939138193872041,0.010317750542613266,54
GLO,27,19.25149116286555,0.00034446215065644497,3.292686349076403e-05,29
ATO,27,20.174540027325385,0.0019132674884391448,7.85129342887324e-08,8
AAT,27,19.303392532592955,0.0075105936693320476,1.1375199580056613e-08,11
FUND,26,18.5335244357036,0.00029131240841940925,6.214736678974478e-05,29
PH,26,18.467060318880165,0.09588463149256318,0.0004981402136328907,16
AWF,26,17.82747658366277,0.0006248321805844995,8.955138077152549e-06,29
ETB,26,18.626477232694775,0.00028910089621277823,5.6296314026656056e-05,29
HTH,26,18.81490186959463,0.0,0.024571071571352902,40
TRGP,25,18.108291827823383,0.00924888154766383,1.011651010813463e-07,10
POR,25,18.132280156850136,0.0022074028024028783,6.884541267952894e-08,8
EOG,25,18.974408212239513,0.0005898577609580029,7.512144129566537e-08,10
BLW,25,18.335089726035438,7.730162164021414e-05,9.044442470225376e-06,29
ETJ,25,18.712334116918644,0.0,5.6825944821297506e-05,29
NTRS,25,18.303710979225425,9.653351856416043e-08,0.011656234535733986,54
FPF,25,16.75818952727455,0.03399208691661278,5.1840825752078586e-06,29
BGY,25,18.319181293638206,1.8044928347571324e-06,6.0338756049349575e-05,29
NIC,25,17.770962631972736,0.0,0.02359202272988545,40
MUR,25,18.68086532103712,0.0013741216965942596,7.054145714487395e-08,10
STK,25,16.01148518438965,0.07203632904472339,2.66868642559325e-05,29
PFL,24,17.471401069814846,0.001648309506525494,7.25496551461305e-06,29
SYF,24,17.573112527322778,0.0003553919253899834,0.011572950810603637,54
HIO,24,16.855323534922416,0.0006694336330112316,7.872584883606821e-06,29
NI,24,17.71942718198204,0.00012322388603888034,7.321704285019272e-08,8
PNW,23,17.17026650504114,5.9231827624513304e-05,7.250477824639694e-08,8
WAL,23,16.015228301707946,0.003909607786450807,0.01738965276582916,40
KYN,23,17.176256449150074,0.07244686476339764,1.651844185062744e-06,10
FANG,23,17.55833868351975,0.0007264381730416354,7.045577142051585e-08,10
HIW,23,17.40401017952542,0.0014161862627813878,6.9045916241889235e-09,11
SO,23,17.60532079306092,0.0004942790581910099,7.550964554445135e-08,8
DFP,23,16.699096508251333,0.0007082273877380112,8.119147718157066e-06,29
FRT,23,17.301443506669926,0.010273915863929842,1.5580303158001273e-08,11
BST,22,13.522046563279202,0.040327936783270686,1.4290300416179511e-05,29
VMO,22,16.206378145133577,0.0005864786440097224,1.44876509160801e-08,33
AEP,22,16.848181095028938,0.00020903284059439796,7.380535043640878e-08,8
PDT,22,14.677244132444796,0.005664799553138167,7.367047456954335e-06,29
BXP,22,16.729174292680252,0.0010985718495650787,6.580717341806927e-09,11
NAD,22,16.332211407958443,0.001158097654917545,1.49911490587574e-08,33
NNN,22,16.28789509506447,0.0975647302918171,1.8829834769793881e-07,11
MTDR,22,16.68200173377686,0.0012883380491697043,6.243117553287809e-08,10
VKQ,21,15.613992668438204,0.0008742946473504438,1.4318651543668839e-08,33
CVE,21,15.769756256534286,0.00019278962385657454,6.357319154153097e-08,10
TYG,21,12.926786963818927,0.01236694648057766,3.0647414318791787e-07,10
BTO,21,13.61917157128627,0.0011564482972404337,0.013676553347769637,40
STT,21,15.44656527888474,4.818348270212971e-08,0.00891831428735036,54
OKE,21,15.679566589101299,0.0033476533345358516,9.682500134416447e-08,10
PTEN,21,14.693486339845037,0.00514212298736656,3.872786470408112e-08,10
LDP,20,14.405287432011905,0.000774630273132893,6.040776638986364e-06,29
ETR,20,14.922369218605386,3.8612747331095576e-05,6.44226179535959e-08,8
MKSI,20,13.01839468384522,0.007961398981346943,1.1832737309321672e-08,57
BK,20,14.68137355627613,0.0,0.008713275683424695,54
XEL,20,15.45692489703453,0.00020903284059439796,6.932431680520497e-08,8
FRA,20,14.959083592863825,0.00010428692774224041,4.485328154108777e-06,29
WEC,20,15.235170867833046,0.00028910089621277823,6.579801411074375e-08,8
RQI,19,14.341718665120554,0.1225461563122276,8.695966177032093e-06,29
IGD,19,13.960157097466478,0.0,4.9947158969476954e-05,29
DSL,19,13.347794162286537,0.0006677258644031804,6.5243954907103685e-06,29
SPG,19,14.051007584300566,0.05077259151920825,9.53703426710837e-09,11
XOM,19,14.216266097472605,1.8254558400703886e-05,5.972515606094398e-08,10
NEA,19,13.980130023881035,0.0005795585781130736,1.414502792144219e-08,33
OGE,19,13.910332365070774,8.242687833034036e-07,5.940652177622366e-08,8
PAAS,19,13.932442273948556,0.003625999807266068,1.7433028214145487e-09,26
OVV,19,12.699474312340394,0.000991541520337734,4.5782380627325996e-08,10
EXC,19,13.852863264424872,0.00028955863929844847,5.6958467641556366e-08,8
ITT,19,13.068268110821665,0.022547809401304224,0.000335709407959299,16
SU,19,14.215011057513133,4.096862198600574e-06,5.956222699213206e-08,10
CNQ,19,14.04374914973262,0.0004123565185044351,5.8652585619537896e-08,10
ERC,19,13.81266855545188,0.00029219259166846686,4.772876193850588e-06,29
EVRG,18,13.235432318266408,8.22567438847949e-05,6.18245845631185e-08,8
EMD,18,12.061754243527607,0.002027144891556571,4.890267144168779e-06,29
MCHP,18,12.728044705306244,0.024719588400421006,9.886912352606695e-09,57
EMO,18,12.382468678696373,0.001151336820230853,7.981086913907945e-08,10
PHM,18,13.827742509639169,0.020942128578005998,1.98256958829909e-09,55
ACV,18,13.161834420488978,1.0465740340060051e-06,1.8407952086758437e-05,29
SHEL,18,13.561578886481193,0.004343194950665051,7.8562931308487e-08,10
IIM,18,13.32756269117308,0.0014920206623010718,1.3224767947326776e-08,33
DOC,18,12.759705204919833,0.005305993850234384,1.1347571867483472e-08,11
ED,18,13.81843368984544,0.0,6.095296052751615e-08,8
NWE,18,13.085218845189232,0.0019817215305687245,4.609697954567242e-08,8
KRG,18,13.818554178885744,0.004442892969672434,1.0451299188923739e-08,11
LRCX,18,13.333887953774484,0.06614951807455294,4.162433938341935e-07,57
KGC,18,13.436210015071138,0.00029014487167132436,1.7370721146181198e-09,26
EOD,18,12.968175765326276,0.0,2.1846133844838215e-05,29
TKR,18,11.99090897156492,0.015506270744797069,1.367574927853336e-05,16
AMAT,18,13.319982263371935,0.0014942119330670937,1.3332064260172106e-08,57
UE,17,13.085526826353364,0.005370771331161688,1.0406434710427131e-08,11
THQ,17,11.05378329950606,0.11457646718704825,9.188602035766772e-06,29
TMHC,17,13.24971414204198,0.0008685684610807479,1.927809716912166e-09,55
AWP,17,12.590248255788689,0.0005466827173921936,1.2982361519123054e-05,29
PDM,17,12.548122324708233,0.0016412940163511964,4.265905250537688e-09,11
BP,17,12.798906659739012,4.284448513271872e-06,5.131839473213687e-08,10
BKH,17,12.481217715496944,6.724156249367801e-05,5.0784656302317504e-08,8
CET,17,12.32662854628302,0.0,5.2768110364491695e-05,29
MPWR,17,10.918464583371819,0.007553242748385842,9.731331374557232e-09,57
GLQ,17,11.84432553304216,0.0003097876714528926,1.8200915144001735e-05,29
VGM,17,12.869665114319755,5.02784167326571e-06,1.3646439785714857e-08,33
ITW,17,11.59750060916569,0.060635219852790856,8.223300446347896e-06,16
DRH,17,12.403389570043549,0.015639641773407858,1.5554901708289017e-09,11
RNP,17,12.540826750247636,0.0013049797614659113,5.844605618599127e-06,29
BRX,17,13.20046763919917,0.0015601696704973034,1.0467357909506016e-08,11
SM,17,12.210729611684451,0.0006904500828185699,4.413743361615861e-08,10
PK,16,12.013622480335831,0.025102002637562067,1.3741197286772404e-09,11
OXY,16,11.794406075340184,0.0005927147500759817,4.684438970127723e-08,10
MTH,16,12.612156150633885,0.0036227363323344825,1.9310538770672714e-09,55
CLDT,16,11.869420053803168,0.011314374165341423,2.116858975079271e-09,11
NRO,16,11.785939481867434,0.0003872615176318627,6.4646354448150635e-06,29
NRK,16,11.042674574136628,0.0005807149816979247,1.1898549826633537e-08,33
AKR,16,12.371152603444358,0.0010705091385235072,1.0067672733834893e-08,11
RLJ,16,12.009839127535793,0.01090962766445434,1.5356452937049315e-09,11
REG,16,12.487859418840786,0.001405034746828949,1.445565969298349e-08,11
PPL,16,11.505557148633564,0.0014459559100949003,5.0324713302829095e-08,8
PFN,16,11.73400488034475,5.520751977894516e-05,4.781767192009115e-06,29
CVX,16,11.84933654672234,0.004053529724956568,7.402209103031982e-08,10
UDR,16,12.292901573883984,0.0012025760623378308,3.6342023134416734e-09,11
WPM,16,12.014043806850639,1.60611609007099e-07,1.6962116159816975e-09,26
VVR,15,9.301784649153706,0.0016194607173681437,1.8844641176225987e-06,29
JCE,15,10.732718183723534,0.0,1.8423687362992194e-05,29
LEN-B,15,12.121596969681988,1.26577244241309e-06,1.9460242276308847e-09,55
LEN,15,12.101385601819544,1.26577244241309e-06,1.943076002880774e-09,55
ES,15,11.376906536500247,0.0,5.1597188754238684e-08,8
NML,15,10.646433391749559,0.0005678653794547962,7.582871717706756e-08,10
O,15,11.134455230806475,0.02188174869747029,1.8275965527798567e-07,11
APA,15,11.401098837589398,2.3212996489232385e-05,5.192773742754797e-08,10
FBIN,15,9.530566953968382,0.04947769104750891,8.603605675609879e-10,55
MHO,15,11.431040316456254,0.005072426166735909,1.7041597547803266e-09,55
BGX,15,10.441072827710968,0.00391628360551604,1.983757373741757e-06,29
B,14,10.669626340318572,0.0,1.621799789537362e-09,26
HQH,14,5.574332500337948,0.010972342680928976,1.7574973847381006e-07,20
RHP,14,10.210456499521621,0.025690469307121513,9.237740035200928e-10,11
DHI,14,11.192380434547987,7.839376153917929e-07,1.8559366769852803e-09,55
KIM,14,11.092824044019366,0.0008363190694379456,9.796773577675642e-09,11
PAA,14,10.526334864949941,0.0006212918429606686,7.014144211242029e-08,10
NVG,14,10.205541417165435,0.000289796879851809,1.2767496871817982e-08,33
ESRT,14,9.453417895623934,0.0008679930646256677,3.4260199105000654e-09,11
NOV,14,10.034818652505335,0.0012746669985053425,3.114325674062455e-08,10
VNO,14,10.303720960550459,0.004216091142268476,3.769281249795581e-09,11
AWK,14,10.33890578081969,0.0008673026886383347,4.4450305271193505e-08,8
BTG,14,10.237424579173725,0.0,1.5583439573099862e-09,26
RITM,14,9.760086013019828,0.01300954032957502,2.5220895987950726e-08,14
ADI,14,10.255813294348576,0.010840677664181562,9.682824533790062e-09,57
AEM,14,10.768610637696167,2.4091741351064853e-07,1.6078737022261143e-09,26
CPT,14,10.671153555340403,0.0006388905961835941,1.4954642044342105e-09,11
AGI,14,10.342896615264362,1.60611609007099e-07,1.5537228630644052e-09,26
AG,13,9.062730884898734,0.0008684590922231858,9.715889658010444e-10,26
AVB,13,10.136226824903813,0.0004420652583307842,3.128118536548851e-09,11
BHB,13,8.827755086690493,0.0002891008962127783,0.009881691116329376,40
WTRG,13,9.551774416904546,0.002023706273489448,3.81338662351737e-08,8
EGBN,13,9.199803028955936,0.0,0.012363450865115736,40
DPG,13,8.425083532129534,0.00847373443902504,4.05610863295476e-06,29
ARCC,13,8.842212280046644,0.00871382223507115,3.185045944464016e-09,5
APLE,13,9.435457530208575,0.003722045776437331,1.2994919765609244e-09,11
MYI,13,9.203708745079862,0.0008678915978713607,1.1013526873648994e-08,33
D,13,9.65638956403116,8.217807697426081e-05,4.6429966938648324e-08,8
HST,13,10.009560425848896,0.0019154745190788232,9.570719338229395e-10,11
JRS,13,9.814457814115974,0.0005154610848366503,6.758669561264075e-06,29
KBH,13,10.532024588672492,3.479918195153812e-07,1.8018206999376528e-09,55
VOYA,13,9.511033178607681,0.0,0.004194261120509994,54
IMO,13,9.556799617619435,0.0,4.47663678296307e-08,10
CCS,12,9.448961316823468,1.0707440600473268e-07,1.6660864902347587e-09,55
VTR,12,8.341460463160457,0.004185304059531569,9.959778738173082e-09,11
SLG,12,9.301480662359438,0.00030648335581762864,3.7205159424835957e-09,11
SLRC,12,7.8907360346207325,0.03042401464777874,1.2057045372038842e-07,5
PSF,12,8.97355888666607,1.2020792159560587e-05,3.6750133302546145e-06,29
ETN,12,8.133304134253368,0.01500327293155077,8.197193045856339e-06,16
NTB,12,8.481964534529697,0.0,0.011464417919298357,40
OGS,12,8.77305462345904,0.0002936391488778527,2.853102517437663e-08,8
NHI,12,9.01210001117716,0.0012268863644461277,1.02808003148544e-08,11
ARDC,12,8.787348469997262,3.180490337674754e-06,2.2351049047705416e-06,29
NEM,12,8.719478696369052,0.00028910089621277823,1.3608901705065594e-09,26
CUZ,12,9.34661863290343,0.00011506344620347645,3.265218121927322e-09,11
TOL,12,9.638637099169774,2.417231573685437e-07,1.687166718085101e-09,55
TFSL,12,8.506315493357258,0.0,0.01167213450408179,40
TPH,12,9.600493662435287,4.818348270212971e-07,1.6617873276515983e-09,55
SA,12,8.56136285825677,0.00029186341588770037,1.2099701346398836e-09,26
DEI,12,9.084377799932458,0.000392305829276217,3.233251874969828e-09,11
DOV,12,8.716943224247965,0.00662864615585251,1.4119801347573152e-05,16
AU,12,8.925382295906692,8.833638495390446e-07,1.3109164410243223e-09,26
MCO,12,7.653237943606758,0.012403392117182228,1.1398704181854648e-06,30
MSTR,12,3.759638579448903,0.012696347692011178,6.595110182817358e-07,42
NAC,12,8.762873467124134,0.0002896974536176617,1.0885611073089177e-08,33
PAGP,12,9.146346095605448,0.00033054760955477725,6.691220227661026e-08,10
KLAC,12,8.976786063949488,0.003639340582965907,1.2440031514529505e-08,57
KMI,12,8.82145636338581,1.2105537500327817e-05,6.410274780384273e-08,10
FNV,12,8.918809003665384,1.60611609007099e-07,1.3989419341483226e-09,26
JGH,12,8.661980261614602,2.2026734949545006e-06,4.9426633427080555e-06,29
AVNT,12,6.588630484774631,0.04333333333333332,6.7046025586954915e-06,31
IBP,11,7.9300127522685715,1.5602270589261045e-06,1.2845478927832537e-09,55
FNLC,11,6.030863281440714,0.0028910089621277824,0.0041264588504989,1
BDN,11,8.423166698065318,0.00010320493306344226,3.1059379451261086e-09,11
MAA,11,8.50314195121076,0.001273415867435909,1.1246727897549842e-09,11
RGT,11,7.948815046422591,0.0,1.7716743142469837e-05,29
KRC,11,8.70835988233268,0.00010320493306344226,3.2018789384220384e-09,11
EFT,11,8.127041373240145,4.454657133740283e-06,1.9344619176232986e-06,29
PSX,11,8.098763605854195,0.0037300449837308564,2.098067395661593e-08,10
BRK-B,11,7.741879724483904,0.007096886694788281,0.0014644043186775456,54
EQR,11,8.627956860085707,0.00022662990813268087,2.5830019147202903e-09,11
NMZ,11,7.2609450243457125,0.0005784427098390672,1.0523587433705467e-08,33
MTX,11,6.33688500423309,0.019590211565776252,8.308963709638566e-08,31
LEA,11,7.711652705711063,0.007079117278596895,1.2244298352524055e-09,31
RGLD,11,8.264794196897782,0.0,1.3665197279161335e-09,26
PEB,11,8.800434983315787,4.088471748184578e-06,9.606892800197016e-10,11
PBA,11,8.025211346984962,0.007239086441167966,5.904580059381149e-08,10
NOW,11,6.5672153286876425,0.019713790112749346,2.310202562787799e-12,35
LGIH,11,8.116300182458414,0.0,1.476428875364305e-09,55
VKI,10,7.559269491818375,0.0,1.0970238999988836e-08,33
AIG,10,7.257400418955729,0.0012805130433789541,0.0011228334251107228,54
BXMT,10,7.40791808346243,0.001132311843500047,5.980575564154039e-10,14
VCV,10,7.277072390533657,1.5678752307835855e-06,1.0092279673803789e-08,33
EVF,10,7.155971417843348,0.00028979842802349145,1.4787573354523752e-06,29
FR,10,7.700734044809865,0.00035424423477328933,4.0204279028797446e-10,11
IGR,10,7.077943765484084,0.0036217114773055793,4.477833104297892e-06,29
KIO,10,7.141293275282975,2.1414881200946536e-07,2.291475212933821e-06,29
BABA,10,5.359182812727213,0.025450515563264914,8.7946499622824e-12,22
INN,10,7.935959267933706,0.0,9.223068329178038e-10,11
BANC,10,7.158737584610959,0.0,0.00962957238798161,40
ALLY,10,7.15751082493594,0.0002891008962127783,0.004652321435000122,54
PVH,10,5.666682505718785,0.02770935723234075,4.480430579211753e-06,48
EIM,10,7.300269462801554,0.0,1.0586789682171912e-08,33
AME,10,7.087592761849846,0.0072964830799657245,8.2261827510611e-06,16
SHO,10,7.900463683703334,0.0,9.134192863419789e-10,11
SR,10,7.303366419283726,0.0005798777253987266,2.2688468274288457e-08,8
PEG,10,7.221472333377082,0.0,3.451087552024142e-08,8
PFO,10,6.874989466692328,0.00029006456586682083,2.286260500932178e-06,29
EMR,10,6.672374040894191,0.0051967083131189565,8.416960949970205e-06,16
XHR,10,8.091315077319532,0.0,9.383990548363332e-10,11
ESS,10,7.8826073071400256,0.0001078950203913322,2.010695798512011e-09,11
BMO,10,6.86222575382826,0.0035908244550360937,1.0501481600915978e-05,54
MUC,10,6.79901383353448,0.00028910089621277823,9.644200904452332e-09,33
LTC,10,7.465353440111443,0.0009276290075339812,9.555874245270802e-09,11
BGT,10,7.499619257374959,2.4091741351064853e-07,1.2381875136782773e-06,29
MSFT,10,6.151834985598718,0.029487327744049337,2.439231757551086e-07,35
MFC,10,6.836182874253372,0.0031715541407721275,0.0010750373161887731,54
TCPC,9,5.603045507280623,0.0011665559574605918,3.421734412617623e-09,5
ITUB,9,6.093069962926454,0.014128360797918472,1.0081263455885676e-13,24
BCX,9,5.675012988922763,0.11248229913097829,1.5154458700783824e-06,10
HPP,9,6.560763931368111,0.0,2.2804057856646174e-09,11
BC,9,5.173939255191824,0.014290257299797628,4.907790721028595e-06,4
HP,9,6.660310195796991,0.00022858650045854366,2.4547643056143234e-08,10
HLT,9,6.244319546100382,0.0023208064491999757,1.2321657133811287e-10,11
IVZ,9,6.455303029475739,0.000278098866709462,0.0007364578455784414,54
WELL,9,6.838191115149544,0.00021008010534189379,9.807597508372535e-09,11
STWD,9,6.701196924333253,0.0008432109472872666,6.050172192275989e-10,14
PFLT,9,6.31626273021899,0.0036725450515563258,3.2106186834156555e-09,5
SYK,9,5.547027138653316,0.01070350140827912,2.5549246134640084e-09,50
RZB,9,5.819936100148555,0.001156403584851113,1.8874831969316166e-06,29
EFR,9,6.864461960548909,2.4091741351064853e-07,1.1745840747148896e-06,29
ARI,9,6.165783650942033,0.001156403584851113,7.548087292663145e-11,14
EQNR,9,6.562759687517697,2.5938774854646495e-06,2.7090291216832146e-08,10
EVR,9,6.572758546754727,0.0011571423982525456,0.0008091062493915232,54
MAIN,9,5.72372081432346,0.0044871671324403315,1.7804032420545473e-10,5
MAC,9,5.790213992937652,0.003909876268429402,2.7810008619968644e-09,11
ADAM,9,5.89657705260274,0.002457357617808615,5.613389724014024e-10,14
MXF,9,5.166609261352106,0.006502842825479426,1.0700020536472931e-06,32
VPV,8,5.714939748961281,0.0011937603154717744,9.151118194085738e-09,33
IRT,8,5.66293824306108,0.0005782017924255565,8.066166690559091e-10,11
ZTR,8,5.826408405225587,0.0,5.733310960968531e-06,29
BFS,8,5.851660483667834,0.0,3.7987765570392505e-09,11
IVR,8,3.7311505929401565,0.001156403584851113,3.0482432744025176e-11,14
ING,8,5.676541035597751,0.0031319263756384415,9.657271473989515e-09,7
HUBS,8,4.427320066441027,0.007942565288619061,8.190041343693207e-14,35
IAG,8,5.745860683481881,0.0,1.006032266641558e-09,26
HIX,8,5.693760632988412,0.003621470559892069,1.951005717645651e-06,29
NTLA,8,2.9282771260969205,0.003469210754553339,2.488767130665644e-09,20
NLY,8,5.928717891736232,0.0001686421894574543,6.104248192945015e-10,14
FCPT,8,5.311689112874423,0.0003453974610693765,9.947445595281956e-09,11
MDLZ,8,3.9869131683030994,0.01182615399441072,6.421238689531933e-12,15
FDUS,8,5.66648807125614,0.004219427580225497,3.3038370972910054e-09,5
MAR,8,5.995435015143768,0.008342313530798645,2.0620553150624106e-10,11
BLK,8,5.692260791813451,0.003439240547282586,0.000293423217556909,54
BLD,8,5.83914624184006,3.21223218014198e-07,9.513578909955235e-10,55
EXK,8,5.899735473970627,0.004195817673701455,5.887312654389722e-10,26
ARR,8,5.7091492459934905,0.0004577430856702303,5.884151000889905e-10,14
PAG,8,5.548111855248619,0.0053470816870643395,1.1017681195038671e-09,31
NVR,8,5.971167869336534,0.0,1.118279437452306e-09,55
SITC,8,6.094544176246538,0.0,3.821987049447187e-09,11
EMN,8,5.255277703152874,0.00736725450515563,2.2541409750643574e-11,31
EMF,8,3.7366911516736043,0.03726703286113521,2.184556860604332e-08,22
RFI,8,6.0205154737473245,0.0,3.0746493533717915e-06,29
AMUB,8,5.83627642179553,0.0002736859820977881,4.415820304692972e-08,10
STAG,8,6.16029887529944,0.002043272586204076,4.817534936992826e-10,11
CUK,8,5.92931897538067,0.012383155054447332,9.257593607122802e-11,18
DAL,8,5.241951019527927,0.0015852365809000673,8.38237218673907e-12,18
UAL,8,5.9928075149473505,0.004634287366290834,9.401535798718494e-12,18
TRV,8,5.736782625925125,0.004513030739100458,2.5827774919467497e-05,54
VLO,8,6.134872205416749,0.0019480606227570978,7.209168600500819e-09,10
UTF,8,5.782770213108554,0.0012647676116886873,5.425368566742483e-06,29
CNP,8,5.758410365255437,0.0,2.350689113048913e-08,8
A,8,5.435813806246804,0.009384215091066782,1.684350233182324e-08,53
HL,7,4.79696153293701,0.00028910089621277823,4.984996774881521e-10,26
PTY,7,5.257570898290397,0.0002904490030657063,1.1754388304067042e-06,29
DX,7,5.0673338536013315,0.0008191192059362081,5.981006051856528e-10,14
E,7,5.282916275259355,1.673037593823948e-07,1.887797553053329e-08,10
PDI,7,4.391895812059532,0.0008673715221850521,7.322619312892373e-07,29
PAM,7,5.143174143296802,0.0008673026886383347,1.8157598567189173e-12,24
PCN,7,5.270320874886582,1.4169403996453636e-06,1.5537657441140658e-06,29
EFC,7,5.12715962159006,0.0004818348270212992,5.949837516527592e-10,14
RY,7,4.809415382095601,0.00032235611247007073,1.024839794862713e-05,54
MPC,7,5.32031955603888,0.0027040056155697616,1.2051020551133395e-08,10
STLD,7,4.714110046684408,0.013419099932543123,4.890759950883637e-13,24
INVH,7,5.139066819739359,0.0,8.281392581013084e-10,11
SHBI,7,3.3661675709403647,0.002312807169702226,0.0009411098184455837,47
SFST,7,4.996969524725781,0.0,0.005952031472851569,40
SRV,7,4.243966754776024,0.0005782017924255565,4.915355435679132e-08,10
ACN,7,3.994481027041778,0.009537438566059556,3.892986818684838e-10,0
EPR,7,5.034623015071315,0.013253767319034411,6.089218705383303e-09,11
GIS,7,3.9087786569770695,0.006213741929266649,2.546949677047174e-13,15
EME,7,4.156053643781609,0.007365327165847548,6.863781884184656e-08,16
ON,7,4.876242465204315,0.0005988403458142135,5.38431211169864e-10,57
CGO,7,5.058525151641657,0.0,7.5521639809064105e-06,29
UHS,7,3.9318411622134715,0.003469210754553339,1.199856358195742e-06,52
JEF,7,5.062665366060415,1.5358836600575362e-06,0.0021000118617354605,54
AFL,7,5.050369845565707,0.00011165394729462632,0.0009161869171239409,54
H,7,5.240888314953932,0.0012468569390832827,3.555231912147896e-10,11
XYZ,7,3.3604676578440813,0.004336513443191674,2.1415104888395033e-07,59
BDCZ,7,4.957303850487506,0.0005794866852976133,1.7709502562582622e-10,5
GGAL,7,5.533824330948045,0.001300954032957502,2.0155799286653186e-12,24
FOF,7,4.473616133175719,0.00028910089621277823,8.016394304579265e-06,29
TMO,7,4.568621909999854,0.0031801098583405605,3.748629786066657e-10,53
WES,7,3.8882934397755817,0.0005782706259722738,1.1201399423409687e-08,10
FCX,7,4.302176429529218,0.012111400212007323,5.642111224465101e-10,24
BZH,6,4.2654669567147385,0.0,8.050373434430549e-10,55
PLD,6,4.676466803096711,0.0005782017924255565,7.256826497807813e-11,11
EARN,6,4.408326155671799,0.0008673026886383347,6.207101837442988e-10,14
DK,6,4.3794878381230475,3.443595773623301e-07,1.88748527211163e-09,10
DINO,6,4.586427635169686,3.432117121044556e-07,2.010663360725418e-09,10
ORC,6,4.3403290290178855,0.00028910089621277823,5.966570929679745e-10,14
OR,6,4.306842722294794,0.0,7.184919976209065e-10,26
PBF,6,4.481149957714336,3.443595773623301e-07,1.9605584480656783e-09,10
EGP,6,4.948573258653942,0.0,7.935598849346476e-11,11
BNS,6,4.640598465859241,3.3366437716346925e-05,1.0044627020983917e-05,54
PFD,6,4.330526018643056,0.0,1.4282478206875525e-06,29
DAN,6,3.655709244653113,0.01411390575310783,7.849679622652946e-08,31
BMA,6,4.856712606926435,0.001011853136744724,1.9641109328230743e-12,24
NWN,6,4.407552340716198,0.0,1.1724468497316792e-08,8
CW,6,3.158342082663248,0.0017346053772766695,5.137118860227981e-08,4
SBRA,6,4.699698367867684,0.0,1.2148088956079438e-09,11
OIS,6,3.8357451986650273,0.003621470559892068,1.0337232833369983e-08,10
ENTG,6,4.401494660357313,7.415250260003077e-07,9.8073494850948e-09,57
WERN,6,4.323845458091672,0.005060229353377661,1.7465859527969248e-10,16
BN,6,3.9925634129200236,0.0044799211664989565,7.903601662860677e-06,54
MOG-A,6,3.6535304701794367,0.013433554977353762,4.92966897123503e-06,4
ASML,6,4.527937621689542,9.347595644213134e-05,1.0219507826577262e-08,57
MUJ,6,4.27390438768677,0.0,8.39035354773245e-09,33
NXPI,6,4.053510257954406,0.003909607786450803,5.094985158891441e-10,57
SHOO,6,3.2719156295853913,0.010123365830594611,3.955125053333621e-08,48
CTRE,6,4.619677668901242,0.0,1.189696295074238e-09,11
BJRI,6,3.7059945504765452,0.01570781536089428,5.980340965211164e-11,19
NJR,6,4.1750452831948515,0.0006415898407803561,9.81445067378402e-09,8
EPD,6,4.432540947876641,0.0,4.5189985136005746e-08,10
OII,6,4.322065439047304,4.818348270212971e-07,1.0920166554760736e-08,10
OHI,6,4.633144045881049,0.0,1.1855677707411578e-09,11
TTE,6,4.606796421478392,1.0707440600473268e-07,1.5567953411815497e-08,10
TNK,6,3.846446445721062,0.005926568372361954,2.4987997642494773e-13,49
TPVG,6,3.1931423365142324,0.0008673026886383347,3.0839699474242767e-09,5
MGM,6,4.158457109897925,0.007072371591018599,1.4924433879790633e-11,58
IQV,6,3.785241772936701,0.014686325527609135,1.0449016227245582e-06,53
LAR,6,1.3439545545572553,0.0017346053772766695,6.299010620682382e-15,24
FUL,6,3.5422815206139204,0.009658860942468919,1.2263600949950878e-09,31
LADR,6,2.9190252206998744,0.0008673026886383347,5.849722327302673e-10,14
LEO,6,4.299275877494177,0.0,8.289886532780389e-09,33
FSM,6,4.494181841208241,1.9273393080851883e-07,5.874372638373772e-10,26
UUUU,6,2.9695117942643674,0.006786161703767948,1.1239854600443025e-08,42
JD,6,3.344463125112432,0.009533583887443386,2.2231725893464677e-13,22
BCS,6,4.472509473246904,0.0006745687578298172,9.357434889216998e-09,7
BYD,6,3.7164959540854,0.004629950852847643,1.30432636994366e-12,58
UNM,6,4.553211269020871,0.0,0.0012629727001107246,54
VSH,6,3.6722813330492095,0.012854389515274163,7.44070226304205e-12,57
KKR,6,3.7230773475180383,0.0008673026886383347,2.6420381232781062e-08,54
DSM,6,4.278635348367639,0.0,8.224401340600462e-09,33
CB,6,4.48100414792133,4.611847630060986e-06,2.6506027984441434e-05,54
WRB,6,4.327068019922884,0.0005872052203361831,2.6197948985130776e-05,54
GTY,6,4.3409344996744395,8.411103445544266e-06,9.76877734207736e-09,11
HIG,5,3.68719728595318,3.0351553906095488e-05,3.713224021195756e-05,54
ACB,5,1.5660740568392455,0.004485882239568276,4.939172130242199e-07,42
WLK,5,3.1495482700464525,0.0005782017924255565,5.660094240159522e-13,31
BBAR,5,4.117019281749301,0.0,1.8515293415900223e-12,24
HMY,5,3.6755275324764245,0.00028910089621277823,4.43841164328325e-10,26
BRK-A,5,3.919493305369503,0.0,0.0005966717103248393,54
AN,5,3.75239721974137,6.42446436028396e-07,2.5560852985020177e-11,31
GSBD,5,2.6341723963622177,0.0005782017924255565,3.05675813889577e-09,5
HD,5,3.142369353360422,0.003469210754553339,1.677714954306263e-11,55
WMB,5,3.705213032599136,0.0,4.2809119741864143e-08,10
USFD,5,3.5113584717601944,0.008959236773633996,6.334599457075813e-11,11
BX,5,3.066669191834092,0.002023706273489448,2.5341294638355563e-06,54
JBHT,5,3.3719784737111644,0.008510166714850149,1.8784024153086348e-08,16
PEP,5,3.1292873449605807,0.014672834152452541,1.4524986976990855e-10,15
REXR,5,4.101845592451639,0.0,7.244137939037447e-11,11
PG,5,3.221998291523893,0.0014455044810638912,6.305290690553109e-12,15
DRI,5,3.2406115355495833,0.007075262599980725,4.41271972120623e-12,19
PMT,5,3.118116842296093,0.0005782017924255565,5.614078549620058e-10,14
ADC,5,3.7182229159508604,0.0,9.966293296936224e-09,11
UFPI,5,2.958393411879065,0.016210921825764016,1.731436918768078e-11,55
TDF,5,2.6857200846134446,0.026467187048279852,4.2595261260599267e-10,22
SWKS,5,3.491064724479926,0.004485882239568274,4.442758370395833e-10,57
ISRG,5,2.5338003753597715,0.005060229353377663,2.5542357162307344e-11,50
SCCO,5,3.057828969330134,0.0009135588320323792,5.801428280385858e-10,24
ODFL,5,3.259883593224659,0.0014455044810638912,1.7155472211706978e-10,16
CDE,5,3.7264519840346018,0.0,4.490430723625284e-10,26
FTI,5,3.616506380922244,3.1065355756314214e-05,1.3879924409523722e-08,10
LECO,5,3.5696117838232513,0.00011671110254515862,7.99219573661301e-06,16
GOOD,5,3.30110375347897,0.0007719464702596548,2.8821383099795276e-07,11
SCM,5,2.015843811778308,0.005059265683723618,2.920439641529035e-09,5
SAN,5,3.8053492868975924,0.0002409174135106496,9.589754293828711e-09,7
EQBK,5,3.51679679806164,0.0,0.004914203380206138,40
TNL,5,3.7518999181668007,0.0005782017924255565,5.1111190572419764e-11,11
SBLK,5,2.7810760529082907,0.013712055507372072,3.2127924071111545e-12,25
TGS,5,3.7344061292097015,0.0,1.6998658623864641e-12,24
GD,5,3.111583775115341,0.0028910089621277824,2.3450616633618154e-06,34
TRNO,5,4.048777955845943,0.0,7.134285375712464e-11,11
CMC,5,3.5233934134784457,0.004782250945379269,1.0518260659560795e-13,24
KO,5,2.7375470826814134,0.016663775657704542,3.182755140373819e-09,15
RIOT,5,2.1677922436993358,0.002312807169702226,7.843506330276095e-09,42
VCYT,5,2.2473660193795357,0.001156403584851113,7.963298207044426e-07,42
VNOM,5,3.6579046029280535,0.0,1.4962080636975765e-08,10
ABG,5,3.7476237103521646,6.42446436028396e-07,2.495894481326189e-11,31
SHG,5,2.992842008733605,0.004774019466127012,6.954708282110845e-12,22
SKT,5,3.603506602031808,0.0,1.763793446794634e-09,11
NMFC,5,3.5421076488069723,0.0005782017924255566,9.306474686767439e-11,5
BTE,5,3.4885239762481826,0.00028910089621277823,1.2827749337659186e-08,10
BIDU,5,1.605819220271871,0.005347402910282356,2.0279101591450402e-13,22
BHP,5,3.678872161209869,0.04737110918377179,2.5577485815587657e-08,24
WSM,5,2.493281031724014,0.0017346053772766695,5.348290019211351e-14,55
PRDO,5,2.197837565952677,0.001156403584851113,4.222771779788602e-06,39
AMH,5,3.658953286410096,0.0,5.750346191470245e-10,11
POWI,5,3.4127184524087926,0.00032331116893129035,6.599183425700508e-10,57
AMC,5,1.8477998386923382,0.005922713693745783,2.3436325530018454e-13,11
WPC,5,3.658356510453517,2.604512578493498e-08,9.534982738171614e-09,11
SVC,5,3.0217295505250505,0.00028910089621277823,4.0746340150209936e-10,11
SUPV,5,3.9655034716286846,0.0,1.7939975917786362e-12,24
ARW,5,3.3424283346913537,0.004497017619684387,3.387561753500102e-13,57
AQMS,5,0.9038681094058791,0.001156403584851113,3.939508503367896e-07,42
MOS,5,2.8330945187160212,0.0014455044810638912,4.5115649027963275e-09,10
ALK,5,3.7126103804988553,0.00028910089621277823,2.1335950004194856e-12,18
ESNT,5,3.8085359680447897,0.017450130095403294,1.447536181765837e-06,14
NVMI,5,3.160954191840339,0.0005782017924255565,9.05179500375215e-09,57
TER,5,3.3412848504800676,0.00028910089621277823,9.383032559672468e-09,57
GGG,5,3.3987851751742877,0.0039128200186309475,1.5357914003982104e-07,16
GFI,5,3.8054811877139216,0.0,5.598353444083731e-10,26
MRSH,5,3.640064771925906,0.004774019466127012,1.1827635228260715e-05,54
THO,5,3.551323786104634,0.001156403584851113,4.982980144780039e-08,4
THG,5,3.1899653878961294,0.0008673026886383347,2.4717118806941824e-05,54
PNR,4,2.2883257613095123,0.00028910089621277823,4.779321553680946e-06,16
PLUG,4,1.5364040873257303,0.001156403584851113,2.4207954881331055e-12,42
CCL,4,3.424104554026474,1.9337852589483496e-06,1.1946727827288034e-11,18
HPE,4,2.337857195566598,0.001156403584851113,0.00010819396137259146,54
YPF,4,2.3556166910348426,0.0031801098583405605,7.008257201091246e-13,24
BCH,4,2.2270694556168102,0.001156403584851113,2.0227018866634893e-08,12
GAP,4,2.3052830453488173,0.0031801098583405605,3.8322743405751796e-08,48
RSG,4,2.7756044988580078,0.004483954900260189,2.0936598347106967e-08,43
ELS,4,2.975728062672641,0.0020343301574957924,4.216507002553065e-09,11
RCL,4,3.188299634257261,0.0005782017924255565,1.0198919282857786e-11,18
CHSCM,4,2.450592804694132,0.005345475570974268,1.768600024723916e-07,29
CHSCO,4,2.2001896076873995,0.0008673026886383347,4.408620395847884e-09,29
RELX,4,1.8924902953962672,0.00419774501300954,1.5537713270060237e-08,30
UTG,4,2.8912507548617175,0.047185327210969207,1.9771546942259046e-06,29
UHT,4,2.5700453407280244,0.001156403584851113,5.320738770579978e-10,11
HBM,4,2.416643070237716,0.0008673026886383347,2.7194947971067502e-11,24
KFY,4,2.231292808802246,0.0028910089621277824,0.0008828323924600246,41
KF,4,1.8415141541535134,0.005644719170870233,4.05127060572923e-10,22
PLXS,4,2.5025486735558493,0.0008673026886383349,6.040512325633262e-10,4
PKG,4,2.535988158245704,0.0017346053772766695,6.480005636600997e-08,16
PML,4,2.870646766110276,0.0,7.614921322702417e-09,33
PM,4,2.0578216272174443,0.0008673026886383347,1.030342906131398e-10,15
AFG,4,2.8869091689919717,4.81834827021297e-06,1.929431030093807e-05,54
LITE,4,2.3299791795821188,0.0008673026886383347,5.429947476047187e-12,57
FTS,4,2.514231639235476,0.0014455044810638914,3.73702736661709e-09,8
AEIS,4,2.9947988333637143,0.0,9.539959820200533e-09,57
CMRE,4,1.7788535576155318,0.014541775079502745,1.1163859231075984e-10,25
ORLA,4,0.47583103399076415,0.0008673026886383347,1.8390384913003576e-11,8
VALE,4,2.9271563911687695,0.019352413992483376,5.847334058232728e-10,24
RRC,4,2.6860311119294122,0.001156403584851113,2.790852225405264e-12,10
DHF,4,2.8491963469202792,0.0,1.2067965915352923e-06,29
DHR,4,2.5522786557926365,0.0005782017924255565,3.4947496312906725e-10,53
DIOD,4,2.853526642454967,0.013120041116571906,2.615715767922102e-10,57
DCI,4,2.714684775540783,0.00028910089621277823,7.725489969938138e-06,16
JBL,4,2.5679795039291036,0.008386816999132697,5.273605155304188e-08,4
RIO,4,3.0100323510042553,0.014542738749156788,7.055455415507762e-10,24
PAYX,4,2.537796980052791,0.010667823070251518,2.1417741628028003e-08,0
W,4,1.5823462591904538,0.0008673026886383347,5.90723645522318e-11,59
ACRE,4,2.3323175437724584,0.00028910089621277823,4.40905173559401e-11,14
ACM,4,2.50828972847184,0.0008673026886383347,4.983032831111744e-06,4
DBI,4,2.2739876794773344,0.005071351841592047,4.168857881497251e-10,48
MARA,4,1.3499891869879777,0.0008673026886383347,1.4158528148067627e-10,42
LYG,4,3.0326064858493913,0.0,2.7121242734246836e-10,7
CNK,4,2.1661342670225445,0.006782307025151777,5.408072029385822e-12,11
LSTR,4,2.5357537323948165,0.0008673026886383347,1.773868128233325e-10,16
CWT,4,3.006346889800947,0.001300954032957502,1.8889438926115825e-09,8
GPI,4,3.0895399623989457,0.0,2.5111669021627847e-11,31
ELV,4,2.5326025271064787,0.009812084417461694,1.2247666707574126e-07,21
SCHW,4,2.9017464495645244,0.0,0.0011564726393378355,54
SAH,4,2.95423987093061,0.0,2.393387168013626e-11,31
SAFT,4,2.2158208554454593,0.005638431145803219,6.8068825031957855e-06,44
RUN,4,2.1229442375922902,0.004625614339404452,1.0053600321484109e-08,42
DB,4,2.8632765556729183,0.00491471523561723,1.026245993951307e-06,7
WATT,4,0.8010927620356993,0.0008673026886383347,3.474298613283894e-07,42
CDP,4,2.91540875385223,0.0,1.2349563991033066e-09,11
CBRE,4,2.777135694986111,0.001156403584851113,4.913446259514635e-06,4
IAC,4,1.8758307020353264,0.0008673026886383347,1.8511097906686507e-07,29
LBRDK,4,3.061821905227947,0.0008673026886383347,7.651107765578801e-08,54
CM,4,3.201694297814325,0.0,3.2245668631110545e-07,54
CIM,4,2.8720039918047373,0.0,5.852691149259237e-11,14
GBR,4,1.3087140637590013,0.004485882239568276,8.187893782334845e-16,10
UCTT,4,2.8571624698980354,0.0005782017924255565,8.606881457615954e-09,57
TXN,4,3.0549069148660744,0.0,5.34941897677566e-10,57
BF-B,4,2.2582995011638496,0.0008673026886383347,6.981580354437234e-15,7
TSLX,4,2.9227043557253443,0.0,9.724684232245887e-11,5
AEO,4,2.1976755799109933,0.0008673026886383347,5.940731881213477e-12,48
CMI,4,2.360404468861362,0.0008673026886383347,7.243409503398245e-10,16
COHR,4,1.8057120242987843,0.0017346053772766695,2.2711503710503248e-10,57
GNL,4,2.8197716070030348,5.800670720049775e-05,1.1108433650735335e-08,11
TD,4,3.1251355152810127,0.0,3.1250401543456954e-07,54
TEX,4,2.5287584239596548,0.0008673026886383347,1.4727523435569595e-09,16
INTU,4,2.3487181112261406,0.0008673026886383347,4.7075053011820065e-09,35
SWK,4,2.385702654110265,0.05014455044810639,7.444997380294224e-08,55
GGN,4,2.161273766794448,0.024076322636600173,2.5700625201743987e-08,26
IOSP,4,2.3833113696663784,0.002023706273489448,1.2635029594778679e-09,31
GL,4,1.1703884091235146,0.001156403584851113,0.00023868524129801047,54
GGB,4,2.4320218771605893,0.018816613664835693,1.4349416268412543e-11,24
MITT,4,2.4320866473428278,0.0005782017924255565,1.5502875174433867e-11,14
FIVN,4,1.8025504241184946,0.0014455044810638912,1.0970948472140398e-14,35
TEL,4,2.845220061064036,0.013420063602197167,5.312796546377301e-06,4
NUE,4,3.019079417727921,0.00028910089621277823,1.0583036087112538e-13,24
NXST,4,2.4121972626446553,0.002023706273489448,4.325036944156399e-06,4
SFL,4,2.0102492718095917,0.02211814589958562,4.46001755513809e-09,10
CUBE,4,3.134054172225243,0.0008673026886383347,6.45572811796253e-11,11
CVI,4,2.887661568112871,0.0,5.625771829913299e-10,10
COLM,4,2.1893228444639607,0.008100607111882046,4.081145838497587e-08,48
BSL,4,2.9626942098394693,0.0,6.261759075257875e-07,29
MYN,4,2.8361068303191823,0.0,7.3349644982494685e-09,33
SLF,4,2.922981324563949,0.0,1.0786278778610839e-05,54
MQY,4,2.864700035447823,0.0,7.35127859886442e-09,33
MT,4,2.4970861095558385,0.014258456201214223,1.6280761329842377e-11,24
SYY,4,2.3618723921235873,0.0008673026886383347,5.3981496826141864e-12,11
SMFG,4,2.8955800097880866,0.0017346053772766695,0.0002271751761572566,54
AGO,4,1.8260035612639633,0.0008673026886383347,9.20326550408728e-06,54
STM,4,2.8896552527575974,2.559147832348179e-06,6.935833748160535e-10,57
DNN,4,2.0251683370983775,0.004774019466127011,2.0420675099028908e-10,42
XNET,4,0.7931354120320531,0.004197745013009541,4.2165780568384316e-15,22
XNCR,4,1.5502261014058927,0.0008673026886383349,2.569225438146199e-09,20
AAL,4,3.1024151334787367,0.00028910089621277823,2.0466720249793324e-12,18
ACGL,4,2.936839736757091,0.0008673026886383349,2.5358361765700106e-05,54
PR,4,2.918676320675736,0.0,1.0221043631379962e-08,10
GPN,3,1.9167310174666832,0.0008673026886383347,2.883463416030649e-09,50
GTN,3,1.6477554766996156,0.0005782017924255565,4.4936903756220804e-08,4
WYNN,3,2.234460211808111,0.0005782017924255565,1.191329186305909e-12,58
CALY,3,1.2535763520617567,0.0008673026886383347,4.20935897624617e-06,4
CAL,3,1.903356188528499,0.003909607786450804,6.049763222654802e-12,48
CAKE,3,1.86541441969896,0.004197745013009539,2.6743594132359606e-14,19
PPG,3,2.0606962501799044,0.0008673026886383347,2.2027823151475673e-11,31
ECL,3,1.7603606313328486,0.0008673026886383347,2.494911215697475e-05,29
ECF,3,1.6015093945628862,0.00419774501300954,1.283340512484615e-06,29
POLA,3,0.7834505355934774,0.001156403584851113,2.636327838208269e-09,42
PODD,3,1.2970189550539786,0.003909607786450805,2.1919115442294004e-13,50
EDIT,3,1.2662192282517746,0.0005782017924255565,4.8802577852879954e-11,20
AMGN,3,1.5113152061672819,0.003909607786450804,2.772871566216764e-09,20
AMG,3,2.160478823200095,6.552292886570221e-05,0.0001397930356953097,54
PSA,3,2.3885594437979156,0.0,5.79250901019374e-12,11
PWR,3,1.9166772871186688,0.0008673026886383347,7.214986474142435e-08,16
PUK,3,1.6570778109015714,0.0005782017924255565,8.551393141812819e-11,7
CARE,3,1.2016264937086396,0.0039096077864508045,0.0009397305557421621,13
BBY,3,1.3041414571973151,0.0005782017924255565,4.3853597181945656e-15,55
BTZ,3,1.656527399756588,0.004196781343355499,2.2007166363603504e-07,29
ASM,3,1.1732699868883694,0.0005782017924255566,3.7421517928467006e-11,26
MUFG,3,2.363734024253051,0.00028910089621277823,2.5892113171345076e-06,54
FAST,3,1.9938554804800805,0.0005782017924255565,6.774278145913761e-08,16
FAF,3,2.102764228521552,0.0005782017924255565,1.0515868797327831e-10,55
MU,3,2.15874572486651,0.0005782017924255565,8.69780157379758e-09,57
AIOT,3,0.7272218864979301,0.0008673026886383347,5.915347443907714e-07,42
SSYS,3,1.6101818755797725,0.001156403584851113,9.316395219908473e-09,42
STNG,3,1.8030448641861825,0.0005782017924255565,1.5288339666196496e-14,49
CSIQ,3,1.4050415705710626,0.0014455044810638912,2.69141458575369e-12,42
NCLH,3,2.5870393063949484,0.0,1.0128197205182167e-11,18
BHRB,3,0.6358945098772306,0.0005782017924255566,0.0001636972018252236,9
NBR,3,2.164946937950601,0.00028910089621277823,3.034837255387905e-09,10
AROC,3,1.5028165890924314,0.003909607786450803,3.000728823220197e-08,10
NGNE,3,0.7731386745384943,0.0005782017924255565,1.2520501536415765e-09,20
SNAP,3,0.6988952358552317,0.0008673026886383347,1.100180865729437e-12,35
SON,3,1.7604884913022532,0.0005782017924255565,5.277297222701181e-10,16
SPGI,3,2.108081521153835,0.00028910089621277823,2.4866378677719803e-08,30
NMIH,3,2.2813087033553443,0.0,2.8769527946318957e-08,14
NKX,3,2.1793704387492734,0.0,6.5984246023718646e-09,33
NRIM,3,2.1179722113704478,0.0,0.0027928207040158705,40
NPO,3,1.800702669739064,0.0005782017924255565,4.363200049967971e-06,16
BLDR,3,2.116981706331111,0.0,2.948429884046901e-10,55
BLDP,3,1.2857220761622135,0.0017346053772766695,1.2873762058448167e-10,42
EXR,3,2.4501736365118774,0.0,5.959232340920931e-12,11
EXP,3,2.1214118841103144,0.0005782017924255565,8.190791291359613e-13,55
APO,3,2.191097171362282,0.0,2.413360790552495e-08,54
SHIP,3,1.0344380474224861,0.005059265683723619,2.637586080295846e-16,25
CTAS,3,1.7752973843859996,0.005058302014069576,1.3923411955059171e-06,43
SLS,3,0.4841468874235153,0.0005782017924255565,1.318146121449972e-11,20
APH,3,1.9430598627855558,0.0008673026886383349,5.942497435072247e-08,4
NSC,3,2.2830807606132586,0.004482991230606149,7.046466804362125e-08,16
NSA,3,2.2395057796858935,0.0,5.423709548608133e-12,11
MTG,3,2.548944172545429,0.0,3.339690948715491e-08,14
MTD,3,1.8372367972204697,0.00028910089621277823,3.7406270454812623e-10,53
CRS,3,1.9532320049535021,0.004196781343355498,2.6448327270716926e-14,24
AGNC,3,2.345489191504375,0.0,4.7497424200688825e-11,14
AGM,3,1.2534500951820857,0.0005782017924255565,0.0008688422866668789,2
AGCO,3,2.140679253750862,0.0005782017924255565,1.2760625631206495e-07,16
TCOM,3,1.4919899660694023,0.0008673026886383349,9.730233689377345e-15,22
GLBS,3,0.838604527385844,0.00419774501300954,1.0206355478515064e-16,25
GLAD,3,2.092957521140213,0.00028910089621277823,1.5930548524281038e-10,5
CHGG,3,0.5687881805557665,0.0014455044810638912,1.92040716651732e-09,59
VKTX,3,0.878866159346095,0.0008673026886383347,1.695294203111179e-09,20
MRTN,3,1.7321538828672531,0.003909607786450804,1.679087208788178e-12,16
APT,3,0.7260846662926432,0.0005782017924255565,8.028632069167896e-14,20
NVS,3,1.6246764454990656,0.0008673026886383347,1.2064230796392988e-07,36
SFM,3,1.0657718843238948,0.0005782017924255565,5.310869814095165e-11,45
BKNG,3,1.7217456272723832,0.001156403584851113,8.010160437965351e-12,11
NUS,3,1.3353083481638646,0.003909607786450803,4.61521074820376e-08,31
IHD,3,2.087527004042598,0.03767851980341139,1.2200857711855558e-06,22
IEX,3,2.1350735789357733,0.00011676276141275014,2.1722551035509166e-07,16
FIVE,3,1.3825518015320046,0.0011564035848511131,6.885883149129337e-12,4
MGEE,3,2.1134857761446444,5.211682822883418e-07,7.2732612540277274e-09,8
THC,3,1.7471883813718607,0.0005782017924255565,4.816516212334224e-10,52
COR,3,1.932844646158419,0.004482991230606148,6.063599927508717e-13,21
TK,3,1.3425279977372262,0.0005782017924255565,1.422617402588351e-14,49
MGA,3,1.5499871132236283,0.00028910089621277823,2.4928614416239714e-11,31
ATEX,3,0.5357397051793705,0.0005782017924255565,2.4895224332756347e-06,4
ASX,3,1.6134765991806383,0.0005782017924255565,1.557025591532902e-10,57
AZO,3,1.8616151597297224,0.0005782017924255565,3.440143234060509e-10,27
VTRS,3,1.2188082376796023,0.0008673026886383347,3.1377838053096455e-06,4
VTN,3,2.105264260589812,0.0,1.3229681596555691e-09,33
VST,3,1.2813223581285618,0.0005782017924255566,4.515032748585696e-10,16
CG,3,2.214282390991045,0.0,2.4929777669972e-08,54
ACNB,3,1.3752628809358667,0.001156403584851113,3.333580915210005e-05,1
WEX,3,1.9514773718809322,0.0008673026886383347,8.548359084740454e-05,54
NXG,3,2.1544717846170944,0.0,3.54935335407442e-08,10
SBS,3,1.7280520539316364,0.0011564035848511131,2.7853825000302527e-14,24
BEN,3,2.175757689246396,0.0,8.267413848981472e-06,54
FRO,3,1.8718388664844459,0.006781343355497735,1.2793522283524818e-10,49
MA,3,2.2051995140651597,0.015397513732292574,3.016657564129979e-07,50
M,3,1.912567092793128,0.0005782017924255565,4.015431739089529e-10,48
LZB,3,1.5874965618369548,0.00448395490026019,4.116902942260096e-06,4
TPC,3,0.8699020317085387,0.0005782017924255565,3.997231131040088e-12,16
LXP,3,2.269754533906599,0.0,5.73702293474686e-11,11
BFH,3,1.5772583226442043,0.00028910089621277823,0.00031070825978557704,54
MFA,3,1.551667031710478,0.00028910089621277823,1.5552121521922662e-11,14
MHD,3,2.117952233660014,0.0,6.944153581933739e-09,33
FIX,3,1.7034688647863117,0.0005782017924255565,6.627037561518518e-10,16
SBET,3,0.47765182242109794,0.0005782017924255565,2.165161657641584e-09,42
AJG,3,2.309457177882386,0.0,1.2314880638373078e-07,54
RWT,3,2.2438360812664246,0.0,1.7758930321096038e-11,14
RVTY,3,1.4210827516940685,0.0005782017924255565,8.299847066435808e-12,53
CZR,3,1.899769696975421,0.0004331695094921461,1.165048794637453e-12,58
GLV,3,2.2729806498854073,0.0,2.4540049029991663e-06,29
GPC,3,1.6361114441869973,0.001156403584851113,2.063441101556342e-08,27
HUN,3,2.0629796650970644,0.0014455044810638912,5.366953080300895e-13,31
ICE,3,1.764881243488857,0.0008673026886383349,3.69634117344751e-10,30
WEN,3,1.5100484179641471,0.0008673026886383347,2.662992909362652e-13,19
WBD,3,1.602244754200425,0.0005782017924255565,3.214621155727524e-08,4
WB,3,1.5912899910611964,0.004197745013009541,1.7543539726379784e-13,22
IBKR,3,0.9822967368173637,0.0005782017924255565,4.042200645333483e-06,54
IIF,3,1.565813407773565,0.004197745013009541,1.6975441633406903e-08,28
OMF,3,1.5647030764455312,0.001156403584851113,0.00019457707143445577,54
TTEK,3,1.4918494194099174,0.0005782017924255565,4.187295050844709e-06,4
GAB,3,1.9490476346741097,0.00028910089621277823,2.925656291896446e-06,29
G,3,1.6268962674433403,0.0008673026886383347,1.2977695455937094e-06,29
LMT,3,2.0749386947247914,0.0005782017924255565,1.9407649134559047e-08,34
FTNT,3,1.5361465291588972,0.0005782017924255565,5.4936838858996444e-14,35
LPX,3,1.9573545844929878,0.007549497650934357,5.923195639158002e-14,55
LPLA,3,2.075696950953838,0.0008673026886383347,0.0005138005433533454,54
LUV,3,2.1641413100462255,0.0,1.76933624874265e-12,18
TWO,3,1.0202036084964146,0.0005782017924255565,2.409530947538329e-12,14
TXT,3,1.657258093317087,0.003469210754553339,0.0002856927416804621,34
LAD,3,2.134952432046594,0.0,2.189321734638144e-11,31
TROW,3,2.1956088502590907,4.2510573549862956e-05,9.576678479855905e-06,54
DDD,3,0.904834239669255,0.0005782017924255565,1.7241145128650235e-10,42
DIN,3,1.5166831012477782,0.003920749612517778,4.362975872897746e-12,19
ROST,3,1.9728657331891064,0.008667244868459092,4.929287315811469e-08,4
PAC,3,2.2218973460825326,0.0005782017924255565,1.7974079591561492e-08,32
APAM,3,2.0544124556160357,0.00028910089621277823,9.203958814907236e-06,54
EIG,3,1.6484214816864386,0.0014455044810638912,5.324106779468054e-08,44
ALV,3,2.0457009761617035,0.00028910089621277823,2.4946149408168934e-11,31
KMT,3,2.1452593938574784,0.0,7.654703089875715e-06,16
VUZI,3,0.7071454741837367,0.001156403584851113,5.698003219625395e-07,42
UVE,3,1.3268001455573917,0.0008673026886383347,3.0155747892267727e-10,44
VGI,3,2.1461776862079383,0.0,9.99868943113768e-07,29
AWR,3,2.291248178747312,0.00014455044810638912,1.926574933277886e-09,8
BCE,3,1.9716954879678985,0.0005782017924255565,1.3173121948769667e-10,8
KRO,3,1.4832641830714088,0.0005782017924255565,1.3994586653334978e-15,31
TSM,3,1.9173007340183634,0.004485882239568275,7.852509470570864e-09,57
RHI,3,1.839891521359009,0.0008673026886383347,6.131002600290548e-08,41
RGNX,3,1.0482086525823442,0.0005782017924255565,2.4763033939479827e-09,20
RNG,3,1.5166984917981103,0.0005782017924255565,3.374127751867754e-15,35
RS,3,2.222079970126906,0.0,9.510911467953821e-14,24
AMRN,3,0.5293961434117647,0.0047711284571648836,1.3469673677513238e-09,20
PFGC,3,1.736531279221894,0.003621470559892068,5.506312488173782e-12,11
RDN,3,2.5108057618045017,0.0,3.2789845943445544e-08,14
BSBR,3,2.3280761200829234,0.014940734316276379,3.8811756082579176e-13,24
ALL,3,1.8310474548820221,0.0005782017924255566,2.1561602952263258e-07,54
RGA,3,2.1494193843611367,0.0,0.0005498925791309985,54
CHSCN,3,2.326817528881415,0.0036214705598920675,5.174877834363954e-09,29
CIG,3,1.8458786614932907,0.0005782017924255565,8.99724343274975e-15,24
BYFC,3,0.6257993156237651,0.0008673026886383349,2.2117539491419786e-11,5
ADP,3,1.86004396760415,0.011234460826828564,1.0741300938905478e-06,0
URBN,3,1.8316376649660238,0.0017346053772766695,4.1620511497186956e-10,48
UNP,3,2.2186995195840367,0.0005782017924255566,7.734508972702141e-10,16
UNH,3,1.8711539814510725,0.008667244868459092,2.5488745899434693e-09,21
KODK,3,0.7484129692412035,0.0005782017924255565,4.358198499615425e-07,42
AMZN,3,1.7834861762988974,0.0017346053772766695,4.640310326139533e-09,35
AMT,3,2.2359299952015794,0.0005782017924255565,1.7547225638961784e-09,8
EDD,3,1.5530850038127284,0.00028910089621277823,1.0568300685466799e-07,29
EG,3,2.179357857342425,0.0005782017924255565,2.4336979456350146e-07,54
BRO,3,2.0111085146052017,0.00028910089621277823,1.1521789641236742e-07,54
QURE,3,0.7260117544679561,0.003909607786450804,1.6700119504530966e-09,20
CAH,3,1.6826746056290598,0.0005782017924255566,1.745709489245756e-14,21
HEI,3,1.7355969780706033,0.0005782017924255565,2.3009270450550918e-08,29
GRX,3,2.138124150268241,0.0,2.8907213611891717e-06,29
HCC,3,1.3919354852798052,0.004196781343355498,2.1591453976528324e-13,24
BBD,3,2.4425145452989376,0.00028910089621277823,6.887373993114056e-14,24
JOF,3,0.7946372063254695,0.003909607786450805,9.858471822524073e-07,29
GDOT,3,0.7662388684099197,0.0005782017924255565,9.740790841903851e-07,29
GDC,3,0.5498814017707772,0.0008673026886383347,1.02384287768735e-11,59
KOSS,3,0.9306942673885983,0.0008673026886383349,9.212021886063554e-16,11
KOPN,3,0.8890545449700602,0.0008673026886383347,6.343139613439797e-07,42
URI,3,2.1802302090051158,0.00028910089621277823,4.653195497345327e-06,16
ADSK,3,1.7293240617014574,0.0005782017924255565,6.429462268136547e-14,35
WTS,3,1.9960566573183454,0.0008673026886383347,5.004615843700859e-06,4
WMK,3,1.372009696998218,0.0014455044810638912,1.6688509469464947e-06,45
WM,3,2.0781084017840636,0.0002891008962127783,5.426789661096459e-10,43
CACI,3,1.8663126107598866,0.0008673026886383347,1.2691461632599548e-10,34
CCK,3,1.7777446433523671,0.0005782017924255565,4.134524224144171e-06,4
WSR,3,2.147241596691231,0.0,1.2657280102873458e-09,11
HNI,3,1.345091788601991,0.0005782017924255565,1.0840668149088277e-09,31
HMN,3,1.6349509168002117,0.006206996241688348,0.0008711706127042088,44
ABT,3,1.5481879998564347,0.0008673026886383347,6.6171075414086296e-12,53
BCC,3,1.8897934395869713,0.011455743874010023,8.055900041964953e-13,55
YORW,3,1.6962558663376308,0.0005782017924255565,3.737935277223353e-12,8
YUM,2,1.2055600166376172,0.00028910089621277823,1.72963709770442e-14,19
AA,2,1.3605600907285043,0.00028910089621277823,1.2562319322298209e-11,24
ZTS,2,1.1697117215001847,0.00028910089621277823,1.4891233846987474e-08,53
CASY,2,0.8999078851835428,0.00028910089621277823,2.993802830946938e-06,4
CAT,2,1.3977609314937296,0.0011564035848511131,7.62967410741442e-08,16
XELB,2,0.3172306821005636,0.00028910089621277823,1.640143805370156e-06,4
XIFR,2,1.0702104338154093,0.00028910089621277823,1.3177158331835296e-10,8
XPL,2,0.4669480087900573,0.00028910089621277823,4.805327141753165e-12,26
ACCO,2,0.7877614953830876,0.0002891008962127783,8.299073711802013e-07,42
HCA,2,1.4633286225574438,0.0008673026886383347,2.3468547876572954e-08,52
HAIN,2,0.6199464748426863,0.00028910089621277823,1.59733141178372e-16,15
HAS,2,1.0513981472631166,0.00028910089621277823,5.016466576296548e-10,55
HASI,2,1.0518126645513883,0.00491471523561723,8.445360403928958e-07,42
GSK,2,1.1257903027265632,0.00028910089621277823,2.0084672701991816e-09,36
WPRT,2,0.6254937478295561,0.00028910089621277823,6.761260014998892e-07,42
WY,2,1.4395752429039415,0.0002891008962127783,6.416625771377338e-15,55
WWR,2,0.3929925460994135,0.00028910089621277823,8.430314083378165e-11,42
WWD,2,1.328628220151138,0.0005782017924255565,4.202080397008245e-06,16
ACH,2,0.37412415067925475,0.00028910089621277823,7.04427024494519e-16,21
WHF,2,0.7709624566635932,0.00028910089621277823,6.717455590945582e-11,5
WLY,2,1.017090113046546,0.00028910089621277823,3.429560532064719e-06,4
CCI,2,1.6164730772666833,0.0,9.728250552714778e-11,8
CCEC,2,0.6884554498840749,0.00028910089621277823,1.556243585859789e-09,10
CC,2,1.2753074639287254,0.001156403584851113,2.2469108705922254e-14,31
WK,2,1.0520881714055048,0.0005782017924255565,9.816690288613319e-15,35
WSO,2,0.93654127035976,0.00028910089621277823,5.970912634655826e-12,16
HMC,2,1.2968493414209896,0.00028910089621277823,1.2652983144276896e-08,54
BB,2,0.6278499905213244,0.00028910089621277823,1.0873281328994748e-14,11
BATRA,2,1.5293029460066299,0.00028910089621277823,1.1790162794448993e-06,29
BAP,2,0.5444100131829381,0.00028910089621277823,6.3056431021062e-08,54
QSR,2,1.1225738737373483,0.0005782017924255565,2.669256820331533e-13,19
QNRX,2,0.3682912508132826,0.00028910089621277823,8.793972963396385e-10,20
QMCO,2,0.41253980121604616,0.00028910089621277823,4.5753376600699035e-07,42
QGEN,2,0.6004716468774407,0.00028910089621277823,5.357630364700946e-12,53
PZZA,2,0.7846932413725825,0.00028910089621277823,1.1853825679192096e-14,19
RARE,2,0.6566675202574859,0.00028910089621277823,2.6075043547509277e-09,20
BRN,2,0.725623259435524,0.00028910089621277823,1.1428360718336927e-16,10
DOX,2,0.662115888041916,0.00028910089621277823,3.4092051400968486e-10,0
RAIL,2,0.4716864017484761,0.00028910089621277823,5.244331923078764e-07,42
RA,2,0.8988653420020798,0.00028910089621277823,4.1753220637508585e-07,29
R,2,1.172305675500793,0.008790594584176544,2.50023657421173e-06,16
QXO,2,0.36189327052638615,0.00028910089621277823,8.394267737536971e-12,20
PIPR,2,1.4778750566338297,0.0,0.00034679186439578856,54
PMO,2,1.3244057035206258,0.00028910089621277823,4.679827159963575e-10,33
EAT,2,1.3683663055255573,0.0044829912306061466,3.3176778624802043e-13,19
PRLB,2,1.011525535389513,0.0014455044810638912,7.800703080648907e-07,42
PEBK,2,0.8924375876840254,0.00028910089621277823,6.115372626371793e-06,47
PDS,2,1.0232864911060082,0.00028910089621277823,3.5180776807036965e-09,10
RDI,2,0.4677402217509147,0.0002891008962127783,5.012677424061588e-11,11
RDHL,2,0.35996320883762156,0.00028910089621277823,3.1362218426301734e-07,42
RDGT,2,0.254426833437561,0.0002891008962127783,1.1274098258079349e-09,42
RCS,2,0.6700825007110359,0.00028910089621277823,1.2646648622543454e-08,29
DJP,2,1.0109334652781747,0.00028910089621277823,2.6618308072696234e-09,10
DLX,2,0.9836408460292514,0.00028910089621277823,0.0008455649976002379,13
BSAC,2,1.2647884212568055,0.0014455044810638912,1.002560537128968e-06,12
REX,2,1.0440922293187263,0.004195817673701455,3.919125947530682e-09,10
PII,2,1.2659654421826732,0.00028910089621277823,5.2660193336809656e-08,4
PHIO,2,0.33334228572578095,0.00028910089621277823,6.955504980269917e-16,20
PGP,2,0.8032940419332363,0.0005782017924255565,1.4205734101772806e-07,29
PGEN,2,0.6987190026699912,0.00028910089621277823,1.957033398726969e-09,20
PFIS,2,1.1131712729910712,0.00028910089621277823,0.0005327735268484168,37
PLAB,2,0.8263122201608031,0.00028910089621277823,2.2849717579599863e-10,57
PCTY,2,1.3439604891620118,0.0002891008962127783,1.1632336611196338e-14,35
ALTO,2,0.5864883937342422,0.00028910089621277823,2.1946377126956984e-12,10
RL,2,1.3620528566949537,0.00028910089621277823,4.732261357004977e-08,48
RIGL,2,0.4495093058074585,0.0002891008962127783,1.6927059627817681e-09,20
RGR,2,0.9278612970715466,0.0036326156089344745,2.1540565378050218e-08,4
ROG,2,0.6500461348074004,0.00028910089621277823,2.3320625606097e-13,57
DGZ,2,0.5273016686580959,0.00028910089621277823,2.1144859540292027e-11,41
DLTR,2,0.9854270927837594,0.00028910089621277823,8.552327957157062e-14,4
RLI,2,1.1590242082666649,0.00028910089621277823,2.1712697710469722e-07,54
PBT,2,0.8453387514584518,0.003621470559892068,3.384129357236794e-09,10
PBR-A,2,1.63597903048059,0.003758311650766117,5.015887476765424e-14,24
PBR,2,1.4764776848951449,0.003469210754553339,1.0205828860795966e-13,24
PENN,2,1.4255652068729932,9.636696540425941e-07,2.0742177450779533e-13,58
EFOR,2,0.7754400658892592,0.00028910089621277823,4.607737079828519e-10,41
EEA,2,1.2812376579233846,0.00028910089621277823,1.285018563985011e-06,29
EDU,2,1.1837889429344213,0.0005782017924255566,7.698264485476878e-15,22
ENB,2,1.4981277455684667,0.0,1.8472994098724437e-09,10
ONIT,2,0.7331682902113135,0.00028910089621277823,3.3438856694755776e-10,14
ORGO,2,0.41180762216232325,0.00028910089621277823,1.2402362155437311e-08,4
RRR,2,1.4883473210760694,0.0,1.2398951817566066e-12,58
DCH,2,1.1694853335632307,0.00028910089621277823,1.1311477607809866e-09,31
DHT,2,1.3822582123114815,0.006206032572034306,5.60927646320412e-12,49
RPM,2,1.3433785319685942,0.00028910089621277823,4.67586084469779e-13,31
RPD,2,1.0572246665956835,0.00028910089621277823,5.3430976974751743e-14,35
ROK,2,1.4371871709513186,0.0,4.645195552951459e-06,16
OPTT,2,0.33303072909641435,0.00028910089621277823,2.9916982301310613e-07,42
OXLC,2,1.3251887463969383,0.00028910089621277823,2.5287552657676684e-09,5
OSK,2,1.4325392986357517,0.001156403584851113,1.298362767289486e-07,16
AON,2,1.462596296628456,0.0,1.1368427955180167e-07,54
PATK,2,1.4069241683516567,0.0,6.353948188124104e-10,4
EIX,2,1.0957779517052422,0.00028910089621277823,1.3678727106210912e-10,8
ENR,2,0.8871304594766372,0.00028910089621277823,3.3816211657958247e-06,4
OLLI,2,0.4740009172483358,0.00028910089621277823,7.644272997997062e-14,4
SBR,2,0.8001207113887937,0.00028910089621277823,4.0603339774883675e-09,10
DAR,2,1.086981307863136,0.003908644116796762,4.143574746306614e-06,4
SCL,2,1.0376712766727643,0.0008673026886383347,2.0618915730653853e-11,31
SEED,2,0.41232660206250327,0.00028910089621277823,3.2688597260633925e-07,42
RUSHB,2,1.489302578628587,0.003621470559892069,1.2371926007163973e-09,16
SBAC,2,1.590706126555517,0.0,9.452885882764168e-11,8
DAKT,2,0.5081915317489922,0.0005782017924255565,5.576810259244796e-07,42
CZNC,2,1.032079843616072,0.00028910089621277823,0.0009038878183191534,17
CZFS,2,0.5880558414243027,0.00028910089621277823,0.0004435948282281486,56
DEO,2,1.0809194906903152,0.001156403584851113,4.844136099397815e-13,7
DECK,2,1.056683448926691,0.00028910089621277823,3.807367756644221e-10,48
SCI,2,0.9635774016394236,0.00362147055989207,1.908005926530522e-05,29
OLED,2,0.7968843398016797,0.00028910089621277823,9.509156157567257e-12,57
OKTA,2,0.7056519868976345,0.00028910089621277823,9.710482830737544e-15,35
OPCH,2,0.5345695425374343,0.00028910089621277823,9.553477374411145e-07,54
ETD,2,1.112363325650199,0.003908644116796762,3.6293258600388615e-08,4
NVAX,2,0.48439033884300187,0.001156403584851113,1.3737867287126272e-09,20
NUV,2,0.9882508610116622,0.00028910089621277823,3.1167956591770445e-10,33
NXTS,2,0.3403650857334669,0.00028910089621277823,1.609714424411636e-09,42
NXE,2,1.3441454981770695,0.00028910089621277823,4.236693299691072e-12,42
NWS,2,1.5510520880059255,0.0002891008962127783,4.313123708925855e-06,4
NWG,2,1.6024139641755553,0.0,9.726118294616953e-11,7
OESX,2,0.3906027501455062,0.00028910089621277823,4.33814849084959e-07,42
ENSG,2,0.9432383342655007,0.0005782017924255565,1.5227766798353885e-08,52
EQT,2,1.3663631832602618,0.00028910089621277823,1.2823179469870187e-13,10
EQIX,2,1.3560659178740897,0.00028910089621277823,4.285927740799094e-12,11
OCGN,2,0.36661661433214987,0.00028910089621277823,3.1953783869243504e-07,42
OC,2,1.3814673559842672,0.0008673026886383347,1.827777346020527e-11,55
OMC,2,1.1445097249599656,0.00028910089621277823,0.0002346159650153312,54
OMAB,2,1.501626230560166,0.0,4.160160746343068e-10,32
OLP,2,1.1956527064791622,0.00028910089621277823,4.0974878050170495e-10,11
ERIC,2,0.9687221518029545,0.003908644116796762,7.122194218490123e-07,29
BLMN,2,1.3076649497308683,0.00028910089621277823,3.3396460932847707e-15,19
BLKB,2,0.6321090745394233,0.00028910089621277823,3.796935837982814e-06,4
APWC,2,0.543585874049571,0.00028910089621277823,1.7553199295797393e-13,42
APVO,2,0.3721031482011231,0.00028910089621277823,7.420480185135633e-07,54
SEDG,2,1.2296839011266885,0.00028910089621277823,1.750456223864141e-10,42
ALCO,2,0.5516331819459896,0.00028910089621277823,0.0004981229463494226,40
ALB,2,1.2076204212282435,0.002023706273489448,2.51796383136694e-13,24
AKO-B,2,0.628488048920097,0.00028910089621277823,2.2268697693944086e-10,12
SGI,2,1.0448188914937748,0.0002891008962127783,1.0131168874138366e-10,55
CVCO,2,1.2638298046275969,0.00028910089621277823,1.2069581009026658e-10,55
CXW,2,1.2101303408161563,0.0008673026886383347,7.643577423377334e-11,11
CXE,2,1.253999825190646,0.00028910089621277823,4.855861052329152e-10,33
SENEA,2,0.6650221245402572,0.00028910089621277823,0.0005208127045682131,17
SID,2,1.4954460018512061,0.0,1.4811030031050953e-11,24
NVDA,2,1.3097430628052997,0.00028910089621277823,2.049760657760081e-10,57
EXPD,2,1.1725270433823387,0.00028910089621277823,1.4585561794054947e-12,16
EXLS,2,1.109802947794111,0.00028910089621277823,2.0559114505652718e-08,29
NOK,2,0.6565745942909165,0.0002891008962127783,9.584845881189986e-09,29
SHOP,2,1.1176209562453217,0.001156403584851113,3.6305499372071245e-09,59
SHEN,2,0.7397310168328495,0.0005782017924255565,0.0004855326628610669,51
CTBB,2,1.514348713662172,0.00028910089621277823,1.4653511747688882e-07,29
CSX,2,1.5551250226685631,0.0,7.834820802930128e-10,16
CVS,2,0.9674335753434224,0.004781284052749794,4.002615356151034e-11,21
SJM,2,0.9289084982430832,0.0008673026886383347,1.4151976298664166e-14,15
SITE,2,1.2158890017280524,0.0005782017924255565,1.5406609273008143e-11,55
SILC,2,0.44829638582091735,0.00028910089621277823,4.4305924846366226e-07,42
NTAP,2,1.1175445510092907,0.00028910089621277823,8.111486825493532e-07,54
NSSC,2,0.48234289100785455,0.00028910089621277823,2.564788553871232e-06,4
ARCB,2,0.7844421078204644,0.00028910089621277823,1.5830408457659005e-12,16
AR,2,1.334649306851564,0.0014455044810638912,6.389335385114198e-11,10
ESEA,2,0.6972221175823841,0.005344511901320227,3.3963392352254005e-15,25
NNVC,2,0.47945006466729645,0.0008673026886383347,9.083979065159741e-12,20
NMM,2,0.6568698699829307,0.0036214705598920684,1.1151383657298163e-13,25
SLMBP,2,0.6578946902536892,0.00028910089621277823,3.214378442055334e-08,29
SNDR,2,1.433903679860506,0.0,1.7681950494114285e-12,16
SMSI,2,0.4499512623923571,0.00028910089621277823,3.758556705960388e-07,42
SMP,2,1.0678020700738822,0.00028910089621277823,9.322311876877896e-10,31
SOR,2,0.8276904629691857,0.003621470559892068,1.4887649085768606e-06,29
AHT,2,0.7111045086402892,0.00028910089621277823,7.605791021021528e-11,11
SRE,2,1.3157120208767847,0.0005782017924255565,3.762943201760501e-09,8
SQM,2,1.2153111108602321,0.002312807169702226,9.736205115523185e-12,24
CSCO,2,1.1142477984403005,0.00028910089621277823,2.2565450480053123e-05,29
CTSH,2,1.220408494989457,0.0005782017924255565,8.040682900642403e-12,0
SPE,2,1.43116619110458,0.0,2.882966936766427e-06,29
BL,2,0.5876701611429593,0.00028910089621277823,2.164142217540105e-15,35
BKR,2,1.4207727585100298,0.0,6.40883522736356e-09,10
EXPE,2,1.2349210681288911,0.0005782017924255565,5.843344883591357e-13,11
NCTY,2,0.4894747119769189,0.00028910089621277823,5.50459782165226e-09,42
BIO,2,0.8848985848585893,0.00028910089621277823,7.153020384004789e-12,53
BHK,2,0.993254855824973,0.0036214705598920697,4.1180495212821694e-09,29
FCFS,2,0.8973368013564385,0.00028910089621277823,0.00022488477610796016,54
FCEL,2,0.5837211836402532,0.00028910089621277823,3.7593856062066226e-14,42
NBB,2,1.2485861910705551,0.0005782017924255565,4.620232127712256e-10,33
NAVI,2,1.25947419665602,0.00028910089621277823,0.0001796440814364062,54
NEE,2,1.2326056730977888,0.0005782017924255565,3.9119179856546625e-09,8
ARL,2,0.37312488091426554,0.00028910089621277823,3.4587877842436414e-06,47
NKTR,2,0.549786221660042,0.00028910089621277823,1.6811979546555749e-09,20
NKE,2,1.0121115574569588,0.0002891008962127783,3.8193920559817623e-10,48
EYPT,2,0.476097030552726,0.0005782017924255565,1.4857955552607566e-09,20
BKE,2,0.9484843225837859,0.00028910089621277823,5.344338370119659e-12,48
BIP,2,1.2182542876760447,0.00028910089621277823,9.447122113763245e-08,54
NHS,2,1.408152789293918,0.0,7.978280195610763e-07,29
NGG,2,0.7427688907467329,0.001156403584851113,1.8764762404240685e-09,8
MVIS,2,0.4841574057587098,0.00028910089621277823,4.967916883436642e-09,42
FBIZ,2,0.9319214357185515,0.00028910089621277823,0.0008758459507207227,40
BGS,2,0.6139192247632854,0.0005782017924255565,9.499920633691213e-16,15
MTZ,2,1.2241727061154735,0.00028910089621277823,6.34359864277429e-10,16
MTRX,2,0.6166458478302678,0.0036214705598920684,7.223038285759587e-07,42
SRG,2,0.8670335735008657,0.003908644116796762,3.297935364964996e-10,11
AIT,2,1.3135715546887006,0.003908644116796762,1.290128987552068e-07,16
AIR,2,1.2629458419099993,0.0036214705598920684,5.148402591285302e-08,4
SSD,2,1.224902984671161,0.00028910089621277823,7.618474508674329e-13,55
STRL,2,0.707368684189596,0.00028910089621277823,5.478574104903663e-10,16
BTU,2,0.8647769134565648,0.0036214705598920684,5.451805293115127e-15,24
BTCS,2,0.4290539115340281,0.00028910089621277823,7.241612851620882e-11,42
NAN,2,1.440941213078063,0.0,6.376474221254536e-09,33
MZTI,2,0.8206700581975412,0.00028910089621277823,2.9724393344709127e-13,11
MXC,2,0.6538230082183636,0.004770164787510841,3.3059564793284524e-14,10
NDAQ,2,1.3510179164184648,0.004482991230606148,1.890369594622589e-08,30
TDG,2,1.306260223238049,0.0008673026886383347,1.3642019881315883e-06,29
TDC,2,0.5985716065760055,0.00028910089621277823,6.345729527614816e-07,42
SVRA,2,0.420657300028231,0.0005782017924255565,3.2760161599388133e-07,42
CRIS,2,0.5008624876478509,0.00028910089621277823,1.1043870532373273e-09,20
CRF,2,1.5823087501853255,0.003621470559892068,1.3521920802978378e-06,29
CRESY,2,1.239216397356825,0.00028910089621277823,2.7915016828869355e-13,24
CRSP,2,0.7996343832582926,0.00028910089621277823,4.850409610453261e-11,20
BURL,2,1.2027159496082487,0.004781284052749794,6.010828175251755e-10,4
BUD,2,1.0853296308982316,0.0014455044810638912,6.589249779436719e-11,7
SUI,2,1.5498764026524257,0.0,2.0989463592498312e-10,11
TAL,2,1.0232748189513217,0.00028910089621277823,1.973512693010883e-15,22
TACT,2,0.31956981340787916,0.003621470559892069,6.061758459316779e-12,11
T,2,1.1432602599528812,0.00028910089621277823,8.693768489108822e-06,54
MSCI,2,1.419021050530739,0.0,2.0606907147286335e-08,30
ARWR,2,0.6930043102327683,0.0036214705598920684,2.051142723035602e-09,20
MTNB,2,0.5623989970226073,0.0008673026886383349,7.393205316209982e-12,20
FELE,2,1.239356490041955,0.00028910089621277823,4.994718883012164e-08,4
FEED,2,0.22142836392123083,0.00028910089621277823,3.963583147145506e-15,35
FDX,2,1.1593625025253238,0.00028910089621277823,4.035914112969438e-06,4
MLPB,2,1.4921910222184,0.0,3.885165328235342e-09,10
MLM,2,1.6361827006328618,0.0,7.050624196598241e-14,55
MOV,2,0.9298727191855182,0.00028910089621277823,3.460949818621341e-08,48
MOMO,2,1.1204688170164347,0.00028910089621277823,6.212345791091864e-15,22
MRVL,2,0.8366602962579086,0.00028910089621277823,2.0074732137765864e-10,57
MPV,2,0.9411948449825004,0.00028910089621277823,1.1546274460390216e-07,29
MPLX,2,1.480606328321114,0.0,3.427018262016433e-08,10
MSEX,2,1.3865824271556366,0.0008673026886383347,8.595626809637286e-11,8
MSD,2,1.4490024748557515,0.0,1.095138375291953e-07,29
SWZ,2,0.5809980615314438,0.00028910089621277823,6.248094932574877e-07,29
CRM,2,1.377316275532995,0.01991905174906042,1.0009060532425787e-10,35
CRL,2,0.999584428452794,0.003621470559892069,1.856617775593912e-08,53
AGIG,2,0.6879264155566128,0.005344511901320227,5.515734744852836e-11,10
ASND,2,0.5026043378376372,0.00028910089621277823,1.6659489383947039e-09,20
MGYR,2,0.2828851034349277,0.00028910089621277823,6.298575777061755e-10,29
FISV,2,0.9287843886089945,0.00028910089621277823,2.5341737327457677e-11,50
BDX,2,0.9996549101781705,0.00028910089621277823,1.1321146189739433e-13,53
FMX,2,1.2704940100238218,0.00028910089621277823,1.7585679488708877e-08,32
TECK,2,1.1410489238357278,0.004482991230606148,1.3160194636642517e-11,24
TEAM,2,1.1781747209665672,0.00028910089621277823,6.311470329019335e-14,35
TDS,2,1.2383584550316866,0.00028910089621277823,2.22159774264546e-06,51
CRD-A,2,1.1453270912883569,0.00028910089621277823,6.587590047843923e-10,31
TGB,2,0.7590468353031443,0.00028910089621277823,5.954613172471814e-13,24
MHLA,2,0.8465693563124582,0.00028910089621277823,1.1788168902548548e-07,29
MLCO,2,1.4172462757775453,0.0,1.1021297119618263e-13,58
MKC,2,1.3391230169434536,0.00028910089621277823,2.405000776644526e-13,15
MIN,2,0.752505874822142,0.00028910089621277823,1.2559465130335185e-10,29
MMU,2,1.4132152656675774,0.0,6.435891475463926e-09,33
MMT,2,1.1404942346022884,0.0005782017924255565,9.397621584951906e-09,29
TRIB,2,0.23243495328379082,0.00028910089621277823,7.204773722706009e-10,29
LYB,2,1.5046360097361107,0.0,5.460886018556365e-13,31
MC,2,1.3922563937083785,0.00028910089621277823,7.597627733164771e-06,54
MBUU,2,1.3505956521492428,0.0036214705598920684,4.907072535731832e-08,4
MBRX,2,0.36848856975738065,0.00028910089621277823,2.6338928496650293e-14,58
MAS,2,1.4213573594908704,0.00028910089621277823,2.0048136931736014e-11,55
MDGL,2,0.6196875945642801,0.00028910089621277823,2.275395508794371e-11,20
MCS,2,1.2717094176401047,0.007067553242748385,8.425950814135135e-11,11
FLS,2,1.4152018750283861,0.0,3.1100490571827264e-06,16
BG,2,1.187637400961111,0.0002891008962127783,3.2930445666708094e-08,4
MCR,2,1.426645655687981,0.0008673026886383347,4.065513061512889e-07,29
MCK,2,1.47275797087707,0.0,1.875914674819627e-14,21
MFIC,2,0.9274398489091178,0.00028910089621277823,2.5631109375805824e-12,5
MFG,2,1.657706663051127,0.0,2.445705451116015e-06,54
META,2,1.0012199762281417,0.001156403584851113,8.667980945633558e-11,35
ASR,2,1.510659728372501,0.0,4.206484499285233e-10,32
BELFB,2,1.1166110954501043,0.0036214705598920684,7.505074952816452e-07,42
BEEM,2,0.5456285993494355,0.0014455044810638912,4.870489489510358e-07,42
LSCC,2,0.8113988921892844,0.00028910089621277823,1.9801921782121174e-10,57
MAN,2,1.3178557559285884,0.001156403584851113,6.9220087480820215e-06,41
LYV,2,1.0925262726061027,0.00028910089621277823,7.590858616078738e-12,11
TJX,2,1.3423372146194765,0.008950563746747615,4.3013942576817445e-06,4
TIMB,2,1.4567475997756922,0.00028910089621277823,2.6823552134241575e-14,24
TOPS,2,0.597038003774063,0.00028910089621277823,8.225664525763909e-17,25
CNMD,2,1.0401228686501458,0.0002891008962127783,4.2864472991486914e-06,4
CPAY,2,1.174256989983523,0.00028910089621277823,7.51612554352676e-07,54
CP,2,1.4585768747008023,0.00028910089621277823,7.749671202618356e-12,16
COST,2,1.0611843255453168,0.00028910089621277823,5.611677420111087e-13,55
TNET,2,1.0874710200426532,0.00028910089621277823,1.0611957442360424e-06,29
TRN,2,1.323495681458117,0.00028910089621277823,2.420221786283935e-06,54
TRMB,2,0.8970750709087923,0.00028910089621277823,5.076225334624048e-06,4
TRIP,2,0.8917999226303608,0.00028910089621277823,3.735422983769728e-14,11
FTEK,2,0.31537247795950063,0.00028910089621277823,3.138690598347951e-07,42
LKQ,2,1.237184590051799,0.0014455044810638912,1.3005958741624302e-06,27
LIXT,2,0.24379876648588067,0.00028910089621277823,7.155511598267751e-12,20
TRC,2,0.683867957811307,0.00028910089621277823,0.0007639033232070551,40
TRAW,2,0.35553060723480373,0.00028910089621277823,1.517584144538117e-16,24
TR,2,0.6501159104725206,0.0002891008962127783,8.16610338843789e-15,15
TPST,2,0.5829631810161632,0.0005782017924255565,9.415884290250274e-14,20
TPL,2,0.7874970460307802,0.00028910089621277823,2.488348517548669e-09,10
CMG,2,0.8784333479969337,0.00028910089621277823,7.518914323310206e-07,29
CME,2,1.2036406697059818,0.00028910089621277823,7.37459443246957e-12,30
CMCSA,2,1.146361006272703,0.001156403584851113,9.387520512037149e-06,54
CNVS,2,0.43186932850708637,0.00028910089621277823,3.1626089555788885e-07,42
AEMD,2,0.2710681030917921,0.00028910089621277823,7.774594922360954e-14,11
LOW,2,1.3825232337457938,0.002023706273489448,9.357668632133188e-13,55
LNTH,2,0.5063240930562151,0.00028910089621277823,5.498513200233902e-07,42
LVS,2,1.517185311808845,0.0,1.2283087513506028e-13,58
FSLR,2,1.1144229870296636,0.0017346053772766695,1.5311354824430682e-10,42
FWONA,2,1.505733776218253,0.00028910089621277823,1.1255388574881274e-06,29
LCTX,2,0.6229823103962222,0.00028910089621277823,5.677806957058423e-07,42
LCII,2,1.4363016280179937,0.0,6.61028746475266e-10,4
LBTYK,2,1.4225655943929927,0.0005782017924255565,3.3028978608191563e-06,4
LBTYA,2,1.1815666236037452,0.00028910089621277823,4.845762478232359e-08,4
LEU,2,0.7121227351801284,0.00028910089621277823,1.2851510363760533e-10,42
ATRA,2,0.45712581896576937,0.00028910089621277823,1.7376028387236555e-09,20
ATLO,2,1.0335265957118054,0.0002891008962127783,0.0005508828024558802,6
LIND,2,0.9220088721690279,0.00028910089621277823,5.833816794602516e-12,18
LIN,2,1.2730874590235284,0.00028910089621277823,1.99339758914083e-07,29
LILAK,2,1.4457590251392152,0.0036214705598920684,3.638464419395159e-06,4
LII,2,1.2568416763734733,0.0005782017924255565,6.457807416995938e-10,16
LH,2,1.2989646578396097,0.00028910089621277823,1.1969482841057135e-06,29
LMFA,2,0.40824682937171164,0.0002891008962127783,4.082908206651571e-09,42
LLY,2,0.8438906676652271,0.00028910089621277823,1.0752897392736931e-07,29
KYNB,2,0.6594961121067275,0.00028910089621277823,1.5725495199242018e-09,20
ATHM,2,0.6231890135979036,0.00028910089621277823,1.5774897944479189e-13,22
AEHR,2,0.4491906874220172,0.0036214705598920675,1.0920696622462124e-10,57
AEHL,2,0.3159170202338639,0.00028910089621277823,1.0085556442301204e-08,4
TSBK,2,1.0126848803600876,0.00028910089621277823,0.0008254525603744051,23
TS,2,1.4046581804771692,0.0,6.34388378847125e-09,10
CNC,2,1.2892639574403053,0.00028910089621277823,2.2424094699671248e-09,21
CNA,2,1.5082887398983347,0.0,2.812601745216017e-05,54
TRU,2,1.2912505123170002,0.00028910089621277823,1.6923943478829623e-08,30
TRP,2,1.4581167215866444,0.0,1.7544611701662873e-09,10
TROX,2,1.2960741176899468,0.0008673026886383347,4.09822868422526e-15,31
TTWO,2,1.0054547448761548,0.0002891008962127783,3.150508361795208e-09,35
TT,2,1.3471713326705035,0.0008673026886383347,7.62843304294759e-08,16
LEG,2,0.7506039946206257,0.00028910089621277823,1.4737751626353538e-11,55
LDOS,2,1.1635239901124672,0.001156403584851113,1.5699141850183386e-08,34
FT,2,1.4271981463949008,0.0,9.57241632456965e-07,29
GEG,2,0.29237125347974835,0.00028910089621277823,3.015431719653183e-07,42
GEF,2,1.4036387846372713,0.00028910089621277823,4.909490137401852e-10,16
KT,2,0.9746342503376243,0.00028910089621277823,1.0943680067793629e-13,22
KRNT,2,0.6278184298165548,0.00028910089621277823,7.386681364996316e-07,42
TSN,2,0.9629984615803712,0.00028910089621277823,2.5323549976160857e-13,11
TVC,2,0.6237929685180906,0.00028910089621277823,3.3876323261392014e-11,29
UEC,2,1.1467307271404192,0.0070675532427483855,6.607127991335815e-07,42
UBS,2,1.3910795284097237,0.005203816131830008,0.00011361502636994673,7
CINF,2,1.421040083179086,0.0,2.524535282340453e-05,54
CLWT,2,0.3286278404188234,0.00028910089621277823,1.0499767923309532e-16,42
UAA,2,1.4982875265131126,0.0036214705598920684,3.7803830762217936e-10,48
KR,2,0.8911069939361007,0.0008673026886383347,9.242308989900472e-09,45
LBRDA,2,1.9130234310596421,0.0,9.82721218077628e-10,54
LAND,2,0.9136777584892395,0.00028910089621277823,1.7378817740460757e-10,11
LAMR,2,1.451594124234437,0.003621470559892068,1.4104783316758382e-06,29
FUNC,2,0.639796232439289,0.00028910089621277823,0.0004262085961477167,38
ADBE,2,1.3602708359008002,0.020202370627348944,4.801337457403792e-09,35
VEEV,2,1.005808330006491,0.0036214705598920692,5.5144347273342145e-14,35
VECO,2,0.7529087194908337,0.00028910089621277823,2.620619531207815e-10,57
UGP,2,1.2097899339952858,0.003621470559892069,2.6467352077014944e-14,24
UPBD,2,0.9611965609315996,0.00028910089621277823,3.550669938863291e-06,4
UONEK,2,0.7645932074159845,0.00028910089621277823,1.7117452688585424e-13,5
UNTY,2,1.0331090825819598,0.00028910089621277823,0.0005736350395755439,46
BWLP,2,0.40554864633379306,0.00028910089621277823,3.169384315158172e-07,29
BWFG,2,0.8485945046652996,0.00028910089621277823,0.0008406280366015815,40
CLB,2,1.41879447554037,0.0,6.408981193917073e-09,10
KNX,2,1.4701595267416452,0.0,1.8544340274993845e-12,16
KNOP,2,0.6891191691918098,0.00028910089621277823,1.549352968619374e-09,10
KURA,2,0.504488873243929,0.0005782017924255565,1.9417275195443473e-09,20
KTOS,2,0.9259772590973113,0.00028910089621277823,4.3374611436830066e-10,4
GATX,2,1.2895209694142196,0.0005782017924255565,0.00028968733100493663,54
GEO,2,0.9244994688429218,0.0005782017924255565,5.574167501969709e-12,11
GIII,2,0.7240742335382903,0.00028910089621277823,5.555178312070769e-12,48
GIB,2,1.1930577058756842,0.0002891008962127783,7.346731625391869e-12,0
GHC,2,1.0126222207297007,0.0014455044810638912,0.0008116912248092189,39
IX,2,1.1782871214483075,0.0005782017924255565,1.7690539415035215e-06,54
JNJ,2,1.0302597937105962,0.00028910089621277823,4.9545961075222214e-12,15
JMM,2,0.6115478336520717,0.00028910089621277823,2.5790850743854347e-07,29
JKS,2,1.323052147303236,0.00028910089621277823,5.995428348399167e-14,42
JJSF,2,0.9196091606311592,0.0005782017924255565,1.083325304729088e-11,11
KELYA,2,0.7510043457340982,0.0008673026886383347,6.219549156112063e-06,41
KALU,2,1.2229195572688518,0.0002891008962127783,6.739425206128477e-15,24
JXG,2,0.34063276750515104,0.00028910089621277823,5.519633473318298e-14,59
KELYB,2,0.30355775910740607,0.0005782017924255565,1.53603193440952e-08,41
GDS,2,1.0685506358414165,0.00028910089621277823,1.6539615632896973e-13,22
BCV,2,0.9365878890132822,0.00028910089621277823,2.3756964856911043e-08,29
USEG,2,0.7461732867335171,0.005057338344415534,1.4605798323975747e-12,10
CIGI,2,1.1630866355276366,0.00028910089621277823,4.5915980083688595e-08,4
CHE,2,0.8432100779197029,0.00028910089621277823,1.9983080219831395e-10,52
VMI,2,1.144960181668773,0.00028910089621277823,4.3309085245352904e-06,4
VMC,2,1.5966184636661973,0.0,6.759749616947867e-14,55
VLGEA,2,0.7984307647550805,0.0017346053772766695,0.0003245733511186145,45
VIVO,2,0.3247884315536531,0.0005782017924255565,1.3686314104986573e-14,42
VANI,2,0.303112475493857,0.00028910089621277823,2.8401420315648e-07,42
VAC,2,1.5570893920160982,0.0,4.6826161074843826e-12,11
V,2,1.5537587326463125,0.015669268574732585,2.5618266037534526e-05,50
VISN,2,0.5782131209888088,0.00028910089621277823,3.1105000730059617e-06,4
CHD,2,1.2336053877670208,0.00028910089621277823,2.6330569969043206e-13,15
CIB,2,1.1845972072328912,0.00028910089621277823,1.6169717243224684e-10,10
CHTR,2,1.8439747499735262,0.0,9.159695818476795e-10,54
VHC,2,0.35697290865279624,0.003908644116796762,3.192511811402226e-07,42
VERU,2,0.35343234412881813,0.0036214705598920684,3.250728938917886e-07,42
ISOU,2,0.4590590795391667,0.00028910089621277823,2.3874111141859977e-12,42
BCPC,2,0.9636396261025335,0.00028910089621277823,2.0066284178278236e-11,31
IDE,2,1.4515548301582188,0.0,2.3274543697801226e-06,29
AYI,2,0.7080135441258556,0.00028910089621277823,6.365440168055058e-10,16
CCRN,2,0.8963372916312691,0.00028910089621277823,0.0004758497388447454,3
CF,2,1.1724283236269444,0.00028910089621277823,1.77013297562802e-10,10
ACP,2,1.0779911670856572,0.00028910089621277823,2.1262951943576515e-07,29
ACLS,2,1.4180148632106286,0.0,8.316265034975552e-09,57
AXSM,2,0.4307306537174338,0.00028910089621277823,1.4612511422179707e-09,20
INFY,2,1.1434553469734547,0.00028910089621277823,1.4425836723435442e-13,0
INDP,2,0.3792367203485079,0.00028910089621277823,3.0170785273855244e-07,42
CENTA,2,1.3971025756542668,0.0005782017924255565,2.644478340843756e-13,31
CENT,2,1.076698258789117,0.00028910089621277823,9.823382061451056e-15,31
CENN,2,0.3322587513203613,0.00028910089621277823,7.622331102550652e-17,11
CEE,2,0.7839807629353739,0.0002891008962127783,7.633588205265744e-07,29
CHMI,2,1.4362239960814223,0.0,5.368310404895164e-10,14
CHMG,2,0.6559818974421393,0.0005782017924255565,2.1765737432137302e-07,1
CHH,2,1.4321275884857947,0.0,2.4335361248872898e-11,11
CBZ,2,0.9452363636672128,0.003621470559892069,0.0006873850020443497,13
CBT,2,1.3615656612078757,0.00028910089621277823,1.2422208104448238e-09,31
CDXS,2,0.6045658251468843,0.00028910089621277823,6.784677184879148e-07,42
CDW,2,1.0441199665194554,0.00028910089621277823,4.51802035986114e-06,4
CDNS,2,1.4630601919501545,0.00028910089621277823,4.585432591278875e-09,35
WDC,2,1.4168884600234346,0.00028910089621277823,1.9000895951509852e-10,57
WDAY,2,1.1487406887813942,0.0036214705598920692,6.730123955649948e-14,35
WCN,2,1.4725860473585635,0.0,4.743927673235005e-10,43
WIW,2,1.1273145879980608,0.00028910089621277823,1.1724812360486514e-07,29
IBIO,2,0.31420641120971415,0.00028910089621277823,1.91322745107965e-09,42
IHG,2,1.440712347854587,0.0,2.4445684855062477e-11,11
IFN,2,1.2059594969768583,0.004482991230606149,1.0407420793504534e-06,28
GNK,2,0.9749167572869033,0.00563168545822492,1.2931025902504447e-13,25
GMED,2,0.6976920180207564,0.0005782017924255565,3.357865885574187e-06,4
GME,2,1.011433124383074,0.0044829912306061466,1.3389412706164686e-14,11
GM,2,1.4184094886549907,0.00028910089621277823,2.1888994070044493e-11,31
BAH,2,0.8776731103700304,0.00028910089621277823,9.455314101159046e-13,34
HUBB,2,1.343586725632179,0.0005782017924255565,7.960027441527565e-08,16
HTO,2,1.4448433217464791,0.0,1.7639079273667663e-10,8
HTHT,2,1.090518660669023,0.00028910089621277823,2.102643986027344e-15,22
GNT,2,0.9849844460139345,0.0005782017924255565,5.869400486088183e-10,26
HRTG,2,0.7175372704539587,0.00028910089621277823,1.615522973986142e-12,44
HXL,2,1.3354347646802918,0.00028910089621277823,3.652931780284381e-08,16
GLW,2,0.8612528172251577,0.00028910089621277823,6.990945269820841e-10,4
GLU,2,0.7655542871436083,0.0005782017924255565,1.3182875502680597e-07,29
GLPI,2,1.4540793732934245,0.0,4.341564552512788e-09,11
GLPG,2,0.5358682802769913,0.00028910089621277823,2.0450324519312073e-09,20
GLOB,2,1.1179881230190643,0.00028910089621277823,6.7471128966490275e-12,0
GOOGL,2,1.671545982682627,0.00028910089621277823,4.7272160232500735e-09,35
HVT,2,0.9289820585863349,0.0036214705598920684,3.3808810476075487e-10,4
ICHR,2,1.0957645883567468,0.00028910089621277823,1.9675008245023635e-10,57
IBN,2,1.2525486709526454,0.00028910089621277823,2.895024439648186e-10,28
GVA,2,1.0845977155586284,0.0008673026886383347,5.210692043259398e-10,16
AAMI,2,0.8036731974518162,0.00028910089621277823,1.261206998970188e-06,29
XRAY,2,1.0207471889287838,0.00028910089621277823,3.5867050525394456e-06,4
ZBRA,2,0.9846014481345456,0.00028910089621277823,4.270929572965466e-06,4
XYL,2,1.2434540601244395,0.00028910089621277823,7.335830658163444e-08,16
ZNB,2,0.3163496470935683,0.0002891008962127783,2.834193358846322e-07,29
HIMX,2,0.6177192499972233,0.00028910089621277823,8.893930283942256e-12,57
HGV,2,1.551441466722129,0.0,4.654500429278056e-12,11
BCAL,2,0.42797230659798824,0.00028910089621277823,0.0003736035333091481,40
GRC,2,1.0736092346198631,0.00028910089621277823,1.1271198320062707e-09,31
GPRO,2,0.5597962076721591,0.00028910089621277823,6.589618338296292e-07,42
GPRE,2,0.8371818636690469,0.0005782017924255566,1.1350260924204359e-10,10
GTLS,2,0.7698360649025795,0.00028910089621277823,9.21255127420652e-07,42
GTE,2,0.915824803312286,0.00563168545822492,3.0156628906074154e-09,10
BBVA,2,1.6105937978468337,0.0,1.980466759068497e-10,7
BBN,2,1.2403752983317107,0.00028910089621277823,1.918832781187825e-11,33
PRKS,2,1.1888860292010888,0.00028910089621277823,6.789071123571974e-13,18
PRGO,2,0.5200268045463425,0.00028910089621277823,1.8018178956710396e-08,4
PPT,2,1.2243975750773866,0.00028910089621277823,1.763163307296444e-07,29
PRTH,2,0.46570237938878417,0.0036214705598920684,2.3930617336783764e-06,4
PRQR,2,0.36360687604373687,0.00028910089621277823,1.2486617864031205e-09,20
PXS,2,0.4845153803137576,0.00028910089621277823,4.03952255860845e-17,25
DOMH,2,0.33318507531953273,0.00028910089621277823,2.3178403224946395e-09,42
AM,2,1.1918860452339715,0.0017346053772766695,2.2361506499327392e-09,10
PPSI,2,0.5585066924570945,0.0005782017924255565,2.2589182088609212e-11,42
PPCB,2,0.6071302420940119,0.00028910089621277823,3.8743553885569e-10,1
DVA,2,0.880111138806616,0.00028910089621277823,1.207202217774768e-08,52
ECPG,2,1.0775147842976467,0.00028910089621277823,1.181182214775176e-06,54
EC,2,1.2492074033331515,0.0005782017924255565,5.032572293644986e-09,10
POOL,2,0.9321762584411637,0.00028910089621277823,6.235686241109875e-13,55
PROV,2,0.5852093481839292,0.00028910089621277823,0.0005085540385415647,40
ZG,2,1.4912182046562241,0.00028910089621277823,7.652797649218072e-07,42
ABBV,1,0.4797412842281734,0.0,4.170394232901379e-11,20
AAME,1,0.18480921935906458,0.0,2.783057266009798e-09,42
AAOI,1,0.4293996523260236,0.0,3.5734701472782973e-12,57
ABUS,1,0.3309109158097133,0.0,1.659474044049898e-09,20
ABVC,1,0.10773699468825602,0.0,1.1091347123605151e-09,42
ACAD,1,0.3707303941499534,0.0,1.8591634092843663e-09,20
CAR,1,0.4905868499291656,0.0,4.486327185069287e-11,11
CASH,1,0.6685272038970308,0.0,0.0008402586655289336,40
CASS,1,0.6386733116863038,0.0,0.0008361207784340839,40
CATO,1,0.3699823235452817,0.0,5.3981646352588463e-14,48
CATX,1,0.18062339741127517,0.0,2.7700952077435055e-07,42
XBIT,1,0.2220566624197458,0.0,3.405528327072573e-07,42
XENE,1,0.32117332271283394,0.0,1.610641315308137e-09,20
XOMA,1,0.31060416044252415,0.0,1.5576383782333586e-09,20
ACCS,1,0.14099852599616883,0.0,1.8837095994760183e-07,29
ACFN,1,0.152200286308051,0.0,2.573814725516809e-10,10
ACHC,1,0.5578581737771863,0.0,1.7077603875482228e-08,52
WYY,1,0.2300155400868538,0.0,3.5275880889893553e-07,42
XBIO,1,0.18251319024925045,0.0,1.3067657757085999e-09,42
HELE,1,0.4667644255374199,0.0,3.434312271928264e-08,4
HEQ,1,0.6893903088920901,0.0,1.3180908278556341e-06,29
HERZ,1,0.5245062502264403,0.0,1.1080470781596879e-06,29
HESM,1,0.6989395968455939,0.0,2.527923176548717e-09,10
GWAV,1,0.13176540814435378,0.0,1.231874896770078e-09,42
GWRE,1,0.5797009587170234,0.0,5.6482175304352404e-14,35
GWRS,1,0.42931467509717575,0.0,6.584100073099299e-07,42
GWW,1,0.7110929121110794,0.0,6.486500467930247e-10,16
GYRE,1,0.19491414384859296,0.0,2.989262429644775e-07,42
GYRO,1,0.14194012293877956,0.0,1.1082070715841175e-13,14
AACG,1,0.14147215864673243,0.0,1.0913586206341492e-09,42
ZD,1,0.5155264855268137,0.0,3.836160245146548e-06,4
ZDGE,1,0.2230334030473723,0.0,1.3674381471155608e-09,59
ZIONP,1,0.4662495246744866,0.0,3.0185748396805034e-08,29
ZTEK,1,0.1668354125482552,0.0,3.05312982958549e-07,29
ZTO,1,0.501503150659412,0.0,7.833337848417846e-15,22
HCKT,1,0.45594465478054824,0.0,3.3927970875616083e-06,4
HCM,1,0.37764018346936223,0.0,5.045548425302132e-12,22
HCSG,1,0.41136051801321816,0.0,3.0610354849424863e-06,4
HDB,1,0.6681687788071362,0.0,6.063343092258515e-12,28
HAE,1,0.383825747495707,0.0,2.8561424387383697e-06,4
HALO,1,0.4697608205522622,0.0,2.355787770312008e-09,20
HBCP,1,0.6913425158402726,0.0,0.000905072800024662,40
HBIO,1,0.321732995508072,0.0,4.934194804229258e-07,42
GSAT,1,0.29101875214199113,0.0,4.4631518520035325e-07,42
GSIT,1,0.24001154985433573,0.0,3.6808899266817575e-07,42
GSL,1,0.44061003932599674,0.0,2.99437484410269e-12,25
GSM,1,0.38353468844801797,0.0,5.882004312280785e-07,42
GT,1,0.6069421554216343,0.0,1.96924154740773e-11,31
HDSN,1,0.20919880221855253,0.0,3.2083362830984627e-07,42
HE,1,0.4481679327189648,0.0,1.9590856692719777e-09,8
HEI-A,1,0.9298846440270414,0.0,6.295201905180125e-10,29
BCDA,1,0.16493630315002028,0.0,4.097629973364258e-09,29
HLIO,1,0.5645555999546947,0.0,3.199540100142523e-08,16
HLIT,1,0.4117850986188573,0.0,6.315261171316925e-07,42
HLNE,1,0.5935258154476911,0.0,2.0907490318945603e-10,54
HFBL,1,0.13236693531971955,0.0,2.7671381453825417e-12,29
HGBL,1,0.15401755853044258,0.0,2.2709409251827172e-07,29
HHH,1,0.6244695859523677,0.0,4.646832834370307e-06,4
HHS,1,0.21275311808882735,0.0,3.262846349347593e-07,42
HIFS,1,0.5226285506732846,0.0,0.0007023594765292639,40
HIHO,1,0.1593488252260197,0.0,6.250855522116825e-18,42
HII,1,0.6182605984826436,0.0,1.8389017215569775e-08,34
HIND,1,0.11792340333753351,0.0,7.947952953315028e-10,42
HIVE,1,0.44693827404254843,0.0,9.821168298212632e-11,42
HLF,1,0.48223561952748334,0.0,4.80301265008859e-10,31
HLI,1,0.6515097917266561,0.0,6.281399147768407e-08,54
HCI,1,0.4566492539311942,0.0,1.7438492465766668e-12,44
HQY,1,0.46691148645082636,0.0,0.0005958813655846796,40
BBDC,1,0.5910931444622046,0.0,6.525891355049971e-11,5
BBDO,1,0.7271796217866313,0.0,1.7260661271193575e-14,24
BBGI,1,0.21477517962229337,0.0,1.79525306874554e-12,57
BBSI,1,0.5278850379522525,0.0,0.0005181168354861116,40
BBW,1,0.35226020864613794,0.0,7.047249447684838e-11,11
BBWI,1,0.5354146038333826,0.0,3.648100965427503e-10,48
GTIM,1,0.24525091016301517,0.0,1.8249727571069843e-06,4
GTN-A,1,0.3824261955974082,0.0,3.0539168141626923e-10,4
GURE,1,0.15758625570811524,0.0,1.4732740193333672e-09,42
GUT,1,0.4983083195205191,0.0,1.068064059616491e-07,29
GPRK,1,0.5530676498564729,0.0,2.0157111382499344e-09,10
GPUS,1,0.26115723750895087,0.0,1.1376811117324668e-12,42
GRBK,1,0.6653293700612652,0.0,1.2753647396511363e-10,55
GRCE,1,0.1823690663470917,0.0,1.0654797811710522e-12,41
BCBP,1,0.6316843201522429,0.0,0.0007916621194142729,40
BANFP,1,0.06486104645571755,0.0,3.283266215900287e-14,11
BANX,1,0.5567268498046302,0.0,8.713100313007412e-08,29
BATRK,1,0.9715980467031137,0.0,2.9221308940658943e-08,29
BAX,1,0.4827274898227719,0.0,2.5984339338813546e-15,53
BBBY,1,0.4151110962417585,0.0,7.823159452364939e-13,59
HRL,1,0.5392998227302036,0.0,1.20098809319789e-14,15
HLX,1,0.6902511591284082,0.0,1.727726959547339e-09,10
HNNA,1,0.25192185132054074,0.0,2.1826854442748744e-07,29
HNRG,1,0.34906907840184237,0.0,2.5939486039096535e-16,24
HOFT,1,0.44619419252446496,0.0,2.753155940490658e-08,4
HOG,1,0.6118899503813162,0.0,4.502102239764999e-08,4
HON,1,0.7060884932855209,0.0,7.532485269311796e-08,16
HOV,1,0.6516461682655548,0.0,1.1042135445115948e-10,55
HOVNP,1,0.33233018869036596,0.0,2.048487436370742e-08,29
HPQ,1,0.6182211409782582,0.0,8.481814100463255e-07,54
HQI,1,0.17879793590003204,0.0,2.742099376324784e-07,42
GNTX,1,0.6629278255590432,0.0,2.1508886830505593e-11,31
GNW,1,0.456929401720673,0.0,0.0001433209452342299,54
GOF,1,0.634281451556003,0.0,1.7867474281539721e-07,29
GOGO,1,0.3038935174705272,0.0,2.2613469204923856e-06,4
GOLD,1,0.2814090965054767,0.0,1.417029225801861e-11,26
GOLF,1,0.528076756248149,0.0,3.3314703861512286e-08,4
HSY,1,0.5902840689672133,0.0,2.474502578915359e-13,15
HTGC,1,0.7268093543307083,0.0,5.048270935386122e-12,5
HTLD,1,0.7204960747981133,0.0,1.736696792597777e-12,16
HUBG,1,0.6595412077759051,0.0,1.613106121204444e-10,16
HUM,1,0.6546315417684074,0.0,5.223563807971667e-11,21
HR,1,0.718078464058024,0.0,3.4985799447562093e-10,11
HRB,1,0.4334247088157695,0.0,1.5135191539216145e-05,54
HRI,1,0.7682523779270302,0.0,4.6665549113491146e-08,16
BAK,1,0.5130879966873602,0.0,5.461922427054402e-15,24
BALL,1,0.6746053069618667,0.0,4.1804514931503076e-08,4
HROW,1,0.2937730024000165,0.0,4.505391869354619e-07,42
HRTX,1,0.3708354696558096,0.0,1.859690348911421e-09,20
HRZN,1,0.6356489598671374,0.0,7.061577606689388e-11,5
HSBC,1,0.6765944110253359,0.0,8.091353851609457e-11,7
HSDT,1,0.19293991480873823,0.0,5.3303375555048525e-12,20
HSIC,1,0.5387812604977071,0.0,2.8962117082310254e-08,4
HSTM,1,0.37710479675895553,0.0,5.783393543081357e-07,42
GRDX,1,0.14175623252787736,0.0,1.1198706884435586e-14,42
GREE,1,0.3435279383512535,0.0,5.377664308919675e-09,42
GRF,1,0.2888751464037465,0.0,5.523194567130104e-07,29
GRFS,1,0.32807708670146307,0.0,6.079917888529205e-07,29
GRMN,1,0.5529438076159139,0.0,4.114591804936039e-06,4
GROW,1,0.2881573327718044,0.0,1.2553017491443902e-12,42
GRPN,1,0.3905777357711228,0.0,5.990018622260646e-07,42
GRVY,1,0.20068401413817455,0.0,7.053849555743905e-08,29
GNSS,1,0.24712315197075463,0.0,3.789955613765298e-07,42
HURN,1,0.45400182175435133,0.0,3.953550645557515e-06,13
HVT-A,1,0.40474700728694535,0.0,3.0327699607685823e-12,4
HWBK,1,0.44867802148573804,0.0,3.2605534057025973e-06,46
HWKN,1,0.514398902367844,0.0,3.827769619622982e-06,4
GOOG,1,0.9954295603255324,0.0,1.4561824943925984e-10,35
GOOS,1,0.4682135870917268,0.0,3.4840932511998998e-06,4
GORO,1,0.5103728484099379,0.0,7.072341306361121e-11,26
GPK,1,0.5712852558582944,0.0,4.462693606955531e-12,16
GLP,1,0.5404503876485989,0.0,1.9546997580065316e-09,10
GLRE,1,0.49475327627007676,0.0,0.0006506981926565159,40
HWM,1,0.6305163733481866,0.0,5.757811412907169e-10,4
HY,1,0.55146975373956,0.0,3.125377892359754e-08,16
HYFT,1,0.14715081117373713,0.0,1.7829784621595981e-09,54
HYI,1,0.5786524046013326,0.0,1.605019565817711e-07,29
HZO,1,0.6373125450653612,0.0,4.689154046049264e-08,4
IAE,1,0.7229684313101693,0.0,2.231537268638727e-08,22
IGC,1,0.1984725306698347,0.0,2.3265715140511725e-09,42
IGI,1,0.3658878125305711,0.0,7.842366003290728e-08,29
IHT,1,0.15446117834608525,0.0,1.136386986428015e-12,11
IAF,1,0.6431837714924779,0.0,1.1919468553026798e-06,29
IART,1,0.4641171145748908,0.0,2.981556791309469e-08,4
IBM,1,0.5391831276288116,0.0,6.516133295356305e-12,0
IBRX,1,0.3465137575539998,0.0,1.737720211343903e-09,20
ICCC,1,0.12973481488744878,0.0,1.6145897124517837e-09,42
ICFI,1,0.4607876387054861,0.0,2.8917741614408336e-08,4
ICL,1,0.4966443659010926,0.0,1.2492692231331386e-10,10
ICLR,1,0.6367087744648284,0.0,1.644186191985491e-08,53
ICMB,1,0.4615856460154294,0.0,1.4776685226627438e-09,10
ICUI,1,0.38052686821654336,0.0,4.420029789634614e-12,53
IDCC,1,0.547592138304535,0.0,4.0747687082885425e-06,4
HURA,1,0.16318718393693687,0.0,1.1680427972184119e-12,57
HURC,1,0.4304004224420806,0.0,3.2027161288898876e-06,4
IDR,1,0.22898824951810232,0.0,5.155925775891557e-11,26
IDT,1,0.3759138148639114,0.0,5.76512828350122e-07,42
IDXX,1,0.5932312933473117,0.0,2.5359619526749066e-10,53
IEP,1,0.3796949925718061,0.0,1.4831613680901637e-05,29
IESC,1,0.5494135563108602,0.0,5.370069783131761e-12,16
GMAB,1,0.4128119857804874,0.0,2.0701969705217927e-09,20
GNE,1,0.27553006381526673,0.0,0.0003258215391227583,40
GNRC,1,0.544822817614681,0.0,4.054161507233446e-06,4
GILD,1,0.4905212561860594,0.0,4.264104600670639e-11,20
GILT,1,0.41450632082279,0.0,6.356994660412678e-07,42
GJH,1,0.44889701287089606,0.0,1.1383834288529075e-07,29
GJO,1,0.20373712912650208,0.0,5.091261759852076e-13,5
GJP,1,0.08407314462379123,0.0,8.99385567687629e-08,29
GJR,1,0.07464633993086583,0.0,6.106102548854999e-11,54
GJS,1,0.12444096338573726,0.0,1.3322014007941385e-10,29
IFF,1,0.5123475485173532,0.0,1.6758314904561305e-07,29
INDV,1,0.11026874208748454,0.0,1.8856119437070647e-17,35
INFU,1,0.30001896880899853,0.0,4.6011819046721985e-07,42
AXON,1,0.43206130909635104,0.0,6.983413164590783e-07,29
AXR,1,0.16949487098604946,0.0,2.4734713885715427e-08,29
AXS,1,0.7023895447301117,0.0,2.178949016758947e-09,54
AXTA,1,0.6897739395042032,0.0,4.64616490309776e-13,31
AXTI,1,0.39985128467749687,0.0,1.4938900124984763e-10,57
AYTU,1,0.1829354920322714,0.0,5.512846966732341e-16,49
AZN,1,0.5535317473657599,0.0,3.48015385222953e-11,36
AZTA,1,0.5776535850878827,0.0,2.1581796866805665e-10,57
AZZ,1,0.5982765198156328,0.0,9.175350171663655e-07,42
BA,1,0.6662210474942447,0.0,3.2852579620131284e-10,16
III,1,0.444623390924383,0.0,6.818879182325083e-07,42
IIIN,1,0.5326222322543344,0.0,3.963373930181915e-06,4
IIPR,1,0.4566263776132508,0.0,7.00296062682175e-07,42
IDN,1,0.30500152106149203,0.0,4.677595837278638e-07,42
INTG,1,0.075911275744848,0.0,1.8378401812458512e-12,29
INTT,1,0.366359897299011,0.0,5.618606505918972e-07,42
INTZ,1,0.21076752318685674,0.0,1.7377790550238218e-09,42
INUV,1,0.21789514957820766,0.0,8.63029704676686e-13,42
ILMN,1,0.5277948581051537,0.0,2.552944005716575e-10,53
IMAX,1,0.6794064192025012,0.0,3.7307094438885473e-13,11
IMDX,1,0.25277798544107277,0.0,3.4059585968921464e-09,42
IMKTA,1,0.528930331357937,0.0,1.1180390581763895e-08,45
IMMP,1,0.1652753001481889,0.0,7.164034492989712e-14,20
IMMR,1,0.37490136533309726,0.0,5.749601050409718e-07,42
IMNN,1,0.19970592089710715,0.0,1.2110981783550436e-11,42
IMOS,1,0.4399435176802201,0.0,2.230084636537439e-12,57
IMUX,1,0.19005700347748447,0.0,6.77398972421169e-15,35
IMXI,1,0.35544010781259494,0.0,2.644917864361528e-06,4
INBK,1,0.6528465347878152,0.0,0.0009134986113175114,40
INCY,1,0.4988932987409078,0.0,2.555582341375446e-09,20
IPDN,1,0.1159785275635449,0.0,1.2714319153146244e-16,22
IPGP,1,0.5760576984064522,0.0,2.152217272014434e-10,57
IPI,1,0.5937968951418736,0.0,1.4936486471795075e-10,10
IPM,1,0.09291778851718524,0.0,8.196081292620557e-16,22
IPWR,1,0.21798429364575295,0.0,3.343073244360951e-07,42
INGN,1,0.3483748810144315,0.0,5.342782841127941e-07,42
INGR,1,0.505681935544303,0.0,1.068279721959674e-06,29
INLX,1,0.2336787515200075,0.0,9.815908450493927e-10,8
INM,1,0.20690401567581304,0.0,2.4254086315320705e-09,42
INO,1,0.31425800400372794,0.0,5.044241153664257e-13,20
INOD,1,0.2896959520381156,0.0,4.442864988390863e-07,42
INSE,1,0.376715214937128,0.0,5.777418798097413e-07,42
INSG,1,0.34181734706381905,0.0,5.242214511490098e-07,42
INSM,1,0.4222146239893865,0.0,2.1173499452398712e-09,20
INSW,1,0.6165614550492962,0.0,1.3145928827504799e-14,49
INTC,1,0.5565658497680127,0.0,1.742699726910317e-10,57
INVA,1,0.413690227197694,0.0,8.739423930826352e-07,29
INVE,1,0.3352776019130537,0.0,5.141918996282249e-07,42
INVX,1,0.6702489145776518,0.0,1.3172374139158812e-09,10
IONS,1,0.4709920743283385,0.0,2.3619623435418824e-09,20
IOR,1,0.0830197889946501,0.0,3.6376231536618296e-09,47
IOVA,1,0.39797405006786335,0.0,1.995786704808958e-09,20
GJT,1,0.16774783563219975,0.0,3.2314573026502674e-12,14
GKOS,1,0.4419610105588467,0.0,6.778048109510345e-07,42
GLDG,1,0.5639267869187103,0.0,1.2697440329831717e-10,26
GLMD,1,0.20488230658863782,0.0,1.8274402369075798e-09,42
GLNG,1,0.512305815231675,0.0,1.5426803304145068e-15,49
GF,1,0.6731668535300612,0.0,2.206411528374558e-08,29
GFF,1,0.5499525573212808,0.0,6.383940493375782e-13,55
GGT,1,0.678276659967431,0.0,1.432895167476571e-06,29
IP,1,0.761514824832314,0.0,6.644884410273802e-10,16
IPAR,1,0.5020159594423844,0.0,3.7356250747699364e-06,4
IVDA,1,0.08457709138061029,0.0,4.68954641124137e-11,10
IVT,1,0.09169210832483536,0.0,3.6193296456370915e-13,57
IRD,1,0.21793855543437968,0.0,1.0929327463555919e-09,20
IRDM,1,0.48117049128934214,0.0,7.379376598654467e-07,42
IRIX,1,0.2513766826627308,0.0,3.8551890505994884e-07,42
IRM,1,0.559448484489566,0.0,1.9952887798378034e-11,11
IRMD,1,0.31837537679476974,0.0,4.882701345239842e-07,42
IRS,1,0.6155464198896774,0.0,4.145874649479565e-14,24
IRTC,1,0.3713615061554331,0.0,5.695312696383336e-07,42
IRWD,1,0.30406249891008824,0.0,1.5248328194103852e-09,20
ISBA,1,0.1910270265109202,0.0,2.0274558990610288e-11,5
ISSC,1,0.2543469691798584,0.0,3.900742265546309e-07,42
ISTR,1,0.5672052921880488,0.0,0.0005886543551357209,40
IT,1,0.5944419037378434,0.0,7.1839463189486235e-12,0
ITGR,1,0.5091952577813785,0.0,7.809172917792309e-07,42
ITIC,1,0.4803835093855846,0.0,0.00011037584784463055,54
JBTM,1,0.6115554788747595,0.0,4.550735765522229e-06,4
JCI,1,0.672363820033845,0.0,7.146208463535818e-08,16
JCTC,1,0.11028938995284174,0.0,2.593290995634563e-09,29
ITP,1,0.14617847373622683,0.0,2.562410169621619e-09,42
ITRI,1,0.5554202552996012,0.0,4.133019665424403e-06,4
ITRN,1,0.4270963775547762,0.0,6.550079589155329e-07,42
AVNW,1,0.36953060704841917,0.0,5.667233472346591e-07,42
AVT,1,0.8023531519039641,0.0,3.2792783587632077e-14,57
AVTX,1,0.34595727970859314,0.0,1.7091531984535366e-11,20
AVXL,1,0.3225929207333193,0.0,4.94738287830831e-07,42
AVY,1,0.6364056222946022,0.0,6.789114991720196e-08,16
AWI,1,0.6198154752274223,0.0,4.612200443909713e-06,4
AWRE,1,0.21490950432807496,0.0,1.6349525978546222e-08,4
AWX,1,0.19543942053717903,0.0,1.8271632847192172e-09,42
AXGN,1,0.35475235171900676,0.0,5.440589666209418e-07,42
AXIA,1,0.6446361549978329,0.0,2.5360277697831184e-15,24
JAGX,1,0.15826619750644622,0.0,1.2001254264713492e-09,42
JAKK,1,0.26357768466174075,0.0,1.9613468246428567e-06,4
JAZZ,1,0.45782089767420514,0.0,2.3451888501780224e-09,20
GHI,1,0.45103397576024307,0.0,1.779114357371965e-09,5
GHM,1,0.4229915057709663,0.0,6.487126030426637e-07,42
GIC,1,0.3973610750804957,0.0,2.956862163221065e-06,4
GIGM,1,0.17242617668214477,0.0,2.1853653840417806e-07,29
GIL,1,0.5392828415339778,0.0,4.01293717328262e-06,4
BCHT,1,0.13037541264504396,0.0,1.261716800504021e-06,40
BCIC,1,0.521550819079021,0.0,5.341043799513559e-09,10
BCML,1,0.6123325314206894,0.0,0.0006010016777054096,40
BCO,1,0.5539825366879927,0.0,4.12232124519499e-06,4
BCRX,1,0.39150377246892154,0.0,1.9633391268777874e-09,20
JBK,1,0.21383216632776866,0.0,1.3180641456266826e-08,29
JBLU,1,0.6883699360510682,0.0,2.1104297745148616e-13,18
JBSS,1,0.35856199914898507,0.0,8.642808279198881e-15,11
KDP,1,0.16833898623082538,0.0,7.056907622952716e-14,15
KE,1,0.5345683518420196,0.0,8.198302384241228e-07,42
JELD,1,0.6019537210852615,0.0,1.5188861650713238e-11,55
JHI,1,0.6883172542753307,0.0,4.04466140959742e-07,29
JHS,1,0.5600717359838185,0.0,8.765449735035232e-08,29
JHX,1,0.49330057056710175,0.0,7.004458348889417e-08,54
JILL,1,0.3089561387110099,0.0,2.0753253882417406e-08,48
JKHY,1,0.5490537048237898,0.0,3.381615462316982e-10,0
JLL,1,0.8506989633595258,0.0,6.265457209570655e-08,4
JLS,1,0.511935917649627,0.0,1.839375216351751e-07,29
JMSB,1,0.37224839421931105,0.0,0.00044019350578682954,40
JOB,1,0.17364223840981294,0.0,2.6630300358357546e-07,42
JOE,1,0.5555023706437264,0.0,4.133630706035301e-06,4
IZEA,1,0.1912558194488697,0.0,2.933157257041107e-07,42
J,1,0.6648218709707732,0.0,4.9655563511947906e-08,4
JACK,1,0.5602501413520948,0.0,1.705629405567892e-14,19
AVBH,1,0.34798873084934984,0.0,7.666705827262832e-05,40
AVD,1,0.42402173506063195,0.0,7.608298585250283e-10,31
AVGO,1,0.6615296561725202,0.0,2.784623248591823e-10,57
AVNS,1,0.4530901130885263,0.0,6.94872740148315e-07,42
KEP,1,0.41870143283423517,0.0,9.523787203382454e-14,22
KEQU,1,0.1795829873111836,0.0,2.754139162880821e-07,42
JOUT,1,0.44706852890195137,0.0,3.289395787681095e-08,4
JOYY,1,0.5553894872999081,0.0,9.750555570852593e-16,22
JRVR,1,0.3871130515189053,0.0,4.272369607508223e-06,44
JSM,1,0.6307702061038691,0.0,3.8414283086335775e-07,29
JVA,1,0.24413325853188872,0.0,4.575173485263064e-12,14
JYNT,1,0.39457770663583347,0.0,2.9361504293436184e-06,4
KAI,1,0.6125819211250223,0.0,4.558373776497307e-06,4
KALV,1,0.2674290109779867,0.0,1.3411207705236644e-09,20
KB,1,0.8333073317240969,0.0,1.895435259950296e-13,22
KBR,1,0.6200034042069829,0.0,4.630807101802837e-08,4
KGEI,1,0.15835788145740617,0.0,4.6290353574337197e-10,10
KHC,1,0.5514175283375057,0.0,2.3115723798213645e-13,15
KINS,1,0.2162200771906848,0.0,4.5677630088749086e-07,29
KLIC,1,0.6760778651906447,0.0,2.845862046556685e-10,57
KMB,1,0.6617324699548945,0.0,2.7089929239585074e-13,15
KMDA,1,0.2564452186598532,0.0,3.212559206154997e-07,29
KMPR,1,0.5268619780915472,0.0,1.4485595000735747e-09,54
KEN,1,0.28631556373955785,0.0,4.487057214411765e-07,29
ATS,1,0.3680287504443384,0.0,5.644200543936994e-07,42
ATYR,1,0.23929434088969564,0.0,1.2000291579463473e-09,20
AUBN,1,0.42995945155651705,0.0,4.403084376117411e-09,10
AUDC,1,0.3840451936289399,0.0,5.889833574577167e-07,42
AUPH,1,0.28800674398504394,0.0,1.4443153530099715e-09,20
AVA,1,0.6946905748505052,0.0,3.607571913424554e-09,8
AVAL,1,0.6088743807396166,0.0,5.9912605979283124e-12,10
AVAV,1,0.45105631726156104,0.0,4.339250184743336e-12,4
KEYS,1,0.6128722747967744,0.0,1.8727999122762426e-10,57
KFFB,1,0.28182922954460526,0.0,2.8861276870309796e-09,10
KFRC,1,0.547800766706469,0.0,4.255996816260515e-10,41
KFS,1,0.15112906417289498,0.0,9.434577784971401e-09,16
KG,1,0.2554671927454913,0.0,2.8119380243491114e-06,2
BCTX,1,0.466582931201654,0.0,2.2877119712619354e-12,1
BDC,1,0.6194860922762497,0.0,2.531901680148762e-14,57
BDL,1,0.19504095305018723,0.0,3.569298284175058e-07,29
GEOS,1,0.34831791458506334,0.0,5.341909186688614e-07,42
GERN,1,0.3323772980727108,0.0,1.6668277552358415e-09,20
GEVO,1,0.27727146205285513,0.0,4.25231924149419e-07,42
GDDY,1,0.5237482477023959,0.0,8.208035646726917e-07,29
GDL,1,0.615494950034114,0.0,1.555841242819208e-07,29
GDO,1,0.5729205003852175,0.0,2.967472902057714e-07,29
GE,1,0.5792762061217119,0.0,3.691113885447269e-06,16
GECC,1,0.4368316370528995,0.0,5.1728838182782934e-11,5
KTCC,1,0.24577404769740047,0.0,3.894136137598776e-14,5
KTF,1,0.7099673345120976,0.0,5.597019152270561e-10,33
KTH,1,0.13541623870242755,0.0,7.821501522688197e-10,29
KTN,1,0.2822663846646609,0.0,2.96912510415709e-11,5
KUST,1,0.3056641384478473,0.0,3.7796825150232295e-17,15
KVHI,1,0.38487731493404964,0.0,5.902595239303757e-07,42
KMX,1,0.5969112977649991,0.0,1.7483101635594407e-11,31
KN,1,0.5863968277399131,0.0,2.792090627563874e-13,57
KNDI,1,0.28886551259403914,0.0,2.9876278088197414e-09,42
KNSL,1,0.5062753920780534,0.0,1.4015130302123603e-09,54
KOF,1,0.6212798849429407,0.0,3.1877666696749514e-10,32
KOP,1,0.6076418323234051,0.0,1.0903027155773781e-09,31
KOS,1,0.6934186595675674,0.0,2.685167864680009e-09,10
KPRX,1,0.16575414221610216,0.0,2.0764473532320111e-07,29
KPTI,1,0.3882347374369371,0.0,1.9469453528336275e-09,20
KEX,1,0.5995963551156283,0.0,3.0710714325489986e-09,10
LAUR,1,0.4481699450241728,0.0,9.467826129596792e-07,29
LAZ,1,0.7646992455856445,0.0,7.842765197574954e-06,54
KREF,1,0.7167100018451106,0.0,1.4553645943098933e-11,14
KRMD,1,0.2600465647667432,0.0,3.9881529922160024e-07,42
KRP,1,0.5596832665557134,0.0,2.057067111057291e-09,10
KSS,1,0.7001900798704481,0.0,6.239795242081511e-12,48
GEF-B,1,0.841115526762529,0.0,6.1126776219069956e-12,16
GEL,1,0.7185939215131377,0.0,2.599008894195676e-09,10
GEN,1,0.3118355066674146,0.0,1.88889749450385e-07,29
GENC,1,0.4354499371237369,0.0,0.0005460911893596826,40
GAIN,1,0.6759198130597183,0.0,4.0372516135673006e-12,5
GALT,1,0.23226132463807203,0.0,3.5620301220376775e-07,42
GASS,1,0.32743108462975273,0.0,1.5619773957501394e-09,10
GAU,1,0.5452996325140296,0.0,1.2278029183143122e-10,26
GBAB,1,0.6000422130257211,0.0,8.968253567157595e-13,33
GBDC,1,0.7144222403502917,0.0,7.887491096407387e-11,5
KWR,1,0.6124098827768085,0.0,4.557093596544216e-06,4
KZIA,1,0.14780005685466868,0.0,1.928571633655114e-09,42
LAB,1,0.3398791279265051,0.0,5.212489394917341e-07,42
LAKE,1,0.370050257357846,0.0,1.1259002784264362e-15,20
GBLI,1,0.346949990494094,0.0,0.00036550386555247777,40
GBX,1,0.6643342146387812,0.0,2.039294598166452e-08,54
GCBC,1,0.43160017370800435,0.0,0.0005534940682400369,40
GCO,1,0.6106802586548298,0.0,1.0139210443037268e-13,48
GCTK,1,0.10842518465830385,0.0,1.2747588978863816e-13,8
GCV,1,0.49675400146343573,0.0,3.7026150715786e-08,29
FTV,1,0.7119802558773841,0.0,4.536696278667892e-06,16
FUN,1,0.5939349401296995,0.0,5.066012980324226e-14,18
FURY,1,0.4167359016977057,0.0,9.383273462930222e-11,26
FUSB,1,0.21713610187625854,0.0,3.762472565660849e-05,40
FVCB,1,0.5088569928015406,0.0,6.0668580217433895e-06,47
LARK,1,0.30190302594551693,0.0,0.00040367751048523174,40
LCNB,1,0.6010237337863154,0.0,0.0008409853111361142,40
LCUT,1,0.3769779410278708,0.0,0.0002935410699117298,40
FWDI,1,0.16952133526968577,0.0,2.599830615364097e-07,42
FWONK,1,0.973326411777734,0.0,2.794553952553088e-08,29
FWRD,1,0.49916690714246714,0.0,1.218140273417598e-12,16
FXNC,1,0.22912105002861294,0.0,1.2371144820005449e-06,38
GAIA,1,0.33101349172780276,0.0,5.076523309130322e-07,42
FSK,1,0.6935866223381058,0.0,4.785812218551874e-12,5
FSP,1,0.609491197397127,0.0,4.275780135341172e-10,11
FSS,1,0.6121159333158441,0.0,2.6135213433695656e-06,16
FSTR,1,0.4562416027948555,0.0,0.0006151041524593755,40
FSV,1,0.5397291917955468,0.0,4.4041734118677366e-10,4
LE,1,0.44109033557868416,0.0,3.2822624198176863e-06,4
LEDS,1,0.165052441551345,0.0,2.5312943058356344e-07,42
LEE,1,0.2310596253325008,0.0,3.543600496998989e-07,42
KW,1,0.6201182124796186,0.0,2.1711947114925175e-10,11
LINK,1,0.13926590281112433,0.0,3.0314291443590986e-14,14
ATI,1,0.7020148764567073,0.0,7.14041908526327e-15,24
ATKR,1,0.5991680765600017,0.0,1.2657741185585472e-06,29
ATLC,1,0.3768432959885592,0.0,5.779383087950536e-07,42
ATLX,1,0.11368034993381411,0.0,6.05467881853975e-12,20
ATNI,1,0.45348293652419447,0.0,0.00044509150122969935,40
ATNM,1,0.26998466713117825,0.0,1.3539370447758727e-09,20
ATOM,1,0.36802754030196566,0.0,5.644181984826515e-07,42
ATOS,1,0.20916715755745935,0.0,3.207850970977768e-07,42
ATR,1,0.5845303544307283,0.0,4.566159970660484e-12,16
ATRC,1,0.4700722748403453,0.0,7.209170984983097e-07,42
ATRO,1,0.5487496276480951,0.0,4.05508973769123e-08,4
LFCR,1,0.2579375534332844,0.0,0.00033089047362816997,40
LFMD,1,0.2166606813599116,0.0,3.3227739248793097e-07,42
LBTYB,1,0.20275122267236,0.0,1.7457289234823085e-10,4
LC,1,0.5122605347034968,0.0,3.8118574962815557e-06,4
FPI,1,0.4179955339732918,0.0,6.34540128484253e-12,11
LMAT,1,0.3948947420786981,0.0,2.938509568585469e-06,4
LMB,1,0.2654258463780202,0.0,4.0706512866010677e-07,42
LMNR,1,0.414139384332227,0.0,0.00054217162056421,40
LND,1,0.37475677145397407,0.0,4.264829828149812e-15,24
LNG,1,0.6390875074156462,0.0,2.31145027291221e-09,10
LFT,1,0.4790673893454965,0.0,8.977950308565866e-12,14
LFUS,1,0.6780925385032723,0.0,3.228692810443132e-13,57
LFVN,1,0.27438803370873033,0.0,4.208098109833567e-07,42
LFWD,1,0.18463739076722735,0.0,2.962540112513202e-09,42
LGL,1,0.1901863566178416,0.0,1.0532993998754869e-07,29
LGND,1,0.4717974230721351,0.0,2.366001059922519e-09,20
LGO,1,0.2948809055839414,0.0,1.1552470193677509e-08,10
LHX,1,0.6912906754484999,0.0,1.7058355322110462e-10,34
LILA,1,0.9569193444111138,0.0,5.2185550281454825e-08,4
LINC,1,0.2570050135707047,0.0,1.912437951380824e-06,4
LITB,1,0.12644120373367349,0.0,1.4757038576895741e-15,22
LITS,1,0.2874061324335424,0.0,4.4077476204079794e-07,42
LIVE,1,0.14567600224938257,0.0,2.4970301128581587e-09,42
LIVN,1,0.46883651662825765,0.0,3.4887286241451414e-06,4
FTAI,1,0.49347287914503685,0.0,7.568049750257217e-07,42
FTF,1,0.6801002823500626,0.0,1.0351453161740489e-07,29
FTFT,1,0.24639201059677474,0.0,5.4142989246183594e-11,42
FTK,1,0.34531186536815117,0.0,2.5774171770328728e-09,10
FTLF,1,0.19974798874138536,0.0,7.890193711245007e-16,58
FONR,1,0.3235451262969562,0.0,4.961986191646531e-07,42
FOR,1,0.5872181520325761,0.0,1.1275273135623873e-10,55
FORM,1,0.6810262791136201,0.0,2.8666917528179903e-10,57
FORR,1,0.48383358679007593,0.0,0.00047488053054506806,40
FORTY,1,0.20662739093738655,0.0,7.26275351839579e-08,29
FOSL,1,0.4146719664167817,0.0,2.551194576324069e-10,48
FOXF,1,0.5338100208951002,0.0,8.186672390829265e-07,42
LUMN,1,0.3539560479904896,0.0,1.1072257234562883e-10,11
LW,1,0.43732202039960727,0.0,2.503303850311869e-13,11
LWAY,1,0.20794391658682657,0.0,3.0660682770537113e-07,29
LNN,1,0.5629955408329966,0.0,3.654328634002262e-08,4
LOAN,1,0.3345091593257061,0.0,3.693107369385013e-11,5
LOB,1,0.6614717208486117,0.0,0.000959690095657702,40
LOCO,1,0.4460010853507355,0.0,2.7421169581370523e-12,19
LODE,1,0.28086592259124693,0.0,1.0771290035694535e-12,26
LOGI,1,0.4926705906121531,0.0,1.731689612460002e-07,29
LOPE,1,0.5088630207836427,0.0,2.7225755996277734e-08,39
LPCN,1,0.1503298209974377,0.0,6.516212641870996e-14,20
LPG,1,0.49676720368740324,0.0,1.7397547666288302e-15,49
LPL,1,0.5015834577620676,0.0,6.3715779031284175e-12,22
LPSN,1,0.40941639822935394,0.0,7.184655864555315e-16,35
LPTH,1,0.22718077111439205,0.0,3.4841132122114723e-07,42
LIQT,1,0.17048829625772138,0.0,1.937889719508032e-07,29
LSBK,1,0.24041352744271136,0.0,1.3111079368143785e-07,29
LSTA,1,0.21120851828398748,0.0,1.0591825089696819e-09,20
FRAF,1,0.41046344431496545,0.0,0.0005121458145930845,40
FRBA,1,0.5904108356289991,0.0,0.000736670810874382,40
FRD,1,0.2422877761790321,0.0,3.715798824001461e-07,42
FRPH,1,0.506557538668891,0.0,0.00041879646236750646,40
FRPT,1,0.4436163189950716,0.0,6.803434421761312e-07,42
FSBW,1,0.6108857808096867,0.0,0.0007072010866670972,40
FSI,1,0.2214406373224369,0.0,3.3960807793331423e-07,42
BELFA,1,0.6273725135068686,0.0,1.1174502228087309e-08,42
BEP,1,0.5530477593413499,0.0,1.1692103498547854e-09,54
BESS,1,0.13767278532990937,0.0,5.2918412873326605e-09,4
BF-A,1,0.8972812864229991,0.0,1.626977003222484e-15,7
LTBR,1,0.30402908613269414,0.0,1.2021175393579681e-12,42
LTRX,1,0.3132363368589854,0.0,4.80388747005804e-07,42
LULU,1,0.48579575545309517,0.0,4.11642385869201e-12,48
MAYS,1,0.0823536382953983,0.0,2.3607768122456498e-12,31
MBAI,1,0.18823353849033325,0.0,1.7034698824915354e-17,24
MBI,1,0.5010503656879906,0.0,5.8502028037144935e-08,54
MBOT,1,0.16325800080451283,0.0,2.503774218268854e-07,42
LWLG,1,0.290953328573246,0.0,4.4621484963095784e-07,42
LXFR,1,0.4831805267447116,0.0,3.5954659556102372e-06,4
LXRX,1,0.3012165679101278,0.0,2.355634569303205e-11,20
LXU,1,0.4377422397265487,0.0,1.1011056314888424e-10,10
LYTS,1,0.4301195707577738,0.0,3.2006262419561076e-06,4
MAGN,1,0.413912709587229,0.0,3.0800269744761655e-06,4
MAKO,1,0.25577106923621207,0.0,5.758970818923126e-11,26
MANH,1,0.5615602188290437,0.0,9.076505908576618e-07,29
LQDT,1,0.3245898978136793,0.0,2.4153538119320882e-06,4
LRMR,1,0.21183832453436335,0.0,1.0623409031928218e-09,20
LRN,1,0.3562327092272143,0.0,1.6693143935124465e-13,50
LSAK,1,0.22835876422817386,0.0,1.6992741159901824e-06,4
FMAO,1,0.5500827191222758,0.0,0.0007201421805167909,40
FMC,1,0.4759561302755504,0.0,3.3816326997960884e-13,31
FMN,1,0.6772131699538115,0.0,5.338802080549707e-10,33
MCRB,1,0.26328266812110995,0.0,1.3203274149186649e-09,20
MCRI,1,0.6633800170378682,0.0,1.0339981005593559e-13,58
MCY,1,0.5278094879629439,0.0,1.6561809086687062e-07,54
MD,1,0.4462849647959667,0.0,5.1837777622831124e-08,31
MDT,1,0.6853237670589081,0.0,2.6890905162320417e-11,50
MDU,1,0.6714303769469254,0.0,3.6791983811572345e-09,8
MANU,1,0.34660666109649657,0.0,7.322248265544391e-07,29
MARPS,1,0.3205117302409528,0.0,4.281841324692937e-17,10
MASI,1,0.40608725758397973,0.0,1.9375259763194217e-13,50
MAT,1,0.5515073840049904,0.0,4.1200945969380745e-12,55
MATV,1,0.4930657292081472,0.0,0.0006626300591787714,40
MATW,1,0.5859779194275978,0.0,0.0008501606158269568,40
MATX,1,0.5072011449729754,0.0,0.000735868065096335,40
MFM,1,0.667435540475713,0.0,5.565858019146161e-09,33
MCD,1,0.6488657160476508,0.0,1.725439582659942e-15,19
MCFT,1,0.6837882997351087,0.0,5.964742512510265e-10,4
MCHB,1,0.5717252333830039,0.0,0.0007548529736606171,40
MCHX,1,0.3339021529579303,0.0,5.120824693917872e-07,42
MCI,1,0.48453968972459044,0.0,1.8269375407927704e-09,29
MCN,1,0.7023853874720557,0.0,1.34293697620233e-06,29
BFAM,1,0.5019244092310906,0.0,9.596624024896728e-07,29
BFC,1,0.5330764566909,0.0,0.0005420185758146931,40
FNRN,1,0.2258274168243139,0.0,0.0002526071687928393,40
FNWB,1,0.5187450902223887,0.0,0.0005383616139876272,40
FNWD,1,0.17408948405247335,0.0,0.000194733891488975,40
FLR,1,0.5540164042655348,0.0,4.13795002089366e-08,4
FLUT,1,0.2400182048737475,0.0,3.6809919900779966e-07,42
FLWS,1,0.4203918085850122,0.0,6.447256285866461e-07,42
FLXS,1,0.35885038614188475,0.0,5.503438365097013e-07,42
FIZZ,1,0.286499714243182,0.0,5.028796005594718e-16,15
MGRC,1,0.5637795981572036,0.0,0.0008179543878175502,40
MHF,1,0.4924250908366453,0.0,2.88863001070969e-10,33
ASPN,1,0.4028353052989007,0.0,6.178004426392579e-07,42
ASPS,1,0.2840892579824898,0.0,3.0595659449674797e-12,14
MDWD,1,0.24137842966697787,0.0,1.7961566707446694e-06,4
MDXG,1,0.2565322556664608,0.0,3.934256481925963e-07,42
MED,1,0.3708965124498232,0.0,2.7599327989320228e-06,4
MEDP,1,0.5815130221218846,0.0,1.5016530630346772e-08,53
MEI,1,0.49208057673072514,0.0,3.6616934315880556e-06,4
MELI,1,0.5306664043836836,0.0,1.8652412335200734e-07,29
MEOH,1,0.6393606477540045,0.0,4.494113757024526e-09,10
MERC,1,0.4325474635949243,0.0,3.218692793807141e-06,4
MESO,1,0.2574482857224742,0.0,4.3235022433219737e-07,29
METC,1,0.43210267667731767,0.0,4.529589023221768e-15,24
MFIN,1,0.38006310370247637,0.0,5.82876303565381e-07,42
MHK,1,0.6728496344057704,0.0,1.6977750289406107e-11,55
MHNC,1,0.5185776182080787,0.0,1.994925038640963e-09,29
MG,1,0.4686147107236594,0.0,0.0006317855555125236,40
MGF,1,0.3471791360913405,0.0,1.4773949838585832e-12,29
MGNI,1,0.471980949843894,0.0,7.238443003759373e-07,42
MGNX,1,0.3273914620933686,0.0,2.6426763710209566e-11,20
MGPI,1,0.3265375863994254,0.0,5.925035472711743e-16,7
FMS,1,0.48585246487137684,0.0,1.7258541629221242e-10,52
FMY,1,0.17265475042990858,0.0,1.3997900013569794e-09,29
FN,1,0.5783601965971232,0.0,1.6478627954302642e-13,57
FND,1,0.6189576152453096,0.0,6.971848001955281e-13,55
FNF,1,0.8038319949051402,0.0,8.405655224466396e-12,55
BDRX,1,0.12679652187459478,0.0,1.1933574435179963e-09,54
FIS,1,0.6508883035261894,0.0,2.8807344195043812e-11,50
FISK,1,0.3515914421256084,0.0,9.940880839671543e-11,11
FITBI,1,0.538264917322654,0.0,3.2433114827644886e-08,29
MKTX,1,0.4407720589151495,0.0,5.049047127600635e-12,30
MLAB,1,0.4106508245654085,0.0,6.297865600395598e-07,42
MLCI,1,0.3316150209410552,0.0,7.00554197150353e-07,29
MLI,1,0.6603018983433254,0.0,4.913469944479932e-06,4
MLKN,1,0.6587851647100883,0.0,1.8884950275055113e-11,31
ASRT,1,0.2769450962962,0.0,4.2473139972598496e-07,42
ASRV,1,0.26647038821102387,0.0,0.00022909603968854667,40
ASTC,1,0.23094393716685688,0.0,7.906572099141461e-13,14
ASTE,1,0.5965905108735059,0.0,1.6175490778693915e-11,16
ASTH,1,0.2840259115024085,0.0,1.8302261674055546e-11,20
ASUR,1,0.3146264280040552,0.0,4.82520632948857e-07,42
ASYS,1,0.3040886061142071,0.0,8.485260473975423e-11,57
ATEC,1,0.3713518164448568,0.0,5.695164092042944e-07,42
ATEN,1,0.4349088467472821,0.0,6.669893986298333e-07,42
ATHE,1,0.18206454750176473,0.0,5.018146389002188e-14,20
MHH,1,0.30780279206106764,0.0,6.502496095052422e-07,29
FENG,1,0.1920782009599486,0.0,5.713442453007498e-14,22
FER,1,0.2750057548161502,0.0,1.0218139009072232e-10,11
FERG,1,0.3191663564063848,0.0,8.053399532424987e-12,55
MMM,1,0.6408182494556608,0.0,6.836188480957627e-08,16
MMS,1,0.4684123596489434,0.0,2.9396247745213654e-08,4
MMSI,1,0.47230397775639554,0.0,3.5145308610908502e-06,4
MMYT,1,0.4291817897846391,0.0,3.7060035821270654e-13,11
MNDO,1,0.21196798004837297,0.0,2.9411599967927256e-13,14
MNKD,1,0.28125947966266795,0.0,1.4104787236575761e-09,20
MI,1,0.17550870791020387,0.0,2.3732321121997154e-09,42
MIDD,1,0.6419862430233347,0.0,4.777178617506608e-06,4
MIND,1,0.22181642529194143,0.0,3.401843977614035e-07,42
MITK,1,0.3821177166929052,0.0,5.860273203661454e-07,42
MIY,1,0.6979942948010558,0.0,5.82069264733455e-09,33
MKC-V,1,0.7693224855172316,0.0,1.4112868496076818e-14,15
MKL,1,0.6991300827086095,0.0,2.4413623629197367e-05,54
MLP,1,0.34191697757647277,0.0,2.5442889033708437e-06,4
MLR,1,0.5377872383636526,0.0,0.0006744308532005003,40
MLSS,1,0.22858657323091428,0.0,3.5056730198655034e-07,42
MMD,1,0.583490443262837,0.0,4.865825635341151e-09,33
MMI,1,0.6430489459108621,0.0,4.736100345493014e-08,4
MMLP,1,0.38622714129818875,0.0,1.3969054643788e-09,10
FKWL,1,0.09955459724259513,0.0,3.7143650102449056e-09,4
FLEX,1,0.689768564050948,0.0,6.465757365620427e-10,4
FLG,1,0.5878559918810298,0.0,0.0007397728253628007,40
FLGT,1,0.29326028455257297,0.0,1.4706611572467698e-09,20
FLL,1,0.48045716960247,0.0,6.480416516181991e-14,58
FLNA,1,0.19175542580700256,0.0,7.542685065102503e-12,20
FLNT,1,0.30759359956555304,0.0,4.7173487394224723e-07,42
FLO,1,0.533958726107804,0.0,1.1890944415946136e-14,15
FE,1,0.6655065812221584,0.0,2.401342685963181e-09,8
FEIM,1,0.2079616576063184,0.0,3.189363058085846e-07,42
MRDN,1,0.11330777288539924,0.0,1.062760409471651e-12,16
MRK,1,0.4982858107245855,0.0,1.1523216165271097e-07,29
MRKR,1,0.264717802798771,0.0,1.3275244236378498e-09,20
MSA,1,0.591084783611785,0.0,5.915682870667923e-08,16
MNOV,1,0.25889939916943133,0.0,5.46938616390771e-07,29
MNRO,1,0.44825008780679676,0.0,2.721264622106881e-10,27
MNSB,1,0.47975505246591166,0.0,0.0006712995334234406,40
MNST,1,0.5292969528576307,0.0,4.922557733568412e-12,15
MO,1,0.586101175562586,0.0,3.864367762581137e-12,15
MOD,1,0.5468210068736435,0.0,5.811878615317397e-08,16
MOG-B,1,0.41648888560292685,0.0,3.077723830297703e-08,4
MOH,1,0.6600477653223487,0.0,4.6334447716630184e-11,21
MORN,1,0.5600003954274211,0.0,1.5782525132129156e-08,30
MPA,1,0.65797240319902,0.0,5.4869433145830295e-09,33
MPAA,1,0.3951248467712256,0.0,6.695778999183514e-10,31
MPB,1,0.5914598791485149,0.0,0.0008276030421572145,40
FCT,1,0.6434739310102261,0.0,3.0918003274067255e-08,29
FCUV,1,0.1333135511746815,0.0,6.0106069703224005e-12,42
FDBC,1,0.4687748779123076,0.0,3.1638181211309785e-06,37
BGC,1,0.561610492760608,0.0,4.179082755338515e-06,4
BGDE,1,0.1433431009089263,0.0,2.243925433018248e-09,42
BGI,1,0.1670730247659209,0.0,2.6147904038028176e-08,29
MSN,1,0.22177830571960014,0.0,5.5624771792346804e-15,11
MTA,1,0.4046097558439076,0.0,7.189664709896791e-11,26
MTCH,1,0.6142760032961584,0.0,3.2552489161310327e-09,29
MTEX,1,0.15978419737413138,0.0,4.957769511512953e-08,29
MTLS,1,0.44657961482058683,0.0,1.165442729459417e-10,42
MPT,1,0.5802141900397237,0.0,2.826885683725774e-10,11
MPU,1,0.2049420963070472,0.0,3.947959190741001e-12,14
MPX,1,0.4676819783661617,0.0,3.48013741902398e-06,4
MRAM,1,0.35446686871836564,0.0,2.372723588686069e-12,57
MRCY,1,0.45931778786302024,0.0,4.194443338853576e-10,4
MTR,1,0.26938465673542783,0.0,2.0106944220072026e-09,10
MTRN,1,0.6055868878030224,0.0,7.034133098228676e-08,31
MSB,1,0.38778674592285717,0.0,1.5192217396527884e-08,10
MSGS,1,0.5031248383443025,0.0,4.113134592102048e-13,11
MSI,1,0.5387714866745171,0.0,9.332053722073632e-07,29
MSLE,1,0.13609080685087988,0.0,5.708215140271231e-16,35
MSM,1,0.6478648098558488,0.0,5.909741640122681e-10,16
FET,1,0.5949196956879313,0.0,2.303744248802108e-09,10
FF,1,0.394629831993851,0.0,7.080914359777414e-10,31
FFIV,1,0.5365936763142681,0.0,1.587433410841573e-07,29
FGBI,1,0.41096160782499525,0.0,4.899698269517715e-06,47
FGNX,1,0.13850834459227154,0.0,2.1242059837584593e-07,42
FHI,1,0.639561515606639,0.0,0.00011908911804341735,54
FICO,1,0.5857099208726284,0.0,1.6507098248095604e-08,30
FIEE,1,0.1280055867762756,0.0,1.6650576479852918e-08,54
FCO,1,0.37477189357465124,0.0,2.609317977631799e-09,29
FAX,1,0.6627938295301349,0.0,9.672278366271218e-08,29
FBIO,1,0.3282587671330289,0.0,5.034276017206988e-07,42
MUSA,1,0.4976090242107806,0.0,2.232704455883853e-08,4
MUX,1,0.694754340694954,0.0,6.861005250520937e-11,26
MVBF,1,0.5819623510872948,0.0,0.0005711934797149519,40
MVO,1,0.3720977362297141,0.0,2.615502786098595e-09,10
MWA,1,0.6578849938619762,0.0,4.934865767912365e-08,4
MTN,1,0.5084521618737192,0.0,6.5281777998363375e-12,11
ARQ,1,0.29684853278088275,0.0,2.2089234447781205e-06,4
ARTNA,1,0.5887147758238509,0.0,1.4176507024636765e-13,8
ARTW,1,0.21935403332118997,0.0,1.8085748647195632e-09,42
ASC,1,0.6424507276227324,0.0,2.2497690004198338e-15,49
ASG,1,0.7131615708727651,0.0,1.132421647138758e-06,29
ASH,1,0.6125557581705308,0.0,4.558179091473871e-06,4
ASIX,1,0.5294392762932665,0.0,3.761625716459068e-13,31
ASMB,1,0.31685338846479894,0.0,1.5889774220628808e-09,20
NATH,1,0.42243100999905214,0.0,0.0005501296901902719,40
MTSI,1,0.589251631518683,0.0,1.7999902321161688e-10,57
MTUS,1,0.578793673094874,0.0,3.295377158995746e-14,24
MTVA,1,0.1680096986310099,0.0,2.5380330108265765e-09,29
MTW,1,0.7166723612172785,0.0,1.943129647624077e-11,16
MUA,1,0.6063468465586346,0.0,5.056429053713411e-09,33
BGMS,1,0.15340928271933502,0.0,7.693270627902391e-10,20
BGSF,1,0.36946263307453114,0.0,0.0004643703011939475,40
BH,1,0.44116481816630576,0.0,2.0327439617812645e-13,19
BHC,1,0.4006948960248569,0.0,2.0094313838630217e-09,20
BHE,1,0.7226415803535394,0.0,9.683947599996362e-12,4
FDP,1,0.3707913581060306,0.0,0.0005062593970472774,40
FDS,1,0.6373727997089277,0.0,1.7963116297825586e-08,30
FABC,1,0.22421779516676726,0.0,1.6684601397237373e-06,4
FARM,1,0.34255455446096894,0.0,5.253520547735797e-07,42
FATE,1,0.44418510023654784,0.0,3.473705896052498e-11,20
NC,1,0.3635817250471775,0.0,0.0005274991651075822,40
NCA,1,0.45693703021207216,0.0,3.810475289007899e-09,33
NCMI,1,0.4059202491868953,0.0,2.2289637727778088e-13,11
NCPL,1,0.11071657348551392,0.0,8.246624618866627e-10,42
NCSM,1,0.3515310261847702,0.0,1.373962895331293e-09,10
MX,1,0.3985097933950981,0.0,1.1586200809729841e-10,57
MXE,1,0.7215175176281462,0.0,1.9537307706161922e-08,32
MXL,1,0.5569794510001851,0.0,1.0919323886255055e-11,57
MYE,1,0.556037405499069,0.0,6.458596110075686e-08,31
MYGN,1,0.35460196160473484,0.0,5.438283237801989e-07,42
MYRG,1,0.5841579530696748,0.0,5.667481750616517e-10,16
MYSZ,1,0.20087945195724638,0.0,2.0571455595261125e-09,10
NAGE,1,0.2822869938476784,0.0,4.3292389583648525e-07,42
NAII,1,0.18079087579960176,0.0,2.6205380698479426e-07,29
NAK,1,0.2653040019427416,0.0,1.0174486203055033e-12,26
NAT,1,0.6340073215999237,0.0,1.3517879929088853e-14,49
NEXM,1,0.14094606870451798,0.0,2.4861495474525106e-14,53
NEXT,1,0.32320511123998885,0.0,2.4124117615856923e-09,10
NATR,1,0.3616889764450571,0.0,2.691417243342017e-06,4
NAZ,1,0.5567938262314599,0.0,4.3894775981865484e-10,33
NBH,1,0.5867767095607579,0.0,4.276271770892866e-10,33
NBIX,1,0.4638922819381643,0.0,2.326357833016247e-09,20
NBN,1,0.5926486064350598,0.0,0.0005816819921862627,40
FBRX,1,0.18570304965719647,0.0,2.847998295300636e-07,42
FC,1,0.501883061110604,0.0,3.7346361453718635e-06,4
FCAP,1,0.32477752503939245,0.0,3.866508556114995e-06,13
FCCO,1,0.40026994711110625,0.0,0.0005600796226282643,40
FCN,1,0.2970172550854982,0.0,3.867219546328061e-15,34
FCNCA,1,0.6842151892980008,0.0,0.0009224577538191206,40
BHR,1,0.6789853702272944,0.0,1.2056900901558343e-10,11
BHV,1,0.33339416697203195,0.0,1.4956187815461552e-10,33
BIIB,1,0.45962698460677975,0.0,2.3049679366102028e-09,20
NFG,1,0.5619318629325292,0.0,3.381959988866849e-10,8
NFLX,1,0.5160217937888779,0.0,7.409824738829423e-11,35
NG,1,0.6843165396775923,0.0,8.426891040167234e-11,26
NDLS,1,0.36860296412154386,0.0,1.6984036197603916e-13,19
NDSN,1,0.6908955358149296,0.0,1.4344215385082006e-09,16
NECB,1,0.3771052578833911,0.0,0.00039136562273830414,40
NEGG,1,0.17197240928953264,0.0,3.2409858018967774e-13,59
NEN,1,0.17766737443559436,0.0,3.867303733187189e-14,14
NEO,1,0.43410141979023903,0.0,8.204689239980969e-09,42
NEOG,1,0.38815580681081224,0.0,4.5057789036832473e-13,55
NEON,1,0.20668615262701032,0.0,6.648439006395487e-09,29
NEPH,1,0.14649111711710083,0.0,1.8351341833337363e-07,29
NERV,1,0.19919084737955012,0.0,9.989154945703826e-10,20
NEU,1,0.46237303629162757,0.0,1.5450840708306896e-11,31
NEWP,1,0.4042919950109147,0.0,9.103085031600024e-11,26
NEWT,1,0.5117204632265713,0.0,3.554307146433905e-12,5
NHTC,1,0.21870748038290733,0.0,2.987648207765813e-11,11
NICE,1,0.5027565104906769,0.0,2.4842968637891087e-15,35
NIM,1,0.42856189882584,0.0,3.3785627040857376e-10,33
NIXX,1,0.12649866240986682,0.0,2.97195860130465e-14,20
NKSH,1,0.5685854692841058,0.0,2.9723024177879127e-05,1
ARCO,1,0.471274557052156,0.0,1.7123660120157704e-14,24
ARCT,1,0.32807919082770315,0.0,5.266088515090054e-13,20
ARDX,1,0.2868104051116652,0.0,1.4383158733535818e-09,20
ARE,1,0.6824960956401525,0.0,3.325217608281843e-10,11
AREN,1,0.12804752279553736,0.0,1.2847713746716605e-11,5
ARES,1,0.6895000547017499,0.0,2.4288270766184e-10,54
ARIS,1,0.5358051042036635,0.0,1.206424929388009e-10,26
ARKR,1,0.33350045366408887,0.0,4.213306157400703e-11,11
ARLP,1,0.5561770013223997,0.0,5.695640032869606e-09,10
ARMK,1,0.6401442444285675,0.0,4.169328797832615e-12,11
ARMP,1,0.11141541894227505,0.0,3.1136922058784466e-15,16
NGS,1,0.4933310153838042,0.0,4.593465938170433e-10,10
NGVC,1,0.33931496867031313,0.0,2.2791009271735885e-13,45
NGVT,1,0.5923884297751906,0.0,6.880827747125221e-08,31
NHC,1,0.5142967781890457,0.0,0.0005229238766058422,40
BIO-B,1,0.2714308031198193,0.0,6.393923514402879e-14,53
BKD,1,0.5143226049831546,0.0,1.9110217751955176e-10,11
EZPW,1,0.4079665396188606,0.0,1.1627530455788252e-06,54
F,1,0.7442501161617489,0.0,5.033441498069813e-13,31
EVG,1,0.6866881595793143,0.0,2.0151995528669102e-07,29
EVGN,1,0.2461851518460264,0.0,3.775570159346843e-07,42
EVH,1,0.3797173634481347,0.0,2.8255709356293046e-06,4
EVI,1,0.3014179792844718,0.0,4.622637553659124e-07,42
EVN,1,0.6999190007716257,0.0,5.517803231207414e-10,33
EVO,1,0.3111152978143574,0.0,5.327585774629878e-07,29
EVTC,1,0.5407711732750192,0.0,4.024012218342115e-06,4
EW,1,0.5618624382002068,0.0,2.6807589507133324e-13,50
NRC,1,0.44388844164952396,0.0,0.00034564220847505326,40
NRG,1,0.6206128501317426,0.0,4.132657513555543e-12,16
NRP,1,0.3242305095159693,0.0,3.0189502711972986e-10,10
NRT,1,0.32674489570609483,0.0,2.438832809335946e-09,10
NL,1,0.393372604755768,0.0,3.2071899926124724e-16,31
NMI,1,0.45212140875473394,0.0,3.2075155634054953e-10,33
NMR,1,0.6557289424294039,0.0,2.153454192596025e-08,54
NMS,1,0.3978932336062614,0.0,2.3340937691024027e-10,33
NMT,1,0.473873852884842,0.0,3.4992774780191715e-10,33
NNBR,1,0.42049893719496084,0.0,3.129036725136104e-06,4
NNDM,1,0.2572529001635449,0.0,3.9453085045125457e-07,42
NNI,1,0.5729143346934473,0.0,0.0007907061696325476,40
NNY,1,0.413709030592934,0.0,2.575347413661819e-10,33
NOA,1,0.45423457082341634,0.0,1.7753808327942991e-09,10
NOAH,1,0.4797598323995074,0.0,1.4270549020552184e-13,22
NGL,1,0.5726941301276026,0.0,1.5782927478317435e-09,10
NOC,1,0.7312475581417194,0.0,1.804433520602816e-10,34
NODK,1,0.3927652483571829,0.0,0.0004925609658627121,40
NOG,1,0.634322464564647,0.0,3.365060757937606e-09,10
NOMD,1,0.34892972188863863,0.0,1.462734842847386e-13,15
NOTV,1,0.2806621919468467,0.0,1.4958309253357654e-10,53
NOVT,1,0.5961715165346285,0.0,4.436259892024237e-06,4
NPK,1,0.4665551146651847,0.0,0.0006070710386084813,40
EXEL,1,0.43315377930748383,0.0,2.1722083480297594e-09,20
EXPO,1,0.5123669448986746,0.0,3.8126493208955767e-06,4
EXTR,1,0.523323961558761,0.0,8.025855004311512e-07,42
BKT,1,0.4024380191715674,0.0,5.502731086263722e-11,29
BKTI,1,0.20600244520767474,0.0,1.3787997701020857e-10,10
BKYI,1,0.14444746944613585,0.0,1.1909699521188249e-09,42
BLBD,1,0.4520323578505624,0.0,6.932505346325085e-07,42
NPKI,1,0.6261411320395709,0.0,1.5672569325550798e-09,10
NPV,1,0.605609767006948,0.0,4.590624736200353e-10,33
ESI,1,0.6471702260482021,0.0,4.815753918969898e-06,4
AQN,1,0.613426976839543,0.0,1.3220085941294221e-10,8
ARAY,1,0.4333547755240446,0.0,6.646060278652087e-07,42
NTRA,1,0.44394638092250505,0.0,8.39076291535049e-09,42
NTRP,1,0.15084345702845733,0.0,1.586703652957753e-11,5
NTWK,1,0.21272876349609562,0.0,4.4940071682809016e-07,29
NSIT,1,0.5680637682848881,0.0,2.3217389215330755e-14,57
NSP,1,0.5852714789704946,0.0,1.584158036638055e-08,29
NSPR,1,0.14475736025483518,0.0,1.5853016148217212e-16,22
NSYS,1,0.13036040032589047,0.0,1.2453008037351704e-12,57
NTCT,1,0.5301917752199523,0.0,8.131181877701994e-07,42
NTES,1,0.5678172955943006,0.0,8.869059635661628e-15,22
NTGR,1,0.41357497589559106,0.0,6.342711272122126e-07,42
NTIC,1,0.239477418860239,0.0,3.2631598870774326e-06,54
NTIP,1,0.136672806019073,0.0,1.217102344108201e-07,29
NTNX,1,0.44003290283686397,0.0,4.2874013766882743e-14,35
APOG,1,0.6116144743320983,0.0,4.551174765330078e-06,4
APPF,1,0.4611263172711342,0.0,4.561541593247275e-15,35
APPS,1,0.43103172771423054,0.0,6.610433312835154e-07,42
APTV,1,0.7482478603828367,0.0,2.4277120183906666e-11,31
AQB,1,0.17943396874262418,0.0,2.861819491512419e-13,20
BLFS,1,0.39841522670413526,0.0,6.110216760405426e-07,42
BLIN,1,0.1948068224058172,0.0,2.9876165154466073e-07,42
ETSY,1,0.5031245544753284,0.0,3.084702555566567e-09,59
ETX,1,0.4053160258339492,0.0,7.850196350086629e-12,33
EU,1,0.3234221964902548,0.0,2.0324056947444294e-12,42
EVC,1,0.3671904040756722,0.0,0.0005067768431520501,40
ERIE,1,0.4619459333986318,0.0,6.806749312704742e-10,54
ERII,1,0.457741369606465,0.0,1.954395849049937e-06,16
ESBA,1,0.6571306937020391,0.0,1.8579684029596262e-10,11
ESCA,1,0.40811138466532165,0.0,6.258919979848171e-07,42
ESE,1,0.6431258267580225,0.0,4.785658542285947e-06,4
ESOA,1,0.119638124896622,0.0,9.956306858361751e-13,57
ESP,1,0.20074490000568457,0.0,5.947670516582622e-05,54
ESPR,1,0.315243716186203,0.0,1.5809051305877936e-09,20
ET,1,0.7501991925230569,0.0,2.713318767934396e-09,10
ENVA,1,0.6288208778781613,0.0,0.0001752039937168111,54
ENVB,1,0.19575324830525456,0.0,1.0539873958959789e-13,57
EOT,1,0.5189990731823257,0.0,2.5658297430438466e-10,33
EP,1,0.13555710866110313,0.0,7.086300012715204e-06,1
EPAC,1,0.598670381653771,0.0,3.814692430270377e-06,16
EPAM,1,0.5599043749977598,0.0,1.2177538694081205e-13,0
EPC,1,0.4327103481013471,0.0,2.1930002927621845e-08,4
NVEC,1,0.48919762173160575,0.0,7.502483105832843e-07,42
NVGS,1,0.4532612688055205,0.0,1.1267623808240075e-10,10
NVO,1,0.378975699269409,0.0,1.185099786522768e-09,29
NVRI,1,0.5659200511006547,0.0,6.573386978114002e-08,31
NWFL,1,0.5049936725437395,0.0,0.0005637065960347233,40
OFIX,1,0.45755941184531085,0.0,3.404812894763212e-06,4
OFLX,1,0.4605362812706502,0.0,7.062924095227861e-07,42
OFS,1,0.5806570923815048,0.0,6.63465350715019e-11,5
NWL,1,0.4775271093530749,0.0,4.791616345036317e-10,55
NWPX,1,0.4914308871059593,0.0,3.6568589301993183e-06,4
NWSA,1,0.9715740731788194,0.0,6.280962478336985e-08,4
NX,1,0.5975588513609685,0.0,1.507796763510503e-11,55
NXDT,1,0.5397565489620569,0.0,8.447505194622095e-08,29
NXP,1,0.5696643961329992,0.0,4.206633851299793e-10,33
NXPL,1,0.1216742115412014,0.0,1.4305273969394004e-13,8
NXRT,1,0.6685553691120305,0.0,7.73442981382152e-11,11
NTZ,1,0.22021555954223151,0.0,3.765465013194905e-07,29
NUW,1,0.5721102557237792,0.0,4.770924323941003e-09,33
NUWE,1,0.1199767289352518,0.0,4.2262901872013426e-11,54
NVCR,1,0.35762643654781434,0.0,1.8319424382920707e-09,20
ESLT,1,0.3438557520201913,0.0,3.140055768475252e-10,4
OCC,1,0.1993516290176873,0.0,3.0899654532389483e-12,4
OCSL,1,0.5794785882959028,0.0,6.397662273679197e-11,5
OCUL,1,0.3603413374333768,0.0,1.8070636775050684e-09,20
EPM,1,0.585614207192477,0.0,4.371040407099953e-09,10
EPSN,1,0.22256879176887026,0.0,5.022206224289911e-11,10
EQS,1,0.10044262076402621,0.0,2.9360865339294315e-10,10
ERH,1,0.6993847941196193,0.0,3.344805889030807e-07,29
ENTA,1,0.387357998698989,0.0,1.942548625167801e-09,20
BLNE,1,0.1802685808964037,0.0,2.7646536340517355e-07,42
BLNK,1,0.3078990224235938,0.0,2.4323179321196222e-14,42
BLRX,1,0.21057989160119892,0.0,1.0560300301204388e-09,20
BLX,1,0.5603757945017623,0.0,0.0007043252907854601,40
BME,1,0.6691316285067752,0.0,1.5474148033795968e-07,29
ODC,1,0.3805798599215065,0.0,0.0005252562644271151,40
ODV,1,0.12357059578467967,0.0,5.848634419517663e-07,40
OEC,1,0.6695063943198267,0.0,2.1992274142184315e-11,31
OPBK,1,0.49540517260408756,0.0,0.0006931980382808224,40
OPHC,1,0.16341738757336502,0.0,1.171509390010955e-09,29
OPK,1,0.3691097668566194,0.0,1.851036179873616e-09,20
OPLN,1,0.5212633684022207,0.0,3.878849811319283e-06,4
OPP,1,0.5993976910133682,0.0,2.1536235680623877e-07,29
OPRX,1,0.3376409850265674,0.0,5.178164556550855e-07,42
OGC,1,0.640802464172224,0.0,1.442838190302534e-10,26
OGCP,1,0.38779474183639806,0.0,1.0964491323148606e-10,11
OGEN,1,0.13467657868014782,0.0,7.142044737562672e-13,42
OI,1,0.5506051544530727,0.0,9.330545672180937e-10,31
OIA,1,0.6009806035309792,0.0,5.011679044201831e-09,33
OLB,1,0.11939190011259146,0.0,1.8310303929929076e-07,42
OLN,1,0.7257555018932983,0.0,2.848681470754006e-14,31
NYT,1,0.4260917424012154,0.0,3.1706541736929006e-06,4
OBE,1,0.5893687374578382,0.0,4.867681427937534e-10,10
OBT,1,0.2138794733281386,0.0,4.435269125513429e-07,9
OMER,1,0.2809884432488529,0.0,1.4091195122443152e-09,20
OMEX,1,0.13796022727674248,0.0,9.794614498475755e-10,42
ONC,1,0.3856444518167201,0.0,1.1471081646629354e-13,22
ONCY,1,0.2442210062730987,0.0,3.745447427093745e-07,42
BMI,1,0.5558421102330545,0.0,5.490348467113332e-10,16
BMRA,1,0.2189724553364869,0.0,1.6523858719273006e-14,16
BMRN,1,0.5263124126498882,0.0,2.639386451150613e-09,20
BMY,1,0.4484408569809818,0.0,1.0370515919006818e-07,29
BNBX,1,0.128654185606363,0.0,1.0095665146998163e-15,11
BNC,1,0.16900640669210723,0.0,1.981158249931228e-09,42
ELTK,1,0.14500036874148536,0.0,9.816342366214228e-11,29
ELVA,1,0.16604613868763357,0.0,4.696014349988345e-15,24
EMA,1,0.6124183764345583,0.0,1.3198349394856263e-10,8
EMBJ,1,0.540104680850743,0.0,1.9624492429606743e-14,24
EML,1,0.4227788004279171,0.0,4.421147255201771e-06,23
OOMA,1,0.3757819021516107,0.0,5.763105230134818e-07,42
OXBR,1,0.14743345629499408,0.0,1.686261649763407e-11,42
OXM,1,0.580188538127151,0.0,3.8972522382883265e-08,48
ANGI,1,0.563262878504789,0.0,2.984913727614571e-09,29
ANGO,1,0.41994357875544724,0.0,6.440382097247279e-07,42
OPXS,1,0.13094459938744304,0.0,1.8980233721333843e-07,29
OPY,1,0.6247928796018412,0.0,0.00028710908429112174,54
ORA,1,0.4580196970540549,0.0,3.408237990987722e-06,4
ORCL,1,0.5014093600063392,0.0,3.5022826159473834e-09,35
ORI,1,0.6991295611363527,0.0,2.4413605415893306e-05,54
ORKA,1,0.14106397246344154,0.0,9.959804282853765e-08,29
ORLY,1,0.7752178158717311,0.0,8.453665912925313e-12,27
ORMP,1,0.26082466369193996,0.0,2.0061821666454658e-11,10
ORN,1,0.3830273363886491,0.0,5.874223407212916e-07,42
ORRF,1,0.617108363803311,0.0,0.0008128891305454242,40
OSG,1,0.5280963281514885,0.0,6.165988154382959e-08,54
OMCL,1,0.3932100293498795,0.0,2.9259732039636185e-06,4
AP,1,0.25507240497725764,0.0,3.9118677689677777e-07,42
APD,1,0.6637080460935885,0.0,1.8236109809520418e-09,29
APEI,1,0.3174671126068369,0.0,1.6985478983108605e-08,39
OXSQ,1,0.5100711728624537,0.0,5.6665036957938507e-11,5
P,1,0.5263423524128577,0.0,5.423834215934222e-09,54
PACB,1,0.44378481796153546,0.0,8.387709311222724e-09,42
OSIS,1,0.46861820641364316,0.0,3.4871041237752773e-06,4
OSPN,1,0.37661959944709805,0.0,5.775952409941097e-07,42
OSUR,1,0.32460218725232587,0.0,8.881716892144271e-14,53
OTEX,1,0.5853984863948667,0.0,1.3864683042130256e-13,0
OTLK,1,0.21330160241457616,0.0,2.808230043462239e-09,29
OTTR,1,0.6625698705455303,0.0,1.9323932983895306e-09,8
OUT,1,0.784236871364869,0.0,2.8215053236450166e-08,29
OVBC,1,0.40386681377824624,0.0,2.1112293083550122e-05,1
OVID,1,0.23555548716544986,0.0,1.1812793059136383e-09,20
OVLY,1,0.46969537835326547,0.0,5.599952863475129e-06,47
EHI,1,0.6609055697593806,0.0,4.101984299976572e-08,29
EHTH,1,0.3045364664119029,0.0,4.6704636181164145e-07,42
EKSO,1,0.18002030799480956,0.0,2.7608460455290207e-07,42
EL,1,0.4892318368635149,0.0,8.215999334571498e-07,29
PARR,1,0.6717386698834714,0.0,2.79196696271828e-10,10
PAVM,1,0.2042688139258184,0.0,3.1327284873221123e-07,42
PAYC,1,0.7377556340712287,0.0,3.768218113484971e-15,35
PAYS,1,0.3071803008755131,0.0,4.71101026535404e-07,42
PBH,1,0.39388420124827195,0.0,1.278194752714199e-11,31
ANIK,1,0.36027561901763705,0.0,5.525296168768157e-07,42
ANIP,1,0.3822162858367257,0.0,2.8441660359625525e-06,4
ANIX,1,0.2238160187164415,0.0,3.432510348870566e-07,42
ANY,1,0.2958830282852376,0.0,4.631820074059899e-09,42
AORT,1,0.42316307640297224,0.0,3.1488612447373884e-06,4
AOS,1,0.6288367251649285,0.0,8.400249717815016e-13,55
AOSL,1,0.5855104848679672,0.0,1.4328052115860738e-11,57
PAHC,1,0.40112849738776474,0.0,2.9848964855838677e-06,4
PAI,1,0.45869653624348544,0.0,1.6480872146393395e-07,29
PALI,1,0.17198366728787368,0.0,9.113975538946483e-10,29
PAMT,1,0.44116482405838475,0.0,6.76583755184725e-07,42
PANL,1,0.29675867968927966,0.0,4.5511811218510994e-07,42
PANW,1,0.5554540780828602,0.0,4.62853244627638e-15,35
PAR,1,0.5208109690524739,0.0,7.987314989017179e-07,42
ENIC,1,0.5330816884237388,0.0,3.172516433464589e-10,12
ENJ,1,0.22829162859907193,0.0,4.893156988716707e-08,29
ENLV,1,0.20770357179283727,0.0,6.282978434200376e-07,54
ENO,1,0.4688492072441038,0.0,1.1889813316955218e-07,29
ENOV,1,0.6500694854337626,0.0,4.1422044938713055e-06,16
ENPH,1,0.6083736467112872,0.0,3.2761955027167244e-12,42
ENS,1,0.6821992199375837,0.0,5.076413337173379e-06,4
EGY,1,0.49752319241557497,0.0,2.639344914577461e-09,10
EHC,1,0.5845391612260825,0.0,1.7894383759796525e-08,52
PEN,1,0.45662766466407523,0.0,2.178663858057853e-13,50
PERI,1,0.3900939647843144,0.0,5.98259936367396e-07,42
PESI,1,0.2532260515798869,0.0,3.8835515332466673e-07,42
PETS,1,0.27266198209886694,0.0,2.1031671522099307e-15,55
AMRC,1,0.4702607149547477,0.0,7.212060959733505e-07,42
PBHC,1,0.14864440531997272,0.0,1.0872947788881982e-08,29
PBI,1,0.4383294309005842,0.0,3.2617178443902158e-06,4
PBYI,1,0.3563556414482087,0.0,1.7870759445042703e-09,20
PCAR,1,0.7368234195165556,0.0,7.995114431790104e-12,16
PCF,1,0.5923887473927237,0.0,1.2697141621468188e-07,29
PCG,1,0.4658255581422324,0.0,3.864169507789737e-12,8
PCM,1,0.6202550876784632,0.0,1.3622986287766258e-07,29
PCQ,1,0.4936174804082329,0.0,3.501903957319516e-10,33
PCRX,1,0.319475064881673,0.0,1.6365119285009774e-09,20
PCSA,1,0.12753563859242553,0.0,3.1802392543022697e-09,29
PCYO,1,0.45186097522726887,0.0,3.3624094167124636e-06,4
PDEX,1,0.20194646609348876,0.0,7.927124295803416e-15,31
PDFS,1,0.5664190525766579,0.0,2.2182342886198742e-10,57
PDSB,1,0.23542853942576222,0.0,8.275086111702804e-08,29
PED,1,0.26315609384788863,0.0,6.196762816120364e-17,10
PEGA,1,0.5655976018383463,0.0,5.5108054662261574e-14,35
ELA,1,0.20675090339592564,0.0,3.170794564280364e-07,42
ELDN,1,0.15490996823148015,0.0,7.768528001888126e-10,20
ELF,1,0.3716410834638725,0.0,5.699600378784396e-07,42
ELLO,1,0.20269180977242102,0.0,5.924981726035789e-10,10
ELMD,1,0.26947890066791985,0.0,4.93153136678634e-07,29
ELME,1,0.286429935889326,0.0,7.923071597747557e-11,11
ELSE,1,0.2909719923799729,0.0,1.669047202812468e-15,42
EDUC,1,0.17491950002641482,0.0,3.029778322833338e-07,29
EEFT,1,0.6043595699526664,0.0,6.550572503263214e-07,54
EEX,1,0.39375252096607033,0.0,0.0005308564786812733,40
EFOI,1,0.18805956014744885,0.0,1.5095036431434391e-07,29
PHI,1,0.30595002829916895,0.0,6.463355484773622e-07,29
PHK,1,0.7040516533914339,0.0,2.6409363187951908e-08,29
PHUN,1,0.16535869490912397,0.0,3.643351467136746e-11,4
PI,1,0.4234090624572564,0.0,1.325763804397751e-10,57
PIM,1,0.623849593466591,0.0,3.588871712852439e-09,29
AMS,1,0.17258807450098895,0.0,2.64686305839067e-07,42
AMSC,1,0.44117032188182387,0.0,6.765921868135062e-07,42
AMSF,1,0.5839299767383113,0.0,3.938060381471121e-10,44
AMTX,1,0.26881089383629453,0.0,3.783485107936042e-14,10
AMWD,1,0.6428913871504892,0.0,1.6221825643822604e-11,55
AMX,1,0.6699058097205084,0.0,1.813976184765928e-08,32
ANAB,1,0.2767238218138114,0.0,1.3877330053681526e-09,20
ANDE,1,0.4725513643473018,0.0,0.0006622321833577669,40
ANET,1,0.5351712772592351,0.0,5.652299505675898e-10,4
ANF,1,0.5911561079977341,0.0,9.625095624044613e-14,48
PFE,1,0.49809837275517455,0.0,1.5923699921398184e-13,15
PFX,1,0.5257281536065035,0.0,5.57978964502908e-11,5
PGR,1,0.6467617091726582,0.0,1.778212998822028e-09,54
PGZ,1,0.6203031436473044,0.0,1.0247001984167911e-07,29
EFSI,1,0.21974395901338828,0.0,0.0002953134723012771,40
EFX,1,0.6910050942506765,0.0,3.358051604288923e-10,30
EFXT,1,0.3367448336611366,0.0,7.623615632500038e-11,10
EGAN,1,0.3324420478392456,0.0,5.098432078951987e-07,42
EGHT,1,0.5117289706406599,0.0,8.978457038436029e-16,35
EGO,1,0.6690684271212606,0.0,1.1844348729655452e-10,26
BNED,1,0.264084459992277,0.0,4.0500793781322546e-07,42
BNTC,1,0.1236684580466242,0.0,9.671370620078015e-12,20
BOOM,1,0.4440797877270436,0.0,1.735690751013068e-09,10
BOOT,1,0.5350825956994832,0.0,3.7630636871713084e-10,48
BOSC,1,0.17691672609282805,0.0,2.713248572130143e-07,42
BOTJ,1,0.19228124170506583,0.0,2.6679974250655704e-13,14
PHG,1,0.4663903566215594,0.0,5.306512360214518e-13,7
PMN,1,0.12189904258503768,0.0,3.720940548739826e-10,10
PMTS,1,0.18024385141518234,0.0,2.764274375227005e-07,42
PNBK,1,0.1604508651666399,0.0,3.197379659926284e-13,14
PJT,1,0.6486393971024793,0.0,6.65245391405536e-06,54
PKBK,1,0.5868612031981159,0.0,0.0008211683230145999,40
PKE,1,0.47883372933409335,0.0,0.0006700103676599058,40
PKOH,1,0.496043008421446,0.0,0.0007196793864317942,40
PKX,1,0.5420731005066026,0.0,3.3039117428062983e-13,24
PLAG,1,0.13784395340704603,0.0,2.1255554418446963e-11,42
PLAY,1,0.6568941848664764,0.0,4.038735790760231e-12,19
PLBC,1,0.3669131466574351,0.0,0.0003999811659397048,40
PLCE,1,0.4281470776599958,0.0,3.9622784436821426e-12,48
PLG,1,0.43853227124204003,0.0,4.330699437241192e-11,26
PLNT,1,0.5751977618050922,0.0,5.260078517019358e-11,11
PLOW,1,0.5587544700816093,0.0,0.0007024838902917678,40
PFSI,1,0.512779257522791,0.0,1.0205961715714518e-11,14
EA,1,0.5545446250200747,0.0,5.406341833185939e-11,35
EBAY,1,0.4287071043766282,0.0,7.199566787938783e-07,29
EBF,1,0.5459940805191164,0.0,0.0005551528870047662,40
AMKR,1,0.6869115823579238,0.0,7.804525989201039e-09,57
AMN,1,0.5515722749820675,0.0,3.3250643262856548e-06,3
AMPH,1,0.3315503410193493,0.0,1.6983675648357695e-09,20
AMPY,1,0.2466442540601903,0.0,4.857578815700883e-09,42
PNI,1,0.6243352923640018,0.0,5.206437750065804e-09,33
PNNT,1,0.7416692352030734,0.0,8.239382405412345e-11,5
PLPC,1,0.45081079347705966,0.0,6.913771064579309e-07,42
PLSE,1,0.2811299678024255,0.0,4.311494455996291e-07,42
PLUR,1,0.22140608461962333,0.0,1.1103219420657112e-09,20
PLUS,1,0.568138667403843,0.0,4.2276605195132425e-06,4
PLX,1,0.1977515850840376,0.0,3.03277828905829e-07,42
PMCB,1,0.10952353934174396,0.0,5.808153057740705e-13,42
PMM,1,0.6837819632664571,0.0,2.083297516655333e-11,33
PPBT,1,0.16715886607186117,0.0,2.563599071183699e-07,42
PPC,1,0.5223712944248007,0.0,1.4744516315192098e-14,11
PPIH,1,0.18820454224919408,0.0,1.878230863336918e-13,18
AMBA,1,0.5723961316100938,0.0,1.7485016430994782e-10,57
AMCR,1,0.5276786096447235,0.0,1.712371349450612e-11,31
AMCX,1,0.5077525631891533,0.0,2.90068925759382e-10,4
AMD,1,0.6392281032166717,0.0,4.7408667752021454e-12,57
BOX,1,0.4664963451126302,0.0,4.5731231603724645e-15,35
BPOPM,1,0.38900970899077697,0.0,2.3439752721801955e-08,29
BR,1,0.610652994767558,0.0,1.7210070413503637e-08,30
BRBS,1,0.24208024841867049,0.0,0.00022458214713001523,40
EDF,1,0.6682308377243501,0.0,4.0695657973314324e-07,29
EDN,1,0.6850915268810465,0.0,2.998384790144298e-13,24
EDSA,1,0.15260885482418424,0.0,9.244055835661728e-08,29
DYAI,1,0.24638525379683718,0.0,3.856073104344232e-08,29
DZZ,1,0.4186727599775148,0.0,1.122609858211466e-13,41
PNRG,1,0.3330629466682119,0.0,1.7059144742972405e-09,10
POCI,1,0.16050148960404131,0.0,4.210689185515729e-15,57
POET,1,0.24547156303025083,0.0,3.764626344828873e-07,42
POST,1,0.48752765035391954,0.0,2.0437432812882133e-13,15
EBMT,1,0.4133816585341026,0.0,7.162959710257138e-05,40
EBS,1,0.3283669686860717,0.0,1.682060731010986e-09,20
ECC,1,0.684479626082326,0.0,5.93259004981115e-11,5
EDAP,1,0.22520866708455287,0.0,4.757651704469489e-07,29
DSGX,1,0.5365816729112216,0.0,7.81674019221497e-11,35
DSS,1,0.1396575561133069,0.0,1.230631235396913e-16,24
DSWL,1,0.1145805599071661,0.0,1.7572422202707782e-07,42
DSX,1,0.5562314103161656,0.0,1.1553048782368886e-13,25
DTF,1,0.61862028571282,0.0,5.158779341626025e-09,33
DTST,1,0.0995084090059361,0.0,2.2170517857276213e-13,42
POWL,1,0.4761122655496602,0.0,5.060351851629614e-08,16
POWW,1,0.16914527928925954,0.0,3.6979095027499e-09,42
PSHG,1,0.2638487687282376,0.0,2.7378715499355145e-17,25
PSIX,1,0.1541269733604025,0.0,7.901923772294857e-09,54
PSKY,1,0.5987392284384446,0.0,3.420477951953666e-10,4
PSMT,1,0.4477403906389855,0.0,0.0006265028659643692,40
PSO,1,0.3949372467271762,0.0,1.7620801940575931e-10,30
PSTV,1,0.17044463585949773,0.0,2.862391425265468e-07,29
PTC,1,0.6330146453432145,0.0,6.261647037571646e-15,35
PRA,1,0.46127531669386174,0.0,3.9775956491469014e-08,44
PRAA,1,0.5985402114596198,0.0,8.966696152518163e-09,54
PRG,1,0.4840657644070994,0.0,2.5759280735404033e-08,4
PRGS,1,0.4498385646246384,0.0,3.3473601585831847e-06,4
PRHI,1,0.11063984109037965,0.0,6.039589258803107e-12,20
PRI,1,0.7036637247927611,0.0,0.00013102522640880105,54
PRIM,1,0.6176194083436233,0.0,5.701052627210653e-10,16
PRMB,1,0.47924534039573785,0.0,1.0124310223527684e-06,29
PROP,1,0.1441100044294602,0.0,5.168390013869262e-09,4
DNOW,1,0.592009656229428,0.0,1.1634741238297003e-09,10
DNP,1,0.6271346397888683,0.0,1.3441878111581487e-07,29
DOO,1,0.55033540664864,0.0,5.151605589115146e-10,4
DORM,1,0.5483810669703874,0.0,1.3517782866877835e-11,31
PVLA,1,0.2790619879133494,0.0,1.3994585960511843e-09,20
PW,1,0.1997848224010362,0.0,3.0639606332547363e-07,42
PXLW,1,0.3359829154197442,0.0,1.2552705002264308e-10,57
PYPL,1,0.6142028199456858,0.0,3.765733537346015e-09,59
PYT,1,0.295337779420557,0.0,1.9120645555608488e-08,29
PZG,1,0.36285481265659747,0.0,8.170080677354616e-11,26
PRPL,1,0.34066981827877324,0.0,5.224615661984697e-07,42
PRSO,1,0.17952491838849283,0.0,1.302705126410804e-12,57
PRSU,1,0.6383633564778532,0.0,8.590757449921322e-11,11
PRTA,1,0.4009006017092479,0.0,2.010462970394371e-09,20
PRTS,1,0.3505906600283519,0.0,5.376764700155256e-07,42
PSEC,1,0.5677337951063566,0.0,3.917416121203293e-12,5
QUIK,1,0.30367796028864685,0.0,4.6572973078159304e-07,42
PTCT,1,0.37168861526199826,0.0,1.8639687601727815e-09,20
PTGX,1,0.22830233202961114,0.0,1.1449057017029804e-09,20
PTN,1,0.1959279215968198,0.0,3.0048100326813806e-07,42
PULM,1,0.14547062497925733,0.0,2.1898013650282534e-09,42
PUMP,1,0.6943181695204257,0.0,1.7379068533489822e-09,10
PVL,1,0.3151583817043791,0.0,2.2152718094970638e-09,10
DWSN,1,0.20713857063456834,0.0,5.184763378235319e-10,10
DXC,1,0.5452425789067618,0.0,0.00010152652443468986,54
DXCM,1,0.4766388103800713,0.0,3.155097830612452e-15,50
DXLG,1,0.3302476507401672,0.0,6.60687048549145e-11,11
DXPE,1,0.5195312821070422,0.0,0.0006946703959768162,40
DXR,1,0.12185582000425871,0.0,6.934041751564205e-09,4
DY,1,0.5703848758124102,0.0,5.332988829594951e-12,16
DMO,1,0.5830920094819556,0.0,1.1492502556149149e-07,29
DMRC,1,0.46224717347727645,0.0,7.089162857040864e-07,42
RAVE,1,0.2315339122136824,0.0,1.3508352503036926e-13,11
RBA,1,0.42172140131521585,0.0,8.909086713896426e-07,29
RBBN,1,0.45445205437884395,0.0,6.969614546203042e-07,42
RBC,1,0.65337336081533,0.0,1.2286516603657494e-07,16
RC,1,0.709140735294115,0.0,1.4399943022532603e-11,14
RCAT,1,0.14022775027542458,0.0,3.4837778079670987e-09,29
QCLS,1,0.16865171785021502,0.0,2.64306242182447e-07,29
QCOM,1,0.6537949499059035,0.0,1.9978504085029025e-10,57
QDEL,1,0.38484983230327574,0.0,1.0530191881733577e-13,53
QLYS,1,0.5172578514699122,0.0,4.056308478024028e-15,35
QNST,1,0.41743899188881184,0.0,6.401970993392166e-07,42
QRHC,1,0.2160668466473151,0.0,3.313666695610414e-07,42
QRVO,1,0.8112690078039506,0.0,1.3415547240774712e-11,57
QTWO,1,0.5580829301378594,0.0,8.129963227263509e-11,35
QUAD,1,0.3793581224935156,0.0,4.063741213058616e-06,13
QUBT,1,0.1142085866829281,0.0,1.2400438925574102e-09,42
RDNT,1,0.5447541765503542,0.0,8.35451528143948e-07,42
QXL,1,0.06499938812411493,0.0,1.7591697031740428e-16,4
RACE,1,0.5301902431073057,0.0,8.90384140266182e-07,29
RAMP,1,0.4586234935281871,0.0,7.033589002240155e-07,42
DPZ,1,0.3981542417829569,0.0,7.08658937173984e-16,19
DQ,1,0.6444558910092008,0.0,1.7801552489905304e-15,42
DRD,1,0.6932134565051937,0.0,1.5608473822375856e-10,26
DRIO,1,0.16671553635158795,0.0,5.397138465425093e-09,29
DRS,1,0.3943416230931981,0.0,4.0383329944998236e-09,10
DSGR,1,0.44554861064858187,0.0,1.3278602826834744e-11,31
BRID,1,0.22216441995662273,0.0,9.381514644040042e-08,1
BRKR,1,0.6776749734029077,0.0,3.277914200233384e-10,53
BRSL,1,0.6037827855242827,0.0,9.621516202368751e-13,58
BRT,1,0.5121175208962615,0.0,1.514420300983546e-11,11
BRTX,1,0.0861301525540153,0.0,3.6446844664613655e-12,20
RAND,1,0.15447906737817227,0.0,3.59192022531923e-08,29
RCKY,1,0.4045021050383515,0.0,3.010000335560995e-06,4
RCMT,1,0.28356335891707424,0.0,4.3488136802044915e-07,42
RCON,1,0.17660904281616838,0.0,1.808599658538655e-09,10
BRW,1,0.6752952345510976,0.0,1.3183892987480655e-07,29
BSET,1,0.4302217969095524,0.0,6.598011968353803e-07,42
DMAC,1,0.2046055835087267,0.0,3.137893287791466e-07,42
DMB,1,0.6405702360352324,0.0,5.341823695123337e-09,33
DMLP,1,0.5111306096900912,0.0,3.8150928049042525e-09,10
DIS,1,0.5828937339590483,0.0,7.62137467215477e-05,54
DIT,1,0.12297524393841812,0.0,4.669426783322347e-09,29
DJCO,1,0.41277579983357754,0.0,3.07156694745191e-06,4
DKL,1,0.5117244447042274,0.0,1.8508038315970975e-09,10
DKS,1,0.549416232109993,0.0,4.237236147213252e-15,55
DLB,1,0.5640719650439514,0.0,4.1973991801643725e-06,4
RDCM,1,0.24094904733439668,0.0,3.695267672389137e-07,42
RDIB,1,0.0952904456655554,0.0,4.613255423855121e-13,11
RDNW,1,0.3009791177656448,0.0,4.615907040294929e-07,42
RDWR,1,0.44381687997745406,0.0,3.302551311897591e-06,4
RDY,1,0.33689429802336773,0.0,1.6682236816733858e-10,28
REED,1,0.17609483355117472,0.0,4.224013515399893e-08,29
REFR,1,0.19010609237775122,0.0,2.9155246939537295e-07,42
REGN,1,0.5221463108354096,0.0,2.6184940070124213e-09,20
REI,1,0.6284518304792813,0.0,1.7710973416811163e-09,10
RELL,1,0.3498771082118453,0.0,5.365821453069299e-07,42
REPX,1,0.32874873475997773,0.0,7.72503077685348e-17,10
RES,1,0.7349503429398934,0.0,1.8396108497665945e-09,10
RFIL,1,0.24984615991194414,0.0,3.8317164894692556e-07,42
ALLE,1,0.6537174667125062,0.0,6.973796110732026e-08,16
RCEL,1,0.347685666744023,0.0,5.332212842030783e-07,42
RCG,1,0.22538680898387953,0.0,3.628596105411162e-11,10
RCI,1,0.6238994800094023,0.0,4.9859310883195e-12,8
RCKT,1,0.37948950083904387,0.0,2.952312281103495e-11,20
RIME,1,0.09133027030062008,0.0,7.088675999678659e-14,31
RIV,1,0.653434676350472,0.0,3.979456288970681e-07,29
RKDA,1,0.19918700411828383,0.0,1.545164454628634e-09,42
ALLT,1,0.38948097424158706,0.0,5.973198354784005e-07,42
ALM,1,0.15542268714234786,0.0,3.4995151292361877e-11,26
ALNT,1,0.5744196712333218,0.0,8.80947430576412e-07,42
ALNY,1,0.45231464511137115,0.0,2.268297530741489e-09,20
ALOT,1,0.31434956932523944,0.0,6.640800212797288e-07,29
ALOY,1,0.10787938128088427,0.0,1.7247902315322692e-16,42
ALP,1,0.174480524237245,0.0,1.3420281618978576e-09,29
ALRM,1,0.4760879246852629,0.0,3.542688147255167e-06,4
ALRS,1,0.5279388241462082,0.0,0.00046495656950856903,40
ALSN,1,0.6368987800472863,0.0,6.910853480506783e-12,16
ALX,1,0.5453092224818179,0.0,1.7058061319941288e-10,11
RGCO,1,0.4100748658854802,0.0,2.8617596951124147e-06,6
RGEN,1,0.6044898316682671,0.0,6.562651812371907e-12,53
DGP,1,0.6788370748567073,0.0,1.5284773562989513e-10,26
DGX,1,0.732604241708009,0.0,2.236690112745243e-08,29
DHC,1,0.5701043065220943,0.0,3.999468211464379e-10,11
DHCNI,1,0.6844271094070234,0.0,1.7356775769617207e-07,29
RMNI,1,0.3161523635893965,0.0,2.352568030275933e-06,4
RMR,1,0.5386367190412207,0.0,3.778712791490037e-10,11
RMTI,1,0.31565588213069556,0.0,4.84099435021934e-07,42
RNAC,1,0.30913980386637735,0.0,1.5502948255964025e-09,20
RNR,1,0.721141924116836,0.0,2.2371225458510294e-09,54
ROCK,1,0.5712235399967968,0.0,4.264008531479453e-14,55
RGP,1,0.4918169137685317,0.0,0.0006881771500802081,40
RGS,1,0.29648249184667386,0.0,1.8484288523829996e-13,18
RH,1,0.5762685001347917,0.0,4.444295632785518e-15,55
RICK,1,0.5527169012002917,0.0,4.11290333810569e-06,4
RIG,1,0.6871180462762928,0.0,1.367779768142414e-10,10
RILY,1,0.3499493956835989,0.0,5.366930075661687e-07,42
RLMD,1,0.17501562441239513,0.0,1.361568079131457e-11,20
RM,1,0.5542300525071456,0.0,0.00015442127011556437,54
RMAX,1,0.5517863733625821,0.0,4.908753095426111e-09,11
RMBS,1,0.6402778082560379,0.0,1.9558601770819584e-10,57
RMCF,1,0.20527126188673092,0.0,2.443774674104616e-06,13
RMD,1,0.4641190458220489,0.0,1.0143464496016906e-13,53
DLHC,1,0.26509338557918555,0.0,4.065552566951169e-07,42
DLNG,1,0.3261347955863644,0.0,1.1795636023575472e-09,10
DLPN,1,0.2256591455845581,0.0,1.693623306059332e-09,42
DLR,1,0.7377375998192749,0.0,3.40797392525319e-13,11
DLTH,1,0.36569941342720524,0.0,2.7212598980813902e-06,4
BRC,1,0.5851740042808888,0.0,0.0008489942630113657,40
BRFH,1,0.09019233230370946,0.0,5.810692900245459e-07,40
DGICA,1,0.5204951837694267,0.0,4.4882509499925e-08,44
DGICB,1,0.09776606266027568,0.0,2.0273979194610408e-07,9
DGII,1,0.5613768910693894,0.0,8.60944627315321e-07,42
ROL,1,0.4923668670764905,0.0,8.477883057959901e-12,43
ROP,1,0.6364005289948325,0.0,6.791068426420257e-08,16
RPT,1,0.6536246837024018,0.0,1.3026579894210312e-11,14
DHX,1,0.29546270480215864,0.0,2.1986111555983326e-06,4
DHY,1,0.6819624401679839,0.0,4.007319513508866e-07,29
DCO,1,0.5663331558964333,0.0,5.182043146686211e-10,4
DCOY,1,0.13809646159667555,0.0,1.0533607073993548e-17,20
DD,1,0.7016672350999132,0.0,4.985290113444363e-13,31
DDS,1,0.6233643873271233,0.0,5.555157521057383e-12,48
DDT,1,0.6562177530958525,0.0,3.996405392925388e-07,29
RRGB,1,0.5525677840903394,0.0,3.3973133056398197e-12,19
RRX,1,0.6846021660414179,0.0,1.2873766187022615e-07,16
RSSS,1,0.17035543223331787,0.0,6.719710971114162e-10,5
RTO,1,0.4177237902367356,0.0,1.8637462617505325e-10,30
RTX,1,0.6656157999855361,0.0,1.9797510038482456e-08,34
RLGT,1,0.49504635539846814,0.0,7.592181059332272e-07,42
SANM,1,0.5859322514897586,0.0,7.851938587855775e-12,4
SAP,1,0.573545746207074,0.0,4.0061463876921646e-09,35
SAR,1,0.6910481712957944,0.0,7.895994428096453e-11,5
SATS,1,0.3749526548858805,0.0,2.790115559272554e-06,4
SB,1,0.5965679124662455,0.0,1.2390842065631143e-13,25
RUSHA,1,0.8617208486178662,0.0,1.9623088578968405e-11,16
RVP,1,0.22120716487548597,0.0,3.3925001750719743e-07,42
RVSB,1,0.5607576084938907,0.0,0.0007708328130959973,40
RVYL,1,0.13406726620263376,0.0,6.723294334498398e-10,20
RYAAY,1,0.541382497655258,0.0,5.402839880659094e-13,18
RYAM,1,0.3973658721816477,0.0,2.956897859638704e-06,4
RYN,1,0.7565402849457472,0.0,1.4697783586412077e-15,55
RYZ,1,0.5732663844934619,0.0,3.26390801889754e-14,24
RZLT,1,0.13935262935103462,0.0,6.397141800818281e-12,20
SABA,1,0.6564155341076955,0.0,1.0273286437859537e-07,29
SABR,1,0.5287778384280727,0.0,5.27704919952405e-13,18
SAFE,1,0.6185581246552799,0.0,5.502762039148276e-09,11
SAIA,1,0.749032929823869,0.0,1.761787886501503e-12,16
SAIC,1,0.6499217561459323,0.0,1.0582600602233764e-12,34
SAM,1,0.3254272305042586,0.0,1.953422477472521e-14,55
SAMG,1,0.48617733550414904,0.0,0.0006331461957753278,40
DE,1,0.7585743553970173,0.0,1.4787977317630614e-09,16
DEA,1,0.6397042874118201,0.0,2.239770639965218e-10,11
DELL,1,0.5474807252439511,0.0,7.511276187932507e-07,54
DFIN,1,0.49974406469382104,0.0,3.7187193433278585e-06,4
DFTX,1,0.13514433080633342,0.0,3.369970233930076e-09,29
DG,1,0.5284737907226209,0.0,1.6409941471579092e-15,4
CYTK,1,0.3825126031405164,0.0,1.918249613635962e-09,20
CZWI,1,0.38758486488020766,0.0,6.715960212863082e-05,40
DAC,1,0.4204110376297484,0.0,2.857102962054996e-12,25
DAIO,1,0.22198908977046652,0.0,1.1474791855687499e-13,57
SANG,1,0.18027537351815517,0.0,1.0593267012325974e-07,29
SCYX,1,0.26607510464803796,0.0,4.080608508357143e-07,42
SCZM,1,0.4026541417390965,0.0,3.976387102457771e-11,26
SD,1,0.5779934838478886,0.0,1.7207588020204993e-09,10
SDEV,1,0.2474933499811937,0.0,2.6267584114691127e-11,5
SEB,1,0.2652389932892995,0.0,0.0002625601781209427,40
AIZ,1,0.6354258681781096,0.0,2.0837745188786826e-07,54
AKAM,1,0.3991733812279863,0.0,4.824088363129759e-12,0
SBFG,1,0.39498315575577686,0.0,0.000387674224532599,40
SBGI,1,0.6423483039918116,0.0,4.164181057120082e-08,4
SBH,1,0.4939764915313852,0.0,3.6758014031291168e-06,4
SBI,1,0.5480412418396474,0.0,2.9279597491420935e-10,33
SBSW,1,0.6498974093617652,0.0,2.905080116602286e-11,26
SBUX,1,0.5491818570760071,0.0,9.51237160870302e-07,29
SCHL,1,0.43772299905958306,0.0,0.0005471112965303557,40
SCKT,1,0.22296762037319445,0.0,1.434096854261934e-17,25
SACH,1,0.5054528137104991,0.0,3.115617460553906e-08,29
SCNI,1,0.182138392995337,0.0,1.1608707577386737e-10,22
SCNX,1,0.12005182631604744,0.0,9.65924152150977e-16,25
SCOR,1,0.3221588977262193,0.0,4.940726569827533e-07,42
SCSC,1,0.5602228627134477,0.0,4.168757056521223e-06,4
SCVL,1,0.6395290215590754,0.0,1.0618187432356304e-13,48
SCWO,1,0.09195162290727966,0.0,1.0810796178385278e-13,8
DARE,1,0.14929234422281823,0.0,7.647504582440161e-10,20
DBL,1,0.5684100909844588,0.0,1.1203128009564976e-07,29
DBRG,1,0.5500665991440544,0.0,1.0517086325260498e-06,29
DBVT,1,0.16400424892605875,0.0,3.3106710272002205e-08,29
CWBC,1,0.6357181105253195,0.0,0.0007359486056158843,40
CWCO,1,0.43058624906578014,0.0,1.0368721110922672e-13,8
CWEN,1,0.5431496873502274,0.0,4.57963234137828e-12,8
CWH,1,0.6437535190105989,0.0,5.70435816412672e-10,4
CWST,1,0.5742044262917315,0.0,3.537523909095455e-10,43
CX,1,0.6318285397237281,0.0,1.7108702556183825e-08,32
SGA,1,0.3448216909619283,0.0,4.316640695497741e-05,40
SGC,1,0.454076299607593,0.0,2.3737013274067023e-05,1
SGLY,1,0.21978278218041464,0.0,2.899908343128716e-17,25
SGMO,1,0.3839310033187313,0.0,3.099058785431561e-11,20
SGRP,1,0.15646668111505668,0.0,6.816171662470614e-13,42
SGRY,1,0.5509392719203611,0.0,8.412465963601252e-12,52
AKBA,1,0.34005826761742286,0.0,5.21523673555227e-07,42
AKO-A,1,0.25432971381704617,0.0,1.7951801928479431e-12,12
AKTX,1,0.13035128583518188,0.0,5.933526510101074e-08,29
ALDX,1,0.264465446166627,0.0,4.055922297659329e-07,42
ALG,1,0.6056739677602389,0.0,1.1389541887667674e-07,16
ALGN,1,0.5252978486308868,0.0,3.908871377810131e-06,4
ALGT,1,0.6659621428522452,0.0,2.1720791733931844e-13,18
ALKS,1,0.436887529281817,0.0,2.190932605438359e-09,20
SEIC,1,0.70336768648801,0.0,0.00013097010279713967,54
SELF,1,0.22799433143611225,0.0,2.785628803091288e-08,29
SEM,1,0.5644399675057906,0.0,1.7279091047968883e-08,52
SENEB,1,0.26720236914964146,0.0,1.7629747180513902e-06,17
SENS,1,0.35557565793193385,0.0,5.453216140008582e-07,42
SEVN,1,0.6032321047045736,0.0,1.112754595539712e-07,29
SFBC,1,0.29642330453292554,0.0,5.710232649855325e-12,14
CXH,1,0.683891892715582,0.0,5.7030903277585035e-09,33
CXT,1,0.6967667481506405,0.0,2.974950770808035e-06,16
CYD,1,0.28590129578260803,0.0,3.1022546383371963e-12,16
CYH,1,0.49919799254148844,0.0,7.622412068300125e-12,52
CYPH,1,0.21785175150483263,0.0,3.3410405378863266e-07,42
CYRX,1,0.35703869877646455,0.0,5.475653778156478e-07,42
CULP,1,0.29504994578526733,0.0,4.5249754604216197e-07,42
CVEO,1,0.4279894649141744,0.0,3.1945250338524317e-09,10
CVGI,1,0.4743169577233685,0.0,8.919407380190591e-08,16
CVGW,1,0.3070984850044171,0.0,0.00033560414795156103,40
CVLG,1,0.559742013360925,0.0,1.899041279650941e-14,16
SJT,1,0.36410669649888266,0.0,6.847977872798314e-11,10
SKE,1,0.24168000814127472,0.0,5.441694869870936e-11,26
SKM,1,0.4944178820561899,0.0,2.2807710650283832e-15,22
SKY,1,0.636710673569623,0.0,7.641523103509475e-12,55
SKYE,1,0.10599535089034949,0.0,5.429614868426182e-10,20
SKYW,1,0.7066503152743836,0.0,7.948033480501615e-13,18
SLAB,1,0.696046779744899,0.0,2.1794375859959723e-10,57
SGU,1,0.331356309473389,0.0,3.925781581420055e-08,29
SHAK,1,0.5290224693042992,0.0,2.3977526613439045e-15,19
SHW,1,0.6504783606714205,0.0,1.2046349977020411e-14,31
SIEB,1,0.25826750959635547,0.0,3.960868862516186e-07,42
SIF,1,0.12718999718287818,0.0,8.834365632569201e-13,5
SIFY,1,0.2703413581349856,0.0,4.146037065833978e-07,42
SIG,1,0.5224464070544871,0.0,3.8876530949016144e-06,4
SIGA,1,0.2604297618846496,0.0,1.937922351698608e-06,4
SIGI,1,0.6679665233721879,0.0,2.095971044225674e-07,54
SIM,1,0.19505415680067562,0.0,5.281691695653354e-09,32
SIMO,1,0.46274444141496635,0.0,9.071890327227664e-12,57
SINT,1,0.1541406311153682,0.0,2.1448256360683972e-11,42
SIRI,1,0.4263156841829693,0.0,6.538106638812522e-07,42
CVLT,1,0.4411966082563444,0.0,3.2830532211298027e-06,4
CVM,1,0.19495262546137815,0.0,2.7836502240455023e-16,11
CVNA,1,0.46963418364866766,0.0,8.850697511362524e-13,59
CVR,1,0.16435911125313893,0.0,3.196559428582915e-12,24
CVSA,1,0.4762213310653394,0.0,2.547932396396615e-08,39
CVU,1,0.2833074271570002,0.0,4.3448886331051135e-07,42
CVV,1,0.224433894114108,0.0,3.441986273377496e-07,42
CSWC,1,0.6517889649491275,0.0,4.5271945348624256e-12,5
CTDD,1,0.9370783562934292,0.0,4.478465446336087e-09,29
CTGO,1,0.15606484234353227,0.0,1.225527026621224e-10,26
CTLP,1,0.339524800608202,0.0,5.207055323692523e-07,42
CTMX,1,0.32677287126225896,0.0,2.637683157936528e-11,20
SNDX,1,0.38119961363232285,0.0,1.911665146626867e-09,20
SNES,1,0.12360262319145666,0.0,7.487046223722209e-08,29
SNEX,1,0.5576374484847202,0.0,0.0002562493626734568,54
SLAI,1,0.382517534098933,0.0,5.988016289175848e-09,42
SLGN,1,0.5476286008449867,0.0,3.3935914504033843e-08,4
SLM,1,0.6147566618840288,0.0,1.399599705345175e-06,54
SLNG,1,0.18884830672053482,0.0,6.045577911408982e-10,10
SLNH,1,0.26879697695858207,0.0,4.2078088795984015e-09,42
SLNO,1,0.19248733245948857,0.0,1.4383611515471867e-13,20
SLP,1,0.3569651659177516,0.0,5.474526055931943e-07,42
SLSN,1,0.1186370803719774,0.0,4.671762649741738e-07,54
SMBC,1,0.6749602897670713,0.0,0.0008789972476242407,40
SMBK,1,0.6506345524983431,0.0,0.0009104034846039288,40
SMC,1,0.5179857862678231,0.0,1.8734498378074226e-09,10
SMCI,1,0.38372981441547704,0.0,1.4336583608101957e-10,57
SII,1,0.5018325139851959,0.0,1.1299318552986633e-10,26
SNY,1,0.5310270807244604,0.0,1.863179261368721e-09,36
SOBR,1,0.10232992685266395,0.0,7.704556992574737e-18,11
SOHU,1,0.44158002713959343,0.0,4.632854795873584e-15,22
SONY,1,0.48908152934500687,0.0,8.375106645917155e-07,29
SOS,1,0.25424704451568586,0.0,3.899209790588324e-07,42
SOTK,1,0.1359867000043714,0.0,2.328656975638636e-07,29
SOWG,1,0.13115151208166806,0.0,3.491244258933867e-08,29
SMG,1,0.5023870863132902,0.0,7.704760735165374e-07,42
SMID,1,0.25387661649611915,0.0,3.893528794125408e-07,42
SMMT,1,0.3317533699277615,0.0,1.30494930538621e-11,20
SMTC,1,0.6144860048610606,0.0,1.8770738122630457e-10,57
SMTI,1,0.1294015299196217,0.0,4.234578986443079e-09,54
SNA,1,0.6581702860451882,0.0,7.02129836625523e-08,16
SNBR,1,0.4481201706910866,0.0,4.514377704036626e-12,55
SND,1,0.4667882554723128,0.0,2.390841879351978e-09,10
SNDA,1,0.3605752338824644,0.0,2.51418068183659e-13,14
CRWS,1,0.23720495151733026,0.0,3.408430622293651e-07,29
CSBR,1,0.22017029774459043,0.0,4.6512134985678187e-07,29
CSGP,1,0.5350914995296328,0.0,3.825795210246234e-10,30
CSGS,1,0.4246289366447886,0.0,0.0005765308969137766,40
SPWH,1,0.2902855511252521,0.0,3.814122170021636e-16,55
SPXC,1,0.6491724081840169,0.0,2.7717395545070477e-06,16
SQNS,1,0.2462841141659937,0.0,3.7770878755022075e-07,42
AIFC,1,0.19379063174823036,0.0,1.1738581109005348e-07,29
AIFF,1,0.10162978364123175,0.0,3.791789860135988e-09,4
SNFCA,1,0.262911355865667,0.0,2.9171669290017466e-06,40
SNGX,1,0.16020810799758112,0.0,7.468308051246041e-09,4
SNN,1,0.5610880777772973,0.0,2.2016114271368938e-11,50
SNOA,1,0.15940553875920202,0.0,1.6760285803894982e-09,42
SNPS,1,0.8070023060612757,0.0,1.1451122291870118e-10,35
SNT,1,0.19161375334505493,0.0,3.097055856324491e-07,29
SNX,1,0.6711678476862495,0.0,2.7431247335621278e-14,57
SRPT,1,0.35819588427497706,0.0,1.7963045164813997e-09,20
SPB,1,0.5324263393936204,0.0,1.1247786836585055e-06,29
SPCB,1,0.17641792639251844,0.0,2.47652088233547e-09,42
SPH,1,0.5102828763756622,0.0,1.8455899704796813e-09,10
SPNT,1,0.5470733826113858,0.0,1.9103803413638866e-05,54
SPOK,1,0.3416554133382553,0.0,3.9122540533264625e-06,17
SPSC,1,0.507782593988509,0.0,3.7785360304922633e-06,4
CTO,1,0.49642007340336114,0.0,3.482549212271953e-10,11
CTRA,1,0.656604267047498,0.0,6.689588368849754e-15,10
CTRN,1,0.50391877521181,0.0,7.72825118069095e-07,42
CTS,1,0.5988703453830904,0.0,9.184457260679925e-07,42
CTSO,1,0.24187296987509008,0.0,3.70943722870895e-07,42
CTXR,1,0.16011327695225056,0.0,2.4555457794416693e-07,42
CRVL,1,0.4888641067717081,0.0,2.9569527145764976e-10,29
CRVO,1,0.12327957178818398,0.0,1.0870789186744786e-16,24
CRVS,1,0.2829541998616183,0.0,1.4189775190934881e-09,20
SSTK,1,0.41067379571364615,0.0,2.6286624963398967e-08,4
ST,1,0.7236662291207657,0.0,5.763042293155906e-08,4
STAA,1,0.3784060542857984,0.0,5.803350023198555e-07,42
STC,1,0.6851920409159056,0.0,7.165039675665386e-12,55
STE,1,0.5758169066929623,0.0,2.2594047725496715e-11,50
AIFU,1,0.1989567853596031,0.0,1.2680638621511997e-10,22
AIM,1,0.1696444112632838,0.0,9.090769746666214e-12,42
AIN,1,0.6346978468805659,0.0,4.690220449798635e-08,4
AIOS,1,0.16025101416139084,0.0,7.9230212469844785e-16,35
AIRG,1,0.3084068349048228,0.0,4.729820763248622e-07,42
AIRI,1,0.19975038548291213,0.0,6.197836753147264e-08,29
AIRT,1,0.1872719341002831,0.0,2.2187255488981887e-08,29
AIV,1,0.6822629547405664,0.0,1.899821485549994e-10,11
AIXC,1,0.15088364308707528,0.0,1.1799707363189532e-11,20
SRI,1,0.5263899120250305,0.0,8.072875350598288e-07,42
SRL,1,0.19391905387604103,0.0,3.7076663678599173e-07,29
BTI,1,0.550322705120968,0.0,3.628467972342201e-12,15
BTT,1,0.7065266876930452,0.0,5.891845716829407e-09,33
STRA,1,0.48470384659377613,0.0,2.5933164955694454e-08,39
STRR,1,0.18725731106133714,0.0,2.8718349196188973e-07,42
STRS,1,0.4694503943569616,0.0,0.0004773252147440976,40
STRT,1,0.28439983194100077,0.0,4.36164208421078e-07,42
STX,1,0.7043893886476611,0.0,4.460557638316541e-12,57
STXS,1,0.2881552049600009,0.0,4.419235623875578e-07,42
SRTS,1,0.22605566644050412,0.0,3.466858265676263e-07,42
SRXH,1,0.0983481779396202,0.0,1.3489382119416775e-07,29
SSBI,1,0.2369451677579482,0.0,7.585296881787111e-10,10
SSL,1,0.5963276846525726,0.0,1.7753420080294195e-09,10
SSNC,1,0.6296894030243837,0.0,1.3302520282036583e-06,29
SSP,1,0.5722816789761735,0.0,4.5700338019234745e-10,4
SSRM,1,0.7025610778141994,0.0,1.5818945936733574e-10,26
SSSS,1,0.34993922557355017,0.0,5.366774103769274e-07,42
SWX,1,0.6801275906970053,0.0,9.850667241133397e-10,8
STEX,1,0.16839823656228095,0.0,2.582606432939303e-07,42
STGW,1,0.34497962233923163,0.0,2.5670788014919733e-06,4
STKL,1,0.32160677868361776,0.0,2.393155683737797e-06,4
STKS,1,0.3884032703433076,0.0,2.8902049198372176e-06,4
STLA,1,0.5868291645871179,0.0,4.56309223904692e-13,31
STN,1,0.5209388204749501,0.0,6.99256086060067e-08,54
CSL,1,0.5979555107764573,0.0,6.378932838398808e-08,16
CSPI,1,0.24398530202515584,0.0,3.741832595255635e-07,42
CSR,1,0.6290730893250491,0.0,4.435894960446281e-11,11
CSTE,1,0.29934547167025144,0.0,2.227503785402456e-06,4
CSTM,1,0.6056984818327739,0.0,1.6767651075151149e-15,24
CSV,1,0.4751404999711397,0.0,1.1885211017514271e-07,29
CSW,1,0.5960847213382368,0.0,4.4356140274736935e-06,4
BSM,1,0.5882081536869188,0.0,4.134559054890269e-09,10
BSX,1,0.6580933758618198,0.0,2.5822432296494256e-11,50
SUN,1,0.6488507051238236,0.0,2.3467617846204203e-09,10
SUNE,1,0.15240962639637126,0.0,1.8048081728982334e-11,5
SUPN,1,0.3535371178015752,0.0,1.772941424883359e-09,20
SUZ,1,0.33585070049053695,0.0,1.8067383110569532e-13,24
BUI,1,0.6957878278287241,0.0,4.2373895164340836e-07,29
CRT,1,0.4745472673026709,0.0,3.3356281934818844e-09,10
CRTO,1,0.3521671521630336,0.0,2.620562990849758e-06,4
CRUS,1,0.6728543757803677,0.0,1.112665425169585e-11,57
CRDF,1,0.2664490935989055,0.0,1.3362066157540074e-09,20
CREG,1,0.15747205051166624,0.0,1.3867745001209206e-16,24
CREX,1,0.15672447126956746,0.0,2.403574027630482e-07,42
CRH,1,0.6537463855970841,0.0,4.864688750710654e-06,4
CRI,1,0.5349285385845041,0.0,3.8813407048671583e-10,48
SVA,1,0.13688373836314752,0.0,4.381821039841422e-11,4
SW,1,0.26837632075416623,0.0,4.973544509970866e-07,29
SWBI,1,0.6351456158887477,0.0,2.4320484718683726e-10,4
AHRT,1,0.7249490326130418,0.0,5.08575461838375e-10,11
TARA,1,0.2582545154347745,0.0,1.9952456754520588e-11,10
TATT,1,0.20442549528488288,0.0,3.014190250919332e-07,29
SXC,1,0.5487817620263634,0.0,3.1245069363356594e-14,24
SXI,1,0.6235258921436204,0.0,4.6398105750405915e-06,4
SXT,1,0.5695579180818799,0.0,1.8482740065858817e-11,31
SYNA,1,0.6044532156586466,0.0,1.8926429891167893e-10,57
SYPR,1,0.1753937352051033,0.0,1.8140317137897873e-09,42
SYRE,1,0.25257084416625974,0.0,1.2666090485510727e-09,20
TAC,1,0.46995828249160493,0.0,6.308249189939692e-08,54
TAK,1,0.39494053385434025,0.0,8.343326783909385e-07,29
TANH,1,0.2086094693671119,0.0,6.813597640653769e-14,59
TAOP,1,0.17014012317132488,0.0,0.00015911239930151076,40
TAP,1,0.4778151506272877,0.0,1.668530583972158e-05,54
STZ,1,0.505083483022664,0.0,9.161181412091156e-16,7
SUIG,1,0.09865329161012265,0.0,3.797573543519453e-17,21
CRMD,1,0.26195721944649075,0.0,4.017455371906922e-07,42
CRMT,1,0.5092609932785669,0.0,1.4915887494814185e-11,31
CRNT,1,0.353404760402774,0.0,5.419922597044594e-07,42
CROX,1,0.5153880295268071,0.0,4.354569117171559e-12,48
CPB,1,0.6641462726045403,0.0,1.4789984501878668e-14,15
CPHC,1,0.16412054818607702,0.0,1.9463167679131587e-11,11
CPHI,1,0.15605076733385775,0.0,2.7961271618418172e-11,4
CPIX,1,0.13346837731829003,0.0,7.002438930787984e-12,20
CPK,1,0.6998301099956522,0.0,1.0136029817139537e-09,8
CPRI,1,0.6103114926707923,0.0,4.099594656833944e-08,48
CPRT,1,0.5620677848671861,0.0,1.5840790494182578e-08,30
CPRX,1,0.4134418019372467,0.0,2.0733554144241226e-09,20
AGPU,1,0.16805554849831875,0.0,2.577350864849369e-07,42
AGRO,1,0.4341533242329562,0.0,7.359460529939814e-14,24
AGX,1,0.4362184119209766,0.0,4.2636796267798645e-12,16
AGYS,1,0.48677143749548235,0.0,7.465274408499632e-07,42
TAYD,1,0.18811116324518456,0.0,7.363539038690457e-12,11
TBBK,1,0.6613980606150536,0.0,0.0008916957397587953,40
TBCH,1,0.3166310472505041,0.0,4.855949778274893e-07,42
TBI,1,0.4479713996062969,0.0,5.010404462814617e-06,41
TBPH,1,0.35567072267948896,0.0,1.7836411683629511e-09,20
TBRG,1,0.3629853013720867,0.0,5.566852679232075e-07,42
TCI,1,0.2710699843802577,0.0,9.465764296957786e-06,54
TCMD,1,0.3725535856191023,0.0,5.713594788608812e-07,42
TCRT,1,0.308510951300314,0.0,1.8967973807325525e-11,20
TCX,1,0.34119261061707146,0.0,2.5388987094417915e-06,4
TDAY,1,0.4519087526078923,0.0,6.930609698832684e-07,42
TAP-A,1,0.15467826766300447,0.0,2.5976161983682195e-07,29
AGEN,1,0.36081581031880483,0.0,1.8094430956506933e-09,20
AGIO,1,0.46870840519522033,0.0,2.3505100478663492e-09,20
AGM-A,1,0.37707140392931204,0.0,4.150440638613738e-06,2
CRK,1,0.5397257388632525,0.0,9.697474469273334e-14,10
COO,1,0.5730134231962609,0.0,2.2484043942431814e-11,50
TGTX,1,0.4039060458247986,0.0,2.025534871200151e-09,20
THM,1,0.46772458585029303,0.0,1.0531340528031992e-10,26
THR,1,0.5810179653608772,0.0,0.0008429645125881938,40
THRM,1,0.611184692251062,0.0,1.983006581585821e-11,31
THW,1,0.7802606084538741,0.0,1.8044085267784414e-07,29
TDOC,1,0.44622314564570265,0.0,3.579029106351452e-15,35
TDW,1,0.5151517307416164,0.0,2.013476224501612e-09,10
TDY,1,0.6785589412123331,0.0,1.43349150147354e-06,29
TECH,1,0.648335836330196,0.0,3.136000779174801e-10,53
TEI,1,0.595331561173818,0.0,8.687788454497968e-08,29
TEN,1,0.6207970465589466,0.0,1.3236232907459936e-14,49
TENX,1,0.1301265513318666,0.0,2.034893401929198e-09,42
TEO,1,0.6311687317151171,0.0,3.067106544616975e-13,24
TEVA,1,0.4140264772168235,0.0,1.9470398372166808e-08,4
TFII,1,0.4964640257386016,0.0,1.1677249917263257e-12,16
TFX,1,0.578700895561915,0.0,2.270721039839104e-11,50
TG,1,0.5109152693534594,0.0,0.0006688660147670222,40
TGEN,1,0.1716331889029753,0.0,1.142904922330159e-12,16
TGLS,1,0.45287822880094103,0.0,6.945477879781936e-07,42
TGT,1,0.4744781553975761,0.0,6.230118016311901e-16,55
CPS,1,0.5021182601852398,0.0,1.5015673942947577e-11,31
CPSH,1,0.24949725034291043,0.0,1.842337338978956e-11,42
CPSS,1,0.2753720544122286,0.0,5.4125484407674694e-11,55
CQP,1,0.6315171392766753,0.0,2.2840697823019636e-09,10
CRAI,1,0.48616710579047495,0.0,0.00047717086914743405,40
CRBP,1,0.25000740046943987,0.0,1.2806636201129509e-09,20
CRD-B,1,0.7783693356116858,0.0,1.3559683968043302e-11,31
COHN,1,0.19249654050572437,0.0,1.5461921642271905e-13,5
COHU,1,0.6701326879980607,0.0,2.5036921631730576e-10,57
COKE,1,0.3847262984955148,0.0,7.815136466021951e-11,15
COLL,1,0.3370091638686808,0.0,1.7263304003961718e-09,20
TOVX,1,0.21291286559069125,0.0,3.26529628548933e-07,42
TPB,1,0.30451953805372317,0.0,2.2660052946813384e-06,4
TPCS,1,0.14928580258764285,0.0,1.9944258098656398e-07,29
TILE,1,0.6128561145746716,0.0,0.0007660107057474114,40
TIPT,1,0.46487265428018915,0.0,0.0005844526856694509,40
TISI,1,0.308291769904004,0.0,4.7280560914956e-07,42
TITN,1,0.5017574002879823,0.0,9.435417786184683e-08,16
TKC,1,0.2793093879273039,0.0,1.7801963377353835e-10,22
TKO,1,0.34234145107276615,0.0,6.374545760354132e-05,54
TLF,1,0.213479125112496,0.0,2.1419536861027844e-11,5
TLK,1,0.38149175335097224,0.0,7.069797402935346e-07,29
TLPH,1,0.2546251546685122,0.0,3.9050086025769834e-07,42
TLYS,1,0.40645927246666397,0.0,6.617915959780191e-14,48
TM,1,0.7329767589447732,0.0,1.1791916337762685e-10,54
TMQ,1,0.23136411575991522,0.0,4.367363342585996e-12,24
TFIN,1,0.6984477754951917,0.0,0.0010133364607287526,40
TNXP,1,0.1621803014848945,0.0,2.6112206666281214e-09,42
TOMZ,1,0.08704436701404782,0.0,2.6533782563107924e-16,20
CORT,1,0.2815202875609731,0.0,1.411786640431766e-09,20
COSM,1,0.11197607454508895,0.0,5.9545936944401064e-12,20
COTY,1,0.4816675460747998,0.0,4.48726222597183e-12,18
CPA,1,0.6318458909717534,0.0,7.106673097777665e-13,18
CPAC,1,0.13095108876364114,0.0,4.463038769659319e-10,29
CNDT,1,0.4420640212216206,0.0,0.0005556215549416073,40
CNET,1,0.17433496121492004,0.0,1.907882896177592e-16,22
CNH,1,0.7037236187891837,0.0,1.3718693281487854e-09,16
CNI,1,0.7842090715724964,0.0,1.18141387951929e-13,16
CNS,1,0.6546630540023393,0.0,4.871509907320344e-06,4
CNTY,1,0.5247081182108849,0.0,6.222549195959383e-11,11
TONX,1,0.13151287973892625,0.0,2.0587324660353126e-09,42
TOON,1,0.24219134257201383,0.0,6.074401478962388e-15,11
TOUR,1,0.3272986602883577,0.0,1.0617639652714088e-15,22
CMCT,1,0.15240996811414992,0.0,9.617787750349863e-07,40
CMP,1,0.4780941623128883,0.0,3.5576170582723138e-06,4
AEYE,1,0.24631857771997218,0.0,3.777616419019192e-07,42
AFB,1,0.678543455179192,0.0,5.3492893685048e-10,33
AFBI,1,0.23554773833633658,0.0,5.189464652186031e-05,40
TRNS,1,0.42040128787249637,0.0,6.447401663094489e-07,42
TROO,1,0.11783213798867197,0.0,7.145821835542806e-12,42
TPR,1,0.6576756801091761,0.0,5.532833938033572e-10,48
TRAK,1,0.3242620048137616,0.0,4.972980458017297e-07,42
TREE,1,0.4757635255544622,0.0,7.296453732152932e-07,42
TREX,1,0.615238842439636,0.0,1.5524079881798803e-11,55
TRI,1,0.5288146574683134,0.0,2.3593971981593293e-10,30
AEF,1,0.7169845957836493,0.0,4.5697473981685223e-10,22
TMUS,1,0.4359290881481928,0.0,1.1597187630292528e-08,0
TNC,1,0.5735785347151553,0.0,5.090653974674775e-10,4
TNDM,1,0.36179063292144487,0.0,2.3950209547092498e-15,50
TSCO,1,0.5423848963222601,0.0,6.109344910337229e-13,55
TSEM,1,0.5280755871689428,0.0,5.999869197545393e-09,57
TSI,1,0.48865960745032405,0.0,7.647808220724579e-08,29
TSLA,1,0.49075402029285586,0.0,1.7249530526232563e-07,29
AEG,1,0.7239504512722595,0.0,8.935543968271927e-11,7
AER,1,0.6640873050840463,0.0,8.936936783690239e-11,11
AES,1,0.5428208035695486,0.0,2.974463906320278e-09,8
CNX,1,0.676094064985426,0.0,1.2147643784596096e-13,10
CNXN,1,0.43699185288625575,0.0,2.9589538055425668e-08,4
COCP,1,0.1680749661248341,0.0,1.0911468322178315e-11,42
CODA,1,0.17517690553393855,0.0,1.9174288731687487e-08,16
CODI,1,0.39189254793946166,0.0,1.2972563057101688e-08,29
COE,1,0.2824848016352096,0.0,2.97583374581632e-16,22
COFS,1,0.3266134905148009,0.0,0.0003389644918437667,40
CMCM,1,0.3089597000261297,0.0,3.604945709468941e-15,22
CMCO,1,0.5952743734273924,0.0,4.429584027992404e-06,4
TRVG,1,0.3304492274581597,0.0,1.5923468947453248e-15,11
CMPR,1,0.50793828008008,0.0,3.7796945292541577e-06,4
CMT,1,0.23951437249986782,0.0,2.550722657665843e-06,40
CMTL,1,0.3934142974451685,0.0,6.033520992453767e-07,42
CMTV,1,0.1502265111042219,0.0,1.7540263747145496e-08,54
CMU,1,0.6393428115508322,0.0,2.035957338746792e-11,33
CLMB,1,0.30721922455188844,0.0,4.711607210660905e-07,42
CLMT,1,0.40539130478341523,0.0,1.9163803054778502e-09,10
CLNE,1,0.49492990402731246,0.0,7.590395125783263e-07,42
CLPR,1,0.4379508172204575,0.0,3.650887280837859e-10,11
CLPT,1,0.2595603899358491,0.0,1.3617875136018601e-11,20
CLRB,1,0.19864557837757865,0.0,9.96181043356448e-10,20
CLRO,1,0.1387347952402516,0.0,4.196691077790201e-07,54
CLS,1,0.5723723867457742,0.0,5.36530826298068e-10,4
TRX,1,0.44994435673907024,0.0,1.0130998848464983e-10,26
TSAT,1,0.4335969988999374,0.0,6.64977508981376e-07,42
TWLO,1,0.541279748143799,0.0,5.025386123174636e-15,35
TWN,1,0.5755237181351768,0.0,1.3754083680374624e-10,57
TX,1,0.6259812081856213,0.0,3.8153269621832904e-13,24
TXMD,1,0.25511551098946905,0.0,3.912528855845574e-07,42
TSQ,1,0.3965725780032167,0.0,6.08195734103278e-07,42
TSSI,1,0.11385346353501104,0.0,9.197828536843917e-13,16
TTC,1,0.5894818680622054,0.0,1.2238687968614862e-09,16
TTD,1,0.5063832784242283,0.0,3.104682089464309e-09,59
TTEC,1,0.4130358778001818,0.0,3.0735022520078075e-06,4
TTGT,1,0.42792928257340357,0.0,6.562853273150135e-07,42
TTI,1,0.5340020979070451,0.0,2.735104331196602e-09,10
TTMI,1,0.5500257496085693,0.0,7.37076414579318e-12,4
TU,1,0.7387129656631239,0.0,5.9034700040365825e-12,8
TRS,1,0.5680793652753618,0.0,0.000794887747188303,40
TRT,1,0.1900827179532543,0.0,2.255351328656469e-07,29
TRUP,1,0.3844648922764132,0.0,5.896270200333975e-07,42
CL,1,0.7223018031440497,0.0,2.956950378691033e-13,15
CLAR,1,0.47000373315959343,0.0,7.20811980897765e-07,42
UAN,1,0.46932109764022917,0.0,5.057073139846268e-12,10
UAVS,1,0.21527359208721375,0.0,3.3015011030739784e-07,42
UBCP,1,0.16690357851858792,0.0,2.3158706471526314e-13,14
UCIB,1,0.45342831365246267,0.0,7.770982882470849e-11,10
UEIC,1,0.35848904671073034,0.0,5.497896753982655e-07,42
TULP,1,0.11186307331648383,0.0,3.077288913663325e-11,29
TUSK,1,0.35298156890504423,0.0,1.8079356276820873e-09,10
TV,1,0.5466572643996693,0.0,1.4802428109588509e-08,32
TVE,1,0.39707163974114085,0.0,4.692933299031132e-13,29
TVRD,1,0.259758845284009,0.0,1.3026559140635592e-09,20
TVTX,1,0.41586128652866816,0.0,2.085488806482332e-09,20
TWAV,1,0.15872435415181055,0.0,2.434244838098755e-07,42
TWI,1,0.47329362931456015,0.0,1.2832515230597746e-11,16
TWIN,1,0.3816268197708723,0.0,5.852744659570793e-07,42
ULTA,1,0.5223670173658419,0.0,4.575524273365277e-10,4
TXNM,1,0.6690015831023568,0.0,1.9511514683430492e-09,8
TXRH,1,0.7071888772476279,0.0,3.3173188447071765e-13,19
TYL,1,0.5807201244276093,0.0,8.459734208824278e-11,35
TZOO,1,0.38667442329292157,0.0,5.930156238177896e-07,42
UA,1,0.9775740228528278,0.0,8.201202844254539e-12,48
UAMY,1,0.22934562566906425,0.0,4.338673782514679e-14,26
CLSK,1,0.33675081153401265,0.0,5.2715736277000235e-09,42
CLW,1,0.4140677474482789,0.0,4.8095619405069264e-08,31
CLX,1,0.5925165900437593,0.0,1.1286288624761155e-14,15
CMBT,1,0.6407784508280847,0.0,4.991335858584963e-12,49
CMCL,1,0.4523948163075342,0.0,1.0186173677383847e-10,26
CIK,1,0.6672128645926851,0.0,3.45586533253954e-07,29
CIVB,1,0.6896044219377959,0.0,0.0007983309022489386,40
CIX,1,0.30976618345452855,0.0,1.6193146426870604e-05,1
CKX,1,0.10036365678893672,0.0,1.1031877374747553e-16,31
BWG,1,0.6892670938513719,0.0,1.0058607825552198e-07,29
BWXT,1,0.5549028432656063,0.0,5.067316345073566e-10,4
UONE,1,0.5516987844685413,0.0,3.9483665627648704e-15,5
UPLD,1,0.37828338766360714,0.0,5.801468770674512e-07,42
UPS,1,0.6170468668608227,0.0,3.732391854737682e-08,4
UFCS,1,0.5789124057881077,0.0,1.8165336094236984e-07,54
UFI,1,0.38353886148032784,0.0,2.8540076488527224e-06,4
UFPT,1,0.43612895601246326,0.0,6.688605952061539e-07,42
UG,1,0.19199781910350136,0.0,3.3369094633166783e-07,29
UGI,1,0.6826984069169119,0.0,4.108787645209011e-10,8
UHAL,1,0.5417603632801042,0.0,4.031373026135578e-06,4
UI,1,0.4436814746315867,0.0,6.804433668365319e-07,42
UIS,1,0.4176305828451008,0.0,3.107692590091946e-06,4
UL,1,0.5240918110673783,0.0,2.145522506695153e-13,15
ULBI,1,0.3174671818776165,0.0,4.868772992525001e-07,42
ULH,1,0.47670483285483695,0.0,1.6173300625589002e-14,16
UMH,1,0.6495660120074389,0.0,4.580400348856964e-11,11
UNB,1,0.37952329366294685,0.0,2.9401773016176736e-08,47
UNF,1,0.5279328448745451,0.0,1.8749618611759696e-08,43
UNFI,1,0.2725776081131976,0.0,1.8308426480514216e-13,45
UNIT,1,0.4438494551977132,0.0,3.3027937121785533e-06,4
CLDX,1,0.3477681860264376,0.0,1.7440110025806132e-09,20
CLF,1,0.6557654246272656,0.0,2.3248538760098693e-14,24
CLFD,1,0.48673809510831173,0.0,7.464763059536875e-07,42
CLH,1,0.6707468156235442,0.0,1.4169879747202712e-06,29
CLIR,1,0.24433403513474958,0.0,4.541849700063044e-12,14
CLLS,1,0.3604766655249287,0.0,1.8077423298085838e-09,20
CLM,1,0.942660644540999,0.0,3.2514914052448184e-08,29
BVN,1,0.6617311728585461,0.0,1.489961511010265e-10,26
BW,1,0.35856997235162075,0.0,5.499137854156976e-07,42
BWA,1,0.7619390471257251,0.0,2.4721334721178946e-11,31
BWEN,1,0.2998510311110018,0.0,4.5986063611983935e-07,42
UTMD,1,0.3853508258401931,0.0,0.0004832626505673591,40
UTSI,1,0.13319257616831578,0.0,1.5544646684391645e-15,22
UUU,1,0.21699767407640844,0.0,7.054263027408261e-17,11
URG,1,0.6688468742247369,0.0,2.106109072127874e-10,42
URGN,1,0.31585512616917993,0.0,1.5839712699870963e-09,20
USAC,1,0.6921127858894093,0.0,3.0296225069209544e-08,10
USAS,1,0.5822704146223973,0.0,1.3110467556776202e-10,26
USAU,1,0.3645959585774701,0.0,8.209284518765942e-11,26
USBC,1,0.08328198555821045,0.0,4.948618470026716e-12,59
USIO,1,0.21272003559025468,0.0,3.262338986115202e-07,42
USLM,1,0.48038065121006296,0.0,3.5746313883883417e-06,4
USNA,1,0.4558369329198932,0.0,4.54008469451036e-10,31
USPH,1,0.5417059539596694,0.0,4.0309681529081545e-06,4
UTHR,1,0.4026046752322089,0.0,2.0190086715008838e-09,20
UTI,1,0.3298406999164261,0.0,2.4544263307011325e-06,4
UMC,1,0.5223736297463646,0.0,2.6479248028755284e-12,57
ADEA,1,0.4554163703745666,0.0,6.984403588800956e-07,42
ADM,1,0.6574531168460974,0.0,3.8466972517543523e-10,4
ADMA,1,0.3110726295382491,0.0,4.770704198311305e-07,42
ADNT,1,0.7014884021788912,0.0,2.2759995957991234e-11,31
BXC,1,0.48797470577737995,0.0,3.901637019380684e-14,55
CIG-C,1,0.5224847749048416,0.0,2.055602623678425e-15,24
CIIT,1,0.09681875780138652,0.0,2.379841585069743e-09,4
CHRD,1,0.33295176675427784,0.0,9.383216988166553e-10,10
CHRS,1,0.38104413979258656,0.0,1.9108854660870507e-09,20
CHRW,1,0.5751767245794558,0.0,1.567891392950126e-14,16
CHSCL,1,0.7060402763441574,0.0,1.2377925522290044e-10,29
CHSCP,1,0.4884320431314899,0.0,7.296609053173353e-11,29
ADTN,1,0.44324401087962423,0.0,6.797724591577717e-07,42
ADUS,1,0.3973107455347184,0.0,2.5167862171825003e-12,52
AEC,1,0.26073780910102234,0.0,8.210283833642643e-11,42
UTL,1,0.6651015891138323,0.0,1.210740816164281e-09,8
CHDN,1,0.6555690655883226,0.0,1.0218233927293968e-13,58
VIASP,1,0.5094213467610176,0.0,3.1024064921490033e-07,29
VIAV,1,0.536891564130223,0.0,1.5297109138450026e-13,57
VICR,1,0.48480987985568674,0.0,1.4809514342921438e-10,57
VIPS,1,0.5406545546406171,0.0,8.444820694865336e-15,22
VIRC,1,0.20408404669073146,0.0,0.0002805395369331766,40
VIRT,1,0.20741566939167438,0.0,1.06339777713351e-08,54
VIV,1,0.7968124291459374,0.0,8.630740854890535e-15,24
UVV,1,0.4158843526537524,0.0,2.7420695669426736e-12,15
VABK,1,0.2579786465478807,0.0,1.4497868104538435e-06,56
VALU,1,0.3171809550039331,0.0,1.148424468697008e-06,34
VATE,1,0.3288715037938439,0.0,5.043673132486929e-07,42
VBF,1,0.4470254975241909,0.0,3.1152372049591108e-09,29
VC,1,0.722191078816108,0.0,2.3431700324851604e-11,31
VCEL,1,0.450464913767138,0.0,6.908466548438879e-07,42
AD,1,0.8772251633138942,0.0,2.468784518070617e-08,51
VEON,1,0.37210850096467535,0.0,7.1849693081396405e-09,29
VFC,1,0.5798925806338415,0.0,3.895264227620377e-08,48
VFL,1,0.6446237499584389,0.0,4.30544149241782e-10,33
VGZ,1,0.5312760017145943,0.0,1.1962271502364423e-10,26
VHI,1,0.44186476949699155,0.0,3.60174340100718e-16,31
CHT,1,0.34980403634530055,0.0,2.22949850911592e-10,22
CI,1,0.6593884644545951,0.0,2.3489029853461565e-09,21
CIA,1,0.3598066680142936,0.0,0.0005034611873687361,40
CIEN,1,0.5652186465356421,0.0,1.610420064036837e-13,57
CIF,1,0.6099689685877773,0.0,1.8926061557409296e-07,29
BVFL,1,0.18272836666711945,0.0,2.535446879248989e-13,14
CGC,1,0.6697533170499608,0.0,7.851106565339873e-09,42
CGEN,1,0.36063670913275947,0.0,5.530833956296226e-07,42
CGNX,1,0.5749888236238185,0.0,2.1482238339123495e-10,57
CHCI,1,0.14153557626870597,0.0,1.0864201734466848e-07,29
CHCT,1,0.6536725688854286,0.0,1.5462519521987522e-11,11
VIVS,1,0.20025379428880186,0.0,1.4901380746823077e-06,4
VLRS,1,0.5132257188287067,0.0,1.3897166107027905e-08,32
CHEF,1,0.6530505052637017,0.0,4.253388659342539e-12,11
CHKP,1,0.4337223315905274,0.0,3.614299655629345e-15,35
CHNR,1,0.17165398757644773,0.0,3.0912047329963817e-16,59
CELH,1,0.3369909433901859,0.0,5.168195320850622e-07,42
CELZ,1,0.0957519455216217,0.0,6.851914342643052e-10,42
CENX,1,0.6956266723013212,0.0,3.2213150264637e-13,24
CERS,1,0.4743097823025394,0.0,7.27415868470533e-07,42
VNCE,1,0.26373358283697923,0.0,5.571510839939655e-07,29
VNDA,1,0.36886381971265975,0.0,1.8498027877975354e-09,20
VNET,1,0.5146325918339055,0.0,4.890573430880907e-15,22
VNRX,1,0.2027718286455298,0.0,1.402072839288203e-10,29
VOC,1,0.4486110870761222,0.0,3.1533208451123815e-09,10
VOD,1,0.4979514698600986,0.0,5.66560904553603e-13,7
VPG,1,0.5311205063903202,0.0,2.5288966094156315e-13,57
VRA,1,0.4568100702486377,0.0,3.212598207481365e-10,48
VRDN,1,0.23413909695957333,0.0,1.1741762982167752e-09,20
VRE,1,0.6506944841916218,0.0,3.785713745080337e-10,11
VREX,1,0.43622141127788344,0.0,6.69002387405471e-07,42
VRME,1,0.1322472785640099,0.0,5.5854580711019304e-11,29
VRNS,1,0.5041781939979185,0.0,8.562680428247934e-15,35
VRRM,1,0.5411598216449789,0.0,4.026904247108894e-06,4
VRSK,1,0.6186183740209575,0.0,1.743455918043131e-08,30
VRSN,1,0.5775629837519877,0.0,4.034206297094091e-09,35
VRTS,1,0.6456309754283159,0.0,7.580598674857537e-08,54
VRTX,1,0.536967583397828,0.0,2.692820709252653e-09,20
VS,1,0.11985034053396078,0.0,4.691445888711288e-12,20
VSA,1,0.10858908906551551,0.0,1.1487945622981399e-12,0
VSAT,1,0.46659704367563143,0.0,7.155873785765699e-07,42
VSEC,1,0.5239017620978912,0.0,8.03471632863279e-07,42
VIVK,1,0.10561783213449767,0.0,3.335129610025868e-12,42
ACU,1,0.21952375946989713,0.0,2.549855971885413e-08,31
VZ,1,0.6752440647001114,0.0,7.461657373567546e-08,54
WAB,1,0.6770160887240947,0.0,4.313906663785165e-06,16
WAT,1,0.7323981828271424,0.0,3.5426103922669785e-10,53
VSTM,1,0.3292529605284191,0.0,1.6511596197653842e-09,20
VTGN,1,0.21455932241774492,0.0,1.1332202960587587e-11,20
VTOL,1,0.5274425383912973,0.0,3.936845485396521e-09,10
VTSI,1,0.18070778879479538,0.0,2.771389459597995e-07,42
VTVT,1,0.15060348977152133,0.0,2.1274635437189138e-07,29
VVV,1,0.5694331035984971,0.0,1.2029574221037214e-06,29
VVX,1,0.37778603661262367,0.0,2.8111994543673868e-06,4
VYGR,1,0.4124399218525189,0.0,2.068331119619181e-09,20
VYX,1,0.6070674340583244,0.0,4.5173391126118605e-06,4
ACHV,1,0.18720580187602165,0.0,2.871044959129604e-07,42
ACIC,1,0.29450342491604986,0.0,6.094206612281866e-15,44
ACIU,1,0.2843672606538835,0.0,1.4260638302257964e-09,20
ACNT,1,0.2726717751926407,0.0,9.521698834740395e-06,54
ACR,1,0.6338110740961425,0.0,4.4193655637896613e-13,14
CETX,1,0.16663177177226515,0.0,1.6334470424901554e-13,55
CEV,1,0.6650885964642046,0.0,3.470700162289576e-10,33
CEVA,1,0.5922478152878431,0.0,1.8091426912864928e-10,57
CFBK,1,0.2027958652219069,0.0,3.513989026853337e-05,40
CFFI,1,0.4877251278614111,0.0,0.0006731325162097604,40
CGAU,1,0.6407415897055121,0.0,1.4427011246545396e-10,26
CCLD,1,0.20346931375541008,0.0,3.1204671102116484e-07,42
CCM,1,0.12510622661088885,0.0,6.185006803298163e-11,33
CCO,1,0.47627760464407115,0.0,3.544099602801505e-06,4
CCOI,1,0.3432298447317891,0.0,2.5540582729954434e-06,4
CCU,1,0.5293913742131986,0.0,3.1505543539039976e-10,12
CD,1,0.17041223267823694,0.0,8.918856267020731e-12,20
ACRS,1,0.22770810795513843,0.0,1.1419257473393249e-09,20
ACTG,1,0.3502258108521231,0.0,5.371169262525897e-07,42
WCC,1,0.6769741019124513,0.0,1.2730322419347638e-07,16
WD,1,0.6027486912613608,0.0,4.485202277954778e-06,4
CDNA,1,0.4065465749694063,0.0,7.683891729339201e-09,42
CDZI,1,0.28813716112719495,0.0,4.418958898182775e-07,42
CE,1,0.7040634329730832,0.0,5.002314887156173e-13,31
CECO,1,0.44576827797110613,0.0,6.836437517330301e-07,42
CBAT,1,0.2486116012680127,0.0,2.1856086787595201e-16,24
CBFV,1,0.3230177306869367,0.0,0.00039513832333096303,40
CBIO,1,0.242459451920297,0.0,1.2159017670045802e-09,20
CBOE,1,0.5600792750551863,0.0,1.3235859197244392e-13,30
CBRL,1,0.6388221754622638,0.0,7.972300830534063e-16,19
WDFC,1,0.3632337038310786,0.0,2.2119706847584365e-13,31
WDS,1,0.6313055952319486,0.0,4.712082172983024e-09,10
WEA,1,0.559198300277782,0.0,1.7350753888943561e-07,29
WEYS,1,0.4918787914891081,0.0,5.86443506542319e-06,47
ACIW,1,0.5879723790827136,0.0,4.375248079788478e-06,4
WMT,1,0.5649567007041298,0.0,3.115167180185092e-14,55
WNC,1,0.5661242811558735,0.0,1.0645820287930245e-07,16
WF,1,0.7143157943827295,0.0,1.6247788420152544e-13,22
WFCF,1,0.2806577555868789,0.0,9.737539656244102e-12,20
WFG,1,0.5590596764525391,0.0,4.779711993325158e-15,55
WGO,1,0.7906918941088396,0.0,7.006392396021231e-10,4
WHG,1,0.49210977835196296,0.0,1.0396078250760905e-06,29
WHLR,1,0.1554698969085487,0.0,1.1570954514500491e-09,42
WHLRP,1,0.25858009033800333,0.0,6.883384274644654e-08,29
WHR,1,0.6197999790873375,0.0,1.5639169245154793e-11,55
WIA,1,0.6386279707014816,0.0,2.3988830747007906e-09,29
WILC,1,0.19506221401697912,0.0,3.572791954653146e-08,29
WINA,1,0.47694246232805193,0.0,3.5490469734751197e-06,4
WING,1,0.4132970970266383,0.0,7.676632450869009e-09,29
WIT,1,0.588122672832058,0.0,3.296401903578578e-15,0
WIX,1,0.5570314002013265,0.0,9.460241171137738e-15,35
WKHS,1,0.2653184079841301,0.0,4.0690035788051377e-07,42
WKSP,1,0.1280811782933443,0.0,8.228699058758674e-12,20
WLDN,1,0.41370060578652795,0.0,3.078448657569203e-06,4
WLFC,1,0.46811343113198944,0.0,0.00019308880562810858,54
WLKP,1,0.5116358529448638,0.0,2.2396111255903605e-08,10
CCEL,1,0.14558664385095632,0.0,8.97397892197334e-09,29
CCEP,1,0.5364501754401052,0.0,1.0897178941911356e-10,15
CCJ,1,0.6703620400299317,0.0,9.27944586545229e-14,42
BYRN,1,0.13078589022031928,0.0,9.869484420399176e-15,16
BYSI,1,0.17974129218669893,0.0,9.013785731329084e-10,20
BZUN,1,0.5756939685555695,0.0,1.7124115382939967e-13,22
CAAS,1,0.17492817511844483,0.0,2.682751551237899e-07,42
CABO,1,0.5032524462908752,0.0,4.92328334361441e-10,54
CACC,1,0.5498982100223786,0.0,3.2415200173571126e-05,54
WLYB,1,0.5562429330230635,0.0,2.859079263888195e-08,4
WMS,1,0.5918009554692099,0.0,4.403737464799168e-06,4
CAPR,1,0.18504152284931027,0.0,2.83785291952663e-07,42
CAPS,1,0.08257794067432492,0.0,8.679271210880576e-17,35
WVVIP,1,0.07914710781091176,0.0,6.162181278448326e-15,42
WWW,1,0.5578262898255261,0.0,3.923012767961805e-10,48
ABEV,1,0.6480858786853995,0.0,2.3547816309542295e-14,24
WNEB,1,0.634319219699464,0.0,0.0008719526246555114,40
WOR,1,0.6548154319093585,0.0,2.347836220083333e-14,24
WPP,1,0.575750536574935,0.0,1.7119378650398287e-06,54
WRLD,1,0.4642847202222477,0.0,0.0001293604268978984,54
WRN,1,0.4057407931975451,0.0,4.0736754982080863e-13,24
WSBF,1,0.6703947006907855,0.0,0.0008407318688775691,40
WSC,1,0.5984529029503617,0.0,9.178055236916775e-07,42
WSO-B,1,0.30919251040361245,0.0,3.458559380965546e-14,16
WST,1,0.4675606850202627,0.0,5.076078877968687e-12,53
WT,1,0.5934019975553015,0.0,0.0002726841321290292,54
WKC,1,0.548837949888464,0.0,6.779802305632716e-10,10
WTI,1,0.6492110002830075,0.0,2.8733061609647487e-09,10
WTM,1,0.461658154174712,0.0,1.6121103497228684e-05,54
WTW,1,0.6922464674554596,0.0,1.0407064769725547e-07,54
WU,1,0.4808409452231718,0.0,4.590174313570268e-09,54
WULF,1,0.314440410567311,0.0,4.922321547774419e-09,42
WVE,1,0.2698361619901106,0.0,1.353192311329079e-09,20
WVVI,1,0.1407338183646128,0.0,5.075686837965103e-11,11
CAE,1,0.6158144417051276,0.0,1.3009404416539573e-06,29
CAF,1,0.63968267036495,0.0,8.546626815916844e-12,22
CAG,1,0.5923086814046901,0.0,1.3190291887881823e-14,15
CBAN,1,0.47308628839577455,0.0,0.0006597325602250625,40
CALM,1,0.2609057913160561,0.0,0.00036507366640059914,40
CALX,1,0.4585478649451011,0.0,7.032429139350978e-07,42
CAMT,1,0.6393269687982112,0.0,1.7839720815885442e-10,57
CANF,1,0.13672264908042042,0.0,1.1199827443386452e-11,20
CAPL,1,0.6399987373661971,0.0,6.554033016120859e-09,10
AAON,1,0.5280276963833429,0.0,4.874059405557464e-10,16
ABEO,1,0.3016899759701425,0.0,1.5129349337617125e-09,20
YRD,1,0.34617356195939003,0.0,4.6251314543774416e-12,22
YTRA,1,0.34584585447052446,0.0,5.848498536509465e-10,10
ZYME,1,0.3392947874970175,0.0,1.7015180407376483e-09,20
YUMC,1,0.49396765879317367,0.0,5.586808172813968e-16,22
Z,1,0.9925462091184284,0.0,1.802889980699233e-08,42
ZBH,1,0.6504656124088689,0.0,2.5523132216027915e-11,50
YHGJ,1,0.12381465052765332,0.0,1.879972372776537e-14,48
ZUMZ,1,0.557491762671901,0.0,9.07698263454193e-14,48
ZVRA,1,0.2325414423267519,0.0,1.166164273630064e-09,20
ZWS,1,0.640101671388095,0.0,2.733010675015536e-06,16
ABAT,1,0.1845597302632495,0.0,2.830464002293879e-07,42
ABM,1,0.5400146719383102,0.0,0.0007376850430635027,40
ABR,1,0.7104784010154922,0.0,1.462659443652013e-11,14
ABTS,1,0.17792008751448377,0.0,9.865135915267614e-11,10
XWEL,1,0.20369102719119472,0.0,3.488036192716525e-07,29
XWIN,1,0.15836676637201616,0.0,2.0117218740277927e-12,22
XXII,1,0.23670268369061087,0.0,3.630144151579838e-07,42
YDKG,1,0.16222053209945453,0.0,1.516599872670387e-09,42
YELP,1,0.500345772332395,0.0,3.723196798874956e-06,4
YEXT,1,0.4224466160456652,0.0,7.174703026421924e-15,35
XPO,1,0.6402176938833772,0.0,1.5058454762805326e-12,16
XPRO,1,0.6250027546761641,0.0,2.4428301636587677e-09,10
XRN,1,0.5974727354829223,0.0,2.2725049537634055e-10,11
XRX,1,0.5149283100102253,0.0,7.897096745670892e-07,42
XTIA,1,0.14384392365056844,0.0,2.2060340425355626e-07,42
XTLB,1,0.12759246987512662,0.0,1.0154318704003988e-07,29
XTNT,1,0.1252713395721137,0.0,3.249115812248202e-13,42
AB,1,0.679181045102609,0.0,1.4348057287065505e-06,29
AAPL,1,0.6642433696206541,0.0,8.32115788062322e-07,29
AAP,1,0.5202479025662207,0.0,5.673246972492078e-12,27
