Symbol,Security Name,Exchange,Yahoo Symbol
A,"Agilent Technologies, Inc. Common Stock",N,A
AA,Alcoa Corporation Common Stock ,N,AA
AACB,Artius II Acquisition Inc. - Class A Ordinary Shares,NASDAQ,AACB
AACBR,Artius II Acquisition Inc. - Rights,NASDAQ,AACBR
AACBU,Artius II Acquisition Inc. - Units,NASDAQ,AACBU
AACG,"ATA Creativity Global - American Depositary Shares, each representing two common shares",NASDAQ,AACG
AACI,Armada Acquisition Corp. III - Class A Ordinary Share,NASDAQ,AACI
AACIU,Armada Acquisition Corp. III - Units,NASDAQ,AACIU
AACIW,Armada Acquisition Corp. III - Warrant,NASDAQ,AACIW
AACO,Abony Acquisition Corp. I - Class A Ordinary Share,NASDAQ,AACO
AACOU,Abony Acquisition Corp. I - Units,NASDAQ,AACOU
AACOW,Abony Acquisition Corp. I - Warrants,NASDAQ,AACOW
AACPU,Apogee Acquisition Corp - Units,NASDAQ,AACPU
AAL,"American Airlines Group, Inc. - Common Stock",NASDAQ,AAL
AAME,Atlantic American Corporation - Common Stock,NASDAQ,AAME
AAMI,Acadian Asset Management Inc. Common Stock,N,AAMI
AAOI,"Applied Optoelectronics, Inc. - Common Stock",NASDAQ,AAOI
AAON,"AAON, Inc. - Common Stock",NASDAQ,AAON
AAP,Advance Auto Parts Inc.,N,AAP
AAPG,Ascentage Pharma Group International - American Depository Shares,NASDAQ,AAPG
AAPL,Apple Inc. - Common Stock,NASDAQ,AAPL
AARD,"Aardvark Therapeutics, Inc. - Common Stock",NASDAQ,AARD
AAT,"American Assets Trust, Inc. Common Stock",N,AAT
AAUC,Allied Gold Corporation Common Shares,N,AAUC
AB,AllianceBernstein Holding L.P.  Units,N,AB
ABAT,American Battery Technology Company - Common Stock,NASDAQ,ABAT
ABBV,AbbVie Inc. Common Stock,N,ABBV
ABCB,Ameris Bancorp Common Stock,N,ABCB
ABCL,AbCellera Biologics Inc. - Common Shares,NASDAQ,ABCL
ABEO,Abeona Therapeutics Inc. - Common Stock,NASDAQ,ABEO
ABEV,Ambev S.A. American Depositary Shares (Each representing 1 Common Share),N,ABEV
ABG,Asbury Automotive Group Inc Common Stock,N,ABG
ABLV,Able View Global Inc. - Class B Ordinary Shares,NASDAQ,ABLV
ABLVW,Able View Global Inc. - Warrant,NASDAQ,ABLVW
ABM,ABM Industries Incorporated Common Stock,N,ABM
ABNB,"Airbnb, Inc. - Class A Common Stock",NASDAQ,ABNB
ABOS,"Acumen Pharmaceuticals, Inc. - Common Stock",NASDAQ,ABOS
ABR,Arbor Realty Trust Common Stock,N,ABR
ABSI,Absci Corporation - Common Stock,NASDAQ,ABSI
ABT,Abbott Laboratories Common Stock,N,ABT
ABTC,American Bitcoin Corp. - Class A Common Stock,NASDAQ,ABTC
ABTS,Abits Group Inc - Ordinary Shares,NASDAQ,ABTS
ABUS,Arbutus Biopharma Corporation - Common Stock,NASDAQ,ABUS
ABVC,"ABVC BioPharma, Inc. - Common Stock",NASDAQ,ABVC
ABVE,Above Food Ingredients Inc. - Common Stock,NASDAQ,ABVE
ABVEW,Above Food Ingredients Inc. - Warrant,NASDAQ,ABVEW
ABVX,Abivax SA - American Depositary Shares,NASDAQ,ABVX
ABX,"Abacus Global Management, Inc. Class A Common Stock",N,ABX
ABXL,"Abacus Global Management, Inc. 9.875% Fixed Rate Senior Notes due 2028",N,ABXL
ACA,"Arcosa, Inc. Common Stock ",N,ACA
ACAA,Averin Capital Acquisition Corp. - Class A Ordinary Shares,NASDAQ,ACAA
ACAAU,Averin Capital Acquisition Corp. - Units,NASDAQ,ACAAU
ACAAW,Averin Capital Acquisition Corp. - Warrants,NASDAQ,ACAAW
ACAD,ACADIA Pharmaceuticals Inc. - Common Stock,NASDAQ,ACAD
ACB,Aurora Cannabis Inc. - Common Shares,NASDAQ,ACB
ACCL,Acco Group Holdings Limited - Class A Ordinary Shares,NASDAQ,ACCL
ACCO,Acco Brands Corporation Common Stock,N,ACCO
ACCS,ACCESS Newswire Inc. Common Stock,A,ACCS
ACDC,ProFrac Holding Corp. - Class A Common Stock,NASDAQ,ACDC
ACEL,"Accel Entertainment, Inc. ",N,ACEL
ACET,"Adicet Bio, Inc. - Common Stock",NASDAQ,ACET
ACFN,"Acorn Energy, Inc. - Common Stock",NASDAQ,ACFN
ACGCU,ACP Holdings Acquisition Corp. - Units,NASDAQ,ACGCU
ACGL,Arch Capital Group Ltd. - Common Stock,NASDAQ,ACGL
ACGLN,"Arch Capital Group Ltd. - Depositary Shares, each Representing a 1/1,000th Interest in a 4.550% Non-Cumulative Preferred Share, Series G",NASDAQ,ACGLN
ACGLO,"Arch Capital Group Ltd. - Depositary Shares Each Representing 1/1,000th Interest in a Share of5.45% Non-Cumulative Preferred Shares, Series F",NASDAQ,ACGLO
ACH,"Accendra Health, Inc. Common Stock",N,ACH
ACHC,"Acadia Healthcare Company, Inc. - Common Stock",NASDAQ,ACHC
ACHR,Archer Aviation Inc. Class A Common Stock,N,ACHR
ACHR.W,"Archer Aviation Inc. Redeemable Warrants, each whole warrant exercisable for one Class A common stock at an exercise price of $11.50",N,ACHR-W
ACHV,"Achieve Life Sciences, Inc.  - Common Shares",NASDAQ,ACHV
ACI,"Albertsons Companies, Inc. Class A Common Stock",N,ACI
ACIC,American Coastal Insurance Corporation - Common Stock,NASDAQ,ACIC
ACIU,AC Immune SA - Common Stock,NASDAQ,ACIU
ACIW,"ACI Worldwide, Inc. - Common Stock",NASDAQ,ACIW
ACLS,"Axcelis Technologies, Inc. - Common Stock",NASDAQ,ACLS
ACM,AECOM Common Stock,N,ACM
ACMR,"ACM Research, Inc. - Class A Common Stock",NASDAQ,ACMR
ACN,Accenture plc Class A Ordinary Shares (Ireland),N,ACN
ACNB,ACNB Corporation - Common Stock,NASDAQ,ACNB
ACNT,Ascent Industries Co. - Common Stock,NASDAQ,ACNT
ACOG,Alpha Cognition Inc. - Common Stock,NASDAQ,ACOG
ACON,"Aclarion, Inc. - Common Stock",NASDAQ,ACON
ACONW,"Aclarion, Inc. - Warrant",NASDAQ,ACONW
ACP,abrdn Income Credit Strategies Fund Common Shares,N,ACP
ACR,ACRES Commercial Realty Corp. Common Stock,N,ACR
ACRE,Ares Commercial Real Estate Corporation Common Stock,N,ACRE
ACRS,"Aclaris Therapeutics, Inc. - Common Stock",NASDAQ,ACRS
ACRV,"Acrivon Therapeutics, Inc. - Common Stock",NASDAQ,ACRV
ACT,"Enact Holdings, Inc. - Common Stock",NASDAQ,ACT
ACTG,Acacia Research Corporation - Common Stock,NASDAQ,ACTG
ACTU,"Actuate Therapeutics, Inc. - Common stock",NASDAQ,ACTU
ACU,Acme United Corporation. Common Stock,A,ACU
ACV,Virtus Diversified Income & Convertible Fund Common Shares of Beneficial Interest,N,ACV
ACVA,ACV Auctions Inc. Class A Common Stock,N,ACVA
ACXP,"Acurx Pharmaceuticals, Inc. - Common Stock",NASDAQ,ACXP
AD,"Array Digital Infrastructure, Inc. Common Shares",N,AD
ADAC,American Drive Acquisition Company - Class A Ordinary Shares,NASDAQ,ADAC
ADACU,American Drive Acquisition Company - Units,NASDAQ,ADACU
ADACW,American Drive Acquisition Company - Warrant,NASDAQ,ADACW
ADAG,"Adagene Inc. - ADS, each representing 1.25 ordinary shares",NASDAQ,ADAG
ADAM,"Adamas Trust, Inc. - Common Stock",NASDAQ,ADAM
ADAMG,"Adamas Trust, Inc. - 9.125% Senior Notes Due 2030",NASDAQ,ADAMG
ADAMH,"Adamas Trust, Inc. - 9.875% Senior Notes Due 2030",NASDAQ,ADAMH
ADAMI,"Adamas Trust, Inc. - 9.125% Senior Notes Due 2029",NASDAQ,ADAMI
ADAML,"Adamas Trust, Inc. - 6.875% Series F Fixed-to-Floating Rate Cumulative Redeemable Preferred Stock, $0.01 par value per share",NASDAQ,ADAML
ADAMM,"Adamas Trust, Inc. - 7.875% Series E Fixed-to-Floating Rate Cumulative Redeemable Preferred Stock",NASDAQ,ADAMM
ADAMN,"Adamas Trust, Inc. - 8.00% Series D Fixed-to-Floating Rate Cumulative Redeemable Preferred Stock",NASDAQ,ADAMN
ADAMO,"Adamas Trust, Inc. - 9.250% Senior Notes Due 2031",NASDAQ,ADAMO
ADAMZ,"Adamas Trust, Inc. - 7.000% Series G Cumulative Redeemable Preferred Stock, $0.01 par value per share",NASDAQ,ADAMZ
ADBE,Adobe Inc. - Common Stock,NASDAQ,ADBE
ADC,Agree Realty Corporation Common Stock,N,ADC
ADCT,ADC Therapeutics SA Common Shares,N,ADCT
ADEA,Adeia Inc.  - Common Stock,NASDAQ,ADEA
ADGM,"Adagio Medical Holdings, Inc - Common Stock",NASDAQ,ADGM
ADI,"Analog Devices, Inc. - Common Stock",NASDAQ,ADI
ADIL,"Adial Pharmaceuticals, Inc - Common Stock",NASDAQ,ADIL
ADM,Archer-Daniels-Midland Company Common Stock,N,ADM
ADMA,ADMA Biologics Inc - Common Stock,NASDAQ,ADMA
ADNT,Adient plc Ordinary Shares ,N,ADNT
ADP,"Automatic Data Processing, Inc. - Common Stock",NASDAQ,ADP
ADPT,Adaptive Biotechnologies Corporation - Common Stock,NASDAQ,ADPT
ADSE,ADS-TEC ENERGY PLC - Ordinary Shares,NASDAQ,ADSE
ADSEW,ADS-TEC ENERGY PLC - Warrant,NASDAQ,ADSEW
ADSK,"Autodesk, Inc. - Common Stock",NASDAQ,ADSK
ADT,ADT Inc. Common Stock,N,ADT
ADTN,"ADTRAN Holdings, Inc. - Common Stock",NASDAQ,ADTN
ADTX,"Aditxt, Inc. - Common Stock",NASDAQ,ADTX
ADUR,Aduro Clean Technologies Inc. - Common Stock,NASDAQ,ADUR
ADUS,Addus HomeCare Corporation - Common Stock,NASDAQ,ADUS
ADV,Advantage Solutions Inc.  - Class A Common Stock,NASDAQ,ADV
ADVB,Advanced Biomed Inc. - Common Stock,NASDAQ,ADVB
ADX,Adams Diversified Equity Fund Inc.,N,ADX
ADXN,Addex Therapeutics Ltd - American Depositary Shares,NASDAQ,ADXN
AEAQ,Activate Energy Acquisition Corp. - Class A Ordinary Share,NASDAQ,AEAQ
AEAQU,Activate Energy Acquisition Corp. - Unit,NASDAQ,AEAQU
AEAQW,Activate Energy Acquisition Corp. - Warrant,NASDAQ,AEAQW
AEBI,Aebi Schmidt Holding AG - Common Stock,NASDAQ,AEBI
AEC,Anfield Energy Inc. - Common Shares,NASDAQ,AEC
AEE,Ameren Corporation Common Stock,N,AEE
AEF,"abrdn Emerging Markets ex-China Fund, Inc. Common Stock",A,AEF
AEFC,Aegon Funding Company LLC 5.10% Subordinated Notes due 2049,N,AEFC
AEG,Aegon Ltd. New York Registry Shares,N,AEG
AEHL,Antelope Enterprise Holdings Limited - Class A Ordinary Shares,NASDAQ,AEHL
AEHR,Aehr Test Systems - Common Stock,NASDAQ,AEHR
AEI,Alset Inc. - Common Stock,NASDAQ,AEI
AEIS,"Advanced Energy Industries, Inc. - Common Stock",NASDAQ,AEIS
AEM,Agnico Eagle Mines Limited Common Stock,N,AEM
AEMD,"Aethlon Medical, Inc. - Common Stock",NASDAQ,AEMD
AENT,Alliance Entertainment Holding Corporation - common stock,NASDAQ,AENT
AENTW,Alliance Entertainment Holding Corporation - Warrants,NASDAQ,AENTW
AEO,"American Eagle Outfitters, Inc. Common Stock",N,AEO
AEON,"AEON Biopharma, Inc. Class A Common Stock",A,AEON
AEP,"American Electric Power Company, Inc. - Common Stock",NASDAQ,AEP
AER,AerCap Holdings N.V. Ordinary Shares,N,AER
AERO,"Grupo Aeromexico, S.A.B. de C.V. American Depositary Shares (each representing ten (10) Common Shares)",N,AERO
AERT,"Aeries Technology, Inc. - Class A Ordinary Share",NASDAQ,AERT
AERTW,"Aeries Technology, Inc. - Warrant",NASDAQ,AERTW
AES,The AES Corporation Common Stock,N,AES
AESI,Atlas Energy Solutions Inc. Common Stock,N,AESI
AEVA,"Aeva Technologies, Inc. - Common Stock",NASDAQ,AEVA
AEXA,American Exceptionalism Acquisition Corp. A Class A Ordinary Shares,N,AEXA
AEYE,"AudioEye, Inc. - Common Stock",NASDAQ,AEYE
AFB,AllianceBernstein National Municipal Income Fund Inc,N,AFB
AFBI,"Affinity Bancshares, Inc. - Common Stock",NASDAQ,AFBI
AFCG,Advanced Flower Capital Inc. - Common Stock,NASDAQ,AFCG
AFG,"American Financial Group, Inc. Common Stock",N,AFG
AFGB,"American Financial Group, Inc. 5.875% Subordinated Debentures due 2059",N,AFGB
AFGC,"American Financial Group, Inc. 5.125% Subordinated Debentures due 2059",N,AFGC
AFGD,"American Financial Group, Inc. 5.625% Subordinated Debentures due 2060",N,AFGD
AFGE,"American Financial Group, Inc. 4.500% Subordinated Debentures due 2060",N,AFGE
AFJK,"Aimei Health Technology Co., Ltd - Ordinary Share",NASDAQ,AFJK
AFJKR,"Aimei Health Technology Co., Ltd - Right",NASDAQ,AFJKR
AFJKU,"Aimei Health Technology Co., Ltd - Unit",NASDAQ,AFJKU
AFL,AFLAC Incorporated Common Stock,N,AFL
AFRI,Forafric Global PLC - Ordinary Shares,NASDAQ,AFRI
AFRIW,Forafric Global PLC - Warrants,NASDAQ,AFRIW
AFRM,"Affirm Holdings, Inc. - Class A Common Stock",NASDAQ,AFRM
AFYA,Afya Limited - Class A Common Shares,NASDAQ,AFYA
AG,First Majestic Silver Corp. Ordinary Shares (Canada),N,AG
AGAE,Allied Gaming & Entertainment Inc. - Common Stock,NASDAQ,AGAE
AGBK,AGI Inc Class A Common Shares,N,AGBK
AGCC,Agencia Comercial Spirits Ltd - Class A Ordinary Share,NASDAQ,AGCC
AGCO,AGCO Corporation Common Stock,N,AGCO
AGD,abrdn Global Dynamic Dividend Fund Common Shares of Beneficial Interest,N,AGD
AGEN,Agenus Inc. - Common Stock,NASDAQ,AGEN
AGH,Aureus Greenway Holdings Inc. - Common Stock,NASDAQ,AGH
AGI,Alamos Gold Inc. Class A Common Shares,N,AGI
AGIG,Abundia Global Impact Group Inc. Common stock,A,AGIG
AGIO,"Agios Pharmaceuticals, Inc. - Common Stock",NASDAQ,AGIO
AGL,"agilon health, inc. Common Stock",N,AGL
AGM,Federal Agricultural Mortgage Corporation Common Stock,N,AGM
AGM.A,Federal Agricultural Mortgage Corporation Common Stock,N,AGM-A
AGMB,AgomAb Therapeutics NV - ADRs representing one common share.,NASDAQ,AGMB
AGMH,AGM Group Holdings Inc. - Class A Ordinary Shares,NASDAQ,AGMH
AGNC,AGNC Investment Corp. - Common Stock,NASDAQ,AGNC
AGNCL,"AGNC Investment Corp. - Depositary Shares Each Representing a 1/1,000th Interest in a Share of 7.75% Series G Fixed-Rate Reset Cumulative Redeemable Preferred Stock",NASDAQ,AGNCL
AGNCM,AGNC Investment Corp. - Depositary Shares rep 6.875% Series D Fixed-to-Floating Cumulative Redeemable Preferred Stock,NASDAQ,AGNCM
AGNCN,"AGNC Investment Corp. - Depositary Shares Each Representing a 1/1,000th Interest in a Share of 7.00% Series C Fixed-To-Floating Rate Cumulative Redeemable Preferred Stock",NASDAQ,AGNCN
AGNCO,"AGNC Investment Corp. - Depositary Shares, each representing a 1/1,000th interest in a share of Series E Fixed-to-Floating Cumulative Redeemable Preferred Stock",NASDAQ,AGNCO
AGNCP,"AGNC Investment Corp. - Depositary Shares Each Representing a 1/1,000th Interest in a Share of 6.125% Series F Fixed-to-Floating Rate Cumulative Redeemable Preferred Stock",NASDAQ,AGNCP
AGNCZ,"AGNC Investment Corp. - Depositary Shares Each Representing a 1/1,000th Interest in a Share of 8.75% Series H Fixed-Rate Cumulative Redeemable Preferred Stock",NASDAQ,AGNCZ
AGO,Assured Guaranty Ltd. Common Stock,N,AGO
AGPU,Axe Compute Inc. - Common Stock,NASDAQ,AGPU
AGRO,Adecoagro S.A. Common Shares,N,AGRO
AGRZ,Agroz Inc. - Ordinary Shares,NASDAQ,AGRZ
AGX,"Argan, Inc. Common Stock",N,AGX
AGYS,"Agilysys, Inc. - Common Stock",NASDAQ,AGYS
AHCO,AdaptHealth Corp.  - Common Stock,NASDAQ,AHCO
AHG,Akso Health Group - American Depositary Shares,NASDAQ,AHG
AHMA,Ambitions Enterprise Management Co. L.L.C - Class A Ordinary Shares,NASDAQ,AHMA
AHR,"American Healthcare REIT, Inc. Common Stock",N,AHR
AHRT,"AH Realty Trust, Inc. Common Stock",N,AHRT
AHT,Ashford Hospitality Trust Inc Common Stock,N,AHT
AI,"C3.ai, Inc. Class A Common Stock",N,AI
AIB,"BlockchAIn Digital Infrastructure, Inc Common Shares",A,AIB
AIDX,"20/20 Biolabs, Inc. - Common Stock",NASDAQ,AIDX
AIFC,AI Financial Corporation - Common Stock,NASDAQ,AIFC
AIFF,"Firefly Neuroscience, Inc.  - Common Stock",NASDAQ,AIFF
AIFU,AIFU Inc. - Class A Ordinary Share,NASDAQ,AIFU
AIG,"American International Group, Inc. New Common Stock",N,AIG
AIHS,Senmiao Technology Limited - Common Stock,NASDAQ,AIHS
AII,"American Integrity Insurance Group, Inc. Common Stock",N,AII
AIIA,AI Infrastructure Acquisition Corp. Class A Ordinary Shares,N,AIIA
AIIA.R,"AI Infrastructure Acquisition Corp. Rights, each entitling the holder to receive one-fifth (1/5) of one Class A Ordinary Share",N,AIIA-R
AIIA.U,"AI Infrastructure Acquisition Corp. Units, each consisting of one Class A Ordinary Share and one Right",N,AIIA-U
AIIO,Robo.ai Inc. - Class B Ordinary Shares,NASDAQ,AIIO
AIIOW,Robo.ai Inc. - Warrant,NASDAQ,AIIOW
AIM,AIM ImmunoTech Inc. Common Stock,A,AIM
AIMD,"Ainos, Inc. - Common Stock",NASDAQ,AIMD
AIMDW,"Ainos, Inc. - warrants",NASDAQ,AIMDW
AIN,Albany International Corporation Common Stock,N,AIN
AIO,Virtus Artificial Intelligence & Technology Opportunities Fund Common Shares of Beneficial Interest,N,AIO
AIOS,AIOS Tech Inc. - Class A Common Shares,NASDAQ,AIOS
AIOT,"PowerFleet, Inc. - Common Stock",NASDAQ,AIOT
AIP,"Arteris, Inc.  - Common Stock",NASDAQ,AIP
AIR,AAR Corp. Common Stock,N,AIR
AIRE,reAlpha Tech Corp. - Common Stock,NASDAQ,AIRE
AIRG,"Airgain, Inc. - Common Stock",NASDAQ,AIRG
AIRI,Air Industries Group Common Stock,A,AIRI
AIRJ,AirJoule Technologies Corporation - Class A Common Stock,NASDAQ,AIRJ
AIRJW,AirJoule Technologies Corporation - Warrant,NASDAQ,AIRJW
AIRO,"AIRO Group Holdings, Inc. - Common Stock",NASDAQ,AIRO
AIRS,"AirSculpt Technologies, Inc. - Common Stock",NASDAQ,AIRS
AIRT,"Air T, Inc. - Common Stock",NASDAQ,AIRT
AIRTP,"Air T, Inc. - Trust Preferred Securities",NASDAQ,AIRTP
AISP,"Airship AI Holdings, Inc - Class A Common Stock",NASDAQ,AISP
AISPW,"Airship AI Holdings, Inc - Warrants",NASDAQ,AISPW
AIT,"Applied Industrial Technologies, Inc. Common Stock",N,AIT
AIV,Apartment Investment and Management Company Common Stock,N,AIV
AIXC,"AIxCrypto Holdings, Inc. - Common Stock",NASDAQ,AIXC
AIXI,XIAO-I Corporation - American Depositary Shares,NASDAQ,AIXI
AIZ,"Assurant, Inc. Common Stock",N,AIZ
AIZN,"Assurant, Inc. 5.25% Subordinated Notes due 2061",N,AIZN
AJG,Arthur J. Gallagher & Co. Common Stock,N,AJG
AKA,a.k.a. Brands Holding Corp. Common Stock,N,AKA
AKAM,"Akamai Technologies, Inc. - Common Stock",NASDAQ,AKAM
AKAN,Akanda Corp. - Common Shares,NASDAQ,AKAN
AKBA,"Akebia Therapeutics, Inc. - Common Stock",NASDAQ,AKBA
AKO.A,Embotelladora Andina S.A. Common Stock,N,AKO-A
AKO.B,Embotelladora Andina S.A. Common Stock,N,AKO-B
AKR,Acadia Realty Trust Common Stock,N,AKR
AKTS,"Aktis Oncology, Inc. - Common stock",NASDAQ,AKTS
AKTX,Akari Therapeutics Plc - American Depositary Shares,NASDAQ,AKTX
ALAB,"Astera Labs, Inc. - Common Stock",NASDAQ,ALAB
ALAR,Alarum Technologies Ltd. - American Depositary Shares,NASDAQ,ALAR
ALB,Albemarle Corporation Common Stock,N,ALB
ALBT,Avalon GloboCare Corp. - Common Stock,NASDAQ,ALBT
ALC,Alcon Inc. Ordinary Shares,N,ALC
ALCO,"Alico, Inc. - Common Stock",NASDAQ,ALCO
ALCY,Alchemy Investments Acquisition Corp 1 - Class A Ordinary Shares,NASDAQ,ALCY
ALCYU,Alchemy Investments Acquisition Corp 1 - Units,NASDAQ,ALCYU
ALCYW,Alchemy Investments Acquisition Corp 1 - Warrants,NASDAQ,ALCYW
ALDF,Aldel Financial II Inc. - Class A Ordinary Shares,NASDAQ,ALDF
ALDFU,Aldel Financial II Inc. - Units,NASDAQ,ALDFU
ALDFW,Aldel Financial II Inc. - Warrants,NASDAQ,ALDFW
ALDX,"Aldeyra Therapeutics, Inc. - Common Stock",NASDAQ,ALDX
ALEC,"Alector, Inc. - Common Stock",NASDAQ,ALEC
ALF,Centurion Acquisition Corp. - Class A Ordinary Shares,NASDAQ,ALF
ALFUU,Centurion Acquisition Corp. - Unit,NASDAQ,ALFUU
ALFUW,Centurion Acquisition Corp. - Warrant,NASDAQ,ALFUW
ALG,"Alamo Group, Inc. Common Stock",N,ALG
ALGM,"Allegro MicroSystems, Inc. - Common Stock",NASDAQ,ALGM
ALGN,"Align Technology, Inc. - Common Stock",NASDAQ,ALGN
ALGS,"Aligos Therapeutics, Inc. - Common stock",NASDAQ,ALGS
ALGT,Allegiant Travel Company - Common Stock,NASDAQ,ALGT
ALH,Alliance Laundry Holdings Inc. Common Stock,N,ALH
ALHC,"Alignment Healthcare, Inc. - Common Stock",NASDAQ,ALHC
ALIS,Calisa Acquisition Corp - Ordinary shares,NASDAQ,ALIS
ALISR,Calisa Acquisition Corp - Right,NASDAQ,ALISR
ALISU,Calisa Acquisition Corp - Units,NASDAQ,ALISU
ALIT,"Alight, Inc. Class A Common Stock",N,ALIT
ALK,"Alaska Air Group, Inc. Common Stock",N,ALK
ALKS,Alkermes plc - Ordinary Shares,NASDAQ,ALKS
ALKT,"Alkami Technology, Inc. - Common Stock",NASDAQ,ALKT
ALL,Allstate Corporation (The) Common Stock,N,ALL
ALLE,Allegion plc Ordinary Shares,N,ALLE
ALLO,"Allogene Therapeutics, Inc. - Common Stock",NASDAQ,ALLO
ALLR,"Allarity Therapeutics, Inc. - Common stock",NASDAQ,ALLR
ALLT,Allot Ltd. - Ordinary Shares,NASDAQ,ALLT
ALLY,Ally Financial Inc. Common Stock,N,ALLY
ALM,Almonty Industries Inc. - Common Shares,NASDAQ,ALM
ALMR,"Alamar Biosciences, Inc. - Class A common stock",NASDAQ,ALMR
ALMS,Alumis Inc. - Common Stock,NASDAQ,ALMS
ALMU,"Aeluma, Inc. - Common Stock",NASDAQ,ALMU
ALNT,Allient Inc. - Common Stock,NASDAQ,ALNT
ALNY,"Alnylam Pharmaceuticals, Inc. - Common Stock",NASDAQ,ALNY
ALOT,"AstroNova, Inc. - Common Stock",NASDAQ,ALOT
ALOV,"Aldabra 4 Liquidity Opportunity Vehicle, Inc. - Class A Ordinary Shares",NASDAQ,ALOV
ALOVU,"Aldabra 4 Liquidity Opportunity Vehicle, Inc. - Units",NASDAQ,ALOVU
ALOVW,"Aldabra 4 Liquidity Opportunity Vehicle, Inc. - Warrants",NASDAQ,ALOVW
ALOY,REalloys Inc. - Common Stock,NASDAQ,ALOY
ALP,Alpha Compute Corp  - Common Stock,NASDAQ,ALP
ALPS,ALPS Group Inc - Ordinary Share,NASDAQ,ALPS
ALRM,"Alarm.com Holdings, Inc. - Common Stock",NASDAQ,ALRM
ALRS,Alerus Financial Corporation - Common Stock,NASDAQ,ALRS
ALSN,"Allison Transmission Holdings, Inc. Common Stock",N,ALSN
ALT,"Altimmune, Inc. - Common Stock",NASDAQ,ALT
ALTG,Alta Equipment Group Inc. Class A Common Stock,N,ALTG
ALTI,"AlTi Global, Inc. - Class A Common Stock",NASDAQ,ALTI
ALTO,"Alto Ingredients, Inc. - Common Stock",NASDAQ,ALTO
ALUB,Alussa Energy Acquisition Corp. II Class A Ordinary Shares,N,ALUB
ALUB.U,"Alussa Energy Acquisition Corp. II Units, each consisting of one Class A ordinary share and one-third of one redeemable warrant",N,ALUB-U
ALUB.W,"Alussa Energy Acquisition Corp. II Redeemable Warrants, each whole warrant exercisable for one Class A ordinary share at an exercise price of $11.50 per share",N,ALUB-W
ALV,"Autoliv, Inc. Common Stock",N,ALV
ALVO,Alvotech - Ordinary Shares,NASDAQ,ALVO
ALVOW,Alvotech - Warrant,NASDAQ,ALVOW
ALX,"Alexander's, Inc. Common Stock",N,ALX
ALXO,ALX Oncology Holdings Inc. - Common Stock,NASDAQ,ALXO
ALZN,"Alzamend Neuro, Inc. - Common Stock",NASDAQ,ALZN
AM,Antero Midstream Corporation Common Stock,N,AM
AMAL,Amalgamated Financial Corp. - Common Stock,NASDAQ,AMAL
AMAT,"Applied Materials, Inc. - Common Stock",NASDAQ,AMAT
AMBA,"Ambarella, Inc. - Ordinary Shares",NASDAQ,AMBA
AMBO,Ambow Education Holding Ltd. American Depository Shares (each representing twenty (20) Class A Ordinary Shares),A,AMBO
AMBP,Ardagh Metal Packaging S.A. Ordinary Shares,N,AMBP
AMBQ,"Ambiq Micro, Inc. Common Stock",N,AMBQ
AMBR,Amber International Holding Limited - American Depositary Shares,NASDAQ,AMBR
AMC,"AMC Entertainment Holdings, Inc. Class A Common Stock",N,AMC
AMCI,AMC Robotics Corporation - Common Stock,NASDAQ,AMCI
AMCR,Amcor plc Ordinary Shares,N,AMCR
AMCX,AMC Global Media Inc. - Class A Common Stock,NASDAQ,AMCX
AMD,"Advanced Micro Devices, Inc. - Common Stock",NASDAQ,AMD
AME,"AMETEK, Inc.",N,AME
AMG,"Affiliated Managers Group, Inc. Common Stock",N,AMG
AMGN,Amgen Inc. - Common Stock,NASDAQ,AMGN
AMH,American Homes 4 Rent Common Shares of Beneficial Interest,N,AMH
AMIX,"Autonomix Medical, Inc. - Common Stock",NASDAQ,AMIX
AMKR,"Amkor Technology, Inc. - Common Stock",NASDAQ,AMKR
AMLX,"Amylyx Pharmaceuticals, Inc. - Common Stock",NASDAQ,AMLX
AMN,AMN Healthcare Services Inc,N,AMN
AMOD,"Alpha Modus Holdings, Inc. - Class A Common Stock",NASDAQ,AMOD
AMODW,"Alpha Modus Holdings, Inc. - Warrant",NASDAQ,AMODW
AMP,"Ameriprise Financial, Inc. Common Stock",N,AMP
AMPG,"Amplitech Group, Inc. - Common Stock",NASDAQ,AMPG
AMPGR,"Amplitech Group, Inc. - Series A Right",NASDAQ,AMPGR
AMPGZ,"Amplitech Group, Inc. - Series B Right",NASDAQ,AMPGZ
AMPH,"Amphastar Pharmaceuticals, Inc. - Common Stock",NASDAQ,AMPH
AMPL,"Amplitude, Inc. - Class A Common Stock",NASDAQ,AMPL
AMPX,"Amprius Technologies, Inc. Common Stock",N,AMPX
AMPX.W,"Amprius Technologies, Inc. Warrants to purchase one share of Common Stock at an exercise price of $11.50 per share",N,AMPX-W
AMPY,Amplify Energy Corp. Common Stock,N,AMPY
AMR,"Alpha Metallurgical Resources, Inc. Common Stock",N,AMR
AMRC,"Ameresco, Inc. Class A Common Stock",N,AMRC
AMRN,Amarin Corporation plc - American Depositary Shares,NASDAQ,AMRN
AMRX,"Amneal Pharmaceuticals, Inc. - Class A Common Stock",NASDAQ,AMRX
AMRZ,Amrize Ltd Ordinary Shares,N,AMRZ
AMS,American Shared Hospital Services Common Stock,A,AMS
AMSC,American Superconductor Corporation - Common Stock,NASDAQ,AMSC
AMSF,"AMERISAFE, Inc. - Common Stock",NASDAQ,AMSF
AMST,Amesite Inc. - Common Stock,NASDAQ,AMST
AMT,American Tower Corporation (REIT) Common Stock,N,AMT
AMTB,Amerant Bancorp Inc. Class A Common Stock,N,AMTB
AMTD,"AMTD IDEA Group American Depositary Shares, each representing six (6) Class A Ordinary Shares",N,AMTD
AMTM,"Amentum Holdings, Inc. Common Stock",N,AMTM
AMTX,"Aemetis, Inc - Common Stock",NASDAQ,AMTX
AMUB,"ETRACS Alerian MLP Index ETN Series B due July 18, 2042",P,AMUB
AMWD,American Woodmark Corporation - Common Stock,NASDAQ,AMWD
AMWL,American Well Corporation Class A Common Stock,N,AMWL
AMX,"America Movil, S.A.B. de C.V. American Depositary Shares (each representing the right to receive twenty (20) Series B Shares",N,AMX
AMZE,"Amaze Holdings, Inc. Common Stock",A,AMZE
AMZN,"Amazon.com, Inc. - Common Stock",NASDAQ,AMZN
AN,"AutoNation, Inc. Common Stock",N,AN
ANAB,"AnaptysBio, Inc. - Common Stock",NASDAQ,ANAB
ANDE,"The Andersons, Inc. - Common Stock",NASDAQ,ANDE
ANDG,Andersen Group Inc. Class A Common Stock,N,ANDG
ANET,"Arista Networks, Inc. Common Stock",N,ANET
ANF,Abercrombie & Fitch Company Common Stock,N,ANF
ANGH,Anghami Inc. - Ordinary Shares,NASDAQ,ANGH
ANGHW,Anghami Inc. - Warrants,NASDAQ,ANGHW
ANGI,Angi Inc. - Class A Common Stock,NASDAQ,ANGI
ANGO,"AngioDynamics, Inc. - Common Stock",NASDAQ,ANGO
ANGX,"Angel Studios, Inc. Class A Common Stock",N,ANGX
ANIK,Anika Therapeutics Inc. - Common Stock,NASDAQ,ANIK
ANIP,"ANI Pharmaceuticals, Inc. - Common Stock",NASDAQ,ANIP
ANIX,"Anixa Biosciences, Inc. - Common Stock",NASDAQ,ANIX
ANL,Adlai Nortye Ltd. - American Depositary Shares,NASDAQ,ANL
ANNA,"AleAnna, Inc. - Class A Common Stock",NASDAQ,ANNA
ANNAW,"AleAnna, Inc. - Warrant",NASDAQ,ANNAW
ANNX,"Annexon, Inc. - common stock",NASDAQ,ANNX
ANPA,Rich Sparkle Holdings Limited - Ordinary Shares,NASDAQ,ANPA
ANRO,"Alto Neuroscience, Inc. Common Stock",N,ANRO
ANSC,Agriculture & Natural Solutions Acquisition Corporation - Class A Ordinary Shares,NASDAQ,ANSC
ANSCU,Agriculture & Natural Solutions Acquisition Corporation - Unit,NASDAQ,ANSCU
ANSCW,Agriculture & Natural Solutions Acquisition Corporation - Warrant,NASDAQ,ANSCW
ANTA,Antalpha Platform Holding Company - Class A Ordinary Shares,NASDAQ,ANTA
ANTX,"AN2 Therapeutics, Inc. - Common Stock",NASDAQ,ANTX
ANVS,"Annovis Bio, Inc. Common Stock",N,ANVS
ANY,Sphere 3D Corp. - Common Shares,NASDAQ,ANY
AOD,abrdn Total Dynamic Dividend Fund Common Shares of Beneficial Interest,N,AOD
AOMD,"Angel Oak Mortgage REIT, Inc. 9.750% Senior Notes due 2030",N,AOMD
AOMN,"Angel Oak Mortgage REIT, Inc. 9.500% Senior Notes due 2029",N,AOMN
AOMR,"Angel Oak Mortgage REIT, Inc. Common Stock",N,AOMR
AON,Aon plc Class A Ordinary Shares (Ireland),N,AON
AORT,"Artivion, Inc. Common Stock",N,AORT
AOS,A.O. Smith Corporation Common Stock,N,AOS
AOSL,Alpha and Omega Semiconductor Limited - Common Shares,NASDAQ,AOSL
AOUT,"American Outdoor Brands, Inc. - Common Stock",NASDAQ,AOUT
AP,Ampco-Pittsburgh Corporation Common Stock,N,AP
APA,APA Corporation - Common Stock,NASDAQ,APA
APAC,StoneBridge Acquisition II Corporation - Class A Ordinary Shares,NASDAQ,APAC
APACR,StoneBridge Acquisition II Corporation - Rights,NASDAQ,APACR
APACU,StoneBridge Acquisition II Corporation - Units,NASDAQ,APACU
APAD,A Paradise Acquisition Corp. - Class A Ordinary Shares,NASDAQ,APAD
APADR,A Paradise Acquisition Corp. - Rights,NASDAQ,APADR
APADU,A Paradise Acquisition Corp. - Unit,NASDAQ,APADU
APAM,Artisan Partners Asset Management Inc. Class A Common Stock,N,APAM
APC,ARKO Petroleum Corp. - Class A Common Stock,NASDAQ,APC
APD,"Air Products and Chemicals, Inc. Common Stock",N,APD
APEI,"American Public Education, Inc. - Common Stock",NASDAQ,APEI
APG,APi Group Corporation Common Stock,N,APG
APGE,"Apogee Therapeutics, Inc. - Common Stock",NASDAQ,APGE
APH,Amphenol Corporation Common Stock,N,APH
API,"Agora, Inc. - ADS",NASDAQ,API
APLD,Applied Digital Corporation - Common Stock,NASDAQ,APLD
APLE,"Apple Hospitality REIT, Inc. Common Shares",N,APLE
APLM,Apollomics Inc. - Class A Ordinary Shares,NASDAQ,APLM
APLMW,Apollomics Inc. - Warrant,NASDAQ,APLMW
APLS,"Apellis Pharmaceuticals, Inc. - Common Stock",NASDAQ,APLS
APM,Aptorum Group Limited - Class A Ordinary Shares,NASDAQ,APM
APO,"Apollo Global Management, Inc. (New) Common Stock",N,APO
APOG,"Apogee Enterprises, Inc. - Common Stock",NASDAQ,APOG
APOS,"Apollo Global Management, Inc. 7.625% Fixed-Rate Resettable Junior Subordinated Notes due 2053",N,APOS
APP,Applovin Corporation - Class A Common Stock,NASDAQ,APP
APPF,"AppFolio, Inc. - Class A Common Stock",NASDAQ,APPF
APPN,Appian Corporation - Class A Common Stock,NASDAQ,APPN
APPS,"Digital Turbine, Inc. - Common Stock",NASDAQ,APPS
APRE,"Aprea Therapeutics, Inc. - Common Stock",NASDAQ,APRE
APT,"Alpha Pro Tech, Ltd. Common Stock",A,APT
APTV,Aptiv PLC Ordinary Shares,N,APTV
APUS,"Apimeds Pharmaceuticals US, Inc. Common Stock",A,APUS
APVO,Aptevo Therapeutics Inc. - Common Stock,NASDAQ,APVO
APWC,"Asia Pacific Wire & Cable Corporation Limited  - Common shares, Par value .01 per share",NASDAQ,APWC
APXT,Apex Treasury Corporation - Class A Ordinary Share,NASDAQ,APXT
APXTU,Apex Treasury Corporation - Units,NASDAQ,APXTU
APXTW,Apex Treasury Corporation - Warrants,NASDAQ,APXTW
APYX,Apyx Medical Corporation - Common Stock,NASDAQ,APYX
AQB,"AquaBounty Technologies, Inc. - Common Stock",NASDAQ,AQB
AQMS,"Aqua Metals, Inc. - Common Stock",NASDAQ,AQMS
AQN,Algonquin Power & Utilities Corp. Common Shares,N,AQN
AQNB,"Algonquin Power & Utilities Corp. 6.20% Fixed-to-Floating Subordinated Notes Series 2019-A due July 1, 2079",N,AQNB
AQST,"Aquestive Therapeutics, Inc. - Common Stock",NASDAQ,AQST
AR,Antero Resources Corporation Common Stock,N,AR
ARAI,Arrive AI Inc. - Common Stock,NASDAQ,ARAI
ARAY,Accuray Incorporated - Common Stock,NASDAQ,ARAY
ARBB,ARB IOT Group Limited - Ordinary Shares,NASDAQ,ARBB
ARBE,Arbe Robotics Ltd. - Ordinary Shares,NASDAQ,ARBE
ARBEW,Arbe Robotics Ltd. - Warrant,NASDAQ,ARBEW
ARBK,Argo Blockchain plc - American Depositary Shares,NASDAQ,ARBK
ARCB,ArcBest Corporation - Common Stock,NASDAQ,ARCB
ARCC,Ares Capital Corporation - Closed End Fund,NASDAQ,ARCC
ARCI,Archimedes Tech SPAC Partners III Co. - Ordinary Share,NASDAQ,ARCI
ARCIU,Archimedes Tech SPAC Partners III Co. - Unit,NASDAQ,ARCIU
ARCIW,Archimedes Tech SPAC Partners III Co. - Warrant,NASDAQ,ARCIW
ARCLU,ARC Group Acquisition I Corp - Unit,NASDAQ,ARCLU
ARCO,Arcos Dorados Holdings Inc. Class A Shares,N,ARCO
ARCT,Arcturus Therapeutics Holdings Inc. - Common Stock,NASDAQ,ARCT
ARDC,"Ares Dynamic Credit Allocation Fund, Inc. Common Shares",N,ARDC
ARDT,"Ardent Health, Inc. Common Stock",N,ARDT
ARDX,"Ardelyx, Inc. - Common Stock",NASDAQ,ARDX
ARE,"Alexandria Real Estate Equities, Inc. Common Stock",N,ARE
AREB,"American Rebel Holdings, Inc. - Common Stock",NASDAQ,AREB
AREBW,"American Rebel Holdings, Inc. - warrants",NASDAQ,AREBW
AREC,American Resources Corporation - Class A Common Stock,NASDAQ,AREC
AREN,"The Arena Group Holdings, Inc. Common Stock",A,AREN
ARES,Ares Management Corporation Class A Common Stock,N,ARES
ARGX,argenx SE - American Depositary Shares,NASDAQ,ARGX
ARHS,"Arhaus, Inc. - Class A Common Stock",NASDAQ,ARHS
ARI,"Apollo Commercial Real Estate Finance, Inc",N,ARI
ARIS,Aris Mining Corporation Common Shares,N,ARIS
ARKO,ARKO Corp. - Common Stock,NASDAQ,ARKO
ARKR,Ark Restaurants Corp. - Common Stock,NASDAQ,ARKR
ARL,"American Realty Investors, Inc. Common Stock",N,ARL
ARLO,"Arlo Technologies, Inc. Common Stock",N,ARLO
ARLP,"Alliance Resource Partners, L.P. - Common Units Representing Limited Partnership Interests",NASDAQ,ARLP
ARM,Arm Holdings plc - American Depositary Shares,NASDAQ,ARM
ARMK,Aramark Common Stock,N,ARMK
ARMP,"Armata Pharmaceuticals, Inc. Common Stock",A,ARMP
AROC,"Archrock, Inc. Common Stock",N,AROC
AROW,Arrow Financial Corporation - Common Stock,NASDAQ,AROW
ARQ,"Arq, Inc. - Common Stock",NASDAQ,ARQ
ARQQ,Arqit Quantum Inc. - Ordinary Shares,NASDAQ,ARQQ
ARQQW,Arqit Quantum Inc. - Warrants,NASDAQ,ARQQW
ARQT,"Arcutis Biotherapeutics, Inc. - Common stock",NASDAQ,ARQT
ARR,"ARMOUR Residential REIT, Inc.",N,ARR
ARRY,"Array Technologies, Inc. - Common Stock",NASDAQ,ARRY
ARTC,Art Technology Acquisition Corp. - Class A Ordinary Shares,NASDAQ,ARTC
ARTCU,Art Technology Acquisition Corp. - Units,NASDAQ,ARTCU
ARTCW,Art Technology Acquisition Corp. - Warrants,NASDAQ,ARTCW
ARTL,"Artelo Biosciences, Inc. - Common Stock",NASDAQ,ARTL
ARTNA,Artesian Resources Corporation - Class A Non-Voting Common Stock,NASDAQ,ARTNA
ARTV,"Artiva Biotherapeutics, Inc. - Common Stock",NASDAQ,ARTV
ARTW,"Art's-Way Manufacturing Co., Inc. - Common Stock",NASDAQ,ARTW
ARVN,"Arvinas, Inc. - Common Stock",NASDAQ,ARVN
ARW,"Arrow Electronics, Inc. Common Stock",N,ARW
ARWR,"Arrowhead Pharmaceuticals, Inc. - Common Stock",NASDAQ,ARWR
ARX,Accelerant Holdings Class A Common Shares,N,ARX
ARXS,"Arxis, Inc. - Class A Common Stock",NASDAQ,ARXS
AS,"Amer Sports, Inc. Ordinary Shares",N,AS
ASA,ASA  Gold and Precious Metals Limited,N,ASA
ASAN,"Asana, Inc. Class A Common Stock",N,ASAN
ASB,Associated Banc-Corp Common Stock,N,ASB
ASBA,Associated Banc-Corp 6.625% Fixed-Rate Reset Subordinated Notes due 2033,N,ASBA
ASBP,"Aspire Biopharma Holdings, Inc.  - Common Stock",NASDAQ,ASBP
ASBPW,"Aspire Biopharma Holdings, Inc.  - Warrant",NASDAQ,ASBPW
ASC,Ardmore Shipping Corporation Common Stock,N,ASC
ASG,"Liberty All-Star Growth Fund, Inc.",N,ASG
ASGI,abrdn Global Infrastructure Income Fund Common Shares of Beneficial Interest,N,ASGI
ASH,Ashland Inc. Common Stock,N,ASH
ASIC,Ategrity Specialty Insurance Company Holdings Common Stock,N,ASIC
ASIX,AdvanSix Inc. Common Stock ,N,ASIX
ASLE,AerSale Corporation - Common Stock,NASDAQ,ASLE
ASM,Avino Silver & Gold Mines Ltd. Common Shares (Canada),A,ASM
ASMB,"Assembly Biosciences, Inc. - Common Stock",NASDAQ,ASMB
ASML,ASML Holding N.V. - New York Registry Shares,NASDAQ,ASML
ASND,Ascendis Pharma A/S - Ordinary Share,NASDAQ,ASND
ASO,"Academy Sports and Outdoors, Inc. - Common Stock",NASDAQ,ASO
ASPC,A SPAC III Acquisition Corp. - Class A Ordinary Shares,NASDAQ,ASPC
ASPCR,A SPAC III Acquisition Corp. - Right,NASDAQ,ASPCR
ASPCU,A SPAC III Acquisition Corp. - Unit,NASDAQ,ASPCU
ASPI,ASP Isotopes Inc. - Common Stock,NASDAQ,ASPI
ASPN,"Aspen Aerogels, Inc. Common Stock",N,ASPN
ASPS,Altisource Portfolio Solutions S.A. - Common Stock,NASDAQ,ASPS
ASPSW,Altisource Portfolio Solutions S.A. - Net Settle Stakeholder Warrants,NASDAQ,ASPSW
ASPSZ,Altisource Portfolio Solutions S.A. - Cash Exercise Stakeholder Warrants,NASDAQ,ASPSZ
ASR,"Grupo Aeroportuario del Sureste, S.A. de C.V. Common Stock",N,ASR
ASRT,"Assertio Holdings, Inc. - Common Stock",NASDAQ,ASRT
ASRV,AmeriServ Financial Inc. - Common Stock,NASDAQ,ASRV
ASST,"Strive, Inc. - Class A Common Stock",NASDAQ,ASST
ASTC,Astrotech Corporation - Common Stock,NASDAQ,ASTC
ASTE,"Astec Industries, Inc. - Common Stock",NASDAQ,ASTE
ASTH,Astrana Health Inc. - Common Stock,NASDAQ,ASTH
ASTI,"Ascent Solar Technologies, Inc - Common Stock",NASDAQ,ASTI
ASTL,Algoma Steel Group Inc. - Common Shares,NASDAQ,ASTL
ASTLW,Algoma Steel Group Inc. - Warrant,NASDAQ,ASTLW
ASTS,"AST SpaceMobile, Inc. - Class A Common Stock",NASDAQ,ASTS
ASUR,Asure Software Inc - Common Stock,NASDAQ,ASUR
ASX,"ASE Technology Holding Co., Ltd. American Depositary Shares (each representing Two Common Shares) ",N,ASX
ASYS,"Amtech Systems, Inc. - Common Stock",NASDAQ,ASYS
ATAI,AtaiBeckley Inc. - Common Stock,NASDAQ,ATAI
ATAT,Atour Lifestyle Holdings Limited - American Depositary Shares,NASDAQ,ATAT
ATCH,"AtlasClear Holdings, Inc. Common Stock",A,ATCH
ATCX,Atlas Critical Minerals Corporation - Common Stock,NASDAQ,ATCX
ATEC,"Alphatec Holdings, Inc. - Common Stock",NASDAQ,ATEC
ATEN,"A10 Networks, Inc. Common Stock",N,ATEN
ATER,"Aterian, Inc. - Common Stock",NASDAQ,ATER
ATEX,Anterix Inc. - Common Stock,NASDAQ,ATEX
ATGL,Alpha Technology Group Limited - Class A Ordinary Shares,NASDAQ,ATGL
ATHE,Alterity Therapeutics Limited - American Depositary Shares,NASDAQ,ATHE
ATHM,"Autohome Inc. American Depositary Shares, each representing four class A ordinary shares.",N,ATHM
ATHR,"Aether Holdings, Inc. - Common Stock",NASDAQ,ATHR
ATHS,Athene Holding Ltd. 7.250% Fixed-Rate Reset Junior Subordinated Debentures due 2064,N,ATHS
ATI,ATI Inc. Common Stock,N,ATI
ATII,Archimedes Tech SPAC Partners II Co. - Ordinary Shares,NASDAQ,ATII
ATIIU,Archimedes Tech SPAC Partners II Co. - Unit,NASDAQ,ATIIU
ATIIW,Archimedes Tech SPAC Partners II Co. - Warrant,NASDAQ,ATIIW
ATKR,Atkore Inc. Common Stock,N,ATKR
ATLC,Atlanticus Holdings Corporation - Common Stock,NASDAQ,ATLC
ATLCL,Atlanticus Holdings Corporation - 6.125% Senior Notes due 2026,NASDAQ,ATLCL
ATLCP,"Atlanticus Holdings Corporation - 7.625% Series B Cumulative Perpetual Preferred Stock, no par value per share",NASDAQ,ATLCP
ATLCZ,Atlanticus Holdings Corporation - 9.25% Senior Notes due 2029,NASDAQ,ATLCZ
ATLN,Atlantic International Corp. - Common Stock,NASDAQ,ATLN
ATLO,Ames National Corporation - Common Stock,NASDAQ,ATLO
ATLX,Atlas Lithium Corporation - Common Stock,NASDAQ,ATLX
ATMP,iPath Select MLP ETN,Z,ATMP
ATMU,Atmus Filtration Technologies Inc. Common Stock,N,ATMU
ATNI,"ATN International, Inc. - Common Stock",NASDAQ,ATNI
ATNM,"Actinium Pharmaceuticals, Inc. (Delaware) Common Stock",A,ATNM
ATO,Atmos Energy Corporation Common Stock,N,ATO
ATOM,Atomera Incorporated - Common Stock,NASDAQ,ATOM
ATOS,"Atossa Therapeutics, Inc. - Common Stock",NASDAQ,ATOS
ATPC,Agape ATP Corporation - Common Stock,NASDAQ,ATPC
ATR,"AptarGroup, Inc. Common Stock",N,ATR
ATRA,"Atara Biotherapeutics, Inc. - Common Stock",NASDAQ,ATRA
ATRC,"AtriCure, Inc. - Common Stock",NASDAQ,ATRC
ATRO,Astronics Corporation - Common Stock,NASDAQ,ATRO
ATS,ATS Corporation Common Shares,N,ATS
ATXG,Addentax Group Corp. - Common Stock,NASDAQ,ATXG
ATYR,"aTyr Pharma, Inc. - Common Stock",NASDAQ,ATYR
AU,AngloGold Ashanti PLC Ordinary Shares,N,AU
AUB,Atlantic Union Bankshares Corporation Common Stock,N,AUB
AUBN,"Auburn National Bancorporation, Inc. - Common Stock",NASDAQ,AUBN
AUDC,AudioCodes Ltd. - Ordinary Shares,NASDAQ,AUDC
AUGO,Aura Minerals Inc. - Common Shares,NASDAQ,AUGO
AUID,authID Inc. - Common Stock,NASDAQ,AUID
AUNA,Auna SA Class A Ordinary Shares,N,AUNA
AUPH,Aurinia Pharmaceuticals Inc - Common Shares,NASDAQ,AUPH
AUR,"Aurora Innovation, Inc.  - Class A Common Stock",NASDAQ,AUR
AURA,"Aura Biosciences, Inc. - Common Stock",NASDAQ,AURA
AURE,Aurelion Inc.  - Class A Ordinary Shares,NASDAQ,AURE
AUROW,"Aurora Innovation, Inc.  - Warrant",NASDAQ,AUROW
AUST,Austin Gold Corp. Common Shares,A,AUST
AUTL,Autolus Therapeutics plc - American Depositary Shares,NASDAQ,AUTL
AUUD,Auddia Inc. - Common Stock,NASDAQ,AUUD
AVA,Avista Corporation Common Stock,N,AVA
AVAH,Aveanna Healthcare Holdings Inc. - Common Stock,NASDAQ,AVAH
AVAL,Grupo Aval Acciones y Valores S.A. ADR (Each representing 20 preferred shares),N,AVAL
AVAV,"AeroVironment, Inc. - Common Stock",NASDAQ,AVAV
AVB,"AvalonBay Communities, Inc. Common Stock",N,AVB
AVBC,"Avidia Bancorp, Inc. Common Stock",N,AVBC
AVBH,"Avidbank Holdings, Inc. - Common Stock",NASDAQ,AVBH
AVBP,"ArriVent BioPharma, Inc. - Common Stock",NASDAQ,AVBP
AVD,American Vanguard Corporation Common Stock ($0.10 Par Value),N,AVD
AVEX,AEVEX Corp. Class A Common Stock,N,AVEX
AVGO,Broadcom Inc. - Common Stock,NASDAQ,AVGO
AVIR,"Atea Pharmaceuticals, Inc. - common stock",NASDAQ,AVIR
AVK,Advent Convertible and Income Fund,N,AVK
AVLN,Avalyn Pharma Inc. - common stock,NASDAQ,AVLN
AVNS,"Avanos Medical, Inc. Common Stock",N,AVNS
AVNT,Avient Corporation Common Stock,N,AVNT
AVNW,"Aviat Networks, Inc. - Common Stock",NASDAQ,AVNW
AVO,"Mission Produce, Inc. - Common Stock",NASDAQ,AVO
AVPT,"AvePoint, Inc. - Class A Common Stock",NASDAQ,AVPT
AVR,Anteris Technologies Global Corp. - Common Stock,NASDAQ,AVR
AVT,"Avnet, Inc. - Common Stock",NASDAQ,AVT
AVTR,"Avantor, Inc. Common Stock",N,AVTR
AVTX,"Avalo Therapeutics, Inc. - Common Stock",NASDAQ,AVTX
AVX,Avax One Technology Ltd. - Common Shares,NASDAQ,AVX
AVXL,Anavex Life Sciences Corp. - Common Stock,NASDAQ,AVXL
AVY,Avery Dennison Corporation Common Stock,N,AVY
AWF,Alliancebernstein Global High Income Fund,N,AWF
AWI,Armstrong World Industries Inc Common Stock,N,AWI
AWK,"American Water Works Company, Inc. Common Stock",N,AWK
AWP,abrdn Global Premier Properties Fund Common Shares of Beneficial Interest,N,AWP
AWR,American States Water Company Common Stock,N,AWR
AWRE,"Aware, Inc. - Common Stock",NASDAQ,AWRE
AWX,Avalon Holdings Corporation Common Stock,A,AWX
AX,"Axos Financial, Inc. Common Stock",N,AX
AXG,Solowin Holdings - Class A Ordinary Share,NASDAQ,AXG
AXGN,"Axogen, Inc. - Common Stock",NASDAQ,AXGN
AXIA,AXIA Energia American Depositary Shares (Each representing one Common Share),N,AXIA
AXIL,"AXIL Brands, Inc. Common Stock",A,AXIL
AXIN,Axiom Intelligence Acquisition Corp 1 - Class A Ordinary Shares,NASDAQ,AXIN
AXINR,Axiom Intelligence Acquisition Corp 1 - Right,NASDAQ,AXINR
AXINU,Axiom Intelligence Acquisition Corp 1 - Units,NASDAQ,AXINU
AXON,"Axon Enterprise, Inc. - Common Stock",NASDAQ,AXON
AXP,American Express Company Common Stock,N,AXP
AXR,AMREP Corporation Common Stock,N,AXR
AXS,Axis Capital Holdings Limited Common Stock,N,AXS
AXSM,"Axsome Therapeutics, Inc. - Common Stock",NASDAQ,AXSM
AXTA,Axalta Coating Systems Ltd. Common Shares,N,AXTA
AXTI,AXT Inc - Common Stock,NASDAQ,AXTI
AYI,Acuity Inc. Common Stock,N,AYI
AYTU,"Aytu BioPharma, Inc.  - Common Stock",NASDAQ,AYTU
AZ,A2Z Cust2Mate Solutions Corp. - Common Shares,NASDAQ,AZ
AZI,Autozi Internet Technology (Global) Ltd. - Class A Ordinary Shares,NASDAQ,AZI
AZN,AstraZeneca PLC Ordinary Shares,N,AZN
AZO,"AutoZone, Inc. Common Stock",N,AZO
AZTA,"Azenta, Inc. - Common Stock",NASDAQ,AZTA
AZTR,Azitra Inc Common Stock,A,AZTR
AZZ,AZZ Inc.,N,AZZ
B,Barrick Mining Corporation Common Shares,N,B
BA,Boeing Company (The) Common Stock,N,BA
BABA,Alibaba Group Holding Limited American Depositary Shares each representing eight Ordinary share,N,BABA
BAC,Bank of America Corporation Common Stock,N,BAC
BACC,Blue Acquisition Corp. - Class A Ordinary Shares,NASDAQ,BACC
BACCR,Blue Acquisition Corp. - Right,NASDAQ,BACCR
BACCU,Blue Acquisition Corp. - Unit,NASDAQ,BACCU
BAER,"Bridger Aerospace Group Holdings, Inc. - Common Stock",NASDAQ,BAER
BAERW,"Bridger Aerospace Group Holdings, Inc. - Warrant",NASDAQ,BAERW
BAFN,BayFirst Financial Corp. - Common Stock,NASDAQ,BAFN
BAH,Booz Allen Hamilton Holding Corporation Common Stock,N,BAH
BAK,Braskem SA ADR,N,BAK
BALL,Ball Corporation Common Stock,N,BALL
BALY,Bally's Corporation Common Stock,N,BALY
BAM,Brookfield Asset Management Inc Class A Limited Voting Shares,N,BAM
BANC,"Banc of California, Inc. Common Stock",N,BANC
BAND,Bandwidth Inc. - Class A Common Stock,NASDAQ,BAND
BANF,BancFirst Corporation - Common Stock,NASDAQ,BANF
BANFP,BancFirst Corporation - 7.2% Cumulative Trust Preferred Securities,NASDAQ,BANFP
BANL,CBL International Limited - Class B Ordinary Shares,NASDAQ,BANL
BANR,Banner Corporation - Common Stock,NASDAQ,BANR
BANX,ArrowMark Financial Corp. - Closed End Fund,NASDAQ,BANX
BAOS,Baosheng Media Group Holdings Limited - Ordinary shares,NASDAQ,BAOS
BAP,Credicorp Ltd. Common Stock,N,BAP
BAR,GraniteShares Gold Trust Shares of Beneficial Interest,P,BAR
BARK,"BARK, Inc. Class A Common Stock",N,BARK
BATL,Battalion Oil Corporation Common Stock,A,BATL
BATRA,"Atlanta Braves Holdings, Inc. - Series A Common Stock",NASDAQ,BATRA
BATRK,"Atlanta Braves Holdings, Inc. - Series C Common Stock",NASDAQ,BATRK
BAX,Baxter International Inc. Common Stock,N,BAX
BAYA,Bayview Acquisition Corp - Ordinary Share,NASDAQ,BAYA
BAYAR,Bayview Acquisition Corp - Right,NASDAQ,BAYAR
BAYAU,Bayview Acquisition Corp - Unit,NASDAQ,BAYAU
BB,BlackBerry Limited Common Stock,N,BB
BBAI,"BigBear.ai, Inc. Common Stock",N,BBAI
BBAI.W,"BigBear.ai, Inc. Redeemable Warrants, each exercisable for one share of Common Stock at an exercise price of $11.50 per share",N,BBAI-W
BBAR,Banco BBVA Argentina S.A. ADS,N,BBAR
BBBY,"Bed Bath & Beyond, Inc. Common Stock",N,BBBY
BBBY.W,"Bed Bath & Beyond, Inc. Warrants to Purchase Common Stock",N,BBBY-W
BBCP,"Concrete Pumping Holdings, Inc.  - Common Stock",NASDAQ,BBCP
BBCQ,Bleichroeder Acquisition Corp. II - Class A Ordinary Shares,NASDAQ,BBCQ
BBCQU,Bleichroeder Acquisition Corp. II - Units,NASDAQ,BBCQU
BBCQW,Bleichroeder Acquisition Corp. II - Warrants,NASDAQ,BBCQW
BBD,Banco Bradesco Sa American Depositary Shares,N,BBD
BBDC,"Barings BDC, Inc. Common Stock",N,BBDC
BBDO,Banco Bradesco Sa American Depositary Shares (each representing one Common Share),N,BBDO
BBGI,"Beasley Broadcast Group, Inc. - Class A Common Stock",NASDAQ,BBGI
BBIO,"BridgeBio Pharma, Inc. - Common Stock",NASDAQ,BBIO
BBLG,Bone Biologics Corp - Common Stock,NASDAQ,BBLG
BBLGW,Bone Biologics Corp - warrants,NASDAQ,BBLGW
BBN,BlackRock Taxable Municipal Bond Trust Common Shares of Beneficial Interest,N,BBN
BBNX,"Beta Bionics, Inc. - Common Stock",NASDAQ,BBNX
BBOT,"BridgeBio Oncology Therapeutics, Inc. - Common Stock",NASDAQ,BBOT
BBSI,"Barrett Business Services, Inc. - Common Stock",NASDAQ,BBSI
BBT,Beacon Financial Corporation Common stock,N,BBT
BBUC,Brookfield Business Corporation Class A Subordinate Voting Shares,N,BBUC
BBVA,Banco Bilbao Vizcaya Argentaria S.A. Common Stock,N,BBVA
BBW,"Build-A-Bear Workshop, Inc. Common Stock",N,BBW
BBWI,"Bath & Body Works, Inc.",N,BBWI
BBY,"Best Buy Co., Inc. Common Stock",N,BBY
BC,Brunswick Corporation Common Stock,N,BC
BCAB,"BioAtla, Inc. - Common Stock",NASDAQ,BCAB
BCAL,California BanCorp - Common Stock,NASDAQ,BCAL
BCAR,D. Boral ARC Acquisition I Corp. - Class A Ordinary Shares,NASDAQ,BCAR
BCARU,D. Boral ARC Acquisition I Corp. - Units,NASDAQ,BCARU
BCARW,D. Boral ARC Acquisition I Corp. - Warrant,NASDAQ,BCARW
BCAT,BlackRock Capital Allocation Term Trust Common Shares of Beneficial Interest,N,BCAT
BCAX,Bicara Therapeutics Inc. - Common Stock,NASDAQ,BCAX
BCBP,"BCB Bancorp, Inc. (NJ) - Common Stock",NASDAQ,BCBP
BCC,"Boise Cascade, L.L.C. Common Stock",N,BCC
BCDA,"BioCardia, Inc. - Common Stock",NASDAQ,BCDA
BCE,"BCE, Inc. Common Stock",N,BCE
BCG,"Binah Capital Group, Inc. - Common Stock",NASDAQ,BCG
BCGWW,"Binah Capital Group, Inc. - Warrants",NASDAQ,BCGWW
BCH,Banco De Chile ADS,N,BCH
BCHT,Birchtech Corp. Common Stock,A,BCHT
BCIC,BCP Investment Corporation - Closed End Fund,NASDAQ,BCIC
BCML,BayCom Corp - Common Stock,NASDAQ,BCML
BCO,Brinks Company (The) Common Stock,N,BCO
BCPC,Balchem Corporation - Common Stock,NASDAQ,BCPC
BCRX,"BioCryst Pharmaceuticals, Inc. - Common Stock",NASDAQ,BCRX
BCS,Barclays PLC Common Stock,N,BCS
BCSF,"Bain Capital Specialty Finance, Inc. Common Stock",N,BCSF
BCSS,Bain Capital GSS Investment Corp. Class A Ordinary Shares,N,BCSS
BCSS.U,"Bain Capital GSS Investment Corp. Units, each consisting of one Class A Ordinary Share and one-fifth of one redeemable warrant",N,BCSS-U
BCSS.W,"Bain Capital GSS Investment Corp. Redeemable warrants, each whole warrant exercisable for one Class A ordinary share at an exercise price of $11.50",N,BCSS-W
BCTX,BriaCell Therapeutics Corp. - Common Shares,NASDAQ,BCTX
BCTXL,BriaCell Therapeutics Corp. - Warrants,NASDAQ,BCTXL
BCTXZ,BriaCell Therapeutics Corp. - Warrant,NASDAQ,BCTXZ
BCV,"Bancroft Fund, Ltd.",A,BCV
BCX,BlackRock Resources Common Shares of Beneficial Interest,N,BCX
BCYC,Bicycle Therapeutics plc - American Depositary Shares,NASDAQ,BCYC
BDC,Belden Inc Common Stock,N,BDC
BDCI,BTC Development Corp. - Class A Ordinary Shares,NASDAQ,BDCI
BDCIU,BTC Development Corp. - Unit,NASDAQ,BDCIU
BDCIW,BTC Development Corp. - Warrant,NASDAQ,BDCIW
BDCZ,"ETRACS MarketVector Business Development Companies Liquid Index ETN due April 26, 2041",P,BDCZ
BDJ,Blackrock Enhanced Equity Dividend Trust,N,BDJ
BDL,"Flanigan's Enterprises, Inc. Common Stock",A,BDL
BDMD,Baird Medical Investment Holdings Ltd - Ordinary Share,NASDAQ,BDMD
BDMDW,Baird Medical Investment Holdings Ltd - Warrant,NASDAQ,BDMDW
BDN,Brandywine Realty Trust Common Stock,N,BDN
BDRX,Biodexa Pharmaceuticals plc - American Depositary Shares,NASDAQ,BDRX
BDSX,"Biodesix, Inc. - Common Stock",NASDAQ,BDSX
BDTX,"Black Diamond Therapeutics, Inc. - Common Stock",NASDAQ,BDTX
BDX,"Becton, Dickinson and Company Common Stock",N,BDX
BE,Bloom Energy Corporation Class A Common Stock,N,BE
BEAG,Bold Eagle Acquisition Corp. - Class A Ordinary Shares,NASDAQ,BEAG
BEAGR,Bold Eagle Acquisition Corp. - Right,NASDAQ,BEAGR
BEAGU,Bold Eagle Acquisition Corp. - Units,NASDAQ,BEAGU
BEAM,Beam Therapeutics Inc. - Common Stock,NASDAQ,BEAM
BEAT,"Heartbeam, Inc. - Common Stock",NASDAQ,BEAT
BEATW,"Heartbeam, Inc. - Warrant",NASDAQ,BEATW
BEBE,TGE Value Creative Solutions Corp Class A Ordinary Shares,N,BEBE
BEBE.U,"TGE Value Creative Solutions Corp Units, each consisting of one Class A ordinary share and one-half of one redeemable warrant",N,BEBE-U
BEBE.W,"TGE Value Creative Solutions Corp Redeemable warrants, each whole warrant exercisable for one Class A ordinary share at an exercise price of $11.50 per share",N,BEBE-W
BEEM,Beam Global - Common Stock,NASDAQ,BEEM
BEEP,Mobile Infrastructure Corporation - Common Stock,NASDAQ,BEEP
BEKE,KE Holdings Inc American Depositary Shares (each representing three Class A Ordinary Shares),N,BEKE
BELFA,Bel Fuse Inc. - Class A Common Stock,NASDAQ,BELFA
BELFB,Bel Fuse Inc. - Class B Common Stock,NASDAQ,BELFB
BEN,"Franklin Resources, Inc. Common Stock",N,BEN
BENF,Beneficient - Class A Common Stock,NASDAQ,BENF
BENFW,Beneficient - Warrant,NASDAQ,BENFW
BEP,Brookfield Renewable Partners L.P. Limited Partnership Units,N,BEP
BEPC,Brookfield Renewable Corporation Brookfield Renewable Corporation Class A Subordinate Voting Shares,N,BEPC
BEPH,Brookfield BRP Holdings (Canada) Inc. 4.625% Perpetual Subordinated Notes,N,BEPH
BEPI,Brookfield BRP Holdings (Canada) Inc. 4.875% Perpetual Subordinated Notes,N,BEPI
BEPJ,Brookfield BRP Holdings (Canada) Inc. 7.250% Perpetual Subordinated Notes,N,BEPJ
BESS,Bimergen Energy Corporation Common Stock,A,BESS
BESS.W,"Bimergen Energy Corporation Warrants, each share exercisable to purchase one share of Common Stock",A,BESS-W
BETA,"Beta Technologies, Inc. Class A Common Stock",N,BETA
BETR,Better Home & Finance Holding Company - Class A Common Stock,NASDAQ,BETR
BETRW,Better Home & Finance Holding Company - Warrant,NASDAQ,BETRW
BF.A,Brown Forman Inc Class A Common Stock,N,BF-A
BF.B,Brown Forman Inc Class B Common Stock,N,BF-B
BFAM,Bright Horizons Family Solutions Inc. Common Stock,N,BFAM
BFC,Bank First Corporation - Common Stock,NASDAQ,BFC
BFH,"Bread Financial Holdings, Inc. Common Stock",N,BFH
BFLY,"Butterfly Network, Inc. Class A Common Stock",N,BFLY
BFRG,"Bullfrog AI Holdings, Inc. - Common Stock",NASDAQ,BFRG
BFRGW,"Bullfrog AI Holdings, Inc. - Warrants",NASDAQ,BFRGW
BFRI,Biofrontera Inc. - Common Stock,NASDAQ,BFRI
BFRIW,Biofrontera Inc. - Warrants,NASDAQ,BFRIW
BFS,"Saul Centers, Inc. Common Stock",N,BFS
BFST,"Business First Bancshares, Inc. - Common Stock",NASDAQ,BFST
BG,Bunge Limited Common Shares,N,BG
BGB,Blackstone Strategic Credit 2027 Term Fund Common Shares of Beneficial Interest,N,BGB
BGC,"BGC Group, Inc. - Class A Common Stock",NASDAQ,BGC
BGDE,"Big Digital Energy, Inc. - Common Stock",NASDAQ,BGDE
BGH,Barings Global Short Duration High Yield Fund Common Shares of Beneficial Interests,N,BGH
BGI,Birks Group Inc. Common Stock,A,BGI
BGIN,Bgin Blockchain Limited - Class A Ordinary Shares,NASDAQ,BGIN
BGL,Blue Gold Limited - Class A ordinary shares,NASDAQ,BGL
BGLC,BioNexus Gene Lab Corp - Common stock,NASDAQ,BGLC
BGLWW,Blue Gold Limited - Warrant,NASDAQ,BGLWW
BGM,BGM Group Ltd. - Class A Ordinary Shares,NASDAQ,BGM
BGMS,"Bio Green Med Solution, Inc. - Common Stock",NASDAQ,BGMS
BGR,BlackRock Energy and Resources Trust,N,BGR
BGS,"B&G Foods, Inc. Common Stock",N,BGS
BGSF,"BGSF, Inc. Common Stock",N,BGSF
BGSI,Boyd Group Services Inc. Common Shares,N,BGSI
BGT,BlackRock Floating Rate Income Trust,N,BGT
BGX,Blackstone Long Short Credit Income Fund Common Shares,N,BGX
BGY,Blackrock Enhanced International Dividend Trust,N,BGY
BH,Biglari Holdings Inc. Class B Common Stock,N,BH
BH.A,Biglari Holdings Inc. Class A Common Stock,N,BH-A
BHAV,BHAV Acquisition Corp - Class A Ordinary Shares,NASDAQ,BHAV
BHAVR,BHAV Acquisition Corp - Rights,NASDAQ,BHAVR
BHAVU,BHAV Acquisition Corp - Units,NASDAQ,BHAVU
BHB,"Bar Harbor Bankshares, Inc. Common Stock",A,BHB
BHC,Bausch Health Companies Inc. Common Stock,N,BHC
BHE,"Benchmark Electronics, Inc. Common Stock",N,BHE
BHF,"Brighthouse Financial, Inc. - Common Stock",NASDAQ,BHF
BHFAL,"Brighthouse Financial, Inc. - Junior Subordinated Debentures due 2058",NASDAQ,BHFAL
BHFAM,"Brighthouse Financial, Inc. - Depositary shares each representing a 1/1,000th Interest in a Share of 4.625% Non-Cumulative Preferred Stock, Series D",NASDAQ,BHFAM
BHFAN,"Brighthouse Financial, Inc. - depositary shares, each representing a 1/1,000th interest in a share of 5.375% Non-Cumulative Preferred Stock, Series C",NASDAQ,BHFAN
BHFAO,"Brighthouse Financial, Inc. - Depositary Shares, each representing a 1/1,000th interest in a share of 6.750% Non-Cumulative Preferred Stock, Series B",NASDAQ,BHFAO
BHFAP,"Brighthouse Financial, Inc. - Depositary Shares 6.6% Non-Cumulative Preferred Stock, Series A",NASDAQ,BHFAP
BHK,Blackrock Core Bond Trust,N,BHK
BHM,"Bluerock Homes Trust, Inc. Class A Common Stock",A,BHM
BHP,BHP Group Limited American Depositary Shares (Each representing two Ordinary Shares),N,BHP
BHR,Braemar Hotels & Resorts Inc. Common Stock,N,BHR
BHRB,Burke & Herbert Financial Services Corp. - Common Stock,NASDAQ,BHRB
BHST,BioHarvest Sciences Inc. - Common Stock,NASDAQ,BHST
BHV,BlackRock Virginia Municipal Bond Trust,N,BHV
BHVN,Biohaven Ltd. Common Shares ,N,BHVN
BIAF,"bioAffinity Technologies, Inc. - Common Stock",NASDAQ,BIAF
BIAFW,"bioAffinity Technologies, Inc. - Warrant",NASDAQ,BIAFW
BIDU,"Baidu, Inc. - American Depositary Shares, each representing 8 ordinary share",NASDAQ,BIDU
BIIB,Biogen Inc. - Common Stock,NASDAQ,BIIB
BIII,Black Spade Acquisition III Co Class A Ordinary Shares,N,BIII
BIII.U,"Black Spade Acquisition III Co Units, each consisting of one Class A ordinary share and one-third of one redeemable warrant",N,BIII-U
BIII.W,"Black Spade Acquisition III Co Redeemable warrants, each whole warrant exercisable for one Class A ordinary share at an exercise price of $11.50",N,BIII-W
BILI,Bilibili Inc. - American Depositary Shares,NASDAQ,BILI
BILL,"BILL Holdings, Inc. Common Stock",N,BILL
BIO,"Bio-Rad Laboratories, Inc. Class A Common Stock",N,BIO
BIO.B,"Bio-Rad Laboratories, Inc. Class B  Common Stock",N,BIO-B
BIOA,"BioAge Labs, Inc. - Common Stock",NASDAQ,BIOA
BIOX,Bioceres Crop Solutions Corp. - Ordinary Shares,NASDAQ,BIOX
BIP,Brookfield Infrastructure Partners LP Limited Partnership Units,N,BIP
BIPC,Brookfield Infrastructure Corporation Brookfield Infrastructure Corporation,N,BIPC
BIPH,Brookfield Infrastructure Corporation 5.000% Subordinated Notes due 2081,N,BIPH
BIPI,BIP Bermuda Holdings I Limited 5.125% Perpetual Subordinated Notes,N,BIPI
BIPJ,Brookfield Infrastructure Corporation 7.250% Subordinated Notes due 2084,N,BIPJ
BIRD,"Allbirds, Inc. - Class A Common Stock",NASDAQ,BIRD
BIRK,Birkenstock Holding plc Ordinary Shares,N,BIRK
BIT,BlackRock Multi-Sector Income Trust Common Shares of Beneficial Interest,N,BIT
BIVI,BioVie Inc. - Common stock,NASDAQ,BIVI
BIVIW,BioVie Inc. - Warrant,NASDAQ,BIVIW
BIXI,Bitcoin Infrastructure Acquisition Corp Ltd. - Class A Ordinary Shares,NASDAQ,BIXI
BIXIU,Bitcoin Infrastructure Acquisition Corp Ltd. - Units,NASDAQ,BIXIU
BIXIW,Bitcoin Infrastructure Acquisition Corp Ltd. - Warrants,NASDAQ,BIXIW
BIYA,Baiya International Group Inc.  - Ordinary Shares,NASDAQ,BIYA
BJ,"BJ's Wholesale Club Holdings, Inc. Common Stock",N,BJ
BJDX,"Bluejay Diagnostics, Inc. - Common Stock",NASDAQ,BJDX
BJRI,"BJ's Restaurants, Inc. - Common Stock",NASDAQ,BJRI
BK,The Bank of New York Mellon Corporation Common Stock,N,BK
BKD,Brookdale Senior Living Inc. Common Stock,N,BKD
BKE,"Buckle, Inc. (The) Common Stock",N,BKE
BKH,Black Hills Corporation Common Stock,N,BKH
BKHA,Black Hawk Acquisition Corporation - Class A Ordinary Shares,NASDAQ,BKHA
BKHAR,Black Hawk Acquisition Corporation - Rights,NASDAQ,BKHAR
BKHAU,Black Hawk Acquisition Corporation - Units,NASDAQ,BKHAU
BKKT,"Bakkt, Inc. Class A Common Stock",N,BKKT
BKKT.W,"Bakkt, Inc. Warrants to purchase Class A Common Stock, each Warrant entitles a holder to purchase 1/25th of a share of Class A common stock at an exercise price of $287.50 for one share",N,BKKT-W
BKNG,Booking Holdings Inc. - Common Stock,NASDAQ,BKNG
BKR,Baker Hughes Company - Common Stock,NASDAQ,BKR
BKSY,BlackSky Technology Inc. Class A Common Stock,N,BKSY
BKSY.W,"BlackSky Technology Inc. Redeemable Warrants, each whole Warrant exercisable for one share of Class A Common Stock",N,BKSY-W
BKT,BlackRock Income Trust Inc. (The),N,BKT
BKTI,BK Technologies Corporation Common Stock,A,BKTI
BKU,"BankUnited, Inc. Common Stock",N,BKU
BKV,BKV Corporation Common Stock,N,BKV
BKYI,"BIO-key International, Inc. - Common Stock",NASDAQ,BKYI
BL,"BlackLine, Inc. - Common Stock",NASDAQ,BL
BLBD,Blue Bird Corporation - Common Stock,NASDAQ,BLBD
BLCO,Bausch + Lomb Corporation Common Shares,N,BLCO
BLD,TopBuild Corp. Common Stock,N,BLD
BLDP,"Ballard Power Systems, Inc. - Common Shares",NASDAQ,BLDP
BLDR,"Builders FirstSource, Inc. Common Stock",N,BLDR
BLFS,"BioLife Solutions, Inc. - Common Stock",NASDAQ,BLFS
BLIN,"Bridgeline Digital, Inc. - Common Stock",NASDAQ,BLIN
BLIV,BeLive Holdings - ordinary shares,NASDAQ,BLIV
BLK,"BlackRock, Inc. Common Stock",N,BLK
BLKB,"Blackbaud, Inc. - Common Stock",NASDAQ,BLKB
BLLN,"BillionToOne, Inc. - Class A common stock",NASDAQ,BLLN
BLMN,"Bloomin' Brands, Inc. - Common Stock",NASDAQ,BLMN
BLND,"Blend Labs, Inc. Class A Common Stock",N,BLND
BLNE,"Beeline Holdings, Inc. - Common Stock",NASDAQ,BLNE
BLNK,Blink Charging Co. - Common Stock,NASDAQ,BLNK
BLRK,Bluerock Acquisition Corp. - Class A Ordinary Shares,NASDAQ,BLRK
BLRKU,Bluerock Acquisition Corp. - Units,NASDAQ,BLRKU
BLRKW,Bluerock Acquisition Corp. - Warrants,NASDAQ,BLRKW
BLRX,BioLineRx Ltd. - American Depositary Shares,NASDAQ,BLRX
BLSH,Bullish Ordinary Shares,N,BLSH
BLTE,"Belite Bio, Inc - American Depositary Shares",NASDAQ,BLTE
BLUW,Blue Water Acquisition Corp. III - Class A Ordinary Shares,NASDAQ,BLUW
BLUWU,Blue Water Acquisition Corp. III - Unit.,NASDAQ,BLUWU
BLUWW,Blue Water Acquisition Corp. III - Warrant.,NASDAQ,BLUWW
BLW,Blackrock Limited Duration Income Trust,N,BLW
BLX,"Banco Latinoamericano de Comercio Exterior, S.A.",N,BLX
BLZE,"Backblaze, Inc. - Common Stock",NASDAQ,BLZE
BLZR,Trailblazer Acquisition Corp. - Class A Ordinary Shares,NASDAQ,BLZR
BLZRU,Trailblazer Acquisition Corp. - Unit,NASDAQ,BLZRU
BLZRW,Trailblazer Acquisition Corp. - Warrant,NASDAQ,BLZRW
BMA,Banco Macro S.A.  ADR (representing Ten Class B Common Shares),N,BMA
BMBL,Bumble Inc. - common stock,NASDAQ,BMBL
BME,Blackrock Health Sciences Trust,N,BME
BMEA,"Biomea Fusion, Inc. - Common Stock",NASDAQ,BMEA
BMEZ,BlackRock Health Sciences Term Trust Common Shares of Beneficial Interest,N,BMEZ
BMGL,Basel Medical Group Ltd - ordinary shares,NASDAQ,BMGL
BMHL,Bluemount Holdings Limited - Class B Ordinary Shares,NASDAQ,BMHL
BMI,"Badger Meter, Inc. Common Stock",N,BMI
BMM,Blue Moon Metals Inc. - Common Shares,NASDAQ,BMM
BMN,BlackRock 2037 Municipal Target Term Trust Common Shares of Beneficial Interest,N,BMN
BMNR,"BitMine Immersion Technologies, Inc. Common Stock",N,BMNR
BMO,Bank Of Montreal Common Stock,N,BMO
BMR,Beamr Imaging Ltd. - Ordinary Share,NASDAQ,BMR
BMRA,"Biomerica, Inc. - Common Stock",NASDAQ,BMRA
BMRC,Bank of Marin Bancorp - Common Stock,NASDAQ,BMRC
BMRN,BioMarin Pharmaceutical Inc. - Common Stock,NASDAQ,BMRN
BMY,Bristol-Myers Squibb Company Common Stock,N,BMY
BN,Brookfield Corporation Class A Limited Voting Shares,N,BN
BNAI,Brand Engagement Network Inc. - Common Stock,NASDAQ,BNAI
BNAIW,Brand Engagement Network Inc. - Warrant,NASDAQ,BNAIW
BNBX,BNB Plus Corp. - Common Stock,NASDAQ,BNBX
BNC,CEA Industries Inc. - Common Stock,NASDAQ,BNC
BNCWW,CEA Industries Inc. - Warrant,NASDAQ,BNCWW
BNCWZ,CEA Industries Inc. - Warrants,NASDAQ,BNCWZ
BNED,"Barnes & Noble Education, Inc Common Stock",N,BNED
BNGO,"Bionano Genomics, Inc. - Common Stock",NASDAQ,BNGO
BNH,"Brookfield Finance Inc. 4.625% Subordinated Notes due October 16, 2080",N,BNH
BNJ,Brookfield Finance Inc. 4.50% Perpetual Subordinated Notes,N,BNJ
BNKK,"Bonk, Inc. - Common Stock",NASDAQ,BNKK
BNL,"Broadstone Net Lease, Inc. Common Stock",N,BNL
BNR,Burning Rock Biotech Limited - American Depositary Shares,NASDAQ,BNR
BNRG,Brenmiller Energy Ltd - Ordinary Shares,NASDAQ,BNRG
BNS,Bank Nova Scotia Halifax Pfd 3 Ordinary Shares,N,BNS
BNT,Brookfield Wealth Solutions Ltd. Class A Exchangeable Limited Voting Shares,N,BNT
BNTC,Benitec Biopharma Inc. - Common Stock,NASDAQ,BNTC
BNTX,BioNTech SE - American Depositary Shares,NASDAQ,BNTX
BNZI,"Banzai International, Inc. - Class A Common Stock",NASDAQ,BNZI
BNZIW,"Banzai International, Inc. - Warrant",NASDAQ,BNZIW
BOBS,"Bob's Discount Furniture, Inc. Common Stock",N,BOBS
BOC,Boston Omaha Corporation Class A Common Stock,N,BOC
BODI,"The Beachbody Company, Inc. - Class A Common Stock",NASDAQ,BODI
BOE,Blackrock Enhanced Global Dividend Trust Common Shares of Beneficial Interest,N,BOE
BOF,BranchOut Food Inc. - Common Stock,NASDAQ,BOF
BOH,Bank of Hawaii Corporation Common Stock,N,BOH
BOKF,BOK Financial Corporation - Common Stock,NASDAQ,BOKF
BOLD,"Boundless Bio, Inc. - Common Stock",NASDAQ,BOLD
BOLT,"Bolt Biotherapeutics, Inc. - Common Stock",NASDAQ,BOLT
BON,Bon Natural Life Limited - Class A Ordinary Shares,NASDAQ,BON
BOOM,DMC Global Inc. - Common Stock,NASDAQ,BOOM
BOOT,"Boot Barn Holdings, Inc. Common Stock",N,BOOT
BORR,Borr Drilling Limited Common Shares,N,BORR
BOSC,B.O.S. Better Online Solutions - Ordinary Shares,NASDAQ,BOSC
BOTJ,"Bank of the James Financial Group, Inc. - Common Stock",NASDAQ,BOTJ
BOW,Bowhead Specialty Holdings Inc. Common Stock,N,BOW
BOX,"Box, Inc. Class A Common Stock",N,BOX
BOXL,Boxlight Corporation - Class A Common Stock,NASDAQ,BOXL
BP,BP p.l.c. Common Stock,N,BP
BPAC,Blueport Acquisition Ltd - Class A Ordinary Shares,NASDAQ,BPAC
BPACR,Blueport Acquisition Ltd - Rights,NASDAQ,BPACR
BPACU,Blueport Acquisition Ltd - Units,NASDAQ,BPACU
BPOP,"Popular, Inc. - Common Stock",NASDAQ,BPOP
BPOPM,"Popular, Inc. - Popular Capital Trust II - 6.125% Cumulative Monthly Income Trust Preferred Securities",NASDAQ,BPOPM
BPRE,Bluerock Private Real Estate Fund Common Shares of Beneficial Interest,N,BPRE
BPRN,"Princeton Bancorp, Inc. - Common Stock",NASDAQ,BPRN
BPYPM,"Brookfield Property Partners L.P. - 6.25% Class A Cumulative Redeemable Preferred Units, Series 1",NASDAQ,BPYPM
BPYPN,"Brookfield Property Partners L.P. - 5.750% Class A Cumulative Redeemable Perpetual Preferred Units, Series 3",NASDAQ,BPYPN
BPYPO,"Brookfield Property Partners L.P. - 6.375% Class A Cumulative Redeemable Perpetual Preferred Units, Series 2",NASDAQ,BPYPO
BPYPP,Brookfield Property Partners L.P. - 6.50% Class A Cumulative Redeemable Perpetual Preferred Units,NASDAQ,BPYPP
BQ,Boqii Holding Limited Class A Ordinary Shares,A,BQ
BR,"Broadridge Financial Solutions, Inc. Common Stock",N,BR
BRAG,Bragg Gaming Group Inc. - Common Shares,NASDAQ,BRAG
BRAI,Braiin Limited - Common Stock,NASDAQ,BRAI
BRBI,BRBI BR Partners S.A. - ADSs,NASDAQ,BRBI
BRBR,"BellRing Brands, Inc. Common Stock ",N,BRBR
BRBS,"Blue Ridge Bankshares, Inc. Common Stock",A,BRBS
BRC,Brady Corporation Common Stock,N,BRC
BRCB,"Black Rock Coffee Bar, Inc. - Class A Common Stock",NASDAQ,BRCB
BRCC,BRC Inc. Class A Common Stock,N,BRCC
BRFH,Barfresh Food Group Inc. - Common Stock,NASDAQ,BRFH
BRIA,BrilliA Inc Class A Ordinary Shares,A,BRIA
BRID,Bridgford Foods Corporation - Common Stock,NASDAQ,BRID
BRK.A,Berkshire Hathaway Inc. Common Stock,N,BRK-A
BRK.B,Berkshire Hathaway Inc. New Common Stock,N,BRK-B
BRKR,Bruker Corporation - Common Stock,NASDAQ,BRKR
BRKRP,"Bruker Corporation - 6.375% Mandatory Convertible Preferred Stock, Series A",NASDAQ,BRKRP
BRLS,Borealis Foods Inc. - Class A Common Shares,NASDAQ,BRLS
BRLSW,Borealis Foods Inc. - Warrant,NASDAQ,BRLSW
BRLT,"Brilliant Earth Group, Inc. - Class A Common Stock",NASDAQ,BRLT
BRN,"Barnwell Industries, Inc. Common Stock",A,BRN
BRNS,Barinthus Biotherapeutics plc - American Depositary Shares,NASDAQ,BRNS
BRO,"Brown & Brown, Inc. Common Stock",N,BRO
BROS,Dutch Bros Inc. Class A Common Stock,N,BROS
BRR,"ProCap Financial, Inc. - Common Stock",NASDAQ,BRR
BRRWW,"ProCap Financial, Inc. - Warrant.",NASDAQ,BRRWW
BRSL,"Brightstar Lottery PLC Trading under the Legal Name to begin at the market open on July 21, 2025. Ordinary Shares",N,BRSL
BRSP,"BrightSpire Capital, Inc. Class A Common Stock",N,BRSP
BRT,BRT Apartments Corp. (MD) Common Stock,N,BRT
BRTX,"BioRestorative Therapies, Inc. - Common Stock",NASDAQ,BRTX
BRW,Saba Capital Income & Opportunities Fund SBI,N,BRW
BRX,Brixmor Property Group Inc. Common Stock,N,BRX
BRZE,"Braze, Inc. - Class A Common Stock",NASDAQ,BRZE
BSAA,BEST SPAC I Acquisition Corp. - Class A Ordinary Shares,NASDAQ,BSAA
BSAAR,BEST SPAC I Acquisition Corp. - Rights,NASDAQ,BSAAR
BSAAU,BEST SPAC I Acquisition Corp. - Unit,NASDAQ,BSAAU
BSAC,Banco Santander - Chile ADS,N,BSAC
BSBK,Bogota Financial Corp. - Common Stock,NASDAQ,BSBK
BSBR,"Banco Santander Brasil SA American Depositary Shares, each representing one unit",N,BSBR
BSET,"Bassett Furniture Industries, Incorporated - Common Stock",NASDAQ,BSET
BSL,Blackstone Senior Floating Rate 2027 Term Fund Common Shares of Beneficial Interest,N,BSL
BSM,"Black Stone Minerals, L.P. Common units representing limited partner interests",N,BSM
BSRR,Sierra Bancorp - Common Stock,NASDAQ,BSRR
BST,BlackRock Science and Technology Trust Common Shares of Beneficial Interest,N,BST
BSTZ,BlackRock Science and Technology Term Trust Common Shares of Beneficial Interest,N,BSTZ
BSVN,Bank7 Corp. - Common stock,NASDAQ,BSVN
BSX,Boston Scientific Corporation Common Stock,N,BSX
BSY,"Bentley Systems, Incorporated - Class B Common Stock",NASDAQ,BSY
BTAI,"BioXcel Therapeutics, Inc. - Common Stock",NASDAQ,BTAI
BTBD,"BT Brands, Inc. - Common Stock",NASDAQ,BTBD
BTBDW,"BT Brands, Inc. - Warrant",NASDAQ,BTBDW
BTBT,"Bit Digital, Inc. - Ordinary Share",NASDAQ,BTBT
BTCS,BTCS Inc. - Common Stock,NASDAQ,BTCS
BTCT,BTC Digital Ltd. - Ordinary Shares,NASDAQ,BTCT
BTDR,Bitdeer Technologies Group - Ordinary Shares,NASDAQ,BTDR
BTE,Baytex Energy Corp Common Shares,N,BTE
BTG,B2Gold Corp Common shares (Canada),A,BTG
BTGO,"BitGo Holdings, Inc. Class A Common Stock",N,BTGO
BTI,"British American Tobacco  Industries, p.l.c. Common Stock ADR",N,BTI
BTM,Bitcoin Depot Inc. - Class A Common Stock,NASDAQ,BTM
BTMD,Biote Corp. - Class A common stock,NASDAQ,BTMD
BTMWW,Bitcoin Depot Inc. - Warrant,NASDAQ,BTMWW
BTO,John Hancock Financial Opportunities Fund Common Stock,N,BTO
BTOC,Armlogi Holding Corp. - common stock,NASDAQ,BTOC
BTOG,Bit Origin Limited - Class A Ordinary Shares,NASDAQ,BTOG
BTQ,BTQ Technologies Corp. - Common Stock,NASDAQ,BTQ
BTSG,"BrightSpring Health Services, Inc. - Common Stock",NASDAQ,BTSG
BTSGU,"BrightSpring Health Services, Inc. - Tangible Equity Unit",NASDAQ,BTSGU
BTT,BlackRock Municipal 2030 Target Term Trust,N,BTT
BTTC,Black Titan Corp - Ordinary Shares,NASDAQ,BTTC
BTU,Peabody Energy Corporation Common Stock ,N,BTU
BTX,BlackRock Technology and Private Equity Term Trust Common Shares of Beneficial Interest,N,BTX
BTZ,BlackRock Credit Allocation Income Trust,N,BTZ
BUD,Anheuser-Busch Inbev SA Sponsored ADR (Belgium),N,BUD
BUDA,"Buda Juice, Inc. Common Stock",A,BUDA
BUI,"BlackRock Utility, Infrastructure & Power Opportunities Trust",N,BUI
BULL,Webull Corporation - Class A Ordinary Shares,NASDAQ,BULL
BULLW,Webull Corporation - Warrants,NASDAQ,BULLW
BUR,Burford Capital Limited Ordinary Shares,N,BUR
BURL,"Burlington Stores, Inc. Common Stock",N,BURL
BURU,"Nuburu, Inc. Common Stock",A,BURU
BUSE,First Busey Corporation - Common Stock,NASDAQ,BUSE
BUSEP,"First Busey Corporation - Depositary Shares, Each Representing a 1/40th Interest in a Share of 8.25% Fixed-Rate Series B Non-Cumulative Perpetual Preferred Stock, $0.001 par value",NASDAQ,BUSEP
BUUU,BUUU Group Limited - Class A Ordinary Share,NASDAQ,BUUU
BV,"BrightView Holdings, Inc. Common Stock",N,BV
BVC,BitVentures Limited - Ordinary Share,NASDAQ,BVC
BVFL,"BV Financial, Inc. - Common Stock",NASDAQ,BVFL
BVN,Buenaventura Mining Company Inc.,N,BVN
BVS,Bioventus Inc. - Class A Common Stock,NASDAQ,BVS
BW,"Babcock & Wilcox Enterprises, Inc. Common Stock",N,BW
BWA,BorgWarner Inc. Common Stock,N,BWA
BWAY,BrainsWay Ltd. - American Depositary Shares,NASDAQ,BWAY
BWB,"Bridgewater Bancshares, Inc. - Common Stock",NASDAQ,BWB
BWBBP,"Bridgewater Bancshares, Inc. - Depositary Shares, Each Representing a 1/100th Interest in a Share of 5.875% Non-Cumulative Perpetual Preferred Stock, Series A",NASDAQ,BWBBP
BWEN,"Broadwind, Inc. - Common Stock",NASDAQ,BWEN
BWFG,"Bankwell Financial Group, Inc. - Common Stock",NASDAQ,BWFG
BWG,BrandywineGLOBAL Global Income Opportunities Fund Inc.,N,BWG
BWIN,"The Baldwin Insurance Group, Inc. - Class A Common Stock",NASDAQ,BWIN
BWIV.U,"Blue Water Acquisition Corp. IV Units, each consisting of one Class A ordinary share and one-half of one redeemable warrant",N,BWIV-U
BWLP,BW LPG Limited Common Shares,N,BWLP
BWMN,Bowman Consulting Group Ltd. - Common Stock,NASDAQ,BWMN
BWMX,"Betterware de Mexico, S.A.P.I. de C.V. Ordinary Shares",N,BWMX
BWNB,"Babcock & Wilcox Enterprises, Inc. 6.50% Senior Notes due 2026",N,BWNB
BWXT,"BWX Technologies, Inc. Common Stock",N,BWXT
BX,Blackstone Inc. Common Stock,N,BX
BXC,Bluelinx Holdings Inc. Common Stock,N,BXC
BXMT,"Blackstone Mortgage Trust, Inc. Common Stock",N,BXMT
BXP,"BXP, Inc. Common Stock",N,BXP
BXSL,Blackstone Secured Lending Fund Common Shares of Beneficial Interest,N,BXSL
BY,"Byline Bancorp, Inc. Common Stock",N,BY
BYAH,"Park Ha Biological Technology Co., Ltd. - Class A Ordinary Shares",NASDAQ,BYAH
BYD,Boyd Gaming Corporation Common Stock,N,BYD
BYFC,Broadway Financial Corporation - Class A Common Stock,NASDAQ,BYFC
BYND,"Beyond Meat, Inc. - Common stock",NASDAQ,BYND
BYRN,"Byrna Technologies, Inc. - Common Stock",NASDAQ,BYRN
BYSI,"BeyondSpring, Inc. - Ordinary Shares",NASDAQ,BYSI
BZ,KANZHUN LIMITED - American Depository Shares,NASDAQ,BZ
BZAI,"Blaize Holdings, Inc. - Common Stock",NASDAQ,BZAI
BZAIW,"Blaize Holdings, Inc. - Warrant",NASDAQ,BZAIW
BZFD,"BuzzFeed, Inc. - Class A Common Stock",NASDAQ,BZFD
BZFDW,"BuzzFeed, Inc. - Warrant",NASDAQ,BZFDW
BZH,"Beazer Homes USA, Inc. Common Stock",N,BZH
BZUN,Baozun Inc. - American Depositary Shares,NASDAQ,BZUN
C,"Citigroup, Inc. Common Stock",N,C
CAAP,Corporacion America Airports SA Common Shares,N,CAAP
CAAS,"China Automotive Systems, Inc. - Ordinary Share",NASDAQ,CAAS
CABA,"Cabaletta Bio, Inc. - Common Stock",NASDAQ,CABA
CABO,"Cable One, Inc. Common Stock",N,CABO
CABR,"Caring Brands, Inc. - Common Stock",NASDAQ,CABR
CAC,Camden National Corporation - Common Stock,NASDAQ,CAC
CACC,Credit Acceptance Corporation - Common Stock,NASDAQ,CACC
CACI,"CACI International, Inc. Class A Common Stock",N,CACI
CADL,"Candel Therapeutics, Inc. - Common Stock",NASDAQ,CADL
CAE,CAE Inc. Ordinary Shares,N,CAE
CAEP,"Cantor Equity Partners III, Inc. - Class A Ordinary Shares",NASDAQ,CAEP
CAF,Morgan Stanley China A Share Fund Inc. Common Stock,N,CAF
CAG,"ConAgra Brands, Inc. Common Stock",N,CAG
CAH,"Cardinal Health, Inc. Common Stock",N,CAH
CAI,"Caris Life Sciences, Inc. - Common Stock",NASDAQ,CAI
CAIIU,Collective Acquisition Corp. II - Units,NASDAQ,CAIIU
CAKE,The Cheesecake Factory Incorporated - Common Stock,NASDAQ,CAKE
CAL,"Caleres, Inc. Common Stock",N,CAL
CALC,"CalciMedica, Inc. - Common Stock",NASDAQ,CALC
CALM,"Cal-Maine Foods, Inc. - Common Stock",NASDAQ,CALM
CALX,"Calix, Inc Common Stock",N,CALX
CALY,Callaway Golf Company Common Stock,N,CALY
CAMP,CAMP4 Therapeutics Corporation - Common Stock,NASDAQ,CAMP
CAMT,Camtek Ltd. - Ordinary Shares,NASDAQ,CAMT
CAN,Canaan Inc. - American Depositary Shares,NASDAQ,CAN
CANF,"Can-Fite Biopharma Ltd American Depositary Shares, each representing two (2) Ordinary Shares",A,CANF
CANG,Cango Inc. Class A Ordinary Shares,N,CANG
CAPL,CrossAmerica Partners LP Common Units representing limited partner interests,N,CAPL
CAPN,Cayson Acquisition Corp - Ordinary Shares,NASDAQ,CAPN
CAPNR,Cayson Acquisition Corp - Right,NASDAQ,CAPNR
CAPNU,Cayson Acquisition Corp - Units,NASDAQ,CAPNU
CAPR,"Capricor Therapeutics, Inc. - Common Stock",NASDAQ,CAPR
CAPS,Capstone Holding Corp. - Common Stock,NASDAQ,CAPS
CAQ,Cambridge Acquisition Corp. - Class A Ordinary Shares,NASDAQ,CAQ
CAQUU,Cambridge Acquisition Corp. - Unit,NASDAQ,CAQUU
CAQUW,Cambridge Acquisition Corp. - Warrants,NASDAQ,CAQUW
CAR,"Avis Budget Group, Inc. - Common Stock",NASDAQ,CAR
CARE,"Carter Bankshares, Inc. - Common Stock",NASDAQ,CARE
CARG,"CarGurus, Inc. - Class A Common Stock",NASDAQ,CARG
CARL,"Carlsmed, Inc. - Common Stock",NASDAQ,CARL
CARR,Carrier Global Corporation Common Stock ,N,CARR
CARS,Cars.com Inc. Common Stock ,N,CARS
CART,Maplebear Inc. - Common Stock,NASDAQ,CART
CASH,"Pathward Financial, Inc. - Common Stock",NASDAQ,CASH
CASS,"Cass Information Systems, Inc - Common Stock",NASDAQ,CASS
CAST,"FreeCast, Inc. - Class A common stock",NASDAQ,CAST
CASY,"Caseys General Stores, Inc. - Common Stock",NASDAQ,CASY
CAT,"Caterpillar, Inc. Common Stock",N,CAT
CATO,Cato Corporation (The) Class A Common Stock,N,CATO
CATX,"Perspective Therapeutics, Inc. Common Stock",A,CATX
CATY,Cathay General Bancorp - Common Stock,NASDAQ,CATY
CAVA,"CAVA Group, Inc. Common Stock",N,CAVA
CB,Chubb Limited  Common Stock,N,CB
CBAN,"Colony Bankcorp, Inc. Common Stock",N,CBAN
CBAT,"CBAK Energy Technology, Inc. - Common Stock",NASDAQ,CBAT
CBC,"Central Bancompany, Inc. - Class A Common Stock",NASDAQ,CBC
CBFV,"CB Financial Services, Inc. - Common Stock",NASDAQ,CBFV
CBIO,"Crescent Biopharma, Inc. - Common Stock",NASDAQ,CBIO
CBK,"Commercial Bancgroup, Inc. - Common Stock",NASDAQ,CBK
CBL,"CBL & Associates Properties, Inc. Common Stock",N,CBL
CBLL,"CeriBell, Inc. - Common Stock",NASDAQ,CBLL
CBNA,"Chain Bridge Bancorp, Inc. Class A Common Stock",N,CBNA
CBNK,"Capital Bancorp, Inc. - Common Stock",NASDAQ,CBNK
CBOE,"Cboe Global Markets, Inc. Common Stock",Z,CBOE
CBRE,CBRE Group Inc Common Stock Class A,N,CBRE
CBRL,"Cracker Barrel Old Country Store, Inc. - Common Stock",NASDAQ,CBRL
CBSH,"Commerce Bancshares, Inc. - Common Stock",NASDAQ,CBSH
CBT,Cabot Corporation Common Stock,N,CBT
CBU,"Community Financial System, Inc. Common Stock",N,CBU
CBUS,"Cibus, Inc. - Class A Common Stock",NASDAQ,CBUS
CBZ,"CBIZ, Inc. Common Stock",N,CBZ
CC,Chemours Company (The) Common Stock,N,CC
CCAP,"Crescent Capital BDC, Inc. - Common Stock",NASDAQ,CCAP
CCB,Coastal Financial Corporation - Common Stock,NASDAQ,CCB
CCBG,Capital City Bank Group - Common Stock,NASDAQ,CCBG
CCC,CCC Intelligent Solutions Holdings Inc. - Common Stock,NASDAQ,CCC
CCCC,"C4 Therapeutics, Inc. - Common Stock",NASDAQ,CCCC
CCD,Calamos Dynamic Convertible & Income Fund - Closed End Fund,NASDAQ,CCD
CCEC,Capital Clean Energy Carriers Corp. - Common Share,NASDAQ,CCEC
CCEL,"Cryo-Cell International, Inc. Common Stock",A,CCEL
CCEP,Coca-Cola Europacific Partners plc - Ordinary Shares,NASDAQ,CCEP
CCG,Cheche Group Inc. - Class A Ordinary Shares,NASDAQ,CCG
CCGWW,Cheche Group Inc. - Warrant,NASDAQ,CCGWW
CCHH,CCH Holdings Ltd - Ordinary Shares,NASDAQ,CCHH
CCI,Crown Castle Inc. Common Stock,N,CCI
CCID,Carlyle Credit Income Fund 7.375% Series D Term Preferred Shares due 2028,N,CCID
CCIF,Carlyle Credit Income Fund Shares of Beneficial Interest,N,CCIF
CCII,Cohen Circle Acquisition Corp. II - Class A Ordinary Shares,NASDAQ,CCII
CCIIU,Cohen Circle Acquisition Corp. II - Unit,NASDAQ,CCIIU
CCIIW,Cohen Circle Acquisition Corp. II - Warrant,NASDAQ,CCIIW
CCIX,Churchill Capital Corp IX - Ordinary Shares,NASDAQ,CCIX
CCIXU,Churchill Capital Corp IX - Unit,NASDAQ,CCIXU
CCIXW,Churchill Capital Corp IX - Warrant,NASDAQ,CCIXW
CCJ,Cameco Corporation Common Stock,N,CCJ
CCK,"Crown Holdings, Inc.",N,CCK
CCL,Carnival Corporation Common Stock,N,CCL
CCLD,"CareCloud, Inc. - Common Stock",NASDAQ,CCLD
CCLDO,"CareCloud, Inc. - 8.75% Series B Cumulative Redeemable Perpetual Preferred Stock",NASDAQ,CCLDO
CCM,Concord Medical Services Holdings Limited American Depositary Shares (Each represents thirty (30) Class A ordinary shares),N,CCM
CCNE,CNB Financial Corporation - Common Stock,NASDAQ,CCNE
CCNEP,"CNB Financial Corporation - Depositary shares, each representing a 1/40th ownership interest in a share of 7.125% Series A Fixed- Rate Non-Cumulative Perpetual Preferred Stock",NASDAQ,CCNEP
CCO,"Clear Channel Outdoor Holdings, Inc. Common Stock",N,CCO
CCOI,"Cogent Communications Holdings, Inc. - Common Stock",NASDAQ,CCOI
CCRN,"Cross Country Healthcare, Inc. - Common Stock",NASDAQ,CCRN
CCS,"Century Communities, Inc. Common Stock",N,CCS
CCSI,"Consensus Cloud Solutions, Inc. - Common Stock",NASDAQ,CCSI
CCTG,CCSC Technology International Holdings Limited - Class A Ordinary Shares,NASDAQ,CCTG
CCU,"Compania Cervecerias Unidas, S.A. Common Stock",N,CCU
CCXI,Churchill Capital Corp XI - Class A Ordinary Shares,NASDAQ,CCXI
CCXIU,Churchill Capital Corp XI - Units,NASDAQ,CCXIU
CCXIW,Churchill Capital Corp XI - Warrants,NASDAQ,CCXIW
CCZ,Comcast Holdings ZONES,N,CCZ
CD,Chaince Digital Holdings Inc. - American Ordinary Shares,NASDAQ,CD
CDE,"Coeur Mining, Inc. Common Stock",N,CDE
CDIO,Cardio Diagnostics Holdings Inc. - Common stock,NASDAQ,CDIO
CDIOW,Cardio Diagnostics Holdings Inc. - Warrant,NASDAQ,CDIOW
CDLR,Cadeler A/S American Depositary Share (each representing four (4) Ordinary Shares),N,CDLR
CDLX,"Cardlytics, Inc. - Common Stock",NASDAQ,CDLX
CDNA,"CareDx, Inc. - Common Stock",NASDAQ,CDNA
CDNL,Cardinal Infrastructure Group Inc. - Class A Common Stock,NASDAQ,CDNL
CDNS,"Cadence Design Systems, Inc. - Common Stock",NASDAQ,CDNS
CDP,COPT Defense Properties Common Shares of Beneficial Interest,N,CDP
CDRE,"Cadre Holdings, Inc. Common Stock",N,CDRE
CDRO,"Codere Online Luxembourg, S.A. - Ordinary Shares",NASDAQ,CDRO
CDROW,"Codere Online Luxembourg, S.A. - Warrants",NASDAQ,CDROW
CDT,CDT Equity Inc. - Common Stock,NASDAQ,CDT
CDTG,CDT Environmental Technology Investment Holdings Limited - ordinary shares,NASDAQ,CDTG
CDTTW,CDT Equity Inc. - Warrant,NASDAQ,CDTTW
CDW,CDW Corporation - Common Stock,NASDAQ,CDW
CDXS,"Codexis, Inc. - Common Stock",NASDAQ,CDXS
CDZI,"Cadiz, Inc. - Common Stock",NASDAQ,CDZI
CDZIP,"Cadiz, Inc. - Depositary Shares",NASDAQ,CDZIP
CE,Celanese Corporation Common Stock,N,CE
CECO,CECO Environmental Corp. - Common Stock,NASDAQ,CECO
CEE,"The Central and Eastern Europe Fund, Inc. (The) Common Stock",N,CEE
CEG,Constellation Energy Corporation - Common Stock When-Issued,NASDAQ,CEG
CELC,Celcuity Inc. - Common Stock,NASDAQ,CELC
CELG.R,Bristol-Myers Squibb Company Celegne Contingent Value Rights,N,CELG-R
CELH,"Celsius Holdings, Inc. - Common Stock",NASDAQ,CELH
CELU,Celularity Inc. - Class A Common Stock,NASDAQ,CELU
CELUW,Celularity Inc. - Warrant,NASDAQ,CELUW
CELZ,"Creative Medical Technology Holdings, Inc. - Common Stock",NASDAQ,CELZ
CENN,Cenntro Inc. - Common Stock,NASDAQ,CENN
CENT,Central Garden & Pet Company - Common Stock,NASDAQ,CENT
CENTA,Central Garden & Pet Company - Class A Common Stock Nonvoting,NASDAQ,CENTA
CENX,Century Aluminum Company - Common Stock,NASDAQ,CENX
CEPF,"Cantor Equity Partners IV, Inc. - Class A Ordinary Shares",NASDAQ,CEPF
CEPO,"Cantor Equity Partners I, Inc. - Class A Ordinary Shares",NASDAQ,CEPO
CEPS,"Cantor Equity Partners VI, Inc. - Class A Ordinary Shares",NASDAQ,CEPS
CEPT,"Cantor Equity Partners II, Inc. - Class A ordinary share",NASDAQ,CEPT
CEPU,Central Puerto S.A. American Depositary Shares (each represents ten Common Shares),N,CEPU
CEPV,"Cantor Equity Partners V, Inc. - Class A Ordinary Shares",NASDAQ,CEPV
CERS,Cerus Corporation - Common Stock,NASDAQ,CERS
CERT,"Certara, Inc. - Common Stock",NASDAQ,CERT
CET,Central Securities Corporation Common Stock,A,CET
CETX,Cemtrex Inc. - Common Stock,NASDAQ,CETX
CETY,"Clean Energy Technologies, Inc. - Common Stock",NASDAQ,CETY
CEV,Eaton Vance California Municipal Income Trust Shares of Beneficial Interest,A,CEV
CEVA,"CEVA, Inc. - Common Stock",NASDAQ,CEVA
CF,"CF Industries Holdings, Inc. Common Stock",N,CF
CFBK,CF Bankshares Inc. - Common Stock,NASDAQ,CFBK
CFFI,C&F Financial Corporation - Common Stock,NASDAQ,CFFI
CFFN,"Capitol Federal Financial, Inc. - Common Stock",NASDAQ,CFFN
CFG,"Citizens Financial Group, Inc. Common Stock",N,CFG
CFND,C1 Fund Inc. Common Stock,N,CFND
CFR,"Cullen/Frost Bankers, Inc. Common Stock",N,CFR
CG,The Carlyle Group Inc. - Common Stock,NASDAQ,CG
CGABL,The Carlyle Group Inc. - 4.625% Subordinated Notes due 2061,NASDAQ,CGABL
CGAU,Centerra Gold Inc. Common Shares,N,CGAU
CGBD,"Carlyle Secured Lending, Inc. - Closed End Fund",NASDAQ,CGBD
CGC,Canopy Growth Corporation - Common Shares,NASDAQ,CGC
CGCT,Cartesian Growth Corporation III - Class A Ordinary Shares,NASDAQ,CGCT
CGCTU,Cartesian Growth Corporation III - unit,NASDAQ,CGCTU
CGCTW,Cartesian Growth Corporation III - Warrant,NASDAQ,CGCTW
CGEM,"Cullinan Therapeutics, Inc. - Common Stock",NASDAQ,CGEM
CGEN,Compugen Ltd. - Ordinary Shares,NASDAQ,CGEN
CGNT,Cognyte Software Ltd. - Ordinary Shares,NASDAQ,CGNT
CGNX,Cognex Corporation - Common Stock,NASDAQ,CGNX
CGO,Calamos Global Total Return Fund - Closed End Fund,NASDAQ,CGO
CGON,"CG Oncology, Inc. - Common stock",NASDAQ,CGON
CGTL,Creative Global Technology Holdings Limited - Class A Ordinary Shares,NASDAQ,CGTL
CGTX,"Cognition Therapeutics, Inc. - Common Stock",NASDAQ,CGTX
CHA,"Chagee Holdings Limited - American Depositary Shares, each representing 1 Class A ordinary share",NASDAQ,CHA
CHAI,"Core AI Holdings, Inc. - Common Shares",NASDAQ,CHAI
CHAR,Charlton Aria Acquisition Corporation - Class A Ordinary Shares,NASDAQ,CHAR
CHARR,Charlton Aria Acquisition Corporation - Rights,NASDAQ,CHARR
CHARU,Charlton Aria Acquisition Corporation - Units,NASDAQ,CHARU
CHCI,"Comstock Holding Companies, Inc. - Class A Common Stock",NASDAQ,CHCI
CHCO,City Holding Company - Common Stock,NASDAQ,CHCO
CHCT,Community Healthcare Trust Incorporated Common Stock,N,CHCT
CHD,"Church & Dwight Company, Inc. Common Stock",N,CHD
CHDN,"Churchill Downs, Incorporated - Common Stock",NASDAQ,CHDN
CHE,Chemed Corp,N,CHE
CHEC,Chenghe Acquisition III Co. - Class A Ordinary Shares,NASDAQ,CHEC
CHECU,Chenghe Acquisition III Co. - Units,NASDAQ,CHECU
CHECW,Chenghe Acquisition III Co. - Warrants,NASDAQ,CHECW
CHEF,"The Chefs' Warehouse, Inc. - Common Stock",NASDAQ,CHEF
CHGG,"Chegg, Inc. Common Stock",N,CHGG
CHH,"Choice Hotels International, Inc. Common Stock",N,CHH
CHI,Calamos Convertible Opportunities and Income Fund - Closed End Fund,NASDAQ,CHI
CHKP,Check Point Software Technologies Ltd. - Ordinary Shares,NASDAQ,CHKP
CHMG,Chemung Financial Corp  - Common Stock,NASDAQ,CHMG
CHMI,Cherry Hill Mortgage Investment Corporation Common Stock,N,CHMI
CHNR,"China Natural Resources, Inc. - Common Shares",NASDAQ,CHNR
CHOW,ChowChow Cloud International Holdings Limited Ordinary Shares,A,CHOW
CHPG,ChampionsGate Acquisition Corporation - Class A Ordinary Share,NASDAQ,CHPG
CHPGR,ChampionsGate Acquisition Corporation - Rights,NASDAQ,CHPGR
CHPGU,ChampionsGate Acquisition Corporation - Unit,NASDAQ,CHPGU
CHPT,"ChargePoint Holdings, Inc. Common Stock",N,CHPT
CHR,"Cheer Holding, Inc.  - Class A Ordinary Share",NASDAQ,CHR
CHRD,Chord Energy Corporation - Common Stock,NASDAQ,CHRD
CHRS,"Coherus Oncology, Inc. - Common Stock",NASDAQ,CHRS
CHRW,"C.H. Robinson Worldwide, Inc. - Common Stock",NASDAQ,CHRW
CHSCL,"CHS Inc - Class B Cumulative Redeemable Preferred Stock, Series 4",NASDAQ,CHSCL
CHSCM,"CHS Inc - Class B Reset Rate Cumulative Redeemable Preferred Stock, Series 3",NASDAQ,CHSCM
CHSCN,CHS Inc - Preferred Class B Series 2 Reset Rate,NASDAQ,CHSCN
CHSCO,CHS Inc - Class B Cumulative Redeemable Preferred Stock,NASDAQ,CHSCO
CHSCP,CHS Inc - 8%  Cumulative Redeemable Preferred Stock,NASDAQ,CHSCP
CHSN,Chanson International Holding - Class A Ordinary Shares,NASDAQ,CHSN
CHT,"Chunghwa Telecom Co., Ltd.",N,CHT
CHTR,"Charter Communications, Inc. - Class A Common Stock",NASDAQ,CHTR
CHW,Calamos Global Dynamic Income Fund - Closed End Fund,NASDAQ,CHW
CHWY,"Chewy, Inc. Class A Common Stock",N,CHWY
CHY,Calamos Convertible and High Income Fund - Closed End Fund,NASDAQ,CHY
CHYM,"Chime Financial, Inc. - Class A Common Stock",NASDAQ,CHYM
CI,The Cigna Group Common Stock,N,CI
CIA,"Citizens, Inc. Class A Common Stock ($1.00 Par)",N,CIA
CIB,Grupo Cibest S.A. American Depositary Shares each representing four Preferred Shares,N,CIB
CICB,CION Investment Corporation 7.50% Notes due 2029,N,CICB
CICC,CION Investment Corporation 7.50% Notes due 2031,N,CICC
CIEN,Ciena Corporation Common Stock,N,CIEN
CIF,MFS Intermediate High Income Fund Common Stock,N,CIF
CIFR,Cipher Digital Inc. - Common Stock,NASDAQ,CIFR
CIG,Comp En De Mn Cemig ADS American Depositary Shares,N,CIG
CIG.C,Comp En De Mn Cemig ADS American Depositary Receipts,N,CIG-C
CIGI,Colliers International Group Inc.  - Subordinate Voting Shares,NASDAQ,CIGI
CII,"BlackRock Enhanced Large Cap Core Fund, Inc. Common Stock",N,CII
CIIT,"Tianci International, Inc. - Common Stock",NASDAQ,CIIT
CIK,"Credit Suisse Asset Management Income Fund, Inc. Common Stock",A,CIK
CIM,Chimera Investment Corporation Common Stock,N,CIM
CIMN,Chimera Investment Corporation 9.000% Senior Notes due 2029,N,CIMN
CIMO,Chimera Investment Corporation 9.250% Senior Notes due 2029,N,CIMO
CIMP,Chimera Investment Corporation 8.875% Senior Notes due 2030,N,CIMP
CINF,Cincinnati Financial Corporation - Common Stock,NASDAQ,CINF
CING,Cingulate Inc. - Common Stock,NASDAQ,CING
CINGW,Cingulate Inc. - Warrants,NASDAQ,CINGW
CINT,CI&T Inc Class A Common Shares,N,CINT
CION,CION Investment Corporation Common Stock,N,CION
CISO,"CISO Global, Inc. - Common Stock",NASDAQ,CISO
CISS,C3is Inc. - Common Stock,NASDAQ,CISS
CITR,CitroTech Inc. Common Stock,A,CITR
CIVB,"Civista Bancshares, Inc.  - Common Stock",NASDAQ,CIVB
CIX,CompX International Inc. Common Stock,A,CIX
CJMB,Callan JMB Inc. - Common Stock,NASDAQ,CJMB
CKX,"CKX Lands, Inc. Common Stock",A,CKX
CL,Colgate-Palmolive Company Common Stock,N,CL
CLAR,Clarus Corporation - Common Stock,NASDAQ,CLAR
CLB,Core Laboratories Inc. Common Stock,N,CLB
CLBK,"Columbia Financial, Inc. - Common Stock",NASDAQ,CLBK
CLBR,Colombier Acquisition Corp. III Class A Ordinary Shares,N,CLBR
CLBR.U,"Colombier Acquisition Corp. III Units, each consisting of one Class A ordinary share and one-eighth of one warrant",N,CLBR-U
CLBR.W,"Colombier Acquisition Corp. III Warrants, each whole warrant exercisable for one Class A ordinary share at an exercise price of $11.50 per share",N,CLBR-W
CLBT,Cellebrite DI Ltd. - Ordinary Shares,NASDAQ,CLBT
CLDI,"Calidi Biotherapeutics, Inc. Common Stock",A,CLDI
CLDT,Chatham Lodging Trust (REIT) Common Shares of Beneficial Interest,N,CLDT
CLDX,"Celldex Therapeutics, Inc. - Common Stock",NASDAQ,CLDX
CLF,Cleveland-Cliffs Inc. Common Stock,N,CLF
CLFD,"Clearfield, Inc. - Common Stock",NASDAQ,CLFD
CLGN,CollPlant Biotechnologies Ltd. - Ordinary Shares,NASDAQ,CLGN
CLH,"Clean Harbors, Inc. Common Stock",N,CLH
CLIK,Click Holdings Limited - Ordinary Share,NASDAQ,CLIK
CLIR,ClearSign Technologies Corporation - Common Stock,NASDAQ,CLIR
CLLS,Cellectis S.A. - American Depositary Shares,NASDAQ,CLLS
CLM,"Cornerstone Strategic Investment Fund, Inc. Common Shares",A,CLM
CLMB,"Climb Global Solutions, Inc. - Common Stock",NASDAQ,CLMB
CLMT,"Calumet, Inc - Common Stock",NASDAQ,CLMT
CLNE,Clean Energy Fuels Corp. - Common Stock,NASDAQ,CLNE
CLNN,Clene Inc. - Common Stock,NASDAQ,CLNN
CLOV,"Clover Health Investments, Corp.  - Class A Common stock",NASDAQ,CLOV
CLPR,Clipper Realty Inc. Common Stock,N,CLPR
CLPS,CLPS Incorporation - Common Stock,NASDAQ,CLPS
CLPT,ClearPoint Neuro Inc. - Common Stock,NASDAQ,CLPT
CLRB,"Cellectar Biosciences, Inc. - Common Stock",NASDAQ,CLRB
CLRO,"ClearOne, Inc. - Common Stock",NASDAQ,CLRO
CLS,"Celestica, Inc. Common Stock",N,CLS
CLSK,"CleanSpark, Inc. - Common Stock",NASDAQ,CLSK
CLSKW,"CleanSpark, Inc. - Warrant",NASDAQ,CLSKW
CLST,"Catalyst Bancorp, Inc. - common stock",NASDAQ,CLST
CLVT,Clarivate Plc Ordinary Shares,N,CLVT
CLW,Clearwater Paper Corporation Common Stock,N,CLW
CLWT,Euro Tech Holdings Company Limited - Ordinary Shares,NASDAQ,CLWT
CLX,Clorox Company (The) Common Stock,N,CLX
CLYM,"Climb Bio, Inc. - Common Stock",NASDAQ,CLYM
CM,Canadian Imperial Bank of Commerce Common Stock,N,CM
CMBT,CMB.TECH NV Ordinary Shares,N,CMBT
CMC,Commercial Metals Company Common Stock,N,CMC
CMCL,Caledonia Mining Corporation Plc Common Shares,A,CMCL
CMCM,"Cheetah Mobile Inc. American Depositary Shares, each representing fifty (50) Class A Ordinary Shares",N,CMCM
CMCO,Columbus McKinnon Corporation - Common Stock,NASDAQ,CMCO
CMCSA,Comcast Corporation - Class A Common Stock,NASDAQ,CMCSA
CMCT,Creative Media  - Common Stock,NASDAQ,CMCT
CMDB,Costamare Bulkers Holdings Limited Common Stock,N,CMDB
CME,CME Group Inc. - Class A Common Stock,NASDAQ,CME
CMG,"Chipotle Mexican Grill, Inc. Common Stock",N,CMG
CMI,Cummins Inc. Common Stock,N,CMI
CMII,Columbus Circle Capital Corp II - Class A Ordinary Shares,NASDAQ,CMII
CMIIU,Columbus Circle Capital Corp II - Unit,NASDAQ,CMIIU
CMIIW,Columbus Circle Capital Corp II - Warrant,NASDAQ,CMIIW
CMMB,Chemomab Therapeutics Ltd.  - American Depositary Shares,NASDAQ,CMMB
CMND,Clearmind Medicine Inc. - Common Shares,NASDAQ,CMND
CMP,Compass Minerals Intl Inc Common Stock,N,CMP
CMPR,Cimpress plc - Ordinary Shares,NASDAQ,CMPR
CMPS,COMPASS Pathways Plc - American Depository Shares,NASDAQ,CMPS
CMPX,"Compass Therapeutics, Inc. - Common Stock",NASDAQ,CMPX
CMRC,"Commerce.com, Inc. - Series 1 Common Stock",NASDAQ,CMRC
CMRE,Costamare Inc. Common Stock $0.0001 par value,N,CMRE
CMS,CMS Energy Corporation Common Stock,N,CMS
CMSA,CMS Energy Corporation 5.625% Junior Subordinated Notes due 2078,N,CMSA
CMSC,CMS Energy Corporation 5.875% Junior Subordinated Notes due 2078,N,CMSC
CMSD,CMS Energy Corporation 5.875% Junior Subordinated Notes due 2079,N,CMSD
CMT,Core Molding Technologies Inc Common Stock,A,CMT
CMTG,"Claros Mortgage Trust, Inc. Common Stock",N,CMTG
CMTL,Comtech Telecommunications Corp. - Common Stock,NASDAQ,CMTL
CMTV,Community Bancorp.  - Common stock,NASDAQ,CMTV
CMU,MFS Municipal Income Trust Common Stock,N,CMU
CNA,CNA Financial Corporation Common Stock,N,CNA
CNC,Centene Corporation Common Stock,N,CNC
CNCK,Coincheck Group N.V. - Ordinary Shares,NASDAQ,CNCK
CNCKW,Coincheck Group N.V. - Warrants,NASDAQ,CNCKW
CNDT,Conduent Incorporated - Common Stock,NASDAQ,CNDT
CNET,ZW Data Action Technologies Inc. - Common Stock,NASDAQ,CNET
CNEY,CN Energy Group Inc. - Class A Ordinary Shares,NASDAQ,CNEY
CNF,"CNFinance Holdings Limited American Depositary Shares, each representing two hundred (200) Ordinary Shares",N,CNF
CNH,CNH Industrial N.V. Common Shares,N,CNH
CNI,Canadian National Railway Company Common Stock,N,CNI
CNK,"Cinemark Holdings Inc Cinemark Holdings, Inc. Common Stock",N,CNK
CNL,Collective Mining Ltd. Common Shares,A,CNL
CNM,"Core & Main, Inc. Class A Common Stock",N,CNM
CNMD,CONMED Corporation Common Stock,N,CNMD
CNNE,"Cannae Holdings, Inc. Common Stock",N,CNNE
CNO,"CNO Financial Group, Inc. Common Stock",N,CNO
CNOB,"ConnectOne Bancorp, Inc. - Common Stock",NASDAQ,CNOB
CNOBP,"ConnectOne Bancorp, Inc. - Depositary Shares (each representing a 1/40th interest in a share of 5.25% Fixed-Rate Reset Non-Cumulative Perpetual Preferred Stock, Series A, par value $0.00 per share)",NASDAQ,CNOBP
CNP,"CenterPoint Energy, Inc (Holding Co) Common Stock",N,CNP
CNQ,Canadian Natural Resources Limited Common Stock,N,CNQ
CNR,"Core Natural Resources, Inc. Common Stock",N,CNR
CNS,Cohen & Steers Inc Common Stock,N,CNS
CNSP,"CNS Pharmaceuticals, Inc. - Common Stock",NASDAQ,CNSP
CNTA,Centessa Pharmaceuticals plc - American Depositary Shares,NASDAQ,CNTA
CNTB,Connect Biopharma Holdings Limited - Ordinary Shares,NASDAQ,CNTB
CNTN,"Canton Strategic Holdings, Inc. - Common Stock",NASDAQ,CNTN
CNTX,Context Therapeutics Inc. - Common Stock,NASDAQ,CNTX
CNTY,"Century Casinos, Inc. - Common Stock",NASDAQ,CNTY
CNVS,Cineverse Corp. - Class A Common Stock,NASDAQ,CNVS
CNX,CNX Resources Corporation Common Stock,N,CNX
CNXC,Concentrix Corporation - Common Stock,NASDAQ,CNXC
CNXN,"PC Connection, Inc. - Common Stock",NASDAQ,CNXN
COAG,"Hemab Therapeutics Holdings, Inc. - Common Stock",NASDAQ,COAG
COCH,"Envoy Medical, Inc. - Class A Common Stock",NASDAQ,COCH
COCHW,"Envoy Medical, Inc. - Warrant",NASDAQ,COCHW
COCO,"The Vita Coco Company, Inc. - Common Stock",NASDAQ,COCO
COCP,"Cocrystal Pharma, Inc. - Common Stock",NASDAQ,COCP
CODA,"Coda Octopus Group, Inc. - Common stock",NASDAQ,CODA
CODI,D/B/A Compass Diversified Holdings Shares of Beneficial Interest,N,CODI
CODX,"Co-Diagnostics, Inc. - Common Stock",NASDAQ,CODX
COE,"51Talk Online Education Group American depositary shares, each representing 60 Class A ordinary shares",A,COE
COF,Capital One Financial Corporation Common Stock,N,COF
COFS,"ChoiceOne Financial Services, Inc. - Common Stock",NASDAQ,COFS
COGT,"Cogent Biosciences, Inc. - Common Stock",NASDAQ,COGT
COHN,Cohen & Company Inc.,A,COHN
COHR,Coherent Corp. Common Stock,N,COHR
COHU,"Cohu, Inc. - Common Stock",NASDAQ,COHU
COIN,"Coinbase Global, Inc. - Class A Common Stock",NASDAQ,COIN
COKE,"Coca-Cola Consolidated, Inc. - Common Stock",NASDAQ,COKE
COLA,Columbus Acquisition Corp - Ordinary Shares,NASDAQ,COLA
COLAR,Columbus Acquisition Corp - Rights,NASDAQ,COLAR
COLAU,Columbus Acquisition Corp - Unit,NASDAQ,COLAU
COLB,"Columbia Banking System, Inc. - Common Stock",NASDAQ,COLB
COLD,"Americold Realty Trust, Inc. Common Stock",N,COLD
COLL,"Collegium Pharmaceutical, Inc. - Common Stock",NASDAQ,COLL
COLM,Columbia Sportswear Company - Common Stock,NASDAQ,COLM
COMP,"Compass, Inc. Class A Common Stock",N,COMP
CON,"Concentra Group Holdings Parent, Inc. Common Stock",N,CON
COO,"The Cooper Companies, Inc.  - Common Stock",NASDAQ,COO
COOK,"Traeger, Inc. Common Stock",N,COOK
COOT,Australian Oilseeds Holdings Limited - Ordinary Shares,NASDAQ,COOT
COOTW,Australian Oilseeds Holdings Limited - Warrant,NASDAQ,COOTW
COP,ConocoPhillips Common Stock,N,COP
COPL,Copley Acquisition Corp Ordinary Shares,N,COPL
COPL.U,"Copley Acquisition Corp Units, each consisting of one ordinary share and one-half warrant",N,COPL-U
COPL.W,"Copley Acquisition Corp Redeemable warrants, each whole warrant exercisable for one Class A ordinary share at an exercise price of $11.50",N,COPL-W
COR,"Cencora, Inc. Common Stock",N,COR
CORT,Corcept Therapeutics Incorporated - Common Stock,NASDAQ,CORT
CORZ,"Core Scientific, Inc. - Common Stock",NASDAQ,CORZ
CORZW,"Core Scientific, Inc. - Tranche 1 Warrants",NASDAQ,CORZW
CORZZ,"Core Scientific, Inc. - Tranche 2 Warrants",NASDAQ,CORZZ
COSM,Cosmos Health Inc. - Common Stock,NASDAQ,COSM
COSO,"CoastalSouth Bancshares, Inc. Common Stock",N,COSO
COST,Costco Wholesale Corporation - Common Stock,NASDAQ,COST
COTY,Coty Inc. Class A Common Stock,N,COTY
COUR,"Coursera, Inc. Common Stock",N,COUR
COYA,"Coya Therapeutics, Inc. - Common Stock",NASDAQ,COYA
CP,Canadian Pacific Kansas City Limited Common Shares,N,CP
CPA,"Copa Holdings, S.A. Class A Common Stock",N,CPA
CPAC,Cementos Pacasmayo S.A.A. American Depositary Shares (Each representing five Common Shares),N,CPAC
CPAY,"Corpay, Inc. Common Stock",N,CPAY
CPB,The Campbell's Company - Common Stock,NASDAQ,CPB
CPBI,"Central Plains Bancshares, Inc. - Common Stock",NASDAQ,CPBI
CPF,Central Pacific Financial Corp New,N,CPF
CPHC,Canterbury Park Holding Corporation - Common Stock,NASDAQ,CPHC
CPHI,"China Pharma Holdings, Inc. Common Stock",A,CPHI
CPIX,Cumberland Pharmaceuticals Inc. - Common Stock,NASDAQ,CPIX
CPK,Chesapeake Utilities Corporation Common Stock,N,CPK
CPNG,"Coupang, Inc. Class A Common Stock",N,CPNG
CPOP,"Pop Culture Group Co., Ltd - Class A Ordinary Shares",NASDAQ,CPOP
CPRI,Capri Holdings Limited Ordinary Shares,N,CPRI
CPRT,"Copart, Inc. - Common Stock",NASDAQ,CPRT
CPRX,"Catalyst Pharmaceuticals, Inc. - Common Stock",NASDAQ,CPRX
CPS,Cooper-Standard Holdings Inc. Common Stock,N,CPS
CPSH,CPS Technologies Corp. - Common Stock,NASDAQ,CPSH
CPSS,"Consumer Portfolio Services, Inc. - Common Stock",NASDAQ,CPSS
CPT,Camden Property Trust Common Stock,N,CPT
CPZ,Calamos Long/Short Equity & Dynamic Income Trust - Closed End Fund,NASDAQ,CPZ
CQP,"Cheniere Energy Partners, LP Common Units",N,CQP
CR,Crane Company Common Stock,N,CR
CRAC,Crown Reserve Acquisition Corp. I - Class A Ordinary Shares,NASDAQ,CRAC
CRACR,Crown Reserve Acquisition Corp. I - Rights,NASDAQ,CRACR
CRACU,Crown Reserve Acquisition Corp. I - Unit,NASDAQ,CRACU
CRACW,Crown Reserve Acquisition Corp. I - Warrant,NASDAQ,CRACW
CRAI,"CRA International,Inc. - Common Stock",NASDAQ,CRAI
CRAN,Crane Harbor Acquisition Corp. II - Class A Ordinary Shares,NASDAQ,CRAN
CRANR,Crane Harbor Acquisition Corp. II - Rights,NASDAQ,CRANR
CRANU,Crane Harbor Acquisition Corp. II - Units,NASDAQ,CRANU
CRAQ,Cal Redwood Acquisition Corp. - Class A Ordinary Shares,NASDAQ,CRAQ
CRAQR,Cal Redwood Acquisition Corp. - Right,NASDAQ,CRAQR
CRAQU,Cal Redwood Acquisition Corp. - Units,NASDAQ,CRAQU
CRBD,Corebridge Financial Inc. 6.375% Junior Subordinated Notes due 2064,N,CRBD
CRBG,Corebridge Financial Inc. Common Stock,N,CRBG
CRBP,"Corbus Pharmaceuticals Holdings, Inc. - Common Stock",NASDAQ,CRBP
CRBU,"Caribou Biosciences, Inc. - Common Stock",NASDAQ,CRBU
CRC,California Resources Corporation Common Stock,N,CRC
CRCL,"Circle Internet Group, Inc. Class A Common Stock",N,CRCL
CRCT,"Cricut, Inc. - Class A common stock",NASDAQ,CRCT
CRD.A,Crawford & Company Common Stock,N,CRD-A
CRD.B,Crawford & Company Common Stock,N,CRD-B
CRDF,"Cardiff Oncology, Inc. - Common Stock",NASDAQ,CRDF
CRDL,Cardiol Therapeutics Inc. - Class A Common Shares,NASDAQ,CRDL
CRDO,Credo Technology Group Holding Ltd - Ordinary Shares,NASDAQ,CRDO
CRE,Cre8 Enterprise Limited - Class A Ordinary Shares,NASDAQ,CRE
CREG,Smart Powerr Corp. - Common Stock,NASDAQ,CREG
CRESY,"Cresud S.A.C.I.F. y A. - American Depositary Shares, each representing ten shares of Common Stock",NASDAQ,CRESY
CREX,"Creative Realities, Inc. - Common Stock",NASDAQ,CREX
CRF,"Cornerstone Total Return Fund, Inc. (The) Common Stock",A,CRF
CRGO,Freightos Limited - Ordinary shares,NASDAQ,CRGO
CRGOW,Freightos Limited - Warrants,NASDAQ,CRGOW
CRGY,Crescent Energy Company Class A Common Stock,N,CRGY
CRH,CRH PLC Ordinary Shares,N,CRH
CRI,"Carter's, Inc. Common Stock",N,CRI
CRIS,"Curis, Inc. - Common Stock",NASDAQ,CRIS
CRK,"Comstock Resources, Inc. Common Stock",N,CRK
CRL,"Charles River Laboratories International, Inc. Common Stock",N,CRL
CRM,"Salesforce, Inc. Common Stock",N,CRM
CRMD,CorMedix Inc. - Common Stock,NASDAQ,CRMD
CRML,Critical Metals Corp. - Ordinary Shares,NASDAQ,CRML
CRMLW,Critical Metals Corp. - Warrants,NASDAQ,CRMLW
CRMT,"America's Car-Mart, Inc. - Common Stock",NASDAQ,CRMT
CRNC,Cerence Inc. - Common Stock,NASDAQ,CRNC
CRNT,Ceragon Networks Ltd. - Ordinary Shares,NASDAQ,CRNT
CRNX,"Crinetics Pharmaceuticals, Inc. - Common Stock",NASDAQ,CRNX
CRON,Cronos Group Inc. - Common Share,NASDAQ,CRON
CROX,"Crocs, Inc. - Common Stock",NASDAQ,CROX
CRS,Carpenter Technology Corporation Common Stock,N,CRS
CRSP,CRISPR Therapeutics AG - Common Shares,NASDAQ,CRSP
CRSR,"Corsair Gaming, Inc. - Common Stock",NASDAQ,CRSR
CRT,Cross Timbers Royalty Trust Common Stock,N,CRT
CRTO,Criteo S.A. - American Depositary Shares,NASDAQ,CRTO
CRUS,"Cirrus Logic, Inc. - Common Stock",NASDAQ,CRUS
CRVL,CorVel Corp. - Common Stock,NASDAQ,CRVL
CRVO,CervoMed Inc. - Common Stock,NASDAQ,CRVO
CRVS,"Corvus Pharmaceuticals, Inc. - Common Stock",NASDAQ,CRVS
CRWD,"CrowdStrike Holdings, Inc. - Class A Common Stock",NASDAQ,CRWD
CRWS,"Crown Crafts, Inc. - Common Stock",NASDAQ,CRWS
CRWV,"CoreWeave, Inc. - Class A Common Stock",NASDAQ,CRWV
CSAI,"Cloudastructure, Inc. - Class A Common Stock",NASDAQ,CSAI
CSAN,Cosan S.A. ADS,N,CSAN
CSBR,"Champions Oncology, Inc. - Common Stock",NASDAQ,CSBR
CSCO,"Cisco Systems, Inc. - Common Stock",NASDAQ,CSCO
CSGP,"CoStar Group, Inc. - Common Stock",NASDAQ,CSGP
CSGS,"CSG Systems International, Inc. - Common Stock",NASDAQ,CSGS
CSHR,CoinShares PLC - Ordinary Shares,NASDAQ,CSHR
CSHRW,CoinShares PLC - Warrants,NASDAQ,CSHRW
CSIQ,Canadian Solar Inc. - Common Shares,NASDAQ,CSIQ
CSL,Carlisle Companies Incorporated Common Stock,N,CSL
CSPI,CSP Inc. - Common Stock,NASDAQ,CSPI
CSQ,Calamos Strategic Total Return Fund - Closed End Fund,NASDAQ,CSQ
CSR,D/B/A Centerspace Common Stock,N,CSR
CSTE,Caesarstone Ltd. - Ordinary Shares,NASDAQ,CSTE
CSTL,"Castle Biosciences, Inc. - Common stock",NASDAQ,CSTL
CSTM,Constellium SE Ordinary Shares (France),N,CSTM
CSV,"Carriage Services, Inc. Common Stock",N,CSV
CSW,"CSW Industrials, Inc. Common Stock",N,CSW
CSWC,Capital Southwest Corporation - Common Stock,NASDAQ,CSWC
CSX,CSX Corporation - Common Stock,NASDAQ,CSX
CTAA,ClearThink 1 Acquisition Corp. - Class A Ordinary Shares,NASDAQ,CTAA
CTAAR,ClearThink 1 Acquisition Corp. - Rights,NASDAQ,CTAAR
CTAAU,ClearThink 1 Acquisition Corp. - Units,NASDAQ,CTAAU
CTAS,Cintas Corporation - Common Stock,NASDAQ,CTAS
CTBB,Qwest Corporation 6.5% Notes due 2056,N,CTBB
CTBI,"Community Trust Bancorp, Inc. - Common Stock",NASDAQ,CTBI
CTDD,Qwest Corporation 6.75% Notes due 2057,N,CTDD
CTEV,Claritev Corporation Class A Common Stock,N,CTEV
CTGO,Contango Silver & Gold Inc. Common Stock,A,CTGO
CTKB,"Cytek Biosciences, Inc. - Common Stock",NASDAQ,CTKB
CTLP,"Cantaloupe, Inc. - Common Stock",NASDAQ,CTLP
CTM,"Castellum, Inc. Common Stock",A,CTM
CTMX,"CytomX Therapeutics, Inc. - Common Stock",NASDAQ,CTMX
CTNM,"Contineum Therapeutics, Inc. - Common stock",NASDAQ,CTNM
CTNT,Cheetah Net Supply Chain Service Inc. - Class A Common Stock,NASDAQ,CTNT
CTO,"CTO Realty Growth, Inc. Common Stock",N,CTO
CTOR,"Citius Oncology, Inc.  - Common Stock",NASDAQ,CTOR
CTOS,"Custom Truck One Source, Inc. Common Stock",N,CTOS
CTRA,Coterra Energy Inc. Common Stock,N,CTRA
CTRE,"CareTrust REIT, Inc. Common Stock",N,CTRE
CTRI,"Centuri Holdings, Inc. Common Stock",N,CTRI
CTRM,Castor Maritime Inc. - Common Shares,NASDAQ,CTRM
CTRN,"Citi Trends, Inc. - Common Stock",NASDAQ,CTRN
CTS,CTS Corporation Common Stock,N,CTS
CTSH,Cognizant Technology Solutions Corporation - Class A Common Stock,NASDAQ,CTSH
CTSO,Cytosorbents Corporation - Common Stock,NASDAQ,CTSO
CTVA,"Corteva, Inc. Common Stock ",N,CTVA
CTW,CTW Cayman - Class A Ordinary Shares,NASDAQ,CTW
CTXR,"Citius Pharmaceuticals, Inc. - Common Stock",NASDAQ,CTXR
CUB,Lionheart Holdings - Class A Ordinary Shares,NASDAQ,CUB
CUBB,"Customers Bancorp, Inc 5.375% Subordinated Notes Due 2034",N,CUBB
CUBE,CubeSmart Common Shares,N,CUBE
CUBI,"Customers Bancorp, Inc Common Stock",N,CUBI
CUBWU,Lionheart Holdings - Unit,NASDAQ,CUBWU
CUBWW,Lionheart Holdings - Warrant,NASDAQ,CUBWW
CUE,"Cue Biopharma, Inc. - Common Stock",NASDAQ,CUE
CUK,Carnival Plc ADS ADS,N,CUK
CULP,"Culp, Inc. - Common Shares",NASDAQ,CULP
CUPR,Cuprina Holdings (Cayman) Limited - Ordinary shares,NASDAQ,CUPR
CURB,Curbline Properties Corp. Common Stock,N,CURB
CURI,CuriosityStream Inc.  - Class A Common Stock,NASDAQ,CURI
CURR,Currenc Group Inc. - Ordinary Shares,NASDAQ,CURR
CURV,Torrid Holdings Inc. Common Stock,N,CURV
CURX,Curanex Pharmaceuticals Inc - Common Stock,NASDAQ,CURX
CUZ,Cousins Properties Incorporated Common Stock,N,CUZ
CV,"CapsoVision, Inc. - Common Stock",NASDAQ,CV
CVBF,CVB Financial Corporation - Common Stock,NASDAQ,CVBF
CVCO,"Cavco Industries, Inc. - Common Stock",NASDAQ,CVCO
CVE,Cenovus Energy Inc Common Stock,N,CVE
CVEO,Civeo Corporation (Canada) Common Shares,N,CVEO
CVGI,"Commercial Vehicle Group, Inc. - Common Stock",NASDAQ,CVGI
CVGW,"Calavo Growers, Inc. - Common Stock",NASDAQ,CVGW
CVI,CVR Energy Inc. Common Stock,N,CVI
CVKD,"Cadrenal Therapeutics, Inc. - Common Stock",NASDAQ,CVKD
CVLG,"Covenant Logistics Group, Inc. Class A Common Stock",N,CVLG
CVLT,"Commvault Systems, Inc. - Common Stock",NASDAQ,CVLT
CVM,Cel-Sci Corporation Common Stock,A,CVM
CVNA,Carvana Co. Class A Common Stock,N,CVNA
CVR,Chicago Rivet & Machine Co. Common Stock,A,CVR
CVRX,"CVRx, Inc. - Common Stock",NASDAQ,CVRX
CVS,CVS Health Corporation Common Stock,N,CVS
CVSA,Covista Inc. Common Shares,N,CVSA
CVU,"CPI Aerostructures, Inc. Common Stock",A,CVU
CVV,CVD Equipment Corporation - Common Stock,NASDAQ,CVV
CVX,Chevron Corporation Common Stock,N,CVX
CW,Curtiss-Wright Corporation Common Stock,N,CW
CWAN,"Clearwater Analytics Holdings, Inc. Class A Common Stock",N,CWAN
CWBC,Community West Bancshares - Common Stock,NASDAQ,CWBC
CWCO,Consolidated Water Co. Ltd. - Ordinary Shares,NASDAQ,CWCO
CWD,CaliberCos Inc. - Class A Common Stock,NASDAQ,CWD
CWEN,"Clearway Energy, Inc. Class C Common Stock",N,CWEN
CWH,"Camping World Holdings, Inc. Class A Common Stock",N,CWH
CWK,Cushman & Wakefield Ltd. Common Shares,N,CWK
CWST,"Casella Waste Systems, Inc. - Class A Common Stock",NASDAQ,CWST
CWT,California Water Service Group Common Stock,N,CWT
CX,"Cemex, S.A.B. de C.V. Sponsored ADR",N,CX
CXAI,CXApp Inc. - Class A Common Stock,NASDAQ,CXAI
CXAIW,CXApp Inc. - Warrant,NASDAQ,CXAIW
CXDO,"Crexendo, Inc. - Common Stock",NASDAQ,CXDO
CXE,MFS High Income Municipal Trust Common Stock,N,CXE
CXH,MFS Investment Grade Municipal Trust Common Stock,N,CXH
CXIIU,Churchill Capital Corp XII - Units,NASDAQ,CXIIU
CXM,"Sprinklr, Inc. Class A Common Stock",N,CXM
CXT,"Crane NXT, Co. Common Stock",N,CXT
CXW,"CoreCivic, Inc. Common Stock",N,CXW
CYAB,"Cyabra, Inc. - Common Stock",NASDAQ,CYAB
CYCN,"Cyclerion Therapeutics, Inc. - Common Stock",NASDAQ,CYCN
CYCU,"Cycurion, Inc. - Common Stock",NASDAQ,CYCU
CYCUW,"Cycurion, Inc. - Warrants",NASDAQ,CYCUW
CYD,China Yuchai International Limited Common Stock,N,CYD
CYH,"Community Health Systems, Inc. Common Stock",N,CYH
CYN,Cyngn Inc. - Common stock,NASDAQ,CYN
CYPH,Cypherpunk Technologies Inc. - Common Stock,NASDAQ,CYPH
CYRX,"CryoPort, Inc. - Common Stock",NASDAQ,CYRX
CYTK,"Cytokinetics, Incorporated - Common Stock",NASDAQ,CYTK
CZFS,"Citizens Financial Services, Inc. - Common Stock",NASDAQ,CZFS
CZNC,Citizens & Northern Corp - Common Stock,NASDAQ,CZNC
CZR,"Caesars Entertainment, Inc. - Common Stock",NASDAQ,CZR
CZWI,"Citizens Community Bancorp, Inc. - Common Stock",NASDAQ,CZWI
D,"Dominion Energy, Inc. Common Stock",N,D
DAAQ,Digital Asset Acquisition Corp. - Class A Ordinary shares,NASDAQ,DAAQ
DAAQU,Digital Asset Acquisition Corp. - Units,NASDAQ,DAAQU
DAAQW,Digital Asset Acquisition Corp. - Warrant,NASDAQ,DAAQW
DAC,Danaos Corporation Common Stock,N,DAC
DAIC,"CID HoldCo, Inc. - Common Stock",NASDAQ,DAIC
DAICW,"CID HoldCo, Inc. - Warrants",NASDAQ,DAICW
DAIO,Data I/O Corporation - Common Stock,NASDAQ,DAIO
DAKT,"Daktronics, Inc. - Common Stock",NASDAQ,DAKT
DAL,"Delta Air Lines, Inc. Common Stock",N,DAL
DAN,Dana Incorporated Common Stock ,N,DAN
DAO,"Youdao, Inc. American Depositary Shares, each representing one Class A Ordinary Share",N,DAO
DAR,Darling Ingredients Inc. Common Stock,N,DAR
DARE,"Dare Bioscience, Inc. - Common Stock",NASDAQ,DARE
DASH,"DoorDash, Inc. - Common Stock",NASDAQ,DASH
DAVA,Endava plc American Depositary Shares (each representing one Class A Ordinary Share),N,DAVA
DAVE,Dave Inc.  - Class A Common Stock,NASDAQ,DAVE
DAVEW,Dave Inc.  - Warrants,NASDAQ,DAVEW
DB,Deutsche Bank AG Common Stock,N,DB
DBCA,D. Boral Acquisition I Corp. - Class A Ordinary Shares,NASDAQ,DBCA
DBCAU,D. Boral Acquisition I Corp. - Unit,NASDAQ,DBCAU
DBCAW,D. Boral Acquisition I Corp. - Warrants,NASDAQ,DBCAW
DBD,Diebold Nixdorf Incorporated Common stock,N,DBD
DBGI,"Digital Brands Group, Inc. - Common Stock",NASDAQ,DBGI
DBI,Designer Brands Inc. Class A Common Stock,N,DBI
DBL,DoubleLine Opportunistic Credit Fund Common Shares of Beneficial Interest,N,DBL
DBRG,"DigitalBridge Group, Inc.",N,DBRG
DBVT,DBV Technologies S.A. - American Depositary Shares,NASDAQ,DBVT
DBX,"Dropbox, Inc. - Class A Common Stock",NASDAQ,DBX
DC,Dakota Gold Corp. Common Stock,A,DC
DCBG,"Dime Community Bancshares, Inc. 9.000% Fixed-to-Floating Rate Subordinated Notes due 2034",N,DCBG
DCBO,Docebo Inc. - Common Shares,NASDAQ,DCBO
DCGO,DocGo Inc. - Common Stock,NASDAQ,DCGO
DCH,Dauch Corporation Common Stock,N,DCH
DCI,"Donaldson Company, Inc. Common Stock",N,DCI
DCO,Ducommun Incorporated Common Stock,N,DCO
DCOM,"Dime Community Bancshares, Inc. Common Stock",N,DCOM
DCOY,Decoy Therapeutics Inc. - Common Stock,NASDAQ,DCOY
DCTH,"Delcath Systems, Inc. - Common Stock",NASDAQ,DCTH
DCX,Digital Currency X Technology Inc. - Class A Ordinary Shares,NASDAQ,DCX
DD,"DuPont de Nemours, Inc. Common Stock",N,DD
DDC,DDC Enterprise Limited Class A Ordinary Shares,A,DDC
DDD,3D Systems Corporation Common Stock,N,DDD
DDI,"DoubleDown Interactive Co., Ltd. - American Depository Shares",NASDAQ,DDI
DDL,Dingdong (Cayman) Limited American Depositary Shares (each two representing three Ordinary Shares),N,DDL
DDOG,"Datadog, Inc. - Class A Common Stock",NASDAQ,DDOG
DDS,"Dillard's, Inc. Common Stock",N,DDS
DDT,Dillard's Capital Trust I,N,DDT
DE,Deere & Company Common Stock,N,DE
DEA,"Easterly Government Properties, Inc. Common Stock",N,DEA
DEC,Diversified Energy Company Common Stock,N,DEC
DECK,Deckers Outdoor Corporation Common Stock,N,DECK
DEFT,"Defi Technologies, Inc. - Common Stock",NASDAQ,DEFT
DEI,"Douglas Emmett, Inc. Common Stock",N,DEI
DELL,Dell Technologies Inc. Class C Common Stock ,N,DELL
DEO,Diageo plc Common Stock,N,DEO
DERM,Journey Medical Corporation - Common Stock,NASDAQ,DERM
DETX,"Liberty Defense Holdings, Ltd. - Common Shares",NASDAQ,DETX
DEVS,DevvStream Corp. - Common Stock,NASDAQ,DEVS
DFDV,DeFi Development Corp. - Common Stock,NASDAQ,DFDV
DFDVW,DeFi Development Corp. - Warrant,NASDAQ,DFDVW
DFH,"Dream Finders Homes, Inc. Class A Common Stock",N,DFH
DFIN,"Donnelley Financial Solutions, Inc. Common Stock ",N,DFIN
DFLI,Dragonfly Energy Holdings Corp - Common Stock,NASDAQ,DFLI
DFLIW,Dragonfly Energy Holdings Corp - Warrant,NASDAQ,DFLIW
DFNS,T3 Defense Inc. - Common Stock,NASDAQ,DFNS
DFNSW,T3 Defense Inc. - Warrants,NASDAQ,DFNSW
DFP,Flaherty & Crumrine Dynamic Preferred and Income Fund Inc. Common Stock,N,DFP
DFSC,"DEFSEC Technologies Inc. - common stock, no R/S concurrent with offering",NASDAQ,DFSC
DFSCW,DEFSEC Technologies Inc. - warrant,NASDAQ,DFSCW
DFTX,"Definium Therapeutics, Inc.  - Common Shares",NASDAQ,DFTX
DG,Dollar General Corporation Common Stock,N,DG
DGICA,"Donegal Group, Inc. - Class A Common Stock",NASDAQ,DGICA
DGICB,"Donegal Group, Inc. - Class B Common Stock",NASDAQ,DGICB
DGII,Digi International Inc. - Common Stock,NASDAQ,DGII
DGNX,Diginex Limited - Ordinary Shares,NASDAQ,DGNX
DGP,"DB Gold Double Long ETN due February 15, 2038",P,DGP
DGX,Quest Diagnostics Incorporated Common Stock,N,DGX
DGXX,Digi Power X Inc. - Common Subordinate Voting Shares,NASDAQ,DGXX
DGZ,"DB Gold Short ETN due February 15, 2038",P,DGZ
DH,Definitive Healthcare Corp. - Class A Common Stock,NASDAQ,DH
DHC,Diversified Healthcare Trust  - Common Shares of Beneficial Interest,NASDAQ,DHC
DHCNI,Diversified Healthcare Trust  - 5.625% Senior Notes due 2042,NASDAQ,DHCNI
DHCNL,Diversified Healthcare Trust  - 6.25% Senior Notes Due 2046,NASDAQ,DHCNL
DHF,BNY Mellon High Yield Strategies Fund Common Stock,N,DHF
DHI,"D.R. Horton, Inc. Common Stock",N,DHI
DHR,Danaher Corporation Common Stock,N,DHR
DHT,"DHT Holdings, Inc.",N,DHT
DHX,"DHI Group, Inc. Common Stock",N,DHX
DHY,Credit Suisse High Yield Credit Fund Common Stock,A,DHY
DHY.R,"Credit Suisse High Yield Credit Fund Rights (expiring May 14, 2026) Rights",A,DHY-R
DIBS,"1stdibs.com, Inc. - Common Stock",NASDAQ,DIBS
DIN,"Dine Brands Global, Inc. Common Stock",N,DIN
DINO,HF Sinclair Corporation Common Stock,N,DINO
DIOD,Diodes Incorporated - Common Stock,NASDAQ,DIOD
DIS,Walt Disney Company (The) Common Stock,N,DIS
DIT,AMCON Distributing Company Common Stock,A,DIT
DJCO,Daily Journal Corp. (S.C.) - Common Stock,NASDAQ,DJCO
DJP,iPath Bloomberg Commodity Index Total Return ETN,P,DJP
DJT,Trump Media & Technology Group Corp. - Common Stock,NASDAQ,DJT
DJTWW,Trump Media & Technology Group Corp. - Warrants,NASDAQ,DJTWW
DK,"Delek US Holdings, Inc. Common Stock",N,DK
DKI,DarkIris Inc. - Class A Ordinary Shares,NASDAQ,DKI
DKL,"Delek Logistics Partners, L.P. Common Units representing Limited Partner Interests",N,DKL
DKNG,DraftKings Inc. - Class A Common Stock,NASDAQ,DKNG
DKS,Dick's Sporting Goods Inc Common Stock,N,DKS
DLB,Dolby Laboratories Common Stock,N,DLB
DLHC,DLH Holdings Corp. - Common Stock,NASDAQ,DLHC
DLNG,Dynagas LNG Partners LP Common Units,N,DLNG
DLO,DLocal Limited - Class A Common Shares,NASDAQ,DLO
DLPN,"Dolphin Entertainment, Inc. - Common Stock",NASDAQ,DLPN
DLR,"Digital Realty Trust, Inc. Common Stock",N,DLR
DLTH,Duluth Holdings Inc. - Class B Common Stock,NASDAQ,DLTH
DLTR,"Dollar Tree, Inc. - Common Stock",NASDAQ,DLTR
DLX,Deluxe Corporation Common Stock,N,DLX
DLXY,Delixy Holdings Limited - Class A Ordinary Shares,NASDAQ,DLXY
DLY,DoubleLine Yield Opportunities Fund Common Shares of Beneficial Interest,N,DLY
DMA,Destra Multi-Alternative Fund Common Stock,N,DMA
DMAA,Drugs Made In America Acquisition Corp. - Ordinary Shares,NASDAQ,DMAA
DMAAR,Drugs Made In America Acquisition Corp. - Rights,NASDAQ,DMAAR
DMAAU,Drugs Made In America Acquisition Corp. - Units,NASDAQ,DMAAU
DMAC,DiaMedica Therapeutics Inc. - Common Stock,NASDAQ,DMAC
DMB,"BNY Mellon Municipal Bond Infrastructure Fund, Inc. Common Stock",N,DMB
DMII,Drugs Made In America Acquisition II Corp. - Ordinary Shares,NASDAQ,DMII
DMIIR,Drugs Made In America Acquisition II Corp. - Right,NASDAQ,DMIIR
DMIIU,Drugs Made In America Acquisition II Corp. - Unit,NASDAQ,DMIIU
DMLP,"Dorchester Minerals, L.P. - Common Units Representing Limited Partnership Interests",NASDAQ,DMLP
DMO,Western Asset Mortgage Opportunity Fund Inc. Common Stock,N,DMO
DMRA,"Damora Therapeutics, Inc. - Common Stock",NASDAQ,DMRA
DMRC,Digimarc Corporation - Common Stock,NASDAQ,DMRC
DNA,"Ginkgo Bioworks Holdings, Inc. Class A Common Stock",N,DNA
DNLI,Denali Therapeutics Inc. - Common Stock,NASDAQ,DNLI
DNMX,Dynamix Corporation III - Class A Ordinary Shares,NASDAQ,DNMX
DNMXU,Dynamix Corporation III - Unit,NASDAQ,DNMXU
DNMXW,Dynamix Corporation III - Warrants,NASDAQ,DNMXW
DNN,Denison Mines Corp Ordinary Shares (Canada),A,DNN
DNOW,DNOW Inc. Common Stock,N,DNOW
DNP,"DNP Select Income Fund, Inc. Common Stock",N,DNP
DNTH,"Dianthus Therapeutics, Inc. - Common Stock",NASDAQ,DNTH
DNUT,"Krispy Kreme, Inc. - Common Stock",NASDAQ,DNUT
DOC,"Healthpeak Properties, Inc. Common Stock",N,DOC
DOCN,"DigitalOcean Holdings, Inc. Common Stock",N,DOCN
DOCS,"Doximity, Inc. Class A Common Stock",N,DOCS
DOCU,"DocuSign, Inc. - Common Stock",NASDAQ,DOCU
DOGZ,Dogness (International) Corporation - Class A Common Stock,NASDAQ,DOGZ
DOLE,Dole plc Ordinary Shares,N,DOLE
DOMH,Dominari Holdings Inc. - Common Stock,NASDAQ,DOMH
DOMO,"Domo, Inc. - Class B Common Stock",NASDAQ,DOMO
DOO,BRP Inc. - Common Subordinate Voting Shares,NASDAQ,DOO
DORM,"Dorman Products, Inc. - Common Stock",NASDAQ,DORM
DOUG,Douglas Elliman Inc. Common Stock,N,DOUG
DOV,Dover Corporation Common Stock,N,DOV
DOW,Dow Inc. Common Stock ,N,DOW
DOX,Amdocs Limited - Ordinary Shares,NASDAQ,DOX
DOYU,DouYu International Holdings Limited - American Depositary Shares,NASDAQ,DOYU
DPG,Duff & Phelps Utility and Infrastructure Fund Inc.,N,DPG
DPRO,Draganfly Inc. - Common Shares,NASDAQ,DPRO
DPZ,Domino's Pizza Inc - Common Stock,NASDAQ,DPZ
DQ,"DAQO New Energy Corp. American Depositary Shares, each representing five ordinary shares",N,DQ
DRCT,"Direct Digital Holdings, Inc. - Class A Common Stock",NASDAQ,DRCT
DRD,DRDGOLD Limited American Depositary Shares,N,DRD
DRDB,Roman DBDR Acquisition Corp. II - Ordinary shares,NASDAQ,DRDB
DRDBU,Roman DBDR Acquisition Corp. II - Unit,NASDAQ,DRDBU
DRDBW,Roman DBDR Acquisition Corp. II - Warrants,NASDAQ,DRDBW
DRH,Diamondrock Hospitality Company - Common Stock,NASDAQ,DRH
DRI,"Darden Restaurants, Inc. Common Stock",N,DRI
DRIO,DarioHealth Corp. - Common Stock,NASDAQ,DRIO
DRMA,"Dermata Therapeutics, Inc. - Common Stock",NASDAQ,DRMA
DRMAW,"Dermata Therapeutics, Inc. - Warrant",NASDAQ,DRMAW
DRS,"Leonardo DRS, Inc. - Common Stock",NASDAQ,DRS
DRTS,Alpha Tau Medical Ltd. - Ordinary Shares,NASDAQ,DRTS
DRTSW,Alpha Tau Medical Ltd. - Warrant,NASDAQ,DRTSW
DRUG,Bright Minds Biosciences Inc. - common stock,NASDAQ,DRUG
DRVN,Driven Brands Holdings Inc. - Common Stock,NASDAQ,DRVN
DSAC,Daedalus Special Acquisition Corp. - Class A Ordinary Shares,NASDAQ,DSAC
DSACU,Daedalus Special Acquisition Corp. - Unit,NASDAQ,DSACU
DSACW,Daedalus Special Acquisition Corp. - Warrant,NASDAQ,DSACW
DSGN,"Design Therapeutics, Inc. - Common Stock",NASDAQ,DSGN
DSGR,"Distribution Solutions Group, Inc. - Common Stock",NASDAQ,DSGR
DSGX,The Descartes Systems Group Inc. - Common Stock,NASDAQ,DSGX
DSL,DoubleLine Income Solutions Fund Common Shares of Beneficial Interests,N,DSL
DSM,"BNY Mellon Strategic Municipal Bond Fund, Inc. Common Stock",N,DSM
DSP,Viant Technology Inc. - common stock,NASDAQ,DSP
DSS,"DSS, Inc. Common Stock",A,DSS
DSU,"Blackrock Debt Strategies Fund, Inc. Common Stock",N,DSU
DSWL,"Deswell Industries, Inc. - Common Shares",NASDAQ,DSWL
DSX,Diana Shipping inc. common stock,N,DSX
DSX.W,Diana Shipping inc. Warrants,N,DSX-W
DSY,Big Tree Cloud Holdings Limited - Class A Ordinary Shares,NASDAQ,DSY
DSYWW,Big Tree Cloud Holdings Limited - Warrants,NASDAQ,DSYWW
DT,"Dynatrace, Inc. Common Stock",N,DT
DTB,DTE Energy Company 2020 Series G 4.375% Junior Subordinated Debentures due 2080,N,DTB
DTCX,"Datacentrex, Inc. - Common Stock",NASDAQ,DTCX
DTE,DTE Energy Company Common Stock,N,DTE
DTF,DTF Tax-Free Income 2028 Term Fund Inc. Common Stock,N,DTF
DTG,DTE Energy Company 2021 Series E 4.375% Junior Subordinated Debentures,N,DTG
DTI,Drilling Tools International Corporation  - Common Stock,NASDAQ,DTI
DTIL,"Precision BioSciences, Inc. - Common Stock",NASDAQ,DTIL
DTK,DTE Energy Company 2025 Series H 6.25% Junior Subordinated Debentures due 2085,N,DTK
DTM,"DT Midstream, Inc. Common Stock ",N,DTM
DTSQ,DT Cloud Star Acquisition Corporation - Ordinary Shares,NASDAQ,DTSQ
DTSQR,DT Cloud Star Acquisition Corporation - Right,NASDAQ,DTSQR
DTSQU,DT Cloud Star Acquisition Corporation - Units,NASDAQ,DTSQU
DTSS,Datasea Intelligent Technology Ltd. - Class A Ordinary Shares,NASDAQ,DTSS
DTST,Data Storage Corporation - Common Stock,NASDAQ,DTST
DTSTW,Data Storage Corporation - Warrant,NASDAQ,DTSTW
DTW,DTE Energy Company 2017 Series E 5.25% Junior Subordinated Debentures due 2077,N,DTW
DUK,Duke Energy Corporation (Holding Company) Common Stock,N,DUK
DUKB,Duke Energy Corporation 5.625% Junior Subordinated Debentures due 2078,N,DUKB
DUO,Fangdd Network Group Ltd. - Class A Ordinary Shares,NASDAQ,DUO
DUOL,"Duolingo, Inc. - Class A Common Stock",NASDAQ,DUOL
DUOT,"Duos Technologies Group, Inc. - Common Stock",NASDAQ,DUOT
DV,"DoubleVerify Holdings, Inc. Common Stock",N,DV
DVA,DaVita Inc. Common Stock,N,DVA
DVLT,Datavault AI Inc. - Common Stock,NASDAQ,DVLT
DVN,Devon Energy Corporation Common Stock,N,DVN
DWSN,Dawson Geophysical Company - Common Stock,NASDAQ,DWSN
DWTX,"Dogwood Therapeutics, Inc.  - Common Stock",NASDAQ,DWTX
DX,"Dynex Capital, Inc. Common Stock",N,DX
DXC,DXC Technology Company Common Stock ,N,DXC
DXCM,"DexCom, Inc. - Common Stock",NASDAQ,DXCM
DXF,"Eason Technology Limited American Depositary Shares (each representing sixty-thousand (60,000) Ordinary Shares)",A,DXF
DXLG,"Destination XL Group, Inc. - Common Stock",NASDAQ,DXLG
DXPE,"DXP Enterprises, Inc. - Common Stock",NASDAQ,DXPE
DXR,Daxor Corporation - Closed End Fund,NASDAQ,DXR
DXST,Decent Holding Inc. - Class A Ordinary Shares,NASDAQ,DXST
DXYZ,Destiny Tech100 Inc. Common Stock,N,DXYZ
DY,"Dycom Industries, Inc. Common Stock",N,DY
DYAI,"Dyadic International, Inc. - Common Stock",NASDAQ,DYAI
DYN,"Dyne Therapeutics, Inc. - Common Stock",NASDAQ,DYN
DYNC,Dynamix Corporation - Class A Ordinary Share,NASDAQ,DYNC
DYNCU,Dynamix Corporation - Unit,NASDAQ,DYNCU
DYNCW,Dynamix Corporation - Warrant,NASDAQ,DYNCW
DYOR,Insight Digital Partners II - Class A Ordinary Shares,NASDAQ,DYOR
DYORU,Insight Digital Partners II - Units,NASDAQ,DYORU
DYORW,Insight Digital Partners II - Warrants,NASDAQ,DYORW
DZZ,"DB Gold Double Short ETN due February 15, 2038",P,DZZ
E,ENI S.p.A. Common Stock,N,E
EA,Electronic Arts Inc. - Common Stock,NASDAQ,EA
EAD,Allspring Income Opportunities Fund Common Shares,A,EAD
EAF,GrafTech International Ltd. Common Stock,N,EAF
EAI,"Entergy Arkansas, LLC First Mortgage Bonds, 4.875% Series Due September 1, 2066",N,EAI
EARN,Ellington Credit Company Common Shares of Beneficial Interest,N,EARN
EAT,"Brinker International, Inc. Common Stock",N,EAT
EBAY,eBay Inc. - Common Stock,NASDAQ,EBAY
EBC,"Eastern Bankshares, Inc. - Common Stock",NASDAQ,EBC
EBF,"Ennis, Inc. Common Stock",N,EBF
EBMT,"Eagle Bancorp Montana, Inc. - Common Stock",NASDAQ,EBMT
EBON,Ebang International Holdings Inc. - Class A Ordinary Shares,NASDAQ,EBON
EBS,Emergent BioSolutions Inc. Common Stock,N,EBS
EC,Ecopetrol S.A. American Depositary Shares,N,EC
ECAT,BlackRock ESG Capital Allocation Term Trust Common Shares of Beneficial Interest,N,ECAT
ECBK,"ECB Bancorp, Inc. - Common Stock",NASDAQ,ECBK
ECC,Eagle Point Credit Company Inc. Common Stock,N,ECC
ECCC,Eagle Point Credit Company Inc. 6.50% Series C Term Preferred Stock due 2031,N,ECCC
ECCU,Eagle Point Credit Company Inc. 7.75% Notes due 2030,N,ECCU
ECCV,Eagle Point Credit Company Inc. 5.375% Notes due 2029,N,ECCV
ECCW,Eagle Point Credit Company Inc. 6.75% Notes due 2031,N,ECCW
ECCX,Eagle Point Credit Company Inc. 6.6875% Notes due 2028,N,ECCX
ECF,Ellsworth Growth and Income Fund Ltd.,A,ECF
ECG,"Everus Construction Group, Inc. Common Stock",N,ECG
ECL,Ecolab Inc. Common Stock,N,ECL
ECO,Okeanis Eco Tankers Corp. Common Stock,N,ECO
ECOR,"electroCore, Inc. - Common Stock",NASDAQ,ECOR
ECPG,Encore Capital Group Inc - Common Stock,NASDAQ,ECPG
ECVT,Ecovyst Inc. Common Stock,N,ECVT
ECX,ECARX Holdings Inc. - Class A Ordinary shares,NASDAQ,ECX
ECXWW,ECARX Holdings Inc. - Warrants,NASDAQ,ECXWW
ED,"Consolidated Edison, Inc. Common Stock",N,ED
EDAP,"EDAP TMS S.A. - American Depositary Shares, each representing One Ordinary Share",NASDAQ,EDAP
EDBL,Edible Garden AG Incorporated - Common Stock,NASDAQ,EDBL
EDBLW,Edible Garden AG Incorporated - Warrant,NASDAQ,EDBLW
EDD,"Morgan Stanley Emerging Markets Domestic Debt Fund, Inc. Common Stock",N,EDD
EDF,Virtus Stone Harbor Emerging Markets Income Fund Common Shares of Beneficial Interest,N,EDF
EDHL,Everbright Digital Holding Limited - Ordinary Shares,NASDAQ,EDHL
EDIT,"Editas Medicine, Inc. - Common Stock",NASDAQ,EDIT
EDN,Empresa Distribuidora Y Comercializadora Norte S.A. (Edenor) American Depositary Shares,N,EDN
EDRY,EuroDry Ltd. - Common Shares,NASDAQ,EDRY
EDSA,"Edesa Biotech, Inc. - Common Shares",NASDAQ,EDSA
EDTK,Skillful Craftsman Education Technology Limited - Ordinary Share,NASDAQ,EDTK
EDU,"New Oriental Education & Technology Group, Inc. Sponsored ADR representing 10 Ordinary Share (Cayman Islands)",N,EDU
EDUC,Educational Development Corporation - Common Stock,NASDAQ,EDUC
EE,"Excelerate Energy, Inc. Class A Common Stock",N,EE
EEA,"The European Equity Fund, Inc. Common Stock",N,EEA
EEFT,"Euronet Worldwide, Inc. - Common Stock",NASDAQ,EEFT
EEIQ,EpicQuest Education Group International Limited - Common Stock,NASDAQ,EEIQ
EEX,"Emerald Holding, Inc. Common Stock",N,EEX
EFC,Ellington Financial Inc. Common Stock ,N,EFC
EFOI,"Energy Focus, Inc. - Common Stock",NASDAQ,EFOI
EFOR,"Everforth, Inc. Common Stock",N,EFOR
EFR,Eaton Vance Senior Floating-Rate Fund Common Shares of Beneficial Interest,N,EFR
EFSC,Enterprise Financial Services Corporation - Common Stock,NASDAQ,EFSC
EFSCP,"Enterprise Financial Services Corporation - Depositary Shares Each Representing a 1/40th Interest in a Share of 5% Fixed Rate Non-Cumulative Perpetual Preferred Stock, Series A",NASDAQ,EFSCP
EFSI,Eagle Financial Services Inc - Common Stock,NASDAQ,EFSI
EFT,Eaton Vance Floating Rate Income Trust Common Shares of Beneficial Interest,N,EFT
EFTY,"Etoiles Capital Group Co., Ltd. - Class A Ordinary Shares",NASDAQ,EFTY
EFX,"Equifax, Inc. Common Stock",N,EFX
EFXT,Enerflex Ltd Common Shares,N,EFXT
EG,"Everest Group, Ltd. Common Stock",N,EG
EGAN,eGain Corporation - Common Stock,NASDAQ,EGAN
EGBN,"Eagle Bancorp, Inc. - Common Stock",NASDAQ,EGBN
EGG,Enigmatig Limited Class A Ordinary Shares,A,EGG
EGHA,EGH Acquisition Corp. - Class A ordinary shares,NASDAQ,EGHA
EGHAR,EGH Acquisition Corp. - rights,NASDAQ,EGHAR
EGHAU,EGH Acquisition Corp. - Unit,NASDAQ,EGHAU
EGHT,8x8 Inc - Common stock,NASDAQ,EGHT
EGO,Eldorado Gold Corporation Ordinary Shares,N,EGO
EGP,"EastGroup Properties, Inc. Common Stock",N,EGP
EGY,"VAALCO Energy, Inc.  Common Stock",N,EGY
EH,EHang Holdings Limited - ADS,NASDAQ,EH
EHAB,"Enhabit, Inc. Common Stock",N,EHAB
EHC,Encompass Health Corporation Common Stock,N,EHC
EHGO,Eshallgo Inc. - Class A Ordinary Shares,NASDAQ,EHGO
EHI,Western Asset Global High Income Fund Inc Common Stock,N,EHI
EHLD,Euroholdings Ltd. - Common Stock,NASDAQ,EHLD
EHTH,"eHealth, Inc. - Common Stock",NASDAQ,EHTH
EIC,Eagle Point Income Company Inc. Common Stock,N,EIC
EICA,Eagle Point Income Company Inc. 5.00% Series A Term Preferred Stock due 2026,N,EICA
EIG,Employers Holdings Inc Common Stock,N,EIG
EIIA,Eagle Point Institutional Income Fund 8.125% Series A Term Preferred Shares Due 2029,N,EIIA
EIKN,"Eikon Therapeutics, Inc. - Common Stock",NASDAQ,EIKN
EIM,"Eaton Vance Municipal Bond Fund Common Shares of Beneficial Interest, $.01 par value",A,EIM
EIX,Edison International Common Stock,N,EIX
EJH,E-Home Household Service Holdings Limited - Ordinary shares,NASDAQ,EJH
EKSO,"Ekso Bionics Holdings, Inc. - Common Stock",NASDAQ,EKSO
EL,"Estee Lauder Companies, Inc. (The) Common Stock",N,EL
ELA,Envela Corporation Common Stock,A,ELA
ELAB,PMGC Holdings Inc. - Common Stock,NASDAQ,ELAB
ELAN,Elanco Animal Health Incorporated Common Stock,N,ELAN
ELBM,Electra Battery Materials Corporation - Common Stock,NASDAQ,ELBM
ELC,"Entergy Louisiana, Inc. Collateral Trust Mortgage Bonds, 4.875 % Series due September 1, 2066",N,ELC
ELDN,"Eledon Pharmaceuticals, Inc. - Common Stock",NASDAQ,ELDN
ELE,Elemental Royalty Corporation - Common Stock,NASDAQ,ELE
ELF,"e.l.f. Beauty, Inc. Common Stock",N,ELF
ELLA,Ellington Credit Company 8.50% Notes due 2031,N,ELLA
ELLO,Ellomay Capital Ltd Ordinary Shares (Israel),A,ELLO
ELMD,"Electromed, Inc. Common Stock",A,ELMD
ELME,Elme Communities Common Stock,N,ELME
ELMT,The Elmet Group Co. - Common Stock,NASDAQ,ELMT
ELOG,Eastern International Ltd. - Ordinary Shares,NASDAQ,ELOG
ELPC,Companhia Paranaense de Energia (COPEL) American Depositary Shares (each representing four (4) Common Shares),N,ELPC
ELPW,Elong Power Holding Limited - Class A Ordinary Shares,NASDAQ,ELPW
ELS,"Equity Lifestyle Properties, Inc. Common Stock",N,ELS
ELSE,"Electro-Sensors, Inc. - Common Stock",NASDAQ,ELSE
ELTK,Eltek Ltd. - Ordinary Shares,NASDAQ,ELTK
ELTX,"Elicio Therapeutics, Inc. - Common Stock",NASDAQ,ELTX
ELUT,"Elutia, Inc. - Class A Common Stock",NASDAQ,ELUT
ELV,"Elevance Health, Inc. Common Stock",N,ELV
ELVA,Electrovaya Inc. - Common Shares,NASDAQ,ELVA
ELVN,"Enliven Therapeutics, Inc.  - Common Stock",NASDAQ,ELVN
ELVR,Elevra Lithium Limited - American Depository Shares,NASDAQ,ELVR
ELWT,"Elauwit Connection, Inc. - Common Stock",NASDAQ,ELWT
EMA,Emera Incorporated Common Shares,N,EMA
EMAT,Evolution Metals & Technologies Corp. - Common Stock,NASDAQ,EMAT
EMBC,Embecta Corp. - Common Stock,NASDAQ,EMBC
EMBJ,Embraer S.A. Common Stock,N,EMBJ
EMD,Western Asset Emerging Markets Debt Fund Inc Common Stock,N,EMD
EME,"EMCOR Group, Inc. Common Stock",N,EME
EMF,Templeton Emerging Markets Fund Common Stock,N,EMF
EMIS,Emmis Acquisition Corp. - Class A Ordinary Share,NASDAQ,EMIS
EMISR,Emmis Acquisition Corp. - Rights,NASDAQ,EMISR
EML,Eastern Company (The) - Common Stock,NASDAQ,EML
EMN,Eastman Chemical Company Common Stock,N,EMN
EMO,ClearBridge Energy Midstream Opportunity Fund Inc. Common Stock,N,EMO
EMP,"Entergy Mississippi, LLC First Mortgage Bonds, 4.90% Series Due October 1, 2066",N,EMP
EMPD,Empery Digital Inc. - Common stock,NASDAQ,EMPD
EMPG,Empro Group Inc. - Ordinary shares,NASDAQ,EMPG
EMR,Emerson Electric Company Common Stock,N,EMR
ENB,Enbridge Inc Common Stock,N,ENB
ENGN,enGene Therapeutics Inc. - Common Stock,NASDAQ,ENGN
ENGNW,enGene Therapeutics Inc. - Warrants,NASDAQ,ENGNW
ENGS,Energys Group Limited - Ordinary Shares,NASDAQ,ENGS
ENIC,Enel Chile S.A. American Depositary Shares (Each representing 50 shares of Common Stock),N,ENIC
ENJ,"Entergy New Orleans, LLC First Mortgage Bonds, 5.0% Series due December 1, 2052",N,ENJ
ENLT,Enlight Renewable Energy Ltd. - Ordinary Shares,NASDAQ,ENLT
ENLV,Enlivex Ltd. - Ordinary Shares,NASDAQ,ENLV
ENO,"Entergy New Orleans, LLC First Mortgage Bonds, 5.50% Series due April 1, 2066",N,ENO
ENOV,Enovis Corporation Common Stock,N,ENOV
ENPH,"Enphase Energy, Inc. - Common Stock",NASDAQ,ENPH
ENR,"Energizer Holdings, Inc. Common Stock",N,ENR
ENS,EnerSys Common Stock,N,ENS
ENSC,"Ensysce Biosciences, Inc. - Common Stock",NASDAQ,ENSC
ENSG,"The Ensign Group, Inc. - Common Stock",NASDAQ,ENSG
ENTA,"Enanta Pharmaceuticals, Inc. - Common Stock",NASDAQ,ENTA
ENTG,"Entegris, Inc. - Common Stock",NASDAQ,ENTG
ENTX,Entera Bio Ltd. - Ordinary Shares,NASDAQ,ENTX
ENVA,"Enova International, Inc. Common Stock",N,ENVA
ENVB,"Enveric Biosciences, Inc.  - Common Stock",NASDAQ,ENVB
ENVX,Enovix Corporation - Common Stock,NASDAQ,ENVX
EOD,Allspring Global Dividend Opportunity Fund Common Shares of Beneficial Interest,N,EOD
EOG,"EOG Resources, Inc. Common Stock",N,EOG
EOI,Eaton Vance Enhance Equity Income Fund Eaton Vance Enhanced Equity Income Fund Shares of Beneficial Interest,N,EOI
EOLS,"Evolus, Inc. - Common Stock",NASDAQ,EOLS
EONR,EON Resources Inc. Class A Common Stock,A,EONR
EONR.W,"EON Resources Inc. Warrants, each whole warrant exercisable for three quarters of one share of Class A Common Stock at an exercise price of $11.50 per whole share",A,EONR-W
EOS,Eaton Vance Enhance Equity Income Fund II Common Stock,N,EOS
EOSE,"Eos Energy Enterprises, Inc. - Common Stock",NASDAQ,EOSE
EOT,Eaton Vance Municipal Income Trust EATON VANCE NATIONAL MUNICIPAL OPPORTUNITIES TRUST,N,EOT
EP,Empire Petroleum Corporation Common Stock,A,EP
EPAC,Enerpac Tool Group Corp. Common Stock,N,EPAC
EPAM,"EPAM Systems, Inc. Common Stock",N,EPAM
EPC,Edgewell Personal Care Company Common Stock,N,EPC
EPD,Enterprise Products Partners L.P. Common Stock,N,EPD
EPM,"Evolution Petroleum Corporation, Inc. Common Stock",A,EPM
EPOW,E-Power Inc. - Class A Ordinary Shares,NASDAQ,EPOW
EPR,EPR Properties Common Stock,N,EPR
EPRT,"Essential Properties Realty Trust, Inc. Common Stock",N,EPRT
EPRX,Eupraxia Pharmaceuticals Inc. - Common Stock,NASDAQ,EPRX
EPSM,Epsium Enterprise Limited - Class A Ordinary Shares,NASDAQ,EPSM
EPSN,Epsilon Energy Ltd. - Common Shares,NASDAQ,EPSN
EQ,"Equillium, Inc. - Common Stock",NASDAQ,EQ
EQBK,"Equity Bancshares, Inc. Class A Common Stock",N,EQBK
EQH,"Equitable Holdings, Inc. Common Stock",N,EQH
EQIX,"Equinix, Inc. - Common Stock",NASDAQ,EQIX
EQNR,Equinor ASA,N,EQNR
EQPT,EquipmentShare.com Inc - Class A Common Stock,NASDAQ,EQPT
EQR,Equity Residential Common Shares of Beneficial Interest,N,EQR
EQS,"Equus Total Return, Inc. Common Stock",N,EQS
EQT,EQT Corporation Common Stock,N,EQT
EQX,Equinox Gold Corp. Common Shares,A,EQX
ERAS,"Erasca, Inc. - Common Stock",NASDAQ,ERAS
ERC,Allspring Multi-Sector Income Fund Common Stock,A,ERC
ERH,Allspring Utilities and High Income Fund Common Shares,A,ERH
ERIC,Ericsson - American Depositary Shares each representing 1 underlying Class B share,NASDAQ,ERIC
ERIE,Erie Indemnity Company - Class A Common Stock,NASDAQ,ERIE
ERII,"Energy Recovery, Inc. - Common Stock",NASDAQ,ERII
ERNA,Ernexa Therapeutics Inc. - Common Stock,NASDAQ,ERNA
ERNAW,Ernexa Therapeutics Inc. - Warrants,NASDAQ,ERNAW
ERO,Ero Copper Corp. Common Shares,N,ERO
ES,Eversource Energy (D/B/A) Common Stock,N,ES
ESAB,ESAB Corporation Common Stock,N,ESAB
ESBA,"Empire State Realty OP, L.P. Series ES Operating Partnership Units Representing Limited Partnership Interests",P,ESBA
ESCA,"Escalade, Incorporated - Common Stock",NASDAQ,ESCA
ESE,ESCO Technologies Inc. Common Stock,N,ESE
ESEA,Euroseas Ltd. - Common Stock,NASDAQ,ESEA
ESI,Element Solutions Inc. Common Stock,N,ESI
ESLA,"Estrella Immunopharma, Inc. - Common Stock",NASDAQ,ESLA
ESLAW,"Estrella Immunopharma, Inc. - Warrant",NASDAQ,ESLAW
ESLT,Elbit Systems Ltd. - Ordinary Shares,NASDAQ,ESLT
ESNT,Essent Group Ltd. Common Shares,N,ESNT
ESOA,Energy Services of America Corporation - Common Stock,NASDAQ,ESOA
ESP,Espey Mfg. & Electronics Corp. Common Stock,A,ESP
ESPR,"Esperion Therapeutics, Inc. - Common Stock",NASDAQ,ESPR
ESQ,"Esquire Financial Holdings, Inc. - Common Stock",NASDAQ,ESQ
ESRT,"Empire State Realty Trust, Inc. Class A Common Stock",N,ESRT
ESS,"Essex Property Trust, Inc. Common Stock",N,ESS
ESTA,Establishment Labs Holdings Inc. - Common Shares,NASDAQ,ESTA
ESTC,Elastic N.V. Ordinary Shares,N,ESTC
ET,Energy Transfer LP Common Units ,N,ET
ETB,Eaton Vance Tax-Managed Buy-Write Income Fund Eaton Vance Tax-Managed Buy-Write Income Fund Common Shares of Beneficial Interest,N,ETB
ETD,Ethan Allen Interiors Inc. Common Stock,N,ETD
ETG,Eaton Vance Tax-Advantaged Global Dividend Income Fund Common Shares of Beneficial Interest,N,ETG
ETJ,Eaton Vance Risk-Managed Diversified Equity Income Fund Common Shares of Beneficial Interest,N,ETJ
ETN,"Eaton Corporation, PLC Ordinary Shares",N,ETN
ETO,Eaton Vance Tax-Advantage Global Dividend Opp Common Stock,N,ETO
ETON,"Eton Pharmaceuticals, Inc. - Common Stock",NASDAQ,ETON
ETOR,eToro Group Ltd. - Class A Common Shares,NASDAQ,ETOR
ETR,Entergy Corporation Common Stock,N,ETR
ETS,Elite Express Holding Inc. - Class A Common Stock,NASDAQ,ETS
ETSY,"Etsy, Inc. Common Stock",N,ETSY
ETV,Eaton Vance Corporation Eaton Vance Tax-Managed Buy-Write Opportunities Fund Common Shares of Beneficial Interest,N,ETV
ETW,Eaton Vance Corporation Eaton Vance Tax-Managed Global Buy-Write Opportunites Fund Common Shares of Beneficial Interest,N,ETW
ETX,Eaton Vance Municipal Income 2028 Term Trust Common Shares of Beneficial Interest,N,ETX
ETY,"Eaton Vance Tax-Managed Diversified Equity Income Fund Common Shares of Beneficial Interest,",N,ETY
EU,enCore Energy Corp. - Common Stock,NASDAQ,EU
EUDA,Euda Health Holdings Limited - Ordinary Shares,NASDAQ,EUDA
EUDAW,Euda Health Holdings Limited - Warrant,NASDAQ,EUDAW
EURK,Eureka Acquisition Corp - Class A Ordinary Share,NASDAQ,EURK
EURKR,Eureka Acquisition Corp - Right,NASDAQ,EURKR
EURKU,Eureka Acquisition Corp - Unit,NASDAQ,EURKU
EVAC,EQV Ventures Acquisition Corp. II Class A Ordinary Shares,N,EVAC
EVAC.U,"EQV Ventures Acquisition Corp. II Units, each unit consists of one Class A ordinary share and one-third of one redeemable warrant",N,EVAC-U
EVAC.W,"EQV Ventures Acquisition Corp. II Redeemable Warrants, each whole warrant exercisable for one Class A ordinary share at an exercise price of $11.50 per share",N,EVAC-W
EVAX,Evaxion A/S - American Depositary Share,NASDAQ,EVAX
EVC,Entravision Communications Corporation Common Stock,N,EVC
EVCM,EverCommerce Inc. - Common Stock,NASDAQ,EVCM
EVER,"EverQuote, Inc. - Class A Common Stock",NASDAQ,EVER
EVEX,"Eve Holding, Inc. Common Stock",N,EVEX
EVEX.W,"Eve Holding, Inc. Warrants, each exercisable for one share of Common Stock at an exercise price of $11.50 per share",N,EVEX-W
EVF,Eaton Vance Senior Income Trust Common Stock,N,EVF
EVG,Eaton Vance Short Diversified Income Fund Eaton Vance Short Duration Diversified Income Fund Common Shares of Beneficial Interest,N,EVG
EVGN,Evogene Ltd. - Ordinary Shares,NASDAQ,EVGN
EVGO,EVgo Inc. - Common Stock,NASDAQ,EVGO
EVGOW,"EVgo Inc. - Warrants, each whole warrant exercisable for one share of Class A Common Stock at an exercise price of $11.50",NASDAQ,EVGOW
EVH,"Evolent Health, Inc Class A Common Stock",N,EVH
EVI,"EVI Industries, Inc.  Common Stock",A,EVI
EVLV,"Evolv Technologies Holdings, Inc. - Class A Common Stock",NASDAQ,EVLV
EVLVW,"Evolv Technologies Holdings, Inc. - Warrant",NASDAQ,EVLVW
EVMN,"Evommune, Inc. Common Stock",N,EVMN
EVN,Eaton Vance Municipal Income Trust Common Stock,N,EVN
EVO,Evotec SE - American Depositary Shares each representing 1/2 of one ordinary share,NASDAQ,EVO
EVOX,Evolution Global Acquisition Corp - Class A Ordinary Shares,NASDAQ,EVOX
EVOXU,Evolution Global Acquisition Corp - Units,NASDAQ,EVOXU
EVOXW,Evolution Global Acquisition Corp - Warrants,NASDAQ,EVOXW
EVR,Evercore Inc. Class A Common Stock,N,EVR
EVRG,"Evergy, Inc. - Common Stock",NASDAQ,EVRG
EVT,Eaton Vance Tax Advantaged Dividend Income Fund Common Shares of Beneficial Interest,N,EVT
EVTC,"Evertec, Inc. Common Stock",N,EVTC
EVTL,Vertical Aerospace Ltd. Ordinary Shares,N,EVTL
EVTV,"Envirotech Vehicles, Inc. - Common stock",NASDAQ,EVTV
EVV,Eaton Vance Limited Duration Income Fund Common Shares of Beneficial Interest,A,EVV
EW,Edwards Lifesciences Corporation Common Stock,N,EW
EWBC,"East West Bancorp, Inc. - Common Stock",NASDAQ,EWBC
EWCZ,"European Wax Center, Inc. - Class A Common Stock",NASDAQ,EWCZ
EWTX,"Edgewise Therapeutics, Inc. - Common Stock",NASDAQ,EWTX
EXC,Exelon Corporation - Common Stock,NASDAQ,EXC
EXE,Expand Energy Corporation - Common Stock,NASDAQ,EXE
EXEL,"Exelixis, Inc. - Common Stock",NASDAQ,EXEL
EXFY,"Expensify, Inc. - Class A Common Stock",NASDAQ,EXFY
EXG,Eaton Vance Tax-Managed Global Diversified Equity Income Fund Common Shares of Beneficial Interest,N,EXG
EXK,Endeavour Silver Corporation Ordinary Shares (Canada),N,EXK
EXLS,"ExlService Holdings, Inc. - Common Stock",NASDAQ,EXLS
EXOD,"Exodus Movement, Inc. Class A Common Stock",A,EXOD
EXOZ,eXoZymes Inc. - Common Stock,NASDAQ,EXOZ
EXP,Eagle Materials Inc Common Stock,N,EXP
EXPD,"Expeditors International of Washington, Inc. Common Stock",N,EXPD
EXPE,"Expedia Group, Inc. - Common Stock",NASDAQ,EXPE
EXPI,"eXp World Holdings, Inc. - Common Stock",NASDAQ,EXPI
EXPO,"Exponent, Inc. - Common Stock",NASDAQ,EXPO
EXR,Extra Space Storage Inc Common Stock,N,EXR
EXTR,"Extreme Networks, Inc. - Common Stock",NASDAQ,EXTR
EYE,"National Vision Holdings, Inc. - Common Stock",NASDAQ,EYE
EYPT,"EyePoint, Inc. - Common Stock",NASDAQ,EYPT
EZGO,EZGO Technologies Ltd. - Ordinary Shares,NASDAQ,EZGO
EZPW,"EZCORP, Inc. - Class A Non-Voting Common Stock",NASDAQ,EZPW
EZRA,"Reliance Global Group, Inc. - Common Stock",NASDAQ,EZRA
F,Ford Motor Company Common Stock,N,F
FA,First Advantage Corporation - Common Stock,NASDAQ,FA
FABC,"Fabric.AI, Inc. - Common Stock",NASDAQ,FABC
FACT,FACT II Acquisition Corp. - Class A Ordinary Shares,NASDAQ,FACT
FACTU,FACT II Acquisition Corp. - Unit,NASDAQ,FACTU
FACTW,FACT II Acquisition Corp. - Warrant,NASDAQ,FACTW
FAF,First American Corporation (New) Common Stock,N,FAF
FAMI,"Farmmi, Inc. - Class A Ordinary Shares",NASDAQ,FAMI
FANG,"Diamondback Energy, Inc. - Common Stock",NASDAQ,FANG
FARM,Farmer Brothers Company - Common Stock,NASDAQ,FARM
FAST,Fastenal Company - Common Stock,NASDAQ,FAST
FATE,"Fate Therapeutics, Inc. - Common Stock",NASDAQ,FATE
FATN,"FatPipe, Inc. - common stock",NASDAQ,FATN
FAX,"abrdn Asia-Pacific Income Fund, Inc. Common Stock",A,FAX
FBGL,FBS Global Limited - Ordinary Shares,NASDAQ,FBGL
FBIN,"Fortune Brands Innovations, Inc. Common Stock",N,FBIN
FBIO,"Fortress Biotech, Inc. - Common Stock",NASDAQ,FBIO
FBIOP,"Fortress Biotech, Inc. - 9.375% Series A Cumulative Redeemable Perpetual Preferred Stock",NASDAQ,FBIOP
FBIZ,"First Business Financial Services, Inc. - Common Stock",NASDAQ,FBIZ
FBK,FB Financial Corporation Common Stock,N,FBK
FBLA,"FB Bancorp, Inc. - Common Stock",NASDAQ,FBLA
FBLG,"FibroBiologics, Inc. - Common Stock",NASDAQ,FBLG
FBNC,First Bancorp - Common Stock,NASDAQ,FBNC
FBP,First BanCorp. New Common Stock,N,FBP
FBRT,"Franklin BSP Realty Trust, Inc. Common Stock",N,FBRT
FBRX,"Forte Biosciences, Inc.  - Common Stock",NASDAQ,FBRX
FBYD,"Falcon's Beyond Global, Inc. - Class A Common Stock",NASDAQ,FBYD
FBYDW,"Falcon's Beyond Global, Inc. - Warrants",NASDAQ,FBYDW
FC,Franklin Covey Company Common Stock,N,FC
FCAP,"First Capital, Inc. - Common Stock",NASDAQ,FCAP
FCBC,"First Community Bankshares, Inc. - Common Stock",NASDAQ,FCBC
FCCO,First Community Corporation - Common Stock,NASDAQ,FCCO
FCEL,"FuelCell Energy, Inc. - Common Stock",NASDAQ,FCEL
FCF,First Commonwealth Financial Corporation Common Stock,N,FCF
FCFS,"FirstCash Holdings, Inc. - Common Stock",NASDAQ,FCFS
FCHL,Fitness Champs Holdings Limited - Ordinary Shares,NASDAQ,FCHL
FCN,"FTI Consulting, Inc. Common Stock",N,FCN
FCNCA,"First Citizens BancShares, Inc. - Class A Common Stock",NASDAQ,FCNCA
FCNCN,"First Citizens BancShares, Inc. - Depositary Shares, each representing a 1/40th interest in a share of 6.625% Non-Cumulative Perpetual Preferred Stock, Series E",NASDAQ,FCNCN
FCNCO,"First Citizens BancShares, Inc. - 5.625% Non-Cumulative Perpetual Preferred Stock, Series C",NASDAQ,FCNCO
FCNCP,"First Citizens BancShares, Inc. - Depositary Shares Each Representing a 1/40th Interest in a Share of 5.375% Non-Cumulative Perpetual Preferred Stock, Series A",NASDAQ,FCNCP
FCO,"abrdn Global Income Fund, Inc. Common Stock",A,FCO
FCPT,"Four Corners Property Trust, Inc. Common Stock",N,FCPT
FCRS,FutureCrest Acquisition Corp. Class A Ordinary Shares,N,FCRS
FCRS.U,"FutureCrest Acquisition Corp. Units, each consisting of one Class A ordinary share and one-quarter of one redeemable warrant",N,FCRS-U
FCRS.W,"FutureCrest Acquisition Corp. Redeemable warrants, each whole warrant exercisable for one Class A ordinary share at an exercise price of $11.50",N,FCRS-W
FCRX,"Crescent Capital BDC, Inc. 5.00% Notes due 2026",N,FCRX
FCT,First Trust Senior Floating Rate Income Fund II Common Shares of Beneficial Interest,N,FCT
FCUV,Focus Universal Inc. - Common Stock,NASDAQ,FCUV
FCX,"Freeport-McMoRan, Inc. Common Stock",N,FCX
FDBC,"Fidelity D & D Bancorp, Inc. - Common Stock",NASDAQ,FDBC
FDMT,"4D Molecular Therapeutics, Inc. - Common Stock",NASDAQ,FDMT
FDP,"Fresh Del Monte Produce, Inc. Common Stock",N,FDP
FDS,FactSet Research Systems Inc. Common Stock,N,FDS
FDSB,"Fifth District Bancorp, Inc. - Common Stock",NASDAQ,FDSB
FDUS,Fidus Investment Corporation - Closed End Fund,NASDAQ,FDUS
FDX,FedEx Corporation Common Stock,N,FDX
FE,FirstEnergy Corp. Common Stock,N,FE
FEAM,"5E Advanced Materials, Inc. - Common Stock",NASDAQ,FEAM
FEBO,Fenbo Holdings Limited - Class A Ordinary Shares,NASDAQ,FEBO
FEDU,"Four Seasons Education (Cayman) Inc. American Depositary Shares, each ADS representing 10 ordinary shares",N,FEDU
FEED,"ENvue Medical, Inc. - Common Stock",NASDAQ,FEED
FEIM,"Frequency Electronics, Inc. - Common Stock",NASDAQ,FEIM
FELE,"Franklin Electric Co., Inc. - Common Stock",NASDAQ,FELE
FEMY,Femasys Inc. - Common Stock,NASDAQ,FEMY
FENC,Fennec Pharmaceuticals Inc. - Common Stock,NASDAQ,FENC
FENG,"Phoenix New Media Limited American Depositary Shares, each representing 48 Class A ordinary shares.",N,FENG
FER,Ferrovial N.V. - Ordinary Shares,NASDAQ,FER
FERA,Fifth Era Acquisition Corp I - Class A Ordinary Shares,NASDAQ,FERA
FERAR,Fifth Era Acquisition Corp I - Rights,NASDAQ,FERAR
FERAU,Fifth Era Acquisition Corp I - Units,NASDAQ,FERAU
FERG,Ferguson Enterprises Inc. Common Stock,N,FERG
FET,"Forum Energy Technologies, Inc. Common Stock",N,FET
FF,FutureFuel Corp.  Common shares,N,FF
FFA,First Trust Enhanced Equity Income Fund Common Shares of Beneficial Interest,N,FFA
FFAI,Faraday Future Intelligent Electric Inc. - Class A Common Stock,NASDAQ,FFAI
FFAIW,Faraday Future Intelligent Electric Inc. - Warrant,NASDAQ,FFAIW
FFBC,First Financial Bancorp. - Common Stock,NASDAQ,FFBC
FFC,Flaherty & Crumrine Preferred and Income Securities Fund Incorporated,N,FFC
FFIC,Flushing Financial Corporation - Common Stock,NASDAQ,FFIC
FFIN,"First Financial Bankshares, Inc. - Common Stock",NASDAQ,FFIN
FFIV,"F5, Inc. - Common Stock",NASDAQ,FFIV
FG,"F&G Annuities & Life, Inc. Common Stock",N,FG
FGBI,"First Guaranty Bancshares, Inc. - Common Stock",NASDAQ,FGBI
FGBIP,"First Guaranty Bancshares, Inc. - 6.75% Series A Fixed-Rate Non-Cumulative Perpetual Preferred Stock",NASDAQ,FGBIP
FGI,FGI Industries Ltd. - Ordinary Shares,NASDAQ,FGI
FGII,FG Imperii Acquisition Corp. - Class A Ordinary Shares,NASDAQ,FGII
FGIIU,FG Imperii Acquisition Corp. - Units,NASDAQ,FGIIU
FGIIW,FG Imperii Acquisition Corp. - Warrants,NASDAQ,FGIIW
FGIWW,FGI Industries Ltd. - warrant,NASDAQ,FGIWW
FGL,Founder Group Limited - Class A Ordinary Shares,NASDAQ,FGL
FGMC,FG Merger II Corp. - Common stock,NASDAQ,FGMC
FGMCR,FG Merger II Corp. - Rights,NASDAQ,FGMCR
FGMCU,FG Merger II Corp. - Unit,NASDAQ,FGMCU
FGN,"F&G Annuities & Life, Inc. 7.950% Senior Notes due 2053",N,FGN
FGNX,FG Nexus Inc. - Common Stock,NASDAQ,FGNX
FGNXP,FG Nexus Inc. - 8.00% Cumulative Series A Preferred Stock,NASDAQ,FGNXP
FGSN,"F&G Annuities & Life, Inc. 7.300% Junior Subordinated Notes due 2065",N,FGSN
FHB,"First Hawaiian, Inc. - Common Stock",NASDAQ,FHB
FHI,"Federated Hermes, Inc. Common Stock",N,FHI
FHN,First Horizon Corporation Common Stock,N,FHN
FHTX,Foghorn Therapeutics Inc. - Common Stock,NASDAQ,FHTX
FIBK,"First Interstate BancSystem, Inc. - Common Stock",NASDAQ,FIBK
FICO,Fair Isaac Corporation Common Stock,N,FICO
FIEE,"FiEE, Inc - Common Stock",NASDAQ,FIEE
FIG,"Figma, Inc. Class A Common Stock",N,FIG
FIGR,"Figure Technology Solutions, Inc. - Class A Common Stock",NASDAQ,FIGR
FIGS,"FIGS, Inc. Class A Common Stock",N,FIGS
FIGX,FIGX Capital Acquisition Corp. - Class A ordinary share,NASDAQ,FIGX
FIGXU,FIGX Capital Acquisition Corp. - Units,NASDAQ,FIGXU
FIGXW,FIGX Capital Acquisition Corp. - one-half of one redeemable warrant.,NASDAQ,FIGXW
FIHL,Fidelis Insurance Holdings Limited Common Shares,N,FIHL
FINS,Angel Oak Financial Strategies Income Term Trust Common Shares of Beneficial Interest,N,FINS
FINV,FinVolution Group American Depositary Shares,N,FINV
FINW,FinWise Bancorp - Common Stock,NASDAQ,FINW
FIP,FTAI Infrastructure Inc. - Common Stock,NASDAQ,FIP
FIS,"Fidelity National Information Services, Inc. Common Stock",N,FIS
FISI,"Financial Institutions, Inc. - Common Stock",NASDAQ,FISI
FISK,"Empire State Realty OP, L.P. Series 250 Operating Partnership Units Representing Limited Partnership Interests",P,FISK
FISV,"Fiserv, Inc. - Common Stock",NASDAQ,FISV
FITB,Fifth Third Bancorp - Common Stock,NASDAQ,FITB
FITBI,Fifth Third Bancorp - Depositary Share repstg 1/1000th Ownership Interest Perp Pfd Series I,NASDAQ,FITBI
FITBM,"Fifth Third Bancorp - Depositary Shares Representing a 1/40th Ownership Interest in a Share of 6.875% Fixed-Rate Reset Non-Cumulative Perpetual Preferred Stock, Series M",NASDAQ,FITBM
FITBO,"Fifth Third Bancorp - Depositary Shares each representing a 1/1000th ownership interest in a share of Non-Cumulative Perpetual Preferred Stock, Series K",NASDAQ,FITBO
FITBP,"Fifth Third Bancorp - Depositary Shares each representing 1/40th share of Fifth Third 6.00% Non-Cumulative Perpetual Class B Preferred Stock, Series A",NASDAQ,FITBP
FIVE,"Five Below, Inc. - Common Stock",NASDAQ,FIVE
FIVN,"Five9, Inc. - Common Stock",NASDAQ,FIVN
FIX,"Comfort Systems USA, Inc. Common Stock",N,FIX
FIZZ,National Beverage Corp. - Common Stock,NASDAQ,FIZZ
FJET,"Starfighters Space, Inc. Common Stock",A,FJET
FKWL,Franklin Wireless Corp. - common stock,NASDAQ,FKWL
FLC,Flaherty & Crumrine Total Return Fund Inc Common Stock,N,FLC
FLD,"Fold Holdings, Inc. - Class A Common Stock",NASDAQ,FLD
FLDDW,"Fold Holdings, Inc. - Warrant",NASDAQ,FLDDW
FLEX,Flex Ltd. - Ordinary Shares,NASDAQ,FLEX
FLG,"Flagstar Bank, N.A. Common Stock",N,FLG
FLGT,"Fulgent Genetics, Inc. - Common Stock",NASDAQ,FLGT
FLL,"Full House Resorts, Inc. - Common Stock",NASDAQ,FLL
FLNA,"Filana Therapeutics, Inc. - Common Stock",NASDAQ,FLNA
FLNC,"Fluence Energy, Inc. - Class A Common Stock",NASDAQ,FLNC
FLNG,FLEX LNG Ltd. Ordinary Shares,N,FLNG
FLNT,"Fluent, Inc. - Common Stock",NASDAQ,FLNT
FLO,"Flowers Foods, Inc. Common Stock",N,FLO
FLOC,Flowco Holdings Inc. Class A Common Stock,N,FLOC
FLR,Fluor Corporation Common Stock,N,FLR
FLS,Flowserve Corporation Common Stock,N,FLS
FLUT,Flutter Entertainment plc Ordinary Shares,N,FLUT
FLUX,"Flux Power Holdings, Inc. - Common Stock",NASDAQ,FLUX
FLWS,"1-800-FLOWERS.COM, Inc. - Class A Common Stock",NASDAQ,FLWS
FLX,BingEx Limited - American Depositary Shares,NASDAQ,FLX
FLXS,"Flexsteel Industries, Inc. - Common Stock",NASDAQ,FLXS
FLY,Firefly Aerospace Inc. - Common Stock,NASDAQ,FLY
FLYE,"Fly-E Group, Inc. - Common Stock",NASDAQ,FLYE
FLYW,Flywire Corporation - Voting Common Stock,NASDAQ,FLYW
FLYX,"flyExclusive, Inc. Class A Common Stock",A,FLYX
FLYX.W,"flyExclusive, Inc. Redeemable warrants, each whole warrant exercisable for one Class A common stock at an exercise price of $11.50 per share",A,FLYX-W
FMACU,Future Money Acquisition Corporation - Units,NASDAQ,FMACU
FMAO,"Farmers & Merchants Bancorp, Inc. - Common Stock",NASDAQ,FMAO
FMBH,"First Mid Bancshares, Inc. - Common Stock",NASDAQ,FMBH
FMC,FMC Corporation Common Stock,N,FMC
FMFC,Kandal M Venture Limited - Class A ordinary Shares,NASDAQ,FMFC
FMN,Federated Hermes Premier Municipal Income Fund,N,FMN
FMNB,Farmers National Banc Corp. - Common Stock,NASDAQ,FMNB
FMS,Fresenius Medical Care AG American Depositary Shares (Each representing 1/2 of an Ordinary Share),N,FMS
FMST,Foremost Clean Energy Ltd. - Common Shares,NASDAQ,FMST
FMSTW,Foremost Clean Energy Ltd. - Warrant,NASDAQ,FMSTW
FMX,Fomento Economico Mexicano S.A.B. de C.V. Common Stock,N,FMX
FMY,First Trust Mortgage Income Fund Common Shares of Beneficial Interest,N,FMY
FN,Fabrinet Ordinary Shares,N,FN
FNB,F.N.B. Corporation Common Stock,N,FNB
FND,"Floor & Decor Holdings, Inc. Common Stock",N,FND
FNF,"Fidelity National Financial, Inc. Common Stock",N,FNF
FNGD,"MicroSectors FANG  Index -3X Inverse Leveraged ETNs due January 8, 2038",P,FNGD
FNGO,"MicroSectors FANG  Index 2X Leveraged ETNs due January 8, 2038",P,FNGO
FNGR,"FingerMotion, Inc. - common stock",NASDAQ,FNGR
FNKO,"Funko, Inc. - Class A Common Stock",NASDAQ,FNKO
FNLC,"First Bancorp, Inc (ME) - Common Stock",NASDAQ,FNLC
FNRN,First Northern Community Bancorp - Common stock,NASDAQ,FNRN
FNUC,Frontier Nuclear and Minerals Inc. - Common Shares,NASDAQ,FNUC
FNV,Franco-Nevada Corporation,N,FNV
FNWB,First Northwest Bancorp - Common Stock,NASDAQ,FNWB
FNWD,Finward Bancorp - common stock,NASDAQ,FNWD
FOA,Finance of America Companies Inc. Class A Common Stock,N,FOA
FOF,"Cohen & Steers Closed-End Opportunity Fund, Inc. Common Stock",N,FOF
FOFO,"Hang Feng Technology Innovation Co., Ltd. - Ordinary Shares",NASDAQ,FOFO
FONR,Fonar Corporation - Common Stock,NASDAQ,FONR
FOR,Forestar Group Inc Common Stock ,N,FOR
FORA,Forian Inc. - Common Stock,NASDAQ,FORA
FORM,"FormFactor, Inc. - Common Stock",NASDAQ,FORM
FORR,"Forrester Research, Inc. - Common Stock",NASDAQ,FORR
FORTY,Formula Systems (1985) Ltd. - American Depositary Shares,NASDAQ,FORTY
FOSL,"Fossil Group, Inc. - Common Stock",NASDAQ,FOSL
FOUR,"Shift4 Payments, Inc. Class A Common Stock",N,FOUR
FOX,Fox Corporation - Class B Common Stock,NASDAQ,FOX
FOXA,Fox Corporation - Class A Common Stock,NASDAQ,FOXA
FOXF,Fox Factory Holding Corp. - Common Stock,NASDAQ,FOXF
FOXX,Foxx Development Holdings Inc. - Common Stock,NASDAQ,FOXX
FOXXW,Foxx Development Holdings Inc. - Warrant,NASDAQ,FOXXW
FPF,First Trust Intermediate Duration Preferred & Income Fund Common Shares of Beneficial Interest,N,FPF
FPH,"Five Point Holdings, LLC Class A Common Shares",N,FPH
FPI,Farmland Partners Inc. Common Stock,N,FPI
FPS,"Forgent Power Solutions, Inc. Class A Common Stock",N,FPS
FR,"First Industrial Realty Trust, Inc. Common Stock",N,FR
FRA,Blackrock Floating Rate Income Strategies Fund Inc  Common Stock,N,FRA
FRAF,Franklin Financial Services Corporation - Common Stock,NASDAQ,FRAF
FRBA,First Bank  - Common Stock,NASDAQ,FRBA
FRD,Friedman Industries Inc. - Common Stock,NASDAQ,FRD
FRGT,"Freight Technologies, Inc. - Ordinary Shares",NASDAQ,FRGT
FRHC,Freedom Holding Corp. - Common Stock,NASDAQ,FRHC
FRME,First Merchants Corporation - Common Stock,NASDAQ,FRME
FRMEP,"First Merchants Corporation - Depository Shares, each representing a 1/100th interest in a share of 7.50% Non-Cumulative Perpetual Preferred Stock, A",NASDAQ,FRMEP
FRMI,Fermi Inc. - Common Stock,NASDAQ,FRMI
FRMM,"Forum Markets, Incorporated - Common Stock",NASDAQ,FRMM
FRO,Frontline Plc Ordinary Shares,N,FRO
FROG,JFrog Ltd. - Ordinary shares,NASDAQ,FROG
FRPH,"FRP Holdings, Inc. - Common Stock",NASDAQ,FRPH
FRPT,"Freshpet, Inc. - Common Stock",NASDAQ,FRPT
FRSH,Freshworks Inc. - Class A Common Stock,NASDAQ,FRSH
FRST,Primis Financial Corp. - Common Stock,NASDAQ,FRST
FRSX,Foresight Autonomous Holdings Ltd. - American Depositary Shares,NASDAQ,FRSX
FRT,Federal Realty Investment Trust Common Stock,N,FRT
FSBC,Five Star Bancorp - Common Stock,NASDAQ,FSBC
FSBW,"FS Bancorp, Inc. - Common Stock",NASDAQ,FSBW
FSCO,FS Credit Opportunities Corp. Common Stock,N,FSCO
FSEA,"First Seacoast Bancorp, Inc. - Common Stock",NASDAQ,FSEA
FSHP,Flag Ship Acquisition Corp. - Ordinary Shares,NASDAQ,FSHP
FSHPR,Flag Ship Acquisition Corp. - Right,NASDAQ,FSHPR
FSHPU,Flag Ship Acquisition Corp. - Unit,NASDAQ,FSHPU
FSI,Flexible Solutions International Inc. Common Stock (CDA),A,FSI
FSK,FS KKR Capital Corp. Common Stock,N,FSK
FSLR,"First Solar, Inc. - Common Stock",NASDAQ,FSLR
FSLY,"Fastly, Inc. - Class A Common Stock",NASDAQ,FSLY
FSM,Fortuna Mining Corp. Common Shares,N,FSM
FSP,Franklin Street Properties Corp. Common Stock,A,FSP
FSS,Federal Signal Corporation Common Stock,N,FSS
FSSL,FS Specialty Lending Fund Common Shares of Beneficial Interest,N,FSSL
FSTR,L.B. Foster Company - Common Stock,NASDAQ,FSTR
FSUN,FirstSun Capital Bancorp - Common Stock,NASDAQ,FSUN
FSV,FirstService Corporation - Common Shares,NASDAQ,FSV
FT,Franklin Universal Trust Common Stock,N,FT
FTAI,FTAI Aviation Ltd. - Common Stock,NASDAQ,FTAI
FTAIM,FTAI Aviation Ltd. - 9.500% Fixed-Rate Reset Series D Cumulative Perpetual Redeemable Preferred Shares,NASDAQ,FTAIM
FTAIN,FTAI Aviation Ltd. - 8.25% Fixed-Rate Reset Series C Cumulative Perpetual Redeemable Preferred Shares,NASDAQ,FTAIN
FTCI,"FTC Solar, Inc. - Common Stock",NASDAQ,FTCI
FTDR,"Frontdoor, Inc. - Common Stock",NASDAQ,FTDR
FTEK,"Fuel Tech, Inc. - Common Stock",NASDAQ,FTEK
FTF,Franklin Limited Duration Income Trust Common Shares of Beneficial Interest,A,FTF
FTFT,Future FinTech Group Inc. - Common Stock,NASDAQ,FTFT
FTHAU,Forefront Tech Holdings Acquisition Corp - Unit,NASDAQ,FTHAU
FTHM,Fathom Holdings Inc. - Common Stock,NASDAQ,FTHM
FTHY,First Trust High Yield Opportunities 2027 Term Fund Common Stock,N,FTHY
FTI,TechnipFMC plc Ordinary Share,N,FTI
FTK,"Flotek Industries, Inc. Common Stock",N,FTK
FTLF,"FitLife Brands, Inc. - Common Stock",NASDAQ,FTLF
FTNT,"Fortinet, Inc. - Common Stock",NASDAQ,FTNT
FTRE,Fortrea Holdings Inc. - Common Stock,NASDAQ,FTRE
FTRK,FAST TRACK GROUP - Ordinary shares,NASDAQ,FTRK
FTS,Fortis Inc. Common Shares,N,FTS
FTV,Fortive Corporation Common Stock ,N,FTV
FTW,Presidio Production Company Class A Common Stock,N,FTW
FTW.W,"Presidio Production Company Warrants, each whole warrant exercisable for one share of Class A common stock at an exercise price of $11.50 per share",N,FTW-W
FUBO,FuboTV Inc. Class A Common Stock,N,FUBO
FUFU,BitFuFu Inc. - Class A Ordinary Shares,NASDAQ,FUFU
FUFUW,BitFuFu Inc. - Warrant,NASDAQ,FUFUW
FUL,H. B. Fuller Company Common Stock,N,FUL
FULC,"Fulcrum Therapeutics, Inc. - Common Stock",NASDAQ,FULC
FULT,Fulton Financial Corporation - Common Stock,NASDAQ,FULT
FULTP,"Fulton Financial Corporation - Depositary Shares Each Representing a 1/40th Interest in a Share of Fixed Rate Non-Cumulative Perpetual Preferred Stock, Series A",NASDAQ,FULTP
FUN,Six Flags Entertainment Corporation Common Stock New,N,FUN
FUNC,First United Corporation - Common Stock,NASDAQ,FUNC
FUND,"Sprott Focus Trust, Inc. - Closed End Fund",NASDAQ,FUND
FURY,Fury Gold Mines Limited Common Shares,A,FURY
FUSB,"First US Bancshares, Inc. - Common Stock",NASDAQ,FUSB
FUSE,Fusemachines Inc. - Common stock,NASDAQ,FUSE
FUSEW,Fusemachines Inc. - Warrants,NASDAQ,FUSEW
FUTU,Futu Holdings Limited - American Depositary Shares,NASDAQ,FUTU
FVAV,Fortress Value Acquisition Corp. V - Class A Ordinary Shares,NASDAQ,FVAV
FVCB,"FVCBankcorp, Inc. - Common Stock",NASDAQ,FVCB
FVN,Future Vision II Acquisition Corporation - Ordinary Shares,NASDAQ,FVN
FVNNR,Future Vision II Acquisition Corporation - Right,NASDAQ,FVNNR
FVNNU,Future Vision II Acquisition Corporation - Units,NASDAQ,FVNNU
FVR,"FrontView REIT, Inc. Common Stock",N,FVR
FVRR,"Fiverr International Ltd. Ordinary Shares, no par value",N,FVRR
FWDI,"Forward Industries, Inc. - Common Stock",NASDAQ,FWDI
FWONA,Liberty Media Corporation - Series A Liberty Formula One Common Stock,NASDAQ,FWONA
FWONK,Liberty Media Corporation - Series C Liberty Formula One Common Stock,NASDAQ,FWONK
FWRD,Forward Air Corporation - Common Stock,NASDAQ,FWRD
FWRG,"First Watch Restaurant Group, Inc. - Common Stock",NASDAQ,FWRG
FXNC,First National Corporation - Common Stock,NASDAQ,FXNC
G,Genpact Limited Common Stock,N,G
GAB,"Gabelli Equity Trust, Inc. (The) Common Stock",N,GAB
GABC,"German American Bancorp, Inc. - Common Stock",NASDAQ,GABC
GAIA,"Gaia, Inc. - Class A Common Stock",NASDAQ,GAIA
GAIN,Gladstone Investment Corporation - Business Development Company,NASDAQ,GAIN
GAING,Gladstone Investment Corporation - 7.125% Notes due 2031,NASDAQ,GAING
GAINI,Gladstone Investment Corporation - 7.875% Notes due 2030,NASDAQ,GAINI
GAINN,Gladstone Investment Corporation - 5.00% Notes Due 2026,NASDAQ,GAINN
GAINZ,Gladstone Investment Corporation - 4.875% Notes due 2028,NASDAQ,GAINZ
GALT,Galectin Therapeutics Inc. - Common Stock,NASDAQ,GALT
GAM,"General American Investors, Inc. Common Stock",N,GAM
GAMB,Gambling.com Group Limited - Ordinary Shares,NASDAQ,GAMB
GAME,"GameSquare Holdings, Inc. - Common stock",NASDAQ,GAME
GANX,"Gain Therapeutics, Inc. - Common Stock",NASDAQ,GANX
GAP,"Gap, Inc. (The) Common Stock",N,GAP
GASS,"StealthGas, Inc. - common stock",NASDAQ,GASS
GATX,GATX Corporation Common Stock,N,GATX
GAU,Galiano Gold Inc.,A,GAU
GAUZ,Gauzy Ltd. - Ordinary Shares,NASDAQ,GAUZ
GBAB,Guggenheim Taxable Municipal Bond & Investment Grade Debt Trust Common Shares of Beneficial Interest,N,GBAB
GBCI,"Glacier Bancorp, Inc. Common Stock",N,GBCI
GBDC,"Golub Capital BDC, Inc. - Closed End Fund",NASDAQ,GBDC
GBFH,GBank Financial Holdings Inc. - Common Stock,NASDAQ,GBFH
GBLI,"Global Indemnity Group, LLC - Class A Common Shares",NASDAQ,GBLI
GBR,"New Concept Energy, Inc Common Stock",A,GBR
GBTG,"Global Business Travel Group, Inc. Class A Common Stock",N,GBTG
GBX,"Greenbrier Companies, Inc. (The) Common Stock",N,GBX
GCBC,"Greene County Bancorp, Inc. - Common Stock",NASDAQ,GCBC
GCDT,Green Circle Decarbonize Technology Limited Ordinary Shares,A,GCDT
GCGRU,General Catalyst Global Resilience Merger Corp. - Units,NASDAQ,GCGRU
GCL,GCL Global Holdings Ltd - Ordinary Shares,NASDAQ,GCL
GCLWW,GCL Global Holdings Ltd - Warrants,NASDAQ,GCLWW
GCMG,GCM Grosvenor Inc. - Class A Common Stock,NASDAQ,GCMG
GCO,Genesco Inc. Common Stock,N,GCO
GCT,GigaCloud Technology Inc - Class A Ordinary Shares,NASDAQ,GCT
GCTK,"GlucoTrack, Inc. - Common Stock",NASDAQ,GCTK
GCTS,"GCT Semiconductor Holding, Inc. Common Stock",N,GCTS
GCTS.W,"GCT Semiconductor Holding, Inc. Warrants, each whole warrant exercisable for one share of Common Stock at an exercise price of $11.50",N,GCTS-W
GCV,"Gabelli Convertible and Income Securities Fund, Inc. (The) Common Stock",N,GCV
GD,General Dynamics Corporation Common Stock,N,GD
GDC,GD Culture Group Limited - Common Stock,NASDAQ,GDC
GDDY,GoDaddy Inc. Class A Common Stock,N,GDDY
GDEV,GDEV Inc. - Ordinary Shares,NASDAQ,GDEV
GDEVW,GDEV Inc. - Warrant,NASDAQ,GDEVW
GDHG,Golden Heaven Group Holdings Ltd.  - Class A Ordinary Shares,NASDAQ,GDHG
GDL,"GDL Fund, The Common Shares of Beneficial Interest",N,GDL
GDO,Western Asset Global Corporate Opportunity Fund Inc. Common Stock,N,GDO
GDOT,"Green Dot Corporation Class A Common Stock, $0.001 par value",N,GDOT
GDRX,"GoodRx Holdings, Inc. - Class A Common Stock",NASDAQ,GDRX
GDS,GDS Holdings Limited - American Depositary Shares,NASDAQ,GDS
GDTC,CytoMed Therapeutics Limited - Ordinary Shares,NASDAQ,GDTC
GDV,Gabelli Dividend & Income Trust Common Shares of Beneficial Interest,N,GDV
GDYN,"Grid Dynamics Holdings, Inc. - Class A Common Stock",NASDAQ,GDYN
GE,GE Aerospace Common Stock,N,GE
GECC,Great Elm Capital Corp. - Closed End Fund,NASDAQ,GECC
GECCG,Great Elm Capital Corp. - 7.75% Notes Due 2030,NASDAQ,GECCG
GECCH,Great Elm Capital Corp. - 8.125% Notes Due 2029,NASDAQ,GECCH
GECCI,Great Elm Capital Corp. - 8.50% NOTES DUE 2029,NASDAQ,GECCI
GECCO,Great Elm Capital Corp. - 5.875% Notes due 2026,NASDAQ,GECCO
GEF,Greif Inc. Class A Common Stock,N,GEF
GEF.B,"Greif, Inc. Corporation Class B Common Stock",N,GEF-B
GEG,"Great Elm Group, Inc.  - Common Stock",NASDAQ,GEG
GEGGL,"Great Elm Group, Inc.  - 7.25% Notes due 2027",NASDAQ,GEGGL
GEHC,GE HealthCare Technologies Inc. - Common Stock,NASDAQ,GEHC
GEL,"Genesis Energy, L.P. Common Units",N,GEL
GELS,Gelteq Limited - Ordinary Shares,NASDAQ,GELS
GEMI,"Gemini Space Station, Inc. - Class A Common Stock",NASDAQ,GEMI
GEN,Gen Digital Inc. - Common Stock,NASDAQ,GEN
GENB,"Generate Biomedicines, Inc. - Common Stock",NASDAQ,GENB
GENC,"Gencor Industries, Inc. Common Stock",A,GENC
GENI,Genius Sports Limited Ordinary Shares,N,GENI
GENK,"GEN Restaurant Group, Inc. - Class A Common Stock",NASDAQ,GENK
GENVR,Gen Digital Inc. - Contingent Value Rights,NASDAQ,GENVR
GEO,Geo Group Inc (The) REIT,N,GEO
GEOS,Geospace Technologies Corporation - Common Stock,NASDAQ,GEOS
GERN,Geron Corporation - Common Stock,NASDAQ,GERN
GETY,"Getty Images Holdings, Inc. Class A Common Stock",N,GETY
GEV,GE Vernova Inc. Common Stock,N,GEV
GEVO,"Gevo, Inc. - Common Stock",NASDAQ,GEVO
GF,"New Germany Fund, Inc. (The) Common Stock",N,GF
GFAI,"Guardforce AI Co., Limited - Ordinary Shares",NASDAQ,GFAI
GFAIW,"Guardforce AI Co., Limited - Warrant",NASDAQ,GFAIW
GFF,Griffon Corporation Common Stock,N,GFF
GFI,Gold Fields Limited American Depositary Shares,N,GFI
GFL,"GFL Environmental Inc. Subordinate voting shares, no par value",N,GFL
GFR,Greenfire Resources Ltd. Common Shares,N,GFR
GFS,GlobalFoundries Inc. - Ordinary Share,NASDAQ,GFS
GGAL,"Grupo Financiero Galicia S.A. - American Depositary Shares, Class B Shares underlying",NASDAQ,GGAL
GGB,Gerdau S.A. Common Stock,N,GGB
GGG,Graco Inc. Common Stock,N,GGG
GGN,"GAMCO Global Gold, Natural Resources & Income Trust",A,GGN
GGR,Gogoro Inc. - Ordinary Shares,NASDAQ,GGR
GGROW,Gogoro Inc. - Warrant,NASDAQ,GGROW
GGRP,"The Glimpse Group, Inc. - Common Stock",NASDAQ,GGRP
GGT,"Gabelli Multi-Media Trust, Inc. (The) Common Stock",N,GGT
GGZ,Gabelli Global Small and Mid Cap Value Trust (The) Common Shares of Beneficial Interest,N,GGZ
GH,"Guardant Health, Inc. - Common Stock",NASDAQ,GH
GHC,Graham Holdings Company Common Stock,N,GHC
GHG,"GreenTree Hospitality Group Ltd. American depositary shares, each representing one Class A ordinary share",N,GHG
GHI,Greystone Housing Impact Investors LP Beneficial Unit Certificates representing assignments of limited partnership interests,N,GHI
GHM,Graham Corporation Common Stock,N,GHM
GHRS,GH Research PLC - Ordinary Shares,NASDAQ,GHRS
GHY,"PGIM Global High Yield Fund, Inc.",N,GHY
GIB,CGI Inc. Common Stock,N,GIB
GIBO,GIBO Holdings Limited - Class A Ordinary Shares,NASDAQ,GIBO
GIBOW,GIBO Holdings Limited - Warrants,NASDAQ,GIBOW
GIC,Global Industrial Company Common Stock,N,GIC
GIFT,"Giftify, Inc. - Common Stock",NASDAQ,GIFT
GIG,GigCapital7 Corp. - Class A Ordinary Share,NASDAQ,GIG
GIGGU,GigCapital7 Corp. - Unit,NASDAQ,GIGGU
GIGGW,GigCapital7 Corp. - Warrant,NASDAQ,GIGGW
GIGM,GigaMedia Limited - Ordinary Shares,NASDAQ,GIGM
GIII,"G-III Apparel Group, LTD. - Common Stock",NASDAQ,GIII
GIL,"Gildan Activewear, Inc. Class A Sub. Vot. Common Stock",N,GIL
GILD,"Gilead Sciences, Inc. - Common Stock",NASDAQ,GILD
GILT,Gilat Satellite Networks Ltd. - Ordinary Shares,NASDAQ,GILT
GIPR,Generation Income Properties Inc. - Common stock,NASDAQ,GIPR
GIPRW,Generation Income Properties Inc. - Warrant,NASDAQ,GIPRW
GIS,"General Mills, Inc. Common Stock",N,GIS
GITS,"Global Interactive Technologies, Inc. Common Stock - Common Stock",NASDAQ,GITS
GIW,GigCapital8 Corp. - Class A Ordinary Shares,NASDAQ,GIW
GIWWR,GigCapital8 Corp. - Rights,NASDAQ,GIWWR
GIWWU,GigCapital8 Corp. - Units,NASDAQ,GIWWU
GIX,GigCapital9 Corp. - Class A Ordinary Share,NASDAQ,GIX
GIXXR,GigCapital9 Corp. - Rights,NASDAQ,GIXXR
GIXXU,GigCapital9 Corp. - Units,NASDAQ,GIXXU
GJH,Synthetic Fixed-Income Securities Inc 6.375% (STRATS) Cl A-1,N,GJH
GJO,"Synthetic Fixed-Income Securities, Inc. on behalf of STRATS(SM) Trust for Wal-Mart Stores, Inc. Securities, Series 2004-5",N,GJO
GJP,"Synthetic Fixed-Income Securities, Inc. on behalf of STRATS (SM) Trust for Dominion Resources, Inc. Securities, Series 2005-6, Floating Rate Structured Repackaged Asset-Backed Trust Securities (STRATS) Certificates",N,GJP
GJR,"Synthetic Fixed-Income Securities, Inc. STRATS Trust for Procter&Gamble Securities, Series 2006-1",N,GJR
GJS,"Goldman Sachs Group Securities STRATS Trust for Goldman Sachs Group Securities, Series 2006-2",N,GJS
GJT,"Synthetic Fixed-Income Securities, Inc. Floating Rate Structured Repackaged Asset-Backed Trust Securities Certificates, Series 2006-3",N,GJT
GKOS,Glaukos Corporation Common Stock,N,GKOS
GL,Globe Life Inc. Common Stock,N,GL
GLAD,Gladstone Capital Corporation - Closed End Fund,NASDAQ,GLAD
GLBE,Global-E Online Ltd. - ordinary shares,NASDAQ,GLBE
GLBS,Globus Maritime Limited - Common Stock,NASDAQ,GLBS
GLDG,GoldMining Inc. Common Shares,A,GLDG
GLE,Global Engine Group Holding Limited - Class A Ordinary Shares,NASDAQ,GLE
GLED,GalaxyEdge Acquisition Corporation Ordinary Shares,N,GLED
GLED.R,GalaxyEdge Acquisition Corporation Rights to receive one-fourth (1/4) of one ordinary share,N,GLED-R
GLED.U,"GalaxyEdge Acquisition Corporation Units, each consisting of one Ordinary Share and one Right entitling the holder to receive 1/4th of one ordinary share",N,GLED-U
GLIBA,"GCI Liberty, Inc. - Series A GCI Group Common Stock",NASDAQ,GLIBA
GLIBK,"GCI Liberty, Inc. - Series C GCI Group Common Stock",NASDAQ,GLIBK
GLMD,Galmed Pharmaceuticals Ltd. - Ordinary Shares,NASDAQ,GLMD
GLND,Greenland Energy Company - Common Stock,NASDAQ,GLND
GLNDW,Greenland Energy Company - Warrant,NASDAQ,GLNDW
GLNG,Golar LNG Limited - Common Shares,NASDAQ,GLNG
GLO,Clough Global Opportunities Fund Common Stock,A,GLO
GLOB,Globant S.A. Common Shares,N,GLOB
GLOO,"Gloo Holdings, Inc. - Common Stock",NASDAQ,GLOO
GLP,Global Partners LP Common Units representing Limited Partner Interests,N,GLP
GLPG,Galapagos NV - American Depositary Shares,NASDAQ,GLPG
GLPI,"Gaming and Leisure Properties, Inc. - Common Stock",NASDAQ,GLPI
GLQ,Clough Global Equity Fund Clough Global Equity Fund Common Shares of Beneficial Interest,A,GLQ
GLRE,"Greenlight Reinsurance, Ltd. - Class A Ordinary Shares",NASDAQ,GLRE
GLSI,"Greenwich LifeSciences, Inc. - Common stock",NASDAQ,GLSI
GLU,Gabelli Global Utility Common Shares of Beneficial Ownership,A,GLU
GLUE,"Monte Rosa Therapeutics, Inc. - Common Stock",NASDAQ,GLUE
GLV,Clough Global Dividend and Income Fund Common Shares of beneficial interest,A,GLV
GLW,Corning Incorporated Common Stock,N,GLW
GLXG,Galaxy Payroll Group Limited - Class A Ordinary Shares,NASDAQ,GLXG
GLXY,Galaxy Digital Inc. - Class A common stock,NASDAQ,GLXY
GM,General Motors Company Common Stock,N,GM
GMAB,Genmab A/S - American Depositary Shares,NASDAQ,GMAB
GME,GameStop Corporation Common Stock,N,GME
GME.W,GameStop Corporation Warrants to Purchase Common Stock,N,GME-W
GMED,"Globus Medical, Inc. Class A Common Stock",N,GMED
GMEX,GMEX ROBOTICS CORPORATION - Class A Ordinary Shares,NASDAQ,GMEX
GMHS,Gamehaus Holdings Inc. - Class A Ordinary Shares,NASDAQ,GMHS
GMM,Global Mofy AI Limited  - Class A Ordinary Shares,NASDAQ,GMM
GMTL,Guardian Metal Resources PLC ADS,A,GMTL
GNE,Genie Energy Ltd. Class B Common Stock Stock,N,GNE
GNK,Genco Shipping & Trading Limited Ordinary Shares New (Marshall Islands),N,GNK
GNL,"Global Net Lease, Inc. Common Stock",N,GNL
GNLN,"Greenlane Holdings, Inc. - Class A Common Stock",NASDAQ,GNLN
GNLX,Genelux Corporation - Common Stock,NASDAQ,GNLX
GNPX,"Genprex, Inc. - Common Stock",NASDAQ,GNPX
GNRC,Generac Holdlings Inc. Common Stock,N,GNRC
GNS,Genius Group Limited Ordinary Shares,A,GNS
GNSS,Genasys Inc. - Common Stock,NASDAQ,GNSS
GNT,"GAMCO Natural Resources, Gold & Income Trust",N,GNT
GNTA,Genenta Science S.p.A. - American Depositary Shares,NASDAQ,GNTA
GNTX,Gentex Corporation - Common Stock,NASDAQ,GNTX
GNW,Genworth Financial Inc Common Stock,N,GNW
GO,Grocery Outlet Holding Corp. - Common Stock,NASDAQ,GO
GOAI,Eva Live Inc. - Common Stock,NASDAQ,GOAI
GOCO,"GoHealth, Inc. - Class A Common Stock",NASDAQ,GOCO
GOF,Guggenheim Strategic Opportunities Fund Common Shares of Beneficial Interest,N,GOF
GOGO,Gogo Inc. - Common Stock,NASDAQ,GOGO
GOLD,"Gold.com, Inc. Common Stock",N,GOLD
GOLF,Acushnet Holdings Corp. Common Stock,N,GOLF
GOOD,Gladstone Commercial Corporation - Real Estate Investment Trust,NASDAQ,GOOD
GOODN,Gladstone Commercial Corporation - 6.625% Series E Cumulative Redeemable Preferred Stock,NASDAQ,GOODN
GOODO,"Gladstone Commercial Corporation - 6.00% Series G Cumulative Redeemable Preferred Stock, par value $0.001 per share",NASDAQ,GOODO
GOOG,Alphabet Inc. - Class C Capital Stock,NASDAQ,GOOG
GOOGL,Alphabet Inc. - Class A Common Stock,NASDAQ,GOOGL
GOOS,Canada Goose Holdings Inc. Subordinate Voting Shares,N,GOOS
GORO,Gold Resource Corporation Common Stock,A,GORO
GOSS,"Gossamer Bio, Inc. - Common Stock",NASDAQ,GOSS
GOTU,Gaotu Techedu Inc. American Depositary Shares,N,GOTU
GOVX,"GeoVax Labs, Inc. - Common Stock",NASDAQ,GOVX
GP,GreenPower Motor Company Inc. - Common Shares,NASDAQ,GP
GPAC,General Purpose Acquisition Corp. - Class A Ordinary Shares,NASDAQ,GPAC
GPACU,General Purpose Acquisition Corp. - Units,NASDAQ,GPACU
GPACW,General Purpose Acquisition Corp. - Warrant,NASDAQ,GPACW
GPAT,GP-Act III Acquisition Corp. - Class A Ordinary Share,NASDAQ,GPAT
GPATU,GP-Act III Acquisition Corp. - Units,NASDAQ,GPATU
GPATW,GP-Act III Acquisition Corp. - Warrants,NASDAQ,GPATW
GPC,Genuine Parts Company Common Stock,N,GPC
GPCR,Structure Therapeutics Inc. - American Depositary Shares,NASDAQ,GPCR
GPGI,"GPGI, Inc. Class A Common Stock",N,GPGI
GPI,"Group 1 Automotive, Inc. Common Stock",N,GPI
GPJA,"Georgia Power Company Series 2017A 5.00% Junior Subordinated Notes due October 1, 2077",N,GPJA
GPK,Graphic Packaging Holding Company,N,GPK
GPMT,Granite Point Mortgage Trust Inc. Common Stock,N,GPMT
GPN,Global Payments Inc. Common Stock,N,GPN
GPOR,Gulfport Energy Corporation Common Shares,N,GPOR
GPRE,"Green Plains, Inc. - Common Stock",NASDAQ,GPRE
GPRK,Geopark Ltd Common Shares,N,GPRK
GPRO,"GoPro, Inc. - Class A Common Stock",NASDAQ,GPRO
GPUS,"Hyperscale Data, Inc. Common Stock",A,GPUS
GRAB,Grab Holdings Limited - Class A Ordinary Shares,NASDAQ,GRAB
GRABW,Grab Holdings Limited - Warrant,NASDAQ,GRABW
GRAF,Graf Global Corp. Class A ordinary shares,A,GRAF
GRAF.U,"Graf Global Corp. Units, each consisting of one Class A ordinary share and one-half of one redeemable warrant",A,GRAF-U
GRAF.W,"Graf Global Corp. Warrants, each whole warrant exercisable for one Class A ordinary share at an exercise price of $11.50 per share",A,GRAF-W
GRAL,"GRAIL, Inc. - Common Stock",NASDAQ,GRAL
GRAN,Grande Group Limited - Class A Ordinary Shares,NASDAQ,GRAN
GRBK,"Green Brick Partners, Inc. Common Stock",N,GRBK
GRC,Gorman-Rupp Company (The) Common Stock,N,GRC
GRCE,"Grace Therapeutics, Inc. - Common Stock",NASDAQ,GRCE
GRDN,"Guardian Pharmacy Services, Inc. Class A Common Stock",N,GRDN
GRDX,GridAI Technologies Corp.  - Common Stock,NASDAQ,GRDX
GREE,Greenidge Generation Holdings Inc. - Class A Common Stock,NASDAQ,GREE
GREEL,Greenidge Generation Holdings Inc. - 8.50% Senior Notes due 2026,NASDAQ,GREEL
GRF,"Eagle Capital Growth Fund, Inc. Common Stock",A,GRF
GRFS,"Grifols, S.A. - American Depositary Shares",NASDAQ,GRFS
GRI,"GRI Bio, Inc. - Common Stock",NASDAQ,GRI
GRML,Greenland Mines Ltd - Common Stock,NASDAQ,GRML
GRMLW,Greenland Mines Ltd - Warrants,NASDAQ,GRMLW
GRMN,Garmin Ltd. Common Stock (Switzerland),N,GRMN
GRN,iPath Series B Carbon Exchange-Traded Notes,P,GRN
GRND,Grindr Inc. Common Stock,N,GRND
GRNQ,Greenpro Capital Corp. - Common Stock,NASDAQ,GRNQ
GRNT,"Granite Ridge Resources, Inc. Common Stock",N,GRNT
GRO,Brazil Potash Corp. Common Shares,A,GRO
GROV,"Grove Collaborative Holdings, Inc. Class A Common Stock",N,GROV
GROW,"U.S. Global Investors, Inc. - Class A Common Stock",NASDAQ,GROW
GROY,Gold Royalty Corp. Common Shares,A,GROY
GROY.W,Gold Royalty Corp. Warrants,A,GROY-W
GRPN,"Groupon, Inc. - Common Stock",NASDAQ,GRPN
GRRR,Gorilla Technology Group Inc. - Ordinary shares,NASDAQ,GRRR
GRRRW,Gorilla Technology Group Inc. - Warrant,NASDAQ,GRRRW
GRVY,"GRAVITY Co., Ltd. - American depositary shares, each representing one common share.",NASDAQ,GRVY
GRWG,GrowGeneration Corp. - Common Stock,NASDAQ,GRWG
GRX,The Gabelli Healthcare & Wellness Trust Common Shares of Beneficial Interest,N,GRX
GS,"Goldman Sachs Group, Inc. (The) Common Stock",N,GS
GSAT,"Globalstar, Inc. - Common Stock",NASDAQ,GSAT
GSBC,"Great Southern Bancorp, Inc. - Common Stock",NASDAQ,GSBC
GSBD,"Goldman Sachs BDC, Inc. Common Stock",N,GSBD
GSHD,"Goosehead Insurance, Inc. - Class A Common Stock",NASDAQ,GSHD
GSHR,Gesher Acquisition Corp. II - Class A Ordinary Shares,NASDAQ,GSHR
GSHRU,Gesher Acquisition Corp. II - Units,NASDAQ,GSHRU
GSHRW,Gesher Acquisition Corp. II - Warrants,NASDAQ,GSHRW
GSIT,"GSI Technology, Inc. - Common Stock",NASDAQ,GSIT
GSIW,Garden Stage Limited - Class A Ordinary Shares,NASDAQ,GSIW
GSK,GSK plc American Depositary Shares (Each representing two Ordinary Shares),N,GSK
GSL,Global Ship Lease Inc New Class A Common Shares,N,GSL
GSM,Ferroglobe PLC - Ordinary Shares,NASDAQ,GSM
GSRF,GSR IV Acquisition Corp. - Class A ordinary share,NASDAQ,GSRF
GSRFR,GSR IV Acquisition Corp. - Rights,NASDAQ,GSRFR
GSRFU,GSR IV Acquisition Corp. - Units,NASDAQ,GSRFU
GSUN,Golden Sun Technology Group Limited - Class A Ordinary Shares,NASDAQ,GSUN
GT,The Goodyear Tire & Rubber Company - Common Stock,NASDAQ,GT
GTBP,"GT Biopharma, Inc. - Common Stock",NASDAQ,GTBP
GTE,Gran Tierra Energy Inc. Common Stock,A,GTE
GTEC,Greenland Technologies Holding Corporation - Class A Ordinary Shares,NASDAQ,GTEC
GTEN,"Gores Holdings X, Inc. - Class A ordinary shares",NASDAQ,GTEN
GTENU,"Gores Holdings X, Inc. - Units",NASDAQ,GTENU
GTENW,"Gores Holdings X, Inc. - Warrants",NASDAQ,GTENW
GTERA,Globa Terra Acquisition Corporation - Class A Ordinary Shares,NASDAQ,GTERA
GTERR,Globa Terra Acquisition Corporation - Rights,NASDAQ,GTERR
GTERU,Globa Terra Acquisition Corporation - Units,NASDAQ,GTERU
GTERW,Globa Terra Acquisition Corporation - Warrants,NASDAQ,GTERW
GTES,Gates Industrial Corporation plc Ordinary Shares,N,GTES
GTIM,Good Times Restaurants Inc. - Common Stock,NASDAQ,GTIM
GTLB,GitLab Inc. - Class A Common Stock,NASDAQ,GTLB
GTLS,"Chart Industries, Inc. Common Stock",N,GTLS
GTM,ZoomInfo Technologies Inc. - Common Stock,NASDAQ,GTM
GTN,"Gray Media, Inc. Common Stock",N,GTN
GTN.A,"Gray Media, Inc. Class A Common Stock",N,GTN-A
GTX,Garrett Motion Inc. - Common Stock,NASDAQ,GTX
GTY,Getty Realty Corporation Common Stock,N,GTY
GUG,Guggenheim Active Allocation Fund Common Shares of Beneficial Interest,N,GUG
GURE,"Gulf Resources, Inc. - Common Stock",NASDAQ,GURE
GUT,Gabelli Utility Trust (The) Common Stock,N,GUT
GUTS,"Fractyl Health, Inc. - Common Stock",NASDAQ,GUTS
GV,Visionary Holdings Inc. - Common Shares,NASDAQ,GV
GVA,Granite Construction Incorporated Common Stock,N,GVA
GVH,Globavend Holdings Limited - Ord Shares,NASDAQ,GVH
GWAV,"Greenwave Technology Solutions, Inc. - Common Stock",NASDAQ,GWAV
GWH,"ESS Tech, Inc. Common Stock",N,GWH
GWH.W,"ESS Tech, Inc. Warrant",N,GWH-W
GWRE,"Guidewire Software, Inc. Common Stock",N,GWRE
GWRS,"Global Water Resources, Inc. - common stock",NASDAQ,GWRS
GWW,"W.W. Grainger, Inc. Common Stock",N,GWW
GXAI,Gaxos.ai Inc. - Common Stock,NASDAQ,GXAI
GXO,"GXO Logistics, Inc. Common Stock ",N,GXO
GYRE,"Gyre Therapeutics, Inc. - Common Stock",NASDAQ,GYRE
GYRO,"Gyrodyne , LLC - Common Stock",NASDAQ,GYRO
H,Hyatt Hotels Corporation Class A Common Stock,N,H
HACQ,HCM IV Acquisition Corp. - Class A Ordinary Share,NASDAQ,HACQ
HACQU,HCM IV Acquisition Corp. - Unit,NASDAQ,HACQU
HACQW,HCM IV Acquisition Corp. - Warrants,NASDAQ,HACQW
HAE,Haemonetics Corporation Common Stock,N,HAE
HAFC,Hanmi Financial Corporation - Common Stock,NASDAQ,HAFC
HAFN,Hafnia Limited Common Shares,N,HAFN
HAIN,"The Hain Celestial Group, Inc. - Common Stock",NASDAQ,HAIN
HAL,Halliburton Company Common Stock,N,HAL
HALO,"Halozyme Therapeutics, Inc. - Common Stock",NASDAQ,HALO
HAO,Haoxi Health Technology Limited - Class A Ord Share,NASDAQ,HAO
HAS,"Hasbro, Inc. - Common Stock",NASDAQ,HAS
HASI,"HA Sustainable Infrastructure Capital, Inc. Common Stock",N,HASI
HAVA,Harvard Ave Acquisition Corporation - Class A Ordinary Share,NASDAQ,HAVA
HAVAR,Harvard Ave Acquisition Corporation - Rights that convert on a 1/10th of 1 basis to Class A ordinary Shares,NASDAQ,HAVAR
HAVAU,Harvard Ave Acquisition Corporation - Unit,NASDAQ,HAVAU
HAYW,"Hayward Holdings, Inc. Common Stock",N,HAYW
HBAN,Huntington Bancshares Incorporated - Common Stock,NASDAQ,HBAN
HBANL,"Huntington Bancshares Incorporated - Depositary Shares, Each Representing a 1/40th Interest in a Share of 6.875% Series J Non-Cumulative Perpetual Preferred Stock",NASDAQ,HBANL
HBANM,Huntington Bancshares Incorporated - Depositary Shares each representing a 1/1000th interest in a share of Huntington Series I Preferred Stock,NASDAQ,HBANM
HBANP,Huntington Bancshares Incorporated - Depositary Shares 4.500% Series H Non-Cumulative Perpetual Preferred Stock,NASDAQ,HBANP
HBANZ,"Huntington Bancshares Incorporated - Depositary Shares, Each Representing a 1/1000th Interest in a Share of 5.50% Series L Non-Cumulative Perpetual Preferred Stock",NASDAQ,HBANZ
HBB,Hamilton Beach Brands Holding Company Class A Common Stock ,N,HBB
HBCP,"Home Bancorp, Inc. - Common Stock",NASDAQ,HBCP
HBIO,"Harvard Bioscience, Inc. - Common Stock",NASDAQ,HBIO
HBM,Hudbay Minerals Inc. Ordinary Shares (Canada),N,HBM
HBNB,Hotel101 Global Holdings Corp. - Class A Ordinary Shares,NASDAQ,HBNB
HBNC,"Horizon Bancorp, Inc. - Common Stock",NASDAQ,HBNC
HBT,"HBT Financial, Inc. - Common Stock",NASDAQ,HBT
HCA,"HCA Healthcare, Inc. Common Stock",N,HCA
HCAC,Hall Chadwick Acquisition Corp. - Class A Ordinary Shares,NASDAQ,HCAC
HCACR,Hall Chadwick Acquisition Corp. - Rights,NASDAQ,HCACR
HCACU,Hall Chadwick Acquisition Corp. - Unit,NASDAQ,HCACU
HCAI,"Huachen AI Parking Management Technology Holding Co., Ltd. - Class A Ordinary Shares",NASDAQ,HCAI
HCAT,"Health Catalyst, Inc - Common stock",NASDAQ,HCAT
HCC,"Warrior Met Coal, Inc. Common Stock",N,HCC
HCHL,Happy City Holdings Limited - Class A Ordinary shares,NASDAQ,HCHL
HCI,"HCI Group, Inc. Common Stock",N,HCI
HCIC,Hennessy Capital Investment Corp. VIII - Class A Ordinary Shares,NASDAQ,HCIC
HCICR,Hennessy Capital Investment Corp. VIII - Share Rights,NASDAQ,HCICR
HCICU,Hennessy Capital Investment Corp. VIII - Units,NASDAQ,HCICU
HCKT,"The Hackett Group, Inc. - Common Stock",NASDAQ,HCKT
HCM,HUTCHMED (China) Limited - American Depositary Shares,NASDAQ,HCM
HCMA,HCM III Acquisition Corp. - Class A Ordinary Share,NASDAQ,HCMA
HCMAU,HCM III Acquisition Corp. - Units,NASDAQ,HCMAU
HCMAW,HCM III Acquisition Corp. - Warrants,NASDAQ,HCMAW
HCSG,"Healthcare Services Group, Inc. - Common Stock",NASDAQ,HCSG
HCTI,"Healthcare Triangle, Inc. - Common Stock",NASDAQ,HCTI
HCWB,HCW Biologics Inc. - Common Stock,NASDAQ,HCWB
HCWC,Healthy Choice Wellness Corp. Class A Common Stock,A,HCWC
HCXY,"Hercules Capital, Inc. 6.25% Notes due 2033",N,HCXY
HD,"Home Depot, Inc. (The) Common Stock",N,HD
HDB,HDFC Bank Limited Common Stock,N,HDB
HDL,SUPER HI INTERNATIONAL HOLDING LTD. - American Depositary Shares,NASDAQ,HDL
HDSN,"Hudson Technologies, Inc. - Common Stock",NASDAQ,HDSN
HE,"Hawaiian Electric Industries, Inc. Common Stock",N,HE
HEI,Heico Corporation Common Stock,N,HEI
HEI.A,Heico Corporation Common Stock,N,HEI-A
HELE,Helen of Troy Limited - Common Stock,NASDAQ,HELE
HELP,Cybin Inc. - Common Stock,NASDAQ,HELP
HEPS,D-Market Electronic Services & Trading - American Depositary Shares,NASDAQ,HEPS
HEQ,John Hancock Diversified Income Fund Common Shares of Beneficial Interest,N,HEQ
HERE,Here Group Limited - American Depositary Shares,NASDAQ,HERE
HERZ,"Herzfeld Credit Income Fund, Inc.  - Closed End Fund",NASDAQ,HERZ
HESM,Hess Midstream LP Class A Representing Limited Partner Interests,N,HESM
HFBL,"Home Federal Bancorp, Inc. of Louisiana - Common Stock",NASDAQ,HFBL
HFFG,HF Foods Group Inc. - Common Stock,NASDAQ,HFFG
HFRO,Highland Opportunities and Income Fund Common Shares of Beneficial Interest,N,HFRO
HFWA,Heritage Financial Corporation - Common Stock,NASDAQ,HFWA
HG,"Hamilton Insurance Group, Ltd. Class B Common Shares",N,HG
HGBL,Heritage Global Inc. - Common Stock,NASDAQ,HGBL
HGLB,Highland Global Allocation Fund Common Stock,N,HGLB
HGTY,"Hagerty, Inc. Class A Common Stock",N,HGTY
HGV,Hilton Grand Vacations Inc. Common Stock ,N,HGV
HHH,Howard Hughes Holdings Inc. Common Stock,N,HHH
HHS,"Harte Hanks, Inc. - Common Stock",NASDAQ,HHS
HIFS,Hingham Institution for Savings - Common Stock,NASDAQ,HIFS
HIG,"The Hartford Insurance Group, Inc. Common Stock",N,HIG
HIHO,Highway Holdings Limited - Common Stock,NASDAQ,HIHO
HII,"Huntington Ingalls Industries, Inc. Common Stock",N,HII
HIMS,"Hims & Hers Health, Inc. Class A Common Stock",N,HIMS
HIMX,"Himax Technologies, Inc. - American depositary shares, each of which represents two ordinary shares.",NASDAQ,HIMX
HIND,"Vyome Holdings, Inc. - Common Stock",NASDAQ,HIND
HIO,"Western Asset High Income Opportunity Fund, Inc. Common Stock",N,HIO
HIPO,Hippo Holdings Inc. Common Stock,N,HIPO
HIT,"Health In Tech, Inc. - Class A Common Stock",NASDAQ,HIT
HITI,High Tide Inc. - Common Shares,NASDAQ,HITI
HIVE,HIVE Digital Technologies Ltd - Common Shares,NASDAQ,HIVE
HIW,"Highwoods Properties, Inc. Common Stock",N,HIW
HIX,Western Asset High Income Fund II Inc. Common Stock,N,HIX
HKD,AMTD Digital Inc. American Depositary Shares (every five of which represent two Class A Ordinary Shares),N,HKD
HKIT,Hitek Global Inc. - Class A Ordinary Share,NASDAQ,HKIT
HKPD,"Cellyan Biotechnology Co., Ltd  - Class A Ordinary Shares",NASDAQ,HKPD
HL,Hecla Mining Company Common Stock,N,HL
HLF,Herbalife Ltd. Common Shares,N,HLF
HLI,"Houlihan Lokey, Inc. Class A Common Stock",N,HLI
HLIO,"Helios Technologies, Inc. Common Stock",N,HLIO
HLIT,Harmonic Inc. - Common Stock,NASDAQ,HLIT
HLLY,Holley Inc. Common Stock,N,HLLY
HLLY.W,Holley Inc. Warrants,N,HLLY-W
HLMN,Hillman Solutions Corp. - Common Stock,NASDAQ,HLMN
HLN,Haleon plc American Depositary Shares (Each representing two Ordinary Shares),N,HLN
HLNE,Hamilton Lane Incorporated - Class A Common Stock,NASDAQ,HLNE
HLP,Hongli Group Inc. - Ordinary Shares,NASDAQ,HLP
HLT,Hilton Worldwide Holdings Inc. Common Stock ,N,HLT
HLX,"Helix Energy Solutions Group, Inc. Common Stock",N,HLX
HLXC,Helix Acquisition Corp. III - Class A Ordinary Shares,NASDAQ,HLXC
HMC,"Honda Motor Company, Ltd. Common Stock",N,HMC
HMH,HMH Holding Inc. - Common Stock,NASDAQ,HMH
HMN,Horace Mann Educators Corporation Common Stock,N,HMN
HMR,Heidmar Maritime Holdings Corp. - Common Stock,NASDAQ,HMR
HMY,Harmony Gold Mining Company Limited,N,HMY
HNGE,"Hinge Health, Inc. Class A Common Stock",N,HNGE
HNI,HNI Corporation Common Stock,N,HNI
HNNA,"Hennessy Advisors, Inc. - Common Stock",NASDAQ,HNNA
HNNAZ,"Hennessy Advisors, Inc. - 4.875% Notes due 2026",NASDAQ,HNNAZ
HNRG,Hallador Energy Company - Common Stock,NASDAQ,HNRG
HNST,"The Honest Company, Inc. - Common Stock",NASDAQ,HNST
HNVR,"Hanover Bancorp, Inc. - Common Stock",NASDAQ,HNVR
HOFT,Hooker Furnishings Corporation - Common Stock,NASDAQ,HOFT
HOG,"Harley-Davidson, Inc. Common Stock",N,HOG
HOLO,MicroCloud Hologram Inc. - Ordinary Shares,NASDAQ,HOLO
HOLOW,MicroCloud Hologram Inc. - Warrant,NASDAQ,HOLOW
HOMB,"Home BancShares, Inc. Common Stock",N,HOMB
HON,Honeywell International Inc. - Common Stock,NASDAQ,HON
HOOD,"Robinhood Markets, Inc. - Class A Common Stock",NASDAQ,HOOD
HOPE,"Hope Bancorp, Inc. - Common Stock",NASDAQ,HOPE
HOTH,"Hoth Therapeutics, Inc. - Common Stock",NASDAQ,HOTH
HOUR,"Hour Loop, Inc. - common stock",NASDAQ,HOUR
HOV,"Hovnanian Enterprises, Inc. Class A Common Stock",N,HOV
HOVNP,Hovnanian Enterprises Inc - Depositary Share representing 1/1000th of 7.625% Series A Preferred Stock,NASDAQ,HOVNP
HOVR,New Horizon Aircraft Ltd. - Class A Ordinary Shares,NASDAQ,HOVR
HOVRW,New Horizon Aircraft Ltd. - Warrant,NASDAQ,HOVRW
HOWL,"Werewolf Therapeutics, Inc. - Common Stock",NASDAQ,HOWL
HP,"Helmerich & Payne, Inc. Common Stock",N,HP
HPAI,Helport AI Limited - Ordinary Shares,NASDAQ,HPAI
HPAIW,Helport AI Limited - Warrants,NASDAQ,HPAIW
HPE,Hewlett Packard Enterprise Company Common Stock,N,HPE
HPF,John Hancock Pfd Income Fund II Pfd Income Fund II,N,HPF
HPI,John Hancock Preferred Income Fund Common Shares of Beneficial Interest,N,HPI
HPK,"HighPeak Energy, Inc. - Common Stock",NASDAQ,HPK
HPP,"Hudson Pacific Properties, Inc. Common Stock",N,HPP
HPQ,HP Inc. Common Stock,N,HPQ
HPS,John Hancock Preferred Income Fund III Preferred Income Fund III,N,HPS
HQ,Horizon Quantum Holdings Ltd. - Class A Ordinary Shares,NASDAQ,HQ
HQH,abrdn Healthcare Investors Shares of Beneficial Interest,N,HQH
HQI,"HireQuest, Inc. - Common Stock",NASDAQ,HQI
HQL,abrdn Life Sciences Investors Shares of Beneficial Interest,N,HQL
HQWWW,Horizon Quantum Holdings Ltd. - Warrant,NASDAQ,HQWWW
HQY,"HealthEquity, Inc. - Common Stock",NASDAQ,HQY
HR,Healthcare Realty Trust Incorporated Common Stock,N,HR
HRB,"H&R Block, Inc. Common Stock",N,HRB
HRI,Herc Holdings Inc. Common Stock ,N,HRI
HRL,Hormel Foods Corporation Common Stock,N,HRL
HRMY,"Harmony Biosciences Holdings, Inc. - Common Stock",NASDAQ,HRMY
HROW,"Harrow, Inc. - Common Stock",NASDAQ,HROW
HRTG,"Heritage Insurance Holdings, Inc. Common Stock",N,HRTG
HRTX,"Heron Therapeutics, Inc.   - Common Stock",NASDAQ,HRTX
HRZN,Horizon Technology Finance Corporation - Common Stock,NASDAQ,HRZN
HSAI,"Hesai Group - American Depositary Share, each ADS represents one Class B ordinary share",NASDAQ,HSAI
HSBC,"HSBC Holdings, plc. Common Stock",N,HSBC
HSCS,HeartSciences Inc. - Common Stock,NASDAQ,HSCS
HSCSW,HeartSciences Inc. - Warrant,NASDAQ,HSCSW
HSDT,Solana Company - Class A Common Stock,NASDAQ,HSDT
HSHP,Himalaya Shipping Ltd. Common Shares,N,HSHP
HSIC,"Henry Schein, Inc. - Common Stock",NASDAQ,HSIC
HSLV,Highlander Silver Corp. Common Shares,A,HSLV
HSPT,Horizon Space Acquisition II Corp. - Ordinary share,NASDAQ,HSPT
HSPTR,Horizon Space Acquisition II Corp. - Right,NASDAQ,HSPTR
HSPTU,Horizon Space Acquisition II Corp. - Units,NASDAQ,HSPTU
HST,"Host Hotels & Resorts, Inc. - Common Stock",NASDAQ,HST
HSTM,"HealthStream, Inc. - Common Stock",NASDAQ,HSTM
HSY,The Hershey Company Common Stock,N,HSY
HTB,"HomeTrust Bancshares, Inc. Common Stock",N,HTB
HTCO,High-Trend International Group - Class A Ordinary Shares,NASDAQ,HTCO
HTCR,"Heartcore Enterprises, Inc. - Common Stock",NASDAQ,HTCR
HTD,John Hancock Tax Advantaged Dividend Income Fund Common Shares of Beneficial Interest,N,HTD
HTFC,Horizon Technology Finance Corporation 6.25% Notes due 2027,N,HTFC
HTFL,"Heartflow, Inc. - Common Stock",NASDAQ,HTFL
HTGC,"Hercules Capital, Inc. Common Stock",N,HTGC
HTH,Hilltop Holdings Inc.,N,HTH
HTHT,H World Group Limited - American Depositary Shares,NASDAQ,HTHT
HTLD,"Heartland Express, Inc. - Common Stock",NASDAQ,HTLD
HTLM,HomesToLife Ltd - Ordinary Shares,NASDAQ,HTLM
HTO,H2O America  - Common Stock,NASDAQ,HTO
HTOO,Fusion Fuel Green PLC - Ordinary Shares,NASDAQ,HTOO
HTT,"High Templar Tech Limited American depositary shares, each representing one Class A ordinary share",N,HTT
HTZ,"Hertz Global Holdings, Inc - Common Stock",NASDAQ,HTZ
HTZWW,"Hertz Global Holdings, Inc - Warrant",NASDAQ,HTZWW
HUBB,Hubbell Inc Common Stock,N,HUBB
HUBC,Hub Cyber Security Ltd. - Ordinary Shares,NASDAQ,HUBC
HUBCW,Hub Cyber Security Ltd. - Warrant expiring 2/27/28,NASDAQ,HUBCW
HUBCZ,Hub Cyber Security Ltd. - Warrant,NASDAQ,HUBCZ
HUBG,"Hub Group, Inc. - Class A Common Stock",NASDAQ,HUBG
HUBS,"HubSpot, Inc. Common Stock",N,HUBS
HUDI,"Huadi International Group Co., Ltd. - Ordinary Shares",NASDAQ,HUDI
HUHU,HUHUTECH International Group Inc. - Ordinary Shares,NASDAQ,HUHU
HUIZ,Huize Holding Limited - American Depositary Shares,NASDAQ,HUIZ
HUM,Humana Inc. Common Stock,N,HUM
HUMA,"Humacyte, Inc. - Common Stock",NASDAQ,HUMA
HUMAW,"Humacyte, Inc. - Warrant",NASDAQ,HUMAW
HUN,Huntsman Corporation Common Stock,N,HUN
HURA,"TuHURA Biosciences, Inc. - Common Stock",NASDAQ,HURA
HURC,"Hurco Companies, Inc. - Common Stock",NASDAQ,HURC
HURN,Huron Consulting Group Inc. - Common Stock,NASDAQ,HURN
HUT,Hut 8 Corp. - Common Stock,NASDAQ,HUT
HUYA,"HUYA Inc. American depositary shares, each  representing one Class A ordinary share",N,HUYA
HVII,Hennessy Capital Investment Corp. VII - Ordinary Shares,NASDAQ,HVII
HVIIR,Hennessy Capital Investment Corp. VII - Rights,NASDAQ,HVIIR
HVIIU,Hennessy Capital Investment Corp. VII - Unit,NASDAQ,HVIIU
HVMC,Highview Merger Corp. - Class A Ordinary Share,NASDAQ,HVMC
HVMCU,Highview Merger Corp. - Units,NASDAQ,HVMCU
HVMCW,Highview Merger Corp. - Warrants,NASDAQ,HVMCW
HVT,"Haverty Furniture Companies, Inc. Common Stock",N,HVT
HVT.A,"Haverty Furniture Companies, Inc. Common Stock",N,HVT-A
HWBK,"Hawthorn Bancshares, Inc. - Common Stock",NASDAQ,HWBK
HWC,Hancock Whitney Corporation - Common Stock,NASDAQ,HWC
HWCPZ,Hancock Whitney Corporation - 6.25% Subordinated Notes due 2060,NASDAQ,HWCPZ
HWH,HWH International Inc. - Common Stock,NASDAQ,HWH
HWKN,"Hawkins, Inc. - Common Stock",NASDAQ,HWKN
HWM,Howmet Aerospace Inc. Common Stock,N,HWM
HXHX,Haoxin Holdings Limited - Class A Ordinary Shares,NASDAQ,HXHX
HXL,Hexcel Corporation Common Stock,N,HXL
HY,"Hyster-Yale, Inc. Class A common stock",N,HY
HYFM,"Hydrofarm Holdings Group, Inc. - Common Stock",NASDAQ,HYFM
HYFT,MindWalk Holdings Corp. - Common Stock,NASDAQ,HYFT
HYI,Western Asset High Yield Opportunity Fund Inc. Common Stock,N,HYI
HYLN,Hyliion Holdings Corp. Class A Common Stock,A,HYLN
HYMC,Hycroft Mining Holding Corporation - Class A Common Stock,NASDAQ,HYMC
HYNE,"Hoyne Bancorp, Inc. - Common Stock",NASDAQ,HYNE
HYPD,"Hyperion DeFi, Inc. - Common Stock",NASDAQ,HYPD
HYPR,"Hyperfine, Inc.  - Class A Common Stock",NASDAQ,HYPR
HYT,"Blackrock Corporate High Yield Fund, Inc. Common Stock",N,HYT
HZO,"MarineMax, Inc.  (FL) Common Stock",N,HZO
IAC,IAC Inc. - Common Stock,NASDAQ,IAC
IACO,Idea Acquisition Corp. - Class A Ordinary Shares,NASDAQ,IACO
IACOU,Idea Acquisition Corp. - Units,NASDAQ,IACOU
IACOW,Idea Acquisition Corp. - Warrants,NASDAQ,IACOW
IACQU,Irenic Acquisition Corp. - Unit,NASDAQ,IACQU
IAE,Voya Asia Pacific High Dividend Equity Income Fund ING Asia Pacific High Dividend Equity Income Fund Common Shares of Beneficial Interest,N,IAE
IAF,"abrdn Australia Equity Fund, Inc. Common Stock",A,IAF
IAG,Iamgold Corporation Ordinary Shares,N,IAG
IART,Integra LifeSciences Holdings Corporation - Common Stock,NASDAQ,IART
IAUX,i-80 Gold Corp. Common Shares,A,IAUX
IAUX.W,"i-80 Gold Corp. Warrants, each warrant exercisable for one Common Share at an exercise price of $0.70",A,IAUX-W
IBAC,IB Acquisition Corp. - Common Stock,NASDAQ,IBAC
IBACR,IB Acquisition Corp. - Right,NASDAQ,IBACR
IBCP,Independent Bank Corporation - Common Stock,NASDAQ,IBCP
IBEX,IBEX Limited - Common Share,NASDAQ,IBEX
IBG,Innovation Beverage Group Limited - Ordinary Shares,NASDAQ,IBG
IBIO,"iBio, Inc. - Common Stock",NASDAQ,IBIO
IBKR,"Interactive Brokers Group, Inc. - Class A Common Stock",NASDAQ,IBKR
IBM,International Business Machines Corporation Common Stock,N,IBM
IBN,ICICI Bank Limited Common Stock,N,IBN
IBO,"Impact BioMedical, Inc. Common Stock",A,IBO
IBOC,International Bancshares Corporation - Common Stock,NASDAQ,IBOC
IBP,"Installed Building Products, Inc. Common Stock",N,IBP
IBRX,"ImmunityBio, Inc. - Common Stock",NASDAQ,IBRX
IBTA,"Ibotta, Inc. Class A Common Stock",N,IBTA
ICCC,ImmuCell Corporation - Common Stock,NASDAQ,ICCC
ICCM,IceCure Medical Ltd. - Ordinary Shares,NASDAQ,ICCM
ICE,Intercontinental Exchange Inc. Common Stock,N,ICE
ICFI,"ICF International, Inc. - Common Stock",NASDAQ,ICFI
ICG,Intchains Group Limited - American Depositary Shares,NASDAQ,ICG
ICHR,Ichor Holdings - Ordinary Shares,NASDAQ,ICHR
ICL,ICL Group Ltd. Ordinary Shares,N,ICL
ICLR,ICON plc - Ordinary Shares,NASDAQ,ICLR
ICMB,"Investcorp Credit Management BDC, Inc. - Common Stock",NASDAQ,ICMB
ICON,Icon Energy Corp. - Common stock,NASDAQ,ICON
ICU,SeaStar Medical Holding Corporation - Common Stock,NASDAQ,ICU
ICUCW,SeaStar Medical Holding Corporation - Warrant,NASDAQ,ICUCW
ICUI,"ICU Medical, Inc. - Common Stock",NASDAQ,ICUI
IDA,"IDACORP, Inc. Common Stock",N,IDA
IDAI,T Stamp Inc. - Class A Common Stock,NASDAQ,IDAI
IDCC,"InterDigital, Inc. - Common Stock",NASDAQ,IDCC
IDE,"Voya Infrastructure, Industrials and Materials Fund Common Shares of Beneficial Interest",N,IDE
IDN,"Intellicheck, Inc. - Common Stock",NASDAQ,IDN
IDR,"Idaho Strategic Resources, Inc. Common Stock",A,IDR
IDT,IDT Corporation Class B Common Stock,N,IDT
IDXX,"IDEXX Laboratories, Inc. - Common Stock",NASDAQ,IDXX
IDYA,"IDEAYA Biosciences, Inc. - Common Stock",NASDAQ,IDYA
IE,Ivanhoe Electric Inc. Common Stock,A,IE
IEAG,Infinite Eagle Acquisition Corp. - Class A Ordinary Shares,NASDAQ,IEAG
IEAGR,Infinite Eagle Acquisition Corp. - Rights,NASDAQ,IEAGR
IEAGU,Infinite Eagle Acquisition Corp. - Unit,NASDAQ,IEAGU
IEP,Icahn Enterprises L.P. - Depositary Units representing Limited Partner Interests,NASDAQ,IEP
IESC,"IES Holdings, Inc. - Common Stock",NASDAQ,IESC
IEX,IDEX Corporation Common Stock,N,IEX
IFBD,"Infobird Co., Ltd - Ordinary Shares",NASDAQ,IFBD
IFF,"International Flavors & Fragrances, Inc. Common Stock",N,IFF
IFN,"Aberdeen India Fund, Inc. Common Stock",N,IFN
IFRX,InflaRx N.V. - Common Stock,NASDAQ,IFRX
IFS,Intercorp Financial Services Inc. Common Shares,N,IFS
IGA,Voya Global Advantage and Premium Opportunity Fund Common Shares of Beneficial Interest,N,IGA
IGAC,Invest Green Acquisition Corporation - Class A Ordinary Shares,NASDAQ,IGAC
IGACR,Invest Green Acquisition Corporation - Rights,NASDAQ,IGACR
IGACU,Invest Green Acquisition Corporation - Units,NASDAQ,IGACU
IGC,"IGC Pharma, Inc. Common Stock",A,IGC
IGD,Voya Global Equity Dividend and Premium Opportunity Fund,N,IGD
IGI,Western Asset Investment Grade Opportunity Trust Inc. Common Stock,N,IGI
IGIC,International General Insurance Holdings Ltd. - Ordinary Shares,NASDAQ,IGIC
IGR,CBRE Global Real Estate Income Fund Common Shares of Beneficial Interest,N,IGR
IH,"iHuman Inc. American depositary shares, each representing five Class A ordinary shares",N,IH
IHD,Voya Emerging Markets High Income Dividend Equity Fund Common Shares,N,IHD
IHG,Intercontinental Hotels Group American Depositary Shares (Each representing one Ordinary Share),N,IHG
IHRT,"iHeartMedia, Inc. - Class A Common Stock",NASDAQ,IHRT
IHS,IHS Holding Limited Ordinary Shares,N,IHS
IHT,InnSuites Hospitality Trust Shares of Beneficial Interest,A,IHT
IIF,"Morgan Stanley India Investment Fund, Inc. Common Stock",N,IIF
III,"Information Services Group, Inc. - Common Stock",NASDAQ,III
IIIN,"Insteel Industries, Inc. Common Stock",N,IIIN
IIIV,"i3 Verticals, Inc. - Common Stock",NASDAQ,IIIV
IIM,Invesco Value Municipal Income Trust Common Stock,N,IIM
IINN,Inspira Technologies Oxy B.H.N. Ltd. - Ordinary Shares,NASDAQ,IINN
IINNW,Inspira Technologies Oxy B.H.N. Ltd. - Warrant,NASDAQ,IINNW
IIPR,"Innovative Industrial Properties, Inc. Common Stock",N,IIPR
IKT,"Inhibikase Therapeutics, Inc. - Common Stock",NASDAQ,IKT
ILAG,Intelligent Living Application Group Inc. - Ordinary Shares,NASDAQ,ILAG
ILLR,Triller Group Inc. - Common Stock,NASDAQ,ILLR
ILLRW,Triller Group Inc. - Warrant,NASDAQ,ILLRW
ILLU,Illumination Acquisition Corp I - Class A Ordinary Shares,NASDAQ,ILLU
ILLUU,Illumination Acquisition Corp I - Units,NASDAQ,ILLUU
ILLUW,Illumination Acquisition Corp I - Warrant,NASDAQ,ILLUW
ILMN,"Illumina, Inc. - Common Stock",NASDAQ,ILMN
ILPT,Industrial Logistics Properties Trust - Common Shares of Beneficial Interest,NASDAQ,ILPT
IMA,"ImageneBio, Inc. - Common Stock",NASDAQ,IMA
IMAX,Imax Corporation Common Stock,N,IMAX
IMCC,IM Cannabis Corp. - Common Shares,NASDAQ,IMCC
IMCR,Immunocore Holdings plc - American Depositary Shares,NASDAQ,IMCR
IMDX,Insight Molecular Diagnostics Inc. - Common Stock,NASDAQ,IMDX
IMKTA,"Ingles Markets, Incorporated - Class A Common Stock",NASDAQ,IMKTA
IMMP,Immutep Limited - American Depositary Shares,NASDAQ,IMMP
IMMR,Immersion Corporation - Common Stock,NASDAQ,IMMR
IMMX,"Immix Biopharma, Inc. - Common Stock",NASDAQ,IMMX
IMNM,"Immunome, Inc. - Common Stock",NASDAQ,IMNM
IMNN,"Imunon, Inc. - Common Stock",NASDAQ,IMNN
IMO,Imperial Oil Limited Common Stock,A,IMO
IMOS,ChipMOS TECHNOLOGIES INC. - American Depositary Shares,NASDAQ,IMOS
IMPP,Imperial Petroleum Inc. - Common Shares,NASDAQ,IMPP
IMPPP,Imperial Petroleum Inc. - 8.75% Series A Cumulative Redeemable Perpetual Preferred Shares,NASDAQ,IMPPP
IMRN,Immuron Limited - American Depositary Shares,NASDAQ,IMRN
IMRX,Immuneering Corporation - Class A Common Stock,NASDAQ,IMRX
IMSR,Terrestrial Energy Inc. - Common Stock,NASDAQ,IMSR
IMSRW,Terrestrial Energy Inc. - Warrant,NASDAQ,IMSRW
IMTE,Integrated Media Technology Limited - Ordinary Shares,NASDAQ,IMTE
IMTX,Immatics N.V. - Ordinary Shares,NASDAQ,IMTX
IMUX,"Immunic, Inc.  - Common Stock",NASDAQ,IMUX
IMVT,"Immunovant, Inc.  - Common Stock",NASDAQ,IMVT
IMXI,"International Money Express, Inc. - Common Stock",NASDAQ,IMXI
INAB,"IN8bio, Inc. - Common Stock",NASDAQ,INAB
INAC,Indigo Acquisition Corp. - Ordinary Shares,NASDAQ,INAC
INACR,Indigo Acquisition Corp. - Right,NASDAQ,INACR
INACU,Indigo Acquisition Corp. - Unit,NASDAQ,INACU
INBK,First Internet Bancorp - Common Stock,NASDAQ,INBK
INBKZ,First Internet Bancorp - Fixed-to-Floating Rate Subordinated Notes Due 2029,NASDAQ,INBKZ
INBS,Intelligent Bio Solutions Inc.  - Common Stock,NASDAQ,INBS
INBX,"Inhibrx Biosciences, Inc. - Common Stock",NASDAQ,INBX
INCR,Intercure Ltd. - ordinary shares,NASDAQ,INCR
INCY,Incyte Corporation - Common Stock,NASDAQ,INCY
INDB,Independent Bank Corp. - Common Stock,NASDAQ,INDB
INDI,"indie Semiconductor, Inc. - Class A Common Stock",NASDAQ,INDI
INDO,Indonesia Energy Corporation Limited Ordinary Shares,A,INDO
INDP,"Indaptus Therapeutics, Inc. - Common Stock",NASDAQ,INDP
INDV,"Indivior Pharmaceuticals, Inc.  - Common Stock",NASDAQ,INDV
INEO,INNEOVA Holdings Limited - Class A Ordinary Shares,NASDAQ,INEO
INFQ,"Infleqtion, Inc. Common Stock",N,INFQ
INFQ.W,"Infleqtion, Inc. Warrants, each whole warrant exercisable for one share of Common Stock at an exercise price of $11.50 per share",N,INFQ-W
INFU,"InfuSystems Holdings, Inc. Common Stock",A,INFU
INFY,Infosys Limited American Depositary Shares,N,INFY
ING,"ING Group, N.V. Common Stock",N,ING
INGM,Ingram Micro Holding Corporation Common Stock,N,INGM
INGN,"Inogen, Inc - Common Stock",NASDAQ,INGN
INGR,Ingredion Incorporated Common Stock,N,INGR
INHD,Inno Holdings Inc. - Common Stock,NASDAQ,INHD
INKT,"MiNK Therapeutics, Inc. - Common Stock",NASDAQ,INKT
INLF,INLIF LIMITED - Class A Ordinary shares,NASDAQ,INLF
INLX,"Intellinetics, Inc. Common Stock",A,INLX
INM,InMed Pharmaceuticals Inc. - Common Shares,NASDAQ,INM
INMB,INmune Bio Inc. - Common stock,NASDAQ,INMB
INMD,InMode Ltd.  - Ordinary Shares,NASDAQ,INMD
INN,"Summit Hotel Properties, Inc. Common Stock",N,INN
INNV,InnovAge Holding Corp. - Common Stock,NASDAQ,INNV
INO,"Inovio Pharmaceuticals, Inc. - Common Stock",NASDAQ,INO
INOD,Innodata Inc. - Common Stock,NASDAQ,INOD
INR,"Infinity Natural Resources, Inc. Class A Common Stock",N,INR
INSE,"Inspired Entertainment, Inc. - Common Stock",NASDAQ,INSE
INSG,Inseego Corp. - Common Stock,NASDAQ,INSG
INSM,Insmed Incorporated - Common Stock,NASDAQ,INSM
INSP,"Inspire Medical Systems, Inc. Common Stock",N,INSP
INSW,"International Seaways, Inc. Common Stock ",N,INSW
INTA,"Intapp, Inc. - Common Stock",NASDAQ,INTA
INTC,Intel Corporation - Common Stock,NASDAQ,INTC
INTG,The Intergroup Corporation - Common Stock,NASDAQ,INTG
INTJ,Intelligent Group Limited - Class A Ordinary Shares,NASDAQ,INTJ
INTR,Inter & Co. Inc. - Class A Common Shares,NASDAQ,INTR
INTS,"Intensity Therapeutics, Inc. - Common Stock",NASDAQ,INTS
INTT,inTest Corporation Common Stock,A,INTT
INTU,Intuit Inc. - Common Stock,NASDAQ,INTU
INTZ,Intrusion Inc. - Common Stock,NASDAQ,INTZ
INUV,"Inuvo, Inc.",A,INUV
INV,"Innventure, Inc. - Common Stock",NASDAQ,INV
INVA,"Innoviva, Inc. - Common Stock",NASDAQ,INVA
INVE,"Identiv, Inc. - Common Stock",NASDAQ,INVE
INVH,Invitation Homes Inc. Common Stock,N,INVH
INVX,"Innovex International, Inc. Common Stock",N,INVX
INVZ,Innoviz Technologies Ltd. - Ordinary shares,NASDAQ,INVZ
IONQ,"IonQ, Inc. Common Stock",N,IONQ
IONQ.W,"IonQ, Inc. Redeemable warrants, each whole warrant exercisable for one share of Common Stock, each at an exercise price of $11.50 per share",N,IONQ-W
IONR,ioneer Ltd - American Depositary Shares,NASDAQ,IONR
IONS,"Ionis Pharmaceuticals, Inc. - Common Stock",NASDAQ,IONS
IOR,"Income Opportunity Realty Investors, Inc. Common Stock",A,IOR
IOSP,Innospec Inc. - Common Stock,NASDAQ,IOSP
IOT,Samsara Inc. Class A Common Stock,N,IOT
IOTR,iOThree Limited - Ordinary Shares,NASDAQ,IOTR
IOVA,"Iovance Biotherapeutics, Inc. - Common Stock",NASDAQ,IOVA
IP,International Paper Company Common Stock,N,IP
IPAR,"Interparfums, Inc. - Common Stock",NASDAQ,IPAR
IPCX,Inflection Point Acquisition Corp. III - Class A ordinary shares,NASDAQ,IPCX
IPCXR,Inflection Point Acquisition Corp. III - Rights,NASDAQ,IPCXR
IPCXU,Inflection Point Acquisition Corp. III - Units,NASDAQ,IPCXU
IPDN,"Professional Diversity Network, Inc. - Common Stock",NASDAQ,IPDN
IPEX,Inflection Point Acquisition Corp. - Class A Ordinary Shares,NASDAQ,IPEX
IPEXR,Inflection Point Acquisition Corp. - Right,NASDAQ,IPEXR
IPEXU,Inflection Point Acquisition Corp. - Unit,NASDAQ,IPEXU
IPFXU,Inflection Point Acquisition Corp. VI - Units,NASDAQ,IPFXU
IPGP,IPG Photonics Corporation - Common Stock,NASDAQ,IPGP
IPHA,Innate Pharma S.A. - American Depositary Shares,NASDAQ,IPHA
IPI,"Intrepid Potash, Inc Common Stock",N,IPI
IPM,Intelligent Protection Management Corp.  - Common Stock,NASDAQ,IPM
IPOD,Dune Acquisition Corporation II - Class A ordinary shares,NASDAQ,IPOD
IPODU,Dune Acquisition Corporation II - Units,NASDAQ,IPODU
IPODW,Dune Acquisition Corporation II - Warrants,NASDAQ,IPODW
IPSC,"Century Therapeutics, Inc. - Common Stock",NASDAQ,IPSC
IPST,"IP Strategy Holdings, Inc. - Common Stock",NASDAQ,IPST
IPW,iPower Inc. - Common Stock,NASDAQ,IPW
IPWR,Ideal Power Inc. - Common Stock,NASDAQ,IPWR
IPX,IperionX Limited - American Depositary Share,NASDAQ,IPX
IQ,"iQIYI, Inc. - American Depositary Shares",NASDAQ,IQ
IQI,Invesco Quality Municipal Income Trust Common Stock,N,IQI
IQST,iQSTEL Inc. - Common Stock,NASDAQ,IQST
IQV,"IQVIA Holdings, Inc. Common Stock",N,IQV
IR,Ingersoll Rand Inc. Common Stock,N,IR
IRAB,Iris Acquisition Corp II Class A Ordinary Shares,N,IRAB
IRAB.U,"Iris Acquisition Corp II Units, each consisting of one Class A Ordinary Share and one-half of one redeemable Warrant",N,IRAB-U
IRAB.W,"Iris Acquisition Corp II Redeemable Warrants, each whole warrant exercisable for one Class A Ordinary Share at an exercise price of $11.50 per share",N,IRAB-W
IRD,"Opus Genetics, Inc. - Common Stock",NASDAQ,IRD
IRDM,Iridium Communications Inc - Common Stock,NASDAQ,IRDM
IREN,IREN Limited - Ordinary Shares,NASDAQ,IREN
IRHO,Iron Horse Acquisitions II Corp. - Common Stock,NASDAQ,IRHO
IRHOR,Iron Horse Acquisitions II Corp. - Rights,NASDAQ,IRHOR
IRHOU,Iron Horse Acquisitions II Corp. - Units,NASDAQ,IRHOU
IRIX,IRIDEX Corporation - Common Stock,NASDAQ,IRIX
IRM,Iron Mountain Incorporated (Delaware)Common Stock REIT,N,IRM
IRMD,iRadimed Corporation - Common Stock,NASDAQ,IRMD
IRON,"Disc Medicine, Inc. - Common Stock",NASDAQ,IRON
IRS,IRSA Inversiones Y Representaciones S.A. Global Depositary Shares (Each representing ten shares of Common Stock),N,IRS
IRS.W,IRSA Inversiones Y Representaciones S.A. Warrants to purchase Common Shares,N,IRS-W
IRT,"Independence Realty Trust, Inc. Common Stock",N,IRT
IRTC,"iRhythm Holdings, Inc.  - Common Stock",NASDAQ,IRTC
IRWD,"Ironwood Pharmaceuticals, Inc. - Class A Common Stock",NASDAQ,IRWD
ISBA,Isabella Bank Corporation - Common stock,NASDAQ,ISBA
ISD,"PGIM High Yield Bond Fund, Inc.",N,ISD
ISOU,IsoEnergy Ltd. Common Shares,A,ISOU
ISPC,iSpecimen Inc. - Common Stock,NASDAQ,ISPC
ISPR,Ispire Technology Inc. - Common Stock,NASDAQ,ISPR
ISRG,"Intuitive Surgical, Inc. - Common Stock",NASDAQ,ISRG
ISSC,"Innovative Solutions and Support, Inc. - Common Stock",NASDAQ,ISSC
ISTR,Investar Holding Corporation - Common Stock,NASDAQ,ISTR
IT,"Gartner, Inc. Common Stock",N,IT
ITGR,Integer Holdings Corporation Common Stock,N,ITGR
ITHA,ITHAX Acquisition Corp III - Class A Ordinary Shares,NASDAQ,ITHA
ITHAU,ITHAX Acquisition Corp III - Units,NASDAQ,ITHAU
ITHAW,ITHAX Acquisition Corp III - Warrants,NASDAQ,ITHAW
ITIC,Investors Title Company - Common Stock,NASDAQ,ITIC
ITOC,iTonic Holdings Ltd - Class A Ordinary Shares,NASDAQ,ITOC
ITP,"IT Tech Packaging, Inc. Common Stock",A,ITP
ITRG,Integra Resources Corp. Common Shares,A,ITRG
ITRI,"Itron, Inc. - Common Stock",NASDAQ,ITRI
ITRN,Ituran Location and Control Ltd. - Ordinary Shares,NASDAQ,ITRN
ITT,ITT Inc. Common Stock ,N,ITT
ITUB,Itau Unibanco Banco Holding SA American Depositary Shares (Each repstg 500 Preferred shares),N,ITUB
ITW,Illinois Tool Works Inc. Common Stock,N,ITW
IVA,Inventiva S.A. - American Depository Shares,NASDAQ,IVA
IVDA,"Iveda Solutions, Inc. - Common Stock",NASDAQ,IVDA
IVDAW,"Iveda Solutions, Inc. - Warrant",NASDAQ,IVDAW
IVF,"INVO Fertility, Inc. - Common Stock",NASDAQ,IVF
IVR,INVESCO MORTGAGE CAPITAL INC Common Stock,N,IVR
IVT,InvenTrust Properties Corp. Common Stock,N,IVT
IVVD,"Invivyd, Inc. - Common Stock",NASDAQ,IVVD
IVZ,Invesco Ltd Common Stock,N,IVZ
IX,ORIX Corporation American Depositary Shares,N,IX
IXHL,Incannex Healthcare Inc. - Common Stock,NASDAQ,IXHL
IZEA,"IZEA Worldwide, Inc. - Common Stock",NASDAQ,IZEA
IZM,ICZOOM Group Inc. - Class A Ordinary Shares,NASDAQ,IZM
J,Jacobs Solutions Inc. Common Stock,N,J
JACK,Jack In The Box Inc. - Common Stock,NASDAQ,JACK
JACS,Jackson Acquisition Company II Class A Ordinary Shares,N,JACS
JACS.R,"Jackson Acquisition Company II Rights, each right to acquire one-tenth (1/10) of one Class A ordinary share",N,JACS-R
JACS.U,"Jackson Acquisition Company II Units, each consisting of one Class A ordinary share and one right to acquire one-tenth (1/10) of one Class A ordinary share",N,JACS-U
JAGU,Jaguar Uranium Corp. Class A Common Shares,A,JAGU
JAGX,"Jaguar Health, Inc. - Common Stock",NASDAQ,JAGX
JAKK,"JAKKS Pacific, Inc. - Common Stock",NASDAQ,JAKK
JAN,"Janus Living, Inc. Class A-1 Common Stock",N,JAN
JANX,"Janux Therapeutics, Inc. - Common Stock",NASDAQ,JANX
JATT,JATT II Acquisition Corp - Ordinary Shares,NASDAQ,JATT
JAZZ,Jazz Pharmaceuticals plc - Ordinary Shares,NASDAQ,JAZZ
JBDI,JBDI Holdings Limited - Ordinary Shares,NASDAQ,JBDI
JBGS,JBG SMITH Properties Common Shares ,N,JBGS
JBHT,"J.B. Hunt Transport Services, Inc. - Common Stock",NASDAQ,JBHT
JBI,"Janus International Group, Inc. Common Stock",N,JBI
JBIO,"Jade Biosciences, Inc. - Common Stock",NASDAQ,JBIO
JBK,Lehman ABS 3.50 3.50% Adjustable Corp Backed Tr Certs GS Cap I,N,JBK
JBL,Jabil Inc. Common Stock,N,JBL
JBLU,JetBlue Airways Corporation - Common Stock,NASDAQ,JBLU
JBS,JBS N.V. Class A Common Shares,N,JBS
JBSS,"John B. Sanfilippo & Son, Inc. - Common Stock",NASDAQ,JBSS
JBTM,JBT Marel Corporation Common Stock,N,JBTM
JCAP,"Jefferson Capital, Inc. - Common Stock",NASDAQ,JCAP
JCE,Nuveen Core Equity Alpha Fund Common Shares of Beneficial Interest,N,JCE
JCI,Johnson Controls International plc Ordinary Share,N,JCI
JCSE,JE Cleantech Holdings Limited - Ordinary Shares,NASDAQ,JCSE
JCTC,Jewett-Cameron Trading Company - Common Shares,NASDAQ,JCTC
JD,"JD.com, Inc. - American Depositary Shares",NASDAQ,JD
JDZG,JIADE LIMITED - Class A Ordinary Shares,NASDAQ,JDZG
JEF,Jefferies Financial Group Inc. Common Stock,N,JEF
JELD,"JELD-WEN Holding, Inc. Common Stock",N,JELD
JEM,707 Cayman Holdings Limited - Ordinary Shares,NASDAQ,JEM
JENA,Jena Acquisition Corporation II Class A Ordinary Shares,N,JENA
JENA.R,"Jena Acquisition Corporation II Rights, each right to acquire one-twentieth (1/20) of one Class A ordinary share",N,JENA-R
JENA.U,"Jena Acquisition Corporation II Units, each consisting of one Class A ordinary share and one right",N,JENA-U
JF,J and Friends Holdings Limited - American Depositary Shares,NASDAQ,JF
JFB,JFB Construction Holdings - Class A Common Stock,NASDAQ,JFB
JFIN,Jiayin Group Inc. - American Depositary Shares,NASDAQ,JFIN
JFR,Nuveen Floating Rate Income Fund Common Stock,N,JFR
JFU,9F Inc. - American Depositary Shares,NASDAQ,JFU
JG,Aurora Mobile Limited - American Depositary Shares,NASDAQ,JG
JGH,Nuveen Global High Income Fund Common Shares of Beneficial Interest,N,JGH
JHG,Janus Henderson Group plc Ordinary Shares,N,JHG
JHI,John Hancock Investors Trust Common Stock,N,JHI
JHS,John Hancock Income Securities Trust Common Stock,N,JHS
JHX,James Hardie Industries plc. Ordinary Shares,N,JHX
JILL,"J. Jill, Inc. Common Stock",N,JILL
JJSF,J & J Snack Foods Corp. - Common Stock,NASDAQ,JJSF
JKHY,"Jack Henry & Associates, Inc. - Common Stock",NASDAQ,JKHY
JKS,JinkoSolar Holding Company Limited American Depositary Shares (each representing 4 Common Shares),N,JKS
JL,J-Long Group Limited - Class A Ordinary Shares,NASDAQ,JL
JLHL,Julong Holding Limited - Class A Ordinary Shares,NASDAQ,JLHL
JLL,Jones Lang LaSalle Incorporated Common Stock,N,JLL
JLS,Nuveen Mortgage and Income Fund,N,JLS
JMG,JM Group Limited Ordinary Shares,A,JMG
JMIA,"Jumia Technologies AG American Depositary Shares, each representing two Ordinary Shares",N,JMIA
JMM,Nuveen Multi-Market Income Fund (MA),N,JMM
JMSB,"John Marshall Bancorp, Inc. - Common Stock",NASDAQ,JMSB
JNJ,Johnson & Johnson Common Stock,N,JNJ
JOB,GEE Group Inc. Common Stock,A,JOB
JOBY,"Joby Aviation, Inc. Common Stock",N,JOBY
JOBY.W,"Joby Aviation, Inc. Warrants",N,JOBY-W
JOE,St. Joe Company (The) Common Stock,N,JOE
JOF,Japan Smaller Capitalization Fund Inc Common Stock,N,JOF
JOUT,Johnson Outdoors Inc. - Class A Common Stock,NASDAQ,JOUT
JOYY,JOYY Inc. - American Depositary Shares,NASDAQ,JOYY
JPC,Nuveen Preferred & Income Opportunities Fund,N,JPC
JPM,JP Morgan Chase & Co. Common Stock,N,JPM
JQC,Nuveen Credit Strategies Income Fund Shares of Beneficial Interest,N,JQC
JRI,Nuveen Real Asset Income and Growth Fund Common Shares of Beneficial Interest,N,JRI
JRS,Nuveen Real Estate Income Fund Common Shares of Beneficial Interest,N,JRS
JRSH,"Jerash Holdings (US), Inc. - Common Stock",NASDAQ,JRSH
JRVR,"James River Group Holdings, Inc. - Common Stock",NASDAQ,JRVR
JSM,"Navient Corporation - 6% Senior Notes due December 15, 2043",NASDAQ,JSM
JSPR,"Jasper Therapeutics, Inc. - Class A Common Stock",NASDAQ,JSPR
JSPRW,"Jasper Therapeutics, Inc. - Warrant",NASDAQ,JSPRW
JTAI,Jet.AI Inc. - Common Stock,NASDAQ,JTAI
JUNS,"Jupiter Neurosciences, Inc. - Common Stock",NASDAQ,JUNS
JVA,"Coffee Holding Co., Inc. - Common Stock",NASDAQ,JVA
JWEL,Jowell Global Ltd. - Ordinary Shares,NASDAQ,JWEL
JXG,JX Luxventure Group Inc. - Common Stock,NASDAQ,JXG
JXN,Jackson Financial Inc. Class A Common Stock ,N,JXN
JYD,Jayud Global Logistics Limited - Class A Ordinary Shares,NASDAQ,JYD
JYNT,The Joint Corp. - Common Stock,NASDAQ,JYNT
JZ,Jianzhi Education Technology Group Company Limited - American Depositary Shares,NASDAQ,JZ
JZXN,"Jiuzi Holdings, Inc. - Ordinary Shares",NASDAQ,JZXN
KAI,Kadant Inc Common Stock,N,KAI
KALA,"KALA BIO, Inc. - Common Stock",NASDAQ,KALA
KALU,Kaiser Aluminum Corporation - Common Stock,NASDAQ,KALU
KALV,"KalVista Pharmaceuticals, Inc. - Common Stock",NASDAQ,KALV
KAPA,"Kairos Pharma, Ltd. Common Stock",A,KAPA
KARO,Karooooo Ltd. - Ordinary shares,NASDAQ,KARO
KB,KB Financial Group Inc,N,KB
KBDC,"Kayne Anderson BDC, Inc. Common Stock",N,KBDC
KBH,KB Home Common Stock,N,KBH
KBON,Karbon Capital Partners Corp. - Class A Ordinary Shares,NASDAQ,KBON
KBONU,Karbon Capital Partners Corp. - Units,NASDAQ,KBONU
KBONW,Karbon Capital Partners Corp. - Warrant,NASDAQ,KBONW
KBR,"KBR, Inc. Common Stock",N,KBR
KBSX,FST Corp. - Ordinary Shares,NASDAQ,KBSX
KC,Kingsoft Cloud Holdings Limited - American Depositary Shares,NASDAQ,KC
KCA.U,"Kensington Capital Acquisition Corp. VI New Units, each consisting of one Class A Ordinary Share and three-quarters of one Class 2 Redeemable Warrant",N,KCA-U
KCAC.U,"Kensington Capital Acquisition Corp. VI Units, each consisting of one Class A ordinary share, one-quarter of one Class 1 redeemable warrant and three-quarters of one Class 2 redeemable warrant",N,KCAC-U
KCAC.W,"Kensington Capital Acquisition Corp. VI Class 1 redeemable warrants, each exercisable for one Class A ordinary share at an exercise price of $11.50",N,KCAC-W
KCHV,Kochav Defense Acquisition Corp. - Class A Ordinary Shares,NASDAQ,KCHV
KCHVR,Kochav Defense Acquisition Corp. - Right,NASDAQ,KCHVR
KCHVU,Kochav Defense Acquisition Corp. - Units,NASDAQ,KCHVU
KD,"Kyndryl Holdings, Inc. Common Stock",N,KD
KDK,"Kodiak AI, Inc. - Common Stock",NASDAQ,KDK
KDKRW,"Kodiak AI, Inc. - Warrant",NASDAQ,KDKRW
KDP,Keurig Dr Pepper Inc. - Common Stock,NASDAQ,KDP
KE,"Kimball Electronics, Inc. - Common Stock",NASDAQ,KE
KEEL,Keel Infrastructure Corp. - Common Stock,NASDAQ,KEEL
KELYA,"Kelly Services, Inc. - Class A Common Stock",NASDAQ,KELYA
KELYB,"Kelly Services, Inc. - Class B Common Stock",NASDAQ,KELYB
KEN,Kenon Holdings Ltd. Ordinary Shares,N,KEN
KEP,Korea Electric Power Corporation Common Stock,N,KEP
KEQU,Kewaunee Scientific Corporation - Common Stock,NASDAQ,KEQU
KEX,Kirby Corporation Common Stock,N,KEX
KEY,KeyCorp Common Stock,N,KEY
KEYS,Keysight Technologies Inc. Common Stock,N,KEYS
KF,"Korea Fund, Inc. (The) New Common Stock",N,KF
KFFB,Kentucky First Federal Bancorp - Common Stock,NASDAQ,KFFB
KFII,K&F Growth Acquisition Corp. II - Class A Ordinary shares,NASDAQ,KFII
KFIIR,K&F Growth Acquisition Corp. II - Rights,NASDAQ,KFIIR
KFIIU,K&F Growth Acquisition Corp. II - Unit,NASDAQ,KFIIU
KFRC,"Kforce, Inc. Common Stock",N,KFRC
KFS,"Kingsway Financial Services, Inc. Common Stock (DE)",N,KFS
KFY,Korn Ferry Common Stock,N,KFY
KG,"Kestrel Group, Ltd. - Common Stock",NASDAQ,KG
KGC,Kinross Gold Corporation Common Stock,N,KGC
KGEI,Kolibri Global Energy Inc. - Common stock,NASDAQ,KGEI
KGS,"Kodiak Gas Services, Inc. Common Stock",N,KGS
KHC,The Kraft Heinz Company - Common Stock,NASDAQ,KHC
KIDS,OrthoPediatrics Corp. - Common Stock,NASDAQ,KIDS
KIDZ,"Classover Holdings, Inc. - Class B Common Stock",NASDAQ,KIDZ
KIDZW,"Classover Holdings, Inc. - Warrants",NASDAQ,KIDZW
KIM,Kimco Realty Corporation (HC) Common Stock,N,KIM
KINS,"Kingstone Companies, Inc - Common Stock",NASDAQ,KINS
KIO,KKR Income Opportunities Fund Common Shares,N,KIO
KITT,"Nauticus Robotics, Inc. - Common stock",NASDAQ,KITT
KITTW,"Nauticus Robotics, Inc. - Warrant",NASDAQ,KITTW
KKR,KKR & Co. Inc. Common Stock,N,KKR
KKRS,KKR Group Finance Co. IX LLC 4.625% Subordinated Notes due 2061,N,KKRS
KKRT,KKR & Co. Inc. 6.875% Subordinated Notes due 2065,N,KKRT
KLAC,KLA Corporation  - Common Stock,NASDAQ,KLAC
KLAR,Klarna Group plc Ordinary Shares,N,KLAR
KLC,"KinderCare Learning Companies, Inc. Common Stock",N,KLC
KLIC,"Kulicke and Soffa Industries, Inc. - Common Stock",NASDAQ,KLIC
KLRA,"Kailera Therapeutics, Inc. - Common stock",NASDAQ,KLRA
KLRS,"Kalaris Therapeutics, Inc.  - Common Stock",NASDAQ,KLRS
KLTR,"Kaltura, Inc. - Common Stock",NASDAQ,KLTR
KLXE,"KLX Energy Services Holdings, Inc.  - Common Stock",NASDAQ,KLXE
KMB,Kimberly-Clark Corporation - Common Stock,NASDAQ,KMB
KMDA,Kamada Ltd. - Ordinary Shares,NASDAQ,KMDA
KMI,"Kinder Morgan, Inc. Common Stock",N,KMI
KMPB,Kemper Corporation 5.875% Fixed-Rate Reset Junior Subordinated Debentures due 2062,N,KMPB
KMPR,Kemper Corporation,N,KMPR
KMRK,K-Tech Solutions Company Limited - Class A Ordinary Shares,NASDAQ,KMRK
KMT,Kennametal Inc. Common Stock,N,KMT
KMTS,"Kestra Medical Technologies, Ltd. - Common Stock",NASDAQ,KMTS
KMX,CarMax Inc,N,KMX
KN,Knowles Corporation Common Stock,N,KN
KNDI,"Kandi Technologies Group, Inc. - Ordinary Shares",NASDAQ,KNDI
KNF,Knife Riv Holding Co. Common Stock,N,KNF
KNOP,KNOT Offshore Partners LP Common Units representing Limited Partner Interests,N,KNOP
KNRX,KNOREX LTD. Class A Ordinary Shares,A,KNRX
KNSA,"Kiniksa Pharmaceuticals International, plc - Class A Ordinary Shares",NASDAQ,KNSA
KNSL,"Kinsale Capital Group, Inc. Common Stock",N,KNSL
KNTK,Kinetik Holdings Inc. Class A Common Stock,N,KNTK
KNX,Knight-Swift Transportation Holdings Inc.,N,KNX
KO,Coca-Cola Company (The) Common Stock,N,KO
KOD,Kodiak Sciences Inc - Common Stock,NASDAQ,KOD
KODK,Eastman Kodak Company Common New,N,KODK
KOF,"Coca Cola Femsa S.A.B. de C.V.  American Depositary Shares, each representing 10 Units (each Unit consists of 3 Series B Shares and 5 Series L Shares)",N,KOF
KOP,Koppers Holdings Inc. Common Stock,N,KOP
KOPN,Kopin Corporation - Common Stock,NASDAQ,KOPN
KORE,"KORE Group Holdings, Inc. Common Stock",N,KORE
KOS,Kosmos Energy Ltd. Common Shares (DE),N,KOS
KOSS,Koss Corporation - Common Stock,NASDAQ,KOSS
KOYN,CSLM Digital Asset Acquisition Corp III - Class A Ordinary Shares,NASDAQ,KOYN
KOYNU,CSLM Digital Asset Acquisition Corp III - Units,NASDAQ,KOYNU
KOYNW,CSLM Digital Asset Acquisition Corp III - Warrants,NASDAQ,KOYNW
KPET.U,"KPET Ultra Paceline Corporation Units, each consisting of one Class A Ordinary Share and one-sixth of one Warrant",N,KPET-U
KPLT,"Katapult Holdings, Inc. - Common Stock",NASDAQ,KPLT
KPLTW,"Katapult Holdings, Inc. - Warrant",NASDAQ,KPLTW
KPRX,"Kiora Pharmaceuticals, Inc.  - Common Stock",NASDAQ,KPRX
KPTI,Karyopharm Therapeutics Inc. - Common Stock,NASDAQ,KPTI
KR,Kroger Company (The) Common Stock,N,KR
KRAQ,KRAKacquisition Corp - Class A Ordinary Shares,NASDAQ,KRAQ
KRAQU,KRAKacquisition Corp - Unit,NASDAQ,KRAQU
KRAQW,KRAKacquisition Corp - Warrants,NASDAQ,KRAQW
KRC,Kilroy Realty Corporation Common Stock,N,KRC
KREF,KKR Real Estate Finance Trust Inc. Common Stock,N,KREF
KRG,Kite Realty Group Trust Common Stock,N,KRG
KRKR,36Kr Holdings Inc. - American Depositary Shares,NASDAQ,KRKR
KRMD,"KORU Medical Systems, Inc. - Common Stock",NASDAQ,KRMD
KRMN,Karman Holdings Inc. Common Stock,N,KRMN
KRNT,Kornit Digital Ltd. - Ordinary Shares,NASDAQ,KRNT
KRNY,Kearny Financial - Common Stock,NASDAQ,KRNY
KRO,Kronos Worldwide Inc Common Stock,N,KRO
KROS,"Keros Therapeutics, Inc. - common stock",NASDAQ,KROS
KRP,Kimbell Royalty Partners Common Units Representing Limited Partner Interests,N,KRP
KRRO,"Korro Bio, Inc. - Common Stock",NASDAQ,KRRO
KRSP,Rice Acquisition Corporation 3 Class A Ordinary Shares,N,KRSP
KRSP.U,"Rice Acquisition Corporation 3 Units, each consisting of one Class A ordinary share, and one-sixth of one redeemable warrant",N,KRSP-U
KRSP.W,"Rice Acquisition Corporation 3 Redeemable warrants, each whole warrant exercisable for one Class A ordinary share at an exercise price of $11.50",N,KRSP-W
KRT,Karat Packaging Inc. - Common Stock,NASDAQ,KRT
KRUS,"Kura Sushi USA, Inc. - Class A Common Stock",NASDAQ,KRUS
KRYS,"Krystal Biotech, Inc. - Common Stock",NASDAQ,KRYS
KSCP,"Knightscope, Inc. - Class A Common Stock",NASDAQ,KSCP
KSPI,Joint Stock Company Kaspi.kz - American Depository Shares,NASDAQ,KSPI
KSS,Kohl's Corporation Common Stock,N,KSS
KT,KT Corporation Common Stock,N,KT
KTB,"Kontoor Brands, Inc. Common Stock ",N,KTB
KTCC,Key Tronic Corporation - Common Stock,NASDAQ,KTCC
KTF,DWS Municipal Income Trust,N,KTF
KTH,Structures Products Cp 8% CorTS Issued by Peco Energy Cap Tr II Preferred Stock,N,KTH
KTN,Structured Products Corp 8.205% CorTS 8.205% Corporate Backed Trust Securities (CorTS),N,KTN
KTOS,"Kratos Defense & Security Solutions, Inc. - Common Stock",NASDAQ,KTOS
KTTA,Pasithea Therapeutics Corp. - Common Stock,NASDAQ,KTTA
KTTAW,Pasithea Therapeutics Corp. - Warrant,NASDAQ,KTTAW
KTWO,K2 Capital Acquisition Corporation - Class A Ordinary Share,NASDAQ,KTWO
KTWOR,K2 Capital Acquisition Corporation - Rights,NASDAQ,KTWOR
KTWOU,K2 Capital Acquisition Corporation - Units,NASDAQ,KTWOU
KULR,"KULR Technology Group, Inc. Common Stock",A,KULR
KURA,"Kura Oncology, Inc. - Common Stock",NASDAQ,KURA
KUST,"Kustom Entertainment, Inc. - Common Stock",NASDAQ,KUST
KVAC,Keen Vision Acquisition Corporation - Ordinary Shares,NASDAQ,KVAC
KVACU,Keen Vision Acquisition Corporation - Units,NASDAQ,KVACU
KVACW,Keen Vision Acquisition Corporation - Warrant,NASDAQ,KVACW
KVHI,"KVH Industries, Inc. - Common Stock",NASDAQ,KVHI
KVUE,Kenvue Inc. Common Stock,N,KVUE
KVYO,"Klaviyo, Inc. Series A Common Stock",N,KVYO
KW,Kennedy-Wilson Holdings Inc. Common Stock,N,KW
KWM,"K Wave Media, Ltd. - Ordinary Shares",NASDAQ,KWM
KWMWW,"K Wave Media, Ltd. - Warrant",NASDAQ,KWMWW
KWR,Quaker Houghton Common Stock,N,KWR
KXIN,Kaixin Holdings - Ordinary Shares,NASDAQ,KXIN
KYIV,Kyivstar Group Ltd. - Common Shares,NASDAQ,KYIV
KYIVW,Kyivstar Group Ltd. - Warrant,NASDAQ,KYIVW
KYMR,"Kymera Therapeutics, Inc. - Common Stock",NASDAQ,KYMR
KYN,"Kayne Anderson Energy Infrastructure Fund, Inc.",N,KYN
KYNB,"Kyntra Bio, Inc. - Common Stock",NASDAQ,KYNB
KYTX,"Kyverna Therapeutics, Inc. - Common Stock",NASDAQ,KYTX
KZIA,Kazia Therapeutics Limited - American Depositary Shares,NASDAQ,KZIA
KZR,"Kezar Life Sciences, Inc. - Common Stock",NASDAQ,KZR
L,Loews Corporation Common Stock,N,L
LAB,Standard BioTools Inc. - Common Stock,NASDAQ,LAB
LABT,Lakewood-Amedex Biotherapeutics Inc. - Common Stock,NASDAQ,LABT
LAC,Lithium Americas Corp. Common Shares,N,LAC
LAD,"Lithia Motors, Inc. Common Stock",N,LAD
LADR,Ladder Capital Corp Class A Common Stock,N,LADR
LAES,SEALSQ Corp - Ordinary Shares,NASDAQ,LAES
LAFA,LaFayette Acquisition Corp. - Ordinary Share,NASDAQ,LAFA
LAFAR,LaFayette Acquisition Corp. - Rights,NASDAQ,LAFAR
LAFAU,LaFayette Acquisition Corp. - Unit,NASDAQ,LAFAU
LAKE,"Lakeland Industries, Inc. - Common Stock",NASDAQ,LAKE
LAMR,Lamar Advertising Company - Class A Common Stock,NASDAQ,LAMR
LAND,Gladstone Land Corporation - Common Stock,NASDAQ,LAND
LANDO,Gladstone Land Corporation - 6.00% Series B Cumulative Redeemable Preferred Stock,NASDAQ,LANDO
LANDP,Gladstone Land Corporation - 6.00% Series C Cumulative Redeemable Preferred Stock,NASDAQ,LANDP
LANV,Lanvin Group Holdings Limited Ordinary Shares,N,LANV
LANV.W,"Lanvin Group Holdings Limited Redeemable Warrants, each whole warrant exercisable for one Ordinary Share at an exercise price of $11.50",N,LANV-W
LAR,Lithium Argentina AG Common Shares,N,LAR
LARK,Landmark Bancorp Inc. - Common Stock,NASDAQ,LARK
LASE,Laser Photonics Corporation - Common Stock,NASDAQ,LASE
LASR,"nLIGHT, Inc. - Common Stock",NASDAQ,LASR
LATA,Galata Acquisition Corp. II - Class A Ordinary Shares,NASDAQ,LATA
LATAU,Galata Acquisition Corp. II - Units,NASDAQ,LATAU
LATAW,Galata Acquisition Corp. II - Warrant,NASDAQ,LATAW
LAUR,"Laureate Education, Inc. - Common Stock",NASDAQ,LAUR
LAW,"CS Disco, Inc. Common Stock",N,LAW
LAWR,"Robot Consulting Co., Ltd. - ADS",NASDAQ,LAWR
LAZ,"Lazard, Inc. Common Stock",N,LAZ
LB,LandBridge Company LLC Class A Shares Representing Limited Liability Company Interests,N,LB
LBGJ,Li Bang International Corporation Inc. - Class A Ordinary Shares,NASDAQ,LBGJ
LBRDA,Liberty Broadband Corporation - Class A Common Stock,NASDAQ,LBRDA
LBRDK,Liberty Broadband Corporation - Class C Common Stock,NASDAQ,LBRDK
LBRDP,Liberty Broadband Corporation - Series A Cumulative Redeemable Preferred Stock,NASDAQ,LBRDP
LBRT,Liberty Energy Inc. Class A common stock,N,LBRT
LBRX,LB Pharmaceuticals Inc - Common Stock,NASDAQ,LBRX
LBTYA,Liberty Global Ltd. - Class A Common Shares,NASDAQ,LBTYA
LBTYB,Liberty Global Ltd. - Class B Common Shares,NASDAQ,LBTYB
LBTYK,Liberty Global Ltd. - Class C Common Shares,NASDAQ,LBTYK
LC,LendingClub Corporation Common Stock,N,LC
LCCC,Lakeshore Acquisition III Corp. - Ordinary Shares,NASDAQ,LCCC
LCCCR,Lakeshore Acquisition III Corp. - Rights,NASDAQ,LCCCR
LCCCU,Lakeshore Acquisition III Corp. - Unit,NASDAQ,LCCCU
LCFY,Locafy Limited - Ordinary Share,NASDAQ,LCFY
LCFYW,Locafy Limited - Warrant,NASDAQ,LCFYW
LCID,"Lucid Group, Inc. - Common Stock",NASDAQ,LCID
LCII,LCI Industries,N,LCII
LCNB,LCNB Corporation - Common Stock,NASDAQ,LCNB
LCTX,"Lineage Cell Therapeutics, Inc. Common Stock",A,LCTX
LCUT,"Lifetime Brands, Inc. - Common Stock",NASDAQ,LCUT
LDI,"loanDepot, Inc. Class A Common Stock",N,LDI
LDOS,"Leidos Holdings, Inc. Common Stock",N,LDOS
LDP,"Cohen & Steers Limited Duration Preferred and Income Fund, Inc.",N,LDP
LE,"Lands' End, Inc. - Common Stock",NASDAQ,LE
LEA,Lear Corporation Common Stock,N,LEA
LECO,"Lincoln Electric Holdings, Inc. - Common Shares",NASDAQ,LECO
LEDS,SemiLEDS Corporation - Common Stock,NASDAQ,LEDS
LEE,"Lee Enterprises, Incorporated - Common Stock",NASDAQ,LEE
LEG,"Leggett & Platt, Incorporated Common Stock",N,LEG
LEGH,Legacy Housing Corporation - Common Stock,NASDAQ,LEGH
LEGN,Legend Biotech Corporation - American Depositary Shares,NASDAQ,LEGN
LEGO,Legato Merger Corp. IV Ordinary Shares,A,LEGO
LEGO.U,"Legato Merger Corp. IV Units, each consisting of one ordinary share and one-third of one redeemable warrant",A,LEGO-U
LEGO.W,"Legato Merger Corp. IV Redeemable Warrants, each whole warrant exercisable to purchase one ordinary share at an exercise price of $11.50 per share",A,LEGO-W
LEGT,Legato Merger Corp. III Ordinary Shares,A,LEGT
LEGT.U,"Legato Merger Corp. III Units, each consisting of one Ordinary Share and one-half of one warrant",A,LEGT-U
LEGT.W,"Legato Merger Corp. III Redeemable Warrants, each whole warrant exercisable for one ordinary share at an exercise price of $11.50 per share",A,LEGT-W
LEN,Lennar Corporation Class A Common Stock,N,LEN
LEN.B,Lennar Corporation Class B,N,LEN-B
LENZ,"LENZ Therapeutics, Inc. - Common Stock",NASDAQ,LENZ
LEO,"BNY Mellon Strategic Municipals, Inc. Common Stock",N,LEO
LESL,"Leslie's, Inc. - Common Stock",NASDAQ,LESL
LEU,Centrus Energy Corp. Class A Common Stock,N,LEU
LEVI,Levi Strauss & Co Class A Common Stock,N,LEVI
LEXX,Lexaria Bioscience Corp. - Common Stock,NASDAQ,LEXX
LFAC,Leapfrog Acquisition Corporation - Class A Ordinary Shares,NASDAQ,LFAC
LFACU,Leapfrog Acquisition Corporation - Units,NASDAQ,LFACU
LFACW,Leapfrog Acquisition Corporation - Warrants,NASDAQ,LFACW
LFCR,"Lifecore Biomedical, Inc. - Common Stock",NASDAQ,LFCR
LFMD,"LifeMD, Inc. - Common Stock",NASDAQ,LFMD
LFMDP,"LifeMD, Inc. - 8.875% Series A Cumulative Perpetual Preferred Stock",NASDAQ,LFMDP
LFS,"LEIFRAS Co., Ltd. - American Depositary Shares",NASDAQ,LFS
LFST,"LifeStance Health Group, Inc. - Common Stock",NASDAQ,LFST
LFT,"Lument Finance Trust, Inc. Common Stock",N,LFT
LFUS,"Littelfuse, Inc. - Common Stock",NASDAQ,LFUS
LFVN,Lifevantage Corporation - Common Stock,NASDAQ,LFVN
LFWD,Lifeward Ltd. - Ordinary Shares,NASDAQ,LFWD
LGCB,Linkage Global Inc - Class A Ordinary Shares,NASDAQ,LGCB
LGCL,Lucas GC Limited - Class A Ordinary Shares,NASDAQ,LGCL
LGCY,Legacy Education Inc. Common Stock,A,LGCY
LGHL,Lion Group Holding Ltd. - American Depositary Share,NASDAQ,LGHL
LGI,Lazard Global Total Return and Income Fund Common Stock,N,LGI
LGIH,"LGI Homes, Inc. - Common Stock",NASDAQ,LGIH
LGL,"LGL Group, Inc. (The) Common Stock",A,LGL
LGN,Legence Corp. - Class A Common stock,NASDAQ,LGN
LGND,Ligand Pharmaceuticals Incorporated - Common Stock,NASDAQ,LGND
LGO,Largo Inc. - Common Shares,NASDAQ,LGO
LGPS,LogProstyle Inc. Common Shares,A,LGPS
LGVN,Longeveron Inc. - Class A Common stock,NASDAQ,LGVN
LH,Labcorp Holdings Inc. Common Stock,N,LH
LHAI,Linkhome Holdings Inc. - Common stock,NASDAQ,LHAI
LHSW,Lianhe Sowell International Group Ltd - Class A Ordinary Shares,NASDAQ,LHSW
LHX,"L3Harris Technologies, Inc. Common Stock",N,LHX
LI,Li Auto Inc. - American Depositary Shares,NASDAQ,LI
LICN,Lichen International Limited - Class A Ordinary Shares,NASDAQ,LICN
LIDR,"AEye, Inc. - Class A Common Stock",NASDAQ,LIDR
LIDRW,"AEye, Inc. - Warrant",NASDAQ,LIDRW
LIEN,"Chicago Atlantic BDC, Inc. - Common Stock",NASDAQ,LIEN
LIF,"Life360, Inc. - Common Stock",NASDAQ,LIF
LIFE,Ethos Technologies Inc. - Class A Common Stock,NASDAQ,LIFE
LII,"Lennox International, Inc. Common Stock",N,LII
LILA,Liberty Latin America Ltd. - Class A Common Stock,NASDAQ,LILA
LILAK,Liberty Latin America Ltd. - Class C Common Stock,NASDAQ,LILAK
LIMN,"Liminatus Pharma, Inc. - Class A Common Stock",NASDAQ,LIMN
LIMNW,"Liminatus Pharma, Inc. - Warrants",NASDAQ,LIMNW
LIN,Linde plc - Ordinary Shares,NASDAQ,LIN
LINC,Lincoln Educational Services Corporation - Common Stock,NASDAQ,LINC
LIND,Lindblad Expeditions Holdings Inc.  - Common Stock,NASDAQ,LIND
LINE,"Lineage, Inc. - Common Stock",NASDAQ,LINE
LINK,"Interlink Electronics, Inc. - Common Stock",NASDAQ,LINK
LION,Lionsgate Studios Corp Common Shares,N,LION
LIQT,"LiqTech International, Inc. - Common Stock",NASDAQ,LIQT
LITB,"LightInTheBox Holding Co., Ltd. American Depositary Shares, each representing twelve ordinary shares",N,LITB
LITE,Lumentum Holdings Inc. - Common Stock,NASDAQ,LITE
LITS,"Lite Strategy, Inc. - Common Stock",NASDAQ,LITS
LIVE,Live Ventures Incorporated - Common Stock,NASDAQ,LIVE
LIVN,LivaNova PLC - Ordinary Shares,NASDAQ,LIVN
LIXT,"Lixte Biotechnology Holdings, Inc. - Common Stock",NASDAQ,LIXT
LKFN,Lakeland Financial Corporation - Common Stock,NASDAQ,LKFN
LKQ,LKQ Corporation - Common Stock,NASDAQ,LKQ
LKSP,Lake Superior Acquisition Corp. - Class A Ordinary Shares,NASDAQ,LKSP
LKSPR,Lake Superior Acquisition Corp. - Rights,NASDAQ,LKSPR
LKSPU,Lake Superior Acquisition Corp. - Units,NASDAQ,LKSPU
LLY,Eli Lilly and Company Common Stock,N,LLY
LLYVA,"Liberty Live Holdings, Inc. - Series A Liberty Live Group Common Stock",NASDAQ,LLYVA
LLYVK,"Liberty Live Holdings, Inc. - Series C Liberty Live Group Common Stock",NASDAQ,LLYVK
LMAT,"LeMaitre Vascular, Inc. - Common Stock",NASDAQ,LMAT
LMB,"Limbach Holdings, Inc. - Common Stock",NASDAQ,LMB
LMFA,"LM Funding America, Inc. - Common Stock",NASDAQ,LMFA
LMND,"Lemonade, Inc. Common Stock",N,LMND
LMNR,Limoneira Co - Common Stock,NASDAQ,LMNR
LMRI,"Lumexa Imaging Holdings, Inc. - Common Stock",NASDAQ,LMRI
LMT,Lockheed Martin Corporation Common Stock,N,LMT
LNAI,Lunai Bioworks Inc. - Common Stock,NASDAQ,LNAI
LNC,Lincoln National Corporation Common Stock,N,LNC
LND,Brasilagro Brazilian Agric Real Estate Co Sponsored ADR (Brazil),N,LND
LNG,"Cheniere Energy, Inc. Common Stock",N,LNG
LNKS,Linkers Industries Limited - Class A Ordinary Shares,NASDAQ,LNKS
LNN,Lindsay Corporation Common Stock,N,LNN
LNSR,"LENSAR, Inc. - Common Stock",NASDAQ,LNSR
LNT,Alliant Energy Corporation - Common Stock,NASDAQ,LNT
LNTH,"Lantheus Holdings, Inc. - Common Stock",NASDAQ,LNTH
LNZA,"LanzaTech Global, Inc. - Common Stock",NASDAQ,LNZA
LNZAW,"LanzaTech Global, Inc. - Warrant",NASDAQ,LNZAW
LOAN,"Manhattan Bridge Capital, Inc - Common Stock",NASDAQ,LOAN
LOAR,Loar Holdings Inc. Common Stock,N,LOAR
LOB,"Live Oak Bancshares, Inc. Common Stock",N,LOB
LOBO,LOBO TECHNOLOGIES LTD. - Class A Ordinary Shares,NASDAQ,LOBO
LOCL,Local Bounti Corporation Common Stock,N,LOCL
LOCO,"El Pollo Loco Holdings, Inc. - Common Stock",NASDAQ,LOCO
LODE,Comstock Inc. Common Stock,A,LODE
LOGI,Logitech International S.A. - Registered Shares,NASDAQ,LOGI
LOKV,Live Oak Acquisition Corp. V - Class A Ordinary Shares,NASDAQ,LOKV
LOKVU,Live Oak Acquisition Corp. V - Units,NASDAQ,LOKVU
LOKVW,Live Oak Acquisition Corp. V - Warrants,NASDAQ,LOKVW
LOMA,Loma Negra Compania Industrial Argentina Sociedad Anonima ADS,N,LOMA
LONA,"LeonaBio, Inc. - Common Stock",NASDAQ,LONA
LOOP,"Loop Industries, Inc. - Common Stock",NASDAQ,LOOP
LOPE,"Grand Canyon Education, Inc. - Common Stock",NASDAQ,LOPE
LOT,Lotus Technology Inc. - American Depositary Shares,NASDAQ,LOT
LOTWW,Lotus Technology Inc. - Warrants,NASDAQ,LOTWW
LOVE,The Lovesac Company - Common Stock,NASDAQ,LOVE
LOW,"Lowe's Companies, Inc. Common Stock",N,LOW
LPA,Logistic Properties of the Americas Ordinary Shares,A,LPA
LPAA,Launch One Acquisition Corp. - Class A Ordinary Shares,NASDAQ,LPAA
LPAAU,Launch One Acquisition Corp. - Unit,NASDAQ,LPAAU
LPAAW,Launch One Acquisition Corp. - Warrant,NASDAQ,LPAAW
LPBB,Launch Two Acquisition Corp. - Class A Ordinary Shares,NASDAQ,LPBB
LPBBU,Launch Two Acquisition Corp. - Unit,NASDAQ,LPBBU
LPBBW,Launch Two Acquisition Corp. - Warrant,NASDAQ,LPBBW
LPCN,Lipocine Inc. - Common Stock,NASDAQ,LPCN
LPCV,Launchpad Cadenza Acquisition Corp I - Class A Ordinary Share,NASDAQ,LPCV
LPCVU,Launchpad Cadenza Acquisition Corp I - Unit,NASDAQ,LPCVU
LPCVW,Launchpad Cadenza Acquisition Corp I - Warrant,NASDAQ,LPCVW
LPG,Dorian LPG Ltd. Common Stock,N,LPG
LPL,"LG Display Co, Ltd AMERICAN DEPOSITORY SHARES",N,LPL
LPLA,LPL Financial Holdings Inc. - Common Stock,NASDAQ,LPLA
LPRO,Open Lending Corporation - Common Stock,NASDAQ,LPRO
LPSN,"LivePerson, Inc. - Common Stock",NASDAQ,LPSN
LPTH,"LightPath Technologies, Inc. - Class A Common Stock",NASDAQ,LPTH
LPX,Louisiana-Pacific Corporation Common Stock,N,LPX
LQDA,Liquidia Corporation - Common Stock,NASDAQ,LQDA
LQDT,"Liquidity Services, Inc. - Common Stock",NASDAQ,LQDT
LRCX,Lam Research Corporation - Common Stock,NASDAQ,LRCX
LRE,"Lead Real Estate Co., Ltd - American Depositary Shares",NASDAQ,LRE
LRHC,La Rosa Holdings Corp. - Common Stock,NASDAQ,LRHC
LRMR,"Larimar Therapeutics, Inc. - Common Stock",NASDAQ,LRMR
LRN,"Stride, Inc. Common Stock",N,LRN
LSAK,"Lesaka Technologies, Inc. - Common Stock",NASDAQ,LSAK
LSBK,"Lake Shore Bancorp, Inc. - Common Stock",NASDAQ,LSBK
LSCC,Lattice Semiconductor Corporation - Common Stock,NASDAQ,LSCC
LSE,"Leishen Energy Holding Co., Ltd. - Class A Ordinary Shares",NASDAQ,LSE
LSF,"Laird Superfood, Inc. Common Stock",A,LSF
LSH,Lakeside Holding Limited - Common Stock,NASDAQ,LSH
LSPD,Lightspeed Commerce Inc. Subordinate Voting Shares,N,LSPD
LSTA,"Lisata Therapeutics, Inc. - Common Stock",NASDAQ,LSTA
LSTR,"Landstar System, Inc. - Common Stock",NASDAQ,LSTR
LTBR,Lightbridge Corporation - Common Stock,NASDAQ,LTBR
LTC,"LTC Properties, Inc. Common Stock",N,LTC
LTH,"Life Time Group Holdings, Inc. Common Stock",N,LTH
LTM,"LATAM Airlines Group S.A. American Depositary Shares (each representing two thousand (2,000) shares of Common Stock)",N,LTM
LTRN,Lantern Pharma Inc. - Common Stock,NASDAQ,LTRN
LTRX,"Lantronix, Inc. - Common Stock",NASDAQ,LTRX
LTRYW,Sports Entertainment Gaming Global Corporation  - Warrant,NASDAQ,LTRYW
LU,"Lufax Holding Ltd American Depositary Shares, each representing two (2) Ordinary Shares",N,LU
LUCD,Lucid Diagnostics Inc. - Common Stock,NASDAQ,LUCD
LUCK,Lucky Strike Entertainment Corporation Class A Common Stock,N,LUCK
LUCY,"Innovative Eyewear, Inc. - Common Stock",NASDAQ,LUCY
LUCYW,"Innovative Eyewear, Inc. - Warrants",NASDAQ,LUCYW
LUD,Luda Technology Group Limited Ordinary Shares,A,LUD
LULU,lululemon athletica inc. - Common Stock,NASDAQ,LULU
LUMN,"Lumen Technologies, Inc. Common Stock",N,LUMN
LUNG,Pulmonx Corporation - Common Stock,NASDAQ,LUNG
LUNR,"Intuitive Machines, Inc. - Class A Common Stock",NASDAQ,LUNR
LUV,Southwest Airlines Company Common Stock,N,LUV
LUXE,"LuxExperience B.V. American Depositary Shares, each representing one Ordinary Share",N,LUXE
LVLU,"Lulu's Fashion Lounge Holdings, Inc. - Common Stock",NASDAQ,LVLU
LVO,"LiveOne, Inc. - Common Stock",NASDAQ,LVO
LVS,Las Vegas Sands Corp. Common Stock,N,LVS
LVWR,"LiveWire Group, Inc. Common Stock",N,LVWR
LVWR.W,"LiveWire Group, Inc. Warrants, each exercisable for one share of Common Stock at an exercise price of $11.50 per share",N,LVWR-W
LW,"Lamb Weston Holdings, Inc. Common Stock ",N,LW
LWAC,LightWave Acquisition Corp. - Class A Ordinary Shares,NASDAQ,LWAC
LWACU,LightWave Acquisition Corp. - Units,NASDAQ,LWACU
LWACW,LightWave Acquisition Corp. - Warrants,NASDAQ,LWACW
LWAY,"Lifeway Foods, Inc. - Common Stock",NASDAQ,LWAY
LWLG,"Lightwave Logic, Inc. - Common Stock",NASDAQ,LWLG
LX,LexinFintech Holdings Ltd. - American Depositary Shares,NASDAQ,LX
LXEH,"Lixiang Education Holding Co., Ltd. - American Depositary Shares",NASDAQ,LXEH
LXEO,"Lexeo Therapeutics, Inc. - Common Stock",NASDAQ,LXEO
LXFR,Luxfer Holdings PLC Ordinary Shares,N,LXFR
LXP,LXP Industrial Trust Common Stock (Maryland REIT),N,LXP
LXRX,"Lexicon Pharmaceuticals, Inc. - Common Stock",NASDAQ,LXRX
LXU,"LSB Industries, Inc. Common Stock",N,LXU
LYB,LyondellBasell Industries NV Ordinary Shares Class A (Netherlands),N,LYB
LYEL,"Lyell Immunopharma, Inc. - Common Stock",NASDAQ,LYEL
LYFT,"Lyft, Inc. - Class A Common Stock",NASDAQ,LYFT
LYG,Lloyds Banking Group Plc American Depositary Shares,N,LYG
LYTS,LSI Industries Inc. - Common Stock,NASDAQ,LYTS
LYV,"Live Nation Entertainment, Inc. Common Stock",N,LYV
LZ,"LegalZoom.com, Inc. - Common Stock",NASDAQ,LZ
LZB,La-Z-Boy Incorporated Common Stock,N,LZB
LZM,Lifezone Metals Limited Ordinary Shares,N,LZM
LZM.W,Lifezone Metals Limited Warrants,N,LZM-W
LZMH,LZ Technology Holdings Limited - Class B Ordinary Shares,NASDAQ,LZMH
M,Macy's Inc Common Stock,N,M
MA,Mastercard Incorporated Common Stock,N,MA
MAA,"Mid-America Apartment Communities, Inc. Common Stock",N,MAA
MAAS,Maase Inc. - Class A Ordinary Shares,NASDAQ,MAAS
MAC,Macerich Company (The) Common Stock,N,MAC
MACI,Melar Acquisition Corp. I - Class A Ordinary Shares,NASDAQ,MACI
MACIU,Melar Acquisition Corp. I - Unit,NASDAQ,MACIU
MACIW,Melar Acquisition Corp. I - Warrant,NASDAQ,MACIW
MAGH,Magnitude International Ltd - Ordinary Shares,NASDAQ,MAGH
MAGN,Magnera Corporation Common Stock,N,MAGN
MAIA,"MAIA Biotechnology, Inc. Common Stock",A,MAIA
MAIN,Main Street Capital Corporation Common Stock,N,MAIN
MAIR,Madison Air Solutions Corporation Class A Common Stock,N,MAIR
MAKO,Mako Mining Corp - Common Stock,NASDAQ,MAKO
MAMA,"Mama's Creations, Inc. - Common Stock",NASDAQ,MAMA
MAMK,MaxsMaking Inc. - Class A Ordinary Shares,NASDAQ,MAMK
MAMO,Massimo Group - Common Stock,NASDAQ,MAMO
MAN,ManpowerGroup Common Stock,N,MAN
MANE,"Veradermics, Incorporated Common Stock",N,MANE
MANH,"Manhattan Associates, Inc. - Common Stock",NASDAQ,MANH
MANU,Manchester United Ltd. Class A Ordinary Shares,N,MANU
MAR,Marriott International - Class A Common Stock,NASDAQ,MAR
MARA,"MARA Holdings, Inc. - Common Stock",NASDAQ,MARA
MARPS,Marine Petroleum Trust - Units of Beneficial Interest,NASDAQ,MARPS
MAS,Masco Corporation Common Stock,N,MAS
MASI,Masimo Corporation - Common Stock,NASDAQ,MASI
MASK,3 E Network Technology Group Ltd - Class A Ordinary Shares,NASDAQ,MASK
MASS,908 Devices Inc. - Common Stock,NASDAQ,MASS
MAT,"Mattel, Inc. - Common Stock",NASDAQ,MAT
MATH,Metalpha Technology Holding Limited - Ordinary Shares,NASDAQ,MATH
MATV,"Mativ Holdings, Inc. Common Stock",N,MATV
MATW,Matthews International Corporation - Class A Common Stock,NASDAQ,MATW
MATX,"Matson, Inc. Common Stock",N,MATX
MAX,"MediaAlpha, Inc. Class A Common Stock",N,MAX
MAYS,"J. W. Mays, Inc. - Common Stock",NASDAQ,MAYS
MAZE,"Maze Therapeutics, Inc. - Common Stock",NASDAQ,MAZE
MB,MasterBeef Group - Ordinary Shares,NASDAQ,MB
MBAI,Check-Cap Ltd. - Ordinary Share,NASDAQ,MBAI
MBAV,M3-Brigade Acquisition V Corp. - Class A Ordinary shares,NASDAQ,MBAV
MBAVU,M3-Brigade Acquisition V Corp. - Units,NASDAQ,MBAVU
MBAVW,M3-Brigade Acquisition V Corp. - Warrant,NASDAQ,MBAVW
MBBC,"Marathon Bancorp, Inc. - Common Stock",NASDAQ,MBBC
MBC,"MasterBrand, Inc. Common Stock",N,MBC
MBI,MBIA Inc. Common Stock,N,MBI
MBIN,Merchants Bancorp - Common Stock,NASDAQ,MBIN
MBINL,"Merchants Bancorp - Depositary Shares, Each Representing a 1/40th Interest in a Share of 7.625% Fixed Rate Series E Non-Cumulative Perpetual Preferred Stock, without par value",NASDAQ,MBINL
MBINM,"Merchants Bancorp - Depositary Shares, Each Representing a 1/40th Interest in a Share of 8.25% Fixed-Rate Reset Series D Non-Cumulative Perpetual Preferred Stock",NASDAQ,MBINM
MBINN,Merchants Bancorp - Depositary Shares 6.00% Fixed Rate Series C Non-Cumulative Perpetual Preferred Stock,NASDAQ,MBINN
MBIO,"Mustang Bio, Inc. - Common Stock",NASDAQ,MBIO
MBLY,Mobileye Global Inc. - Class A Common Stock,NASDAQ,MBLY
MBNKO,"Medallion Bank - Fixed-Rate Reset Non-Cumulative Perpetual Preferred Stock, Series G, par value $1.00 per share",NASDAQ,MBNKO
MBOT,Microbot Medical Inc.  - Common Stock,NASDAQ,MBOT
MBRX,"Moleculin Biotech, Inc. - Common Stock",NASDAQ,MBRX
MBUU,"Malibu Boats, Inc. - Common Stock",NASDAQ,MBUU
MBVI,M3-Brigade Acquisition VI Corp. - Class A Ordinary Shares,NASDAQ,MBVI
MBVIU,M3-Brigade Acquisition VI Corp. - Units,NASDAQ,MBVIU
MBVIW,M3-Brigade Acquisition VI Corp. - Warrant,NASDAQ,MBVIW
MBWM,Mercantile Bank Corporation - Common Stock,NASDAQ,MBWM
MBX,"MBX Biosciences, Inc. - Common Stock",NASDAQ,MBX
MC,Moelis & Company Class A Common Stock,N,MC
MCAHU,Mountain Crest Acquisition 6 Corp. - Units,NASDAQ,MCAHU
MCB,Metropolitan Bank Holding Corp. Common Stock,N,MCB
MCBS,"MetroCity Bankshares, Inc. - Common Stock",NASDAQ,MCBS
MCD,McDonald's Corporation Common Stock,N,MCD
MCFT,"MasterCraft Boat Holdings, Inc. - Common Stock",NASDAQ,MCFT
MCGA,Yorkville Acquisition Corp. - Class A Ordinary Share,NASDAQ,MCGA
MCGAU,Yorkville Acquisition Corp. - Unit,NASDAQ,MCGAU
MCGAW,Yorkville Acquisition Corp. - Warrant,NASDAQ,MCGAW
MCHB,Mechanics Bancorp - Class A Common Stock,NASDAQ,MCHB
MCHP,Microchip Technology Incorporated - Common Stock,NASDAQ,MCHP
MCHPP,Microchip Technology Incorporated - Depositary Shares Each Representing a 1/20th Interest in a Share of 7.50% Series A Mandatory Convertible Preferred Stock,NASDAQ,MCHPP
MCHX,"Marchex, Inc. - Class B Common Stock",NASDAQ,MCHX
MCI,Barings Corporate Investors Common Stock,N,MCI
MCK,McKesson Corporation Common Stock,N,MCK
MCN,XAI Madison Equity Premium Income Fund Common Shares,N,MCN
MCO,Moody's Corporation Common Stock,N,MCO
MCR,MFS Charter Income Trust Common Stock,N,MCR
MCRB,"Seres Therapeutics, Inc. - Common Stock",NASDAQ,MCRB
MCRI,"Monarch Casino & Resort, Inc. - Common Stock",NASDAQ,MCRI
MCRP,Micropolis AI Robotics Ordinary Shares,A,MCRP
MCS,Marcus Corporation (The) Common Stock,N,MCS
MCTA,Charming Medical Limited - Class A Ordinary Shares,NASDAQ,MCTA
MCW,"Mister Car Wash, Inc. - Common Stock",NASDAQ,MCW
MCY,Mercury General Corporation Common Stock,N,MCY
MD,"Pediatrix Medical Group, Inc. Common Stock",N,MD
MDA,MDA Space Ltd. Common Shares,N,MDA
MDAI,"Spectral AI, Inc. - Class A Common Stock",NASDAQ,MDAI
MDAIW,"Spectral AI, Inc. - Warrants",NASDAQ,MDAIW
MDB,"MongoDB, Inc. - Class A Common Stock",NASDAQ,MDB
MDBH,"MDB Capital Holdings, LLC - Class A common ",NASDAQ,MDBH
MDCX,Medicus Pharma Ltd. - Common Stock,NASDAQ,MDCX
MDCXW,Medicus Pharma Ltd. - Warrant,NASDAQ,MDCXW
MDGL,"Madrigal Pharmaceuticals, Inc. - Common Stock",NASDAQ,MDGL
MDIA,Mediaco Holding Inc. - Class A Common Stock,NASDAQ,MDIA
MDLN,Medline Inc. - Class A common stock,NASDAQ,MDLN
MDLZ,"Mondelez International, Inc. - Class A Common Stock",NASDAQ,MDLZ
MDRR,"Medalist Diversified, Inc. - Common Stock",NASDAQ,MDRR
MDT,Medtronic plc. Ordinary Shares,N,MDT
MDU,"MDU Resources Group, Inc. Common Stock (Holding Company)",N,MDU
MDV,"Modiv Industrial, Inc. Class C Common Stock",N,MDV
MDWD,MediWound Ltd. - Ordinary Shares,NASDAQ,MDWD
MDXG,"MiMedx Group, Inc - Common Stock",NASDAQ,MDXG
MDXH,MDxHealth SA - Ordinary Shares,NASDAQ,MDXH
MEC,"Mayville Engineering Company, Inc. Common Stock",N,MEC
MED,MEDIFAST INC Common Stock,N,MED
MEDP,"Medpace Holdings, Inc. - Common Stock",NASDAQ,MEDP
MEG,"Montrose Environmental Group, Inc. Common Stock",N,MEG
MEGI,NYLI CBRE Global Infrastructure Megatrends Term Fund Common Shares,N,MEGI
MEGL,Magic Empire Global Limited - Class A Ordinary Shares,NASDAQ,MEGL
MEHA,"Functional Brands, Inc. - Common Stock",NASDAQ,MEHA
MEI,"Methode Electronics, Inc. Common Stock",N,MEI
MELI,"MercadoLibre, Inc. - Common Stock",NASDAQ,MELI
MENS,Jyong Biotech Ltd. - Ordinary shares,NASDAQ,MENS
MEOH,Methanex Corporation - Common Stock,NASDAQ,MEOH
MERC,Mercer International Inc. - Common Stock,NASDAQ,MERC
MESH,Meshflow Acquisition Corp. - Class A Ordinary Shares,NASDAQ,MESH
MESHU,Meshflow Acquisition Corp. - Units,NASDAQ,MESHU
MESHW,Meshflow Acquisition Corp. - Warrants,NASDAQ,MESHW
MESO,Mesoblast Limited - American Depositary Shares,NASDAQ,MESO
MET,"MetLife, Inc. Common Stock",N,MET
META,"Meta Platforms, Inc. - Class A Common Stock",NASDAQ,META
METC,"Ramaco Resources, Inc. - Class A Common Stock",NASDAQ,METC
METCB,"Ramaco Resources, Inc. - Class B Common Stock",NASDAQ,METCB
METCI,"Ramaco Resources, Inc. - 8.250% Senior Notes due 2030",NASDAQ,METCI
METCZ,"Ramaco Resources, Inc. - 8.375% Senior Notes due 2029",NASDAQ,METCZ
MEVO,M Evo Global Acquisition Corp II - Class A Ordinary Shares,NASDAQ,MEVO
MEVOU,M Evo Global Acquisition Corp II - Units,NASDAQ,MEVOU
MEVOW,M Evo Global Acquisition Corp II - Warrants,NASDAQ,MEVOW
MFA,"MFA Financial, Inc.",N,MFA
MFAN,"MFA Financial, Inc. 8.875% Senior Notes due 2029",N,MFAN
MFAO,"MFA Financial, Inc. 9.000% Senior Notes due 2029",N,MFAO
MFC,Manulife Financial Corporation Common Stock,N,MFC
MFG,"Mizuho Financial Group, Inc. Sponosred ADR (Japan)",N,MFG
MFI,mF International Limited - Class A Ordinary Shares,NASDAQ,MFI
MFIC,MidCap Financial Investment Corporation - Closed End Fund,NASDAQ,MFIC
MFICL,MidCap Financial Investment Corporation - 8.00% Notes due 2028,NASDAQ,MFICL
MFIN,Medallion Financial Corp. - Common Stock,NASDAQ,MFIN
MFM,MFS Municipal Income Trust Common Stock,N,MFM
MG,Mistras Group Inc Common Stock,N,MG
MGA,"Magna International, Inc. Common Stock",N,MGA
MGEE,MGE Energy Inc. - Common Stock,NASDAQ,MGEE
MGF,MFS Government Markets Income Trust Common Stock,N,MGF
MGIH,Millennium Group International Holdings Limited - Ordinary Shares,NASDAQ,MGIH
MGLD,"The Marygold Companies, Inc. Common Stock",A,MGLD
MGM,MGM Resorts International Common Stock,N,MGM
MGN,Megan Holdings Limited - Class A Ordinary Shares,NASDAQ,MGN
MGNI,"Magnite, Inc. - Common Stock",NASDAQ,MGNI
MGNX,"MacroGenics, Inc. - Common Stock",NASDAQ,MGNX
MGPI,"MGP Ingredients, Inc. - Common Stock",NASDAQ,MGPI
MGR,"Affiliated Managers Group, Inc. 5.875% Junior Subordinated Notes due 2059",N,MGR
MGRB,"Affiliated Managers Group, Inc. 4.750% Junior Subordinated Notes due 2060",N,MGRB
MGRC,McGrath RentCorp - Common Stock,NASDAQ,MGRC
MGRD,"Affiliated Managers Group, Inc. 4.200% Junior Subordinated Notes due 2061",N,MGRD
MGRE,"Affiliated Managers Group, Inc. 6.750% Junior Subordinated Notes due 2064",N,MGRE
MGRT,Mega Fortune Company Limited - Ordinary Shares,NASDAQ,MGRT
MGRX,"Mangoceuticals, Inc. - Common Stock",NASDAQ,MGRX
MGTX,MeiraGTx Holdings plc - Ordinary Shares,NASDAQ,MGTX
MGX,"Metagenomi Therapeutics, Inc. - Common Stock",NASDAQ,MGX
MGY,Magnolia Oil & Gas Corporation Class A Common Stock,N,MGY
MGYR,"Magyar Bancorp, Inc. - Common Stock",NASDAQ,MGYR
MH,"McGraw Hill, Inc. Common Stock",N,MH
MHD,"Blackrock MuniHoldings Fund, Inc. Common Stock",N,MHD
MHF,"Western Asset Municipal High Income Fund, Inc. Common Stock",N,MHF
MHH,"Mastech Digital, Inc Common Stock",A,MHH
MHK,"Mohawk Industries, Inc. Common Stock",N,MHK
MHLA,"Maiden Holdings, Ltd. 6.625% Notes due 2046",N,MHLA
MHNC,"Maiden Holdings North America, Ltd. 7.75% Notes due 2043",N,MHNC
MHO,"M/I Homes, Inc. Common Stock",N,MHO
MI,NFT Limited Class A Ordinary Share,A,MI
MIAX,"Miami International Holdings, Inc. Common Stock",N,MIAX
MICC,The Magnum Ice Cream Company N.V. Ordinary Shares,N,MICC
MIDD,The Middleby Corporation - Common Stock,NASDAQ,MIDD
MIMI,Mint Incorporation Limited - Class A Ordinary Shares,NASDAQ,MIMI
MIN,MFS Intermediate Income Trust Common Stock,N,MIN
MIND,"MIND Technology, Inc. - Common Stock",NASDAQ,MIND
MINE,Mayfair Gold Corp. Common Shares,A,MINE
MIR,"Mirion Technologies, Inc. Class A Common Stock",N,MIR
MIRA,"MIRA Pharmaceuticals, Inc. - Common Stock",NASDAQ,MIRA
MIRM,"Mirum Pharmaceuticals, Inc. - common stock",NASDAQ,MIRM
MIST,Milestone Pharmaceuticals Inc. - Common Shares,NASDAQ,MIST
MITK,"Mitek Systems, Inc. - Common Stock",NASDAQ,MITK
MITN,"TPG Mortgage Investment Trust, Inc. 9.500% Senior Notes due 2029",N,MITN
MITP,"TPG Mortgage Investment Trust, Inc. 9.500% Senior Notes due 2029",N,MITP
MITQ,"Moving iMage Technologies, Inc. Common Stock",A,MITQ
MITT,"TPG Mortgage Investment Trust, Inc. Common Stock",N,MITT
MIY,"Blackrock MuniYield Michigan Quality Fund, Inc. Common Stock",N,MIY
MKC,"McCormick & Company, Incorporated Common Stock",N,MKC
MKC.V,"McCormick & Company, Incorporated Common Stock",N,MKC-V
MKDW,MKDWELL Tech Inc. - Ordinary Shares,NASDAQ,MKDW
MKDWW,MKDWELL Tech Inc. - Warrants,NASDAQ,MKDWW
MKL,Markel Group Inc. Common Stock,N,MKL
MKLY,McKinley Acquisition Corporation - Class A Ordinary Shares,NASDAQ,MKLY
MKLYR,McKinley Acquisition Corporation - Rights,NASDAQ,MKLYR
MKLYU,McKinley Acquisition Corporation - Units,NASDAQ,MKLYU
MKSI,MKS Inc. - Common Stock,NASDAQ,MKSI
MKTW,"MarketWise, Inc. - Class A Common Stock",NASDAQ,MKTW
MKTX,"MarketAxess Holdings, Inc. - Common Stock",NASDAQ,MKTX
MKZR,"MacKenzie Realty Capital, Inc. - Common Stock",NASDAQ,MKZR
MLAA,Mountain Lake Acquisition Corp. II - Class A Ordinary Shares,NASDAQ,MLAA
MLAAU,Mountain Lake Acquisition Corp. II - Units,NASDAQ,MLAAU
MLAAW,Mountain Lake Acquisition Corp. II - Warrants,NASDAQ,MLAAW
MLAB,"Mesa Laboratories, Inc. - Common Stock",NASDAQ,MLAB
MLAC,Mountain Lake Acquisition Corp. - Class A Ordinary Shares,NASDAQ,MLAC
MLACR,Mountain Lake Acquisition Corp. - Right,NASDAQ,MLACR
MLACU,Mountain Lake Acquisition Corp. - Units,NASDAQ,MLACU
MLCI,Mount Logan Capital Inc. - Common Stock,NASDAQ,MLCI
MLCIL,Mount Logan Capital Inc. - 8.00% Notes Due 2031,NASDAQ,MLCIL
MLCO,Melco Resorts & Entertainment Limited - American Depositary Shares ,NASDAQ,MLCO
MLEC,Moolec Science SA - Ordinary Shares,NASDAQ,MLEC
MLECW,Moolec Science SA - Warrant,NASDAQ,MLECW
MLGO,"MicroAlgo, Inc. - Ordinary Shares",NASDAQ,MLGO
MLI,"Mueller Industries, Inc. Common Stock",N,MLI
MLKN,"MillerKnoll, Inc. - Common Stock",NASDAQ,MLKN
MLM,"Martin Marietta Materials, Inc. Common Stock",N,MLM
MLP,"Maui Land & Pineapple Company, Inc. Common Stock",N,MLP
MLPB,"ETRACS Alerian MLP Infrastructure Index ETN Series B due April 2, 2040",P,MLPB
MLR,"Miller Industries, Inc. Common Stock",N,MLR
MLSS,"Milestone Scientific, Inc. Common Stock",A,MLSS
MLTX,MoonLake Immunotherapeutics - Class A Ordinary Shares,NASDAQ,MLTX
MLYS,"Mineralys Therapeutics, Inc. - Common Stock",NASDAQ,MLYS
MMA,Mixed Martial Arts Group Limited Ordinary Shares,A,MMA
MMD,NYLI MacKay DefinedTerm Muni Opportunities Fund Common Shares,N,MMD
MMED,"MiniMed Group, Inc. - Common Stock",NASDAQ,MMED
MMI,"Marcus & Millichap, Inc. Common Stock",N,MMI
MMLP,Martin Midstream Partners L.P. - Common Units Representing Limited Partnership Interests,NASDAQ,MMLP
MMM,3M Company Common Stock,N,MMM
MMS,"Maximus, Inc. Common Stock",N,MMS
MMSI,"Merit Medical Systems, Inc. - Common Stock",NASDAQ,MMSI
MMT,MFS Multimarket Income Trust Common Stock,N,MMT
MMTX,Miluna Acquisition Corp - Class A Ordinary Shares,NASDAQ,MMTX
MMTXU,Miluna Acquisition Corp - Units,NASDAQ,MMTXU
MMTXW,Miluna Acquisition Corp - Warrant,NASDAQ,MMTXW
MMU,"Western Asset Managed Municipals Fund, Inc. Common Stock",N,MMU
MMYT,MakeMyTrip Limited - Ordinary Shares,NASDAQ,MMYT
MNDO,MIND C.T.I. Ltd. - Ordinary Shares,NASDAQ,MNDO
MNDR,Mobile-health Network Solutions - Class A Ordinary Shares,NASDAQ,MNDR
MNDY,monday.com Ltd. - Ordinary Shares,NASDAQ,MNDY
MNKD,MannKind Corporation - Common Stock,NASDAQ,MNKD
MNOV,"MediciNova, Inc. - Common Stock",NASDAQ,MNOV
MNPR,Monopar Therapeutics Inc. - Common Stock,NASDAQ,MNPR
MNR,Mach Natural Resources LP Common Units representing Limited Partner Interests,N,MNR
MNRO,"Monro, Inc.  - Common Stock",NASDAQ,MNRO
MNSB,"MainStreet Bancshares, Inc. - Common Stock",NASDAQ,MNSB
MNSBP,"MainStreet Bancshares, Inc. - Depositary Shares",NASDAQ,MNSBP
MNSO,"MINISO Group Holding Limited American Depositary Shares, each representing four Ordinary Shares",N,MNSO
MNST,Monster Beverage Corporation - Common Stock,NASDAQ,MNST
MNTK,"Montauk Renewables, Inc. - Common Stock",NASDAQ,MNTK
MNTN,"MNTN, Inc. Class A Common Stock",N,MNTN
MNTS,Momentus Inc. - Class A Common Stock,NASDAQ,MNTS
MNTSW,Momentus Inc. - Warrant,NASDAQ,MNTSW
MNY,MoneyHero Limited - Class A Ordinary Shares,NASDAQ,MNY
MNYWW,MoneyHero Limited - Warrants,NASDAQ,MNYWW
MO,"Altria Group, Inc.",N,MO
MOB,Mobilicom Limited - Ordinary Shares,NASDAQ,MOB
MOBBW,Mobilicom Limited - Warrants,NASDAQ,MOBBW
MOBX,"Mobix Labs, Inc. - Class A Common Stock",NASDAQ,MOBX
MOBXW,"Mobix Labs, Inc. - Warrants",NASDAQ,MOBXW
MOD,Modine Manufacturing Company Common Stock,N,MOD
MODD,"Modular Medical, Inc. - common stock",NASDAQ,MODD
MOG.A,Moog Inc. Class A Common Stock,N,MOG-A
MOG.B,Moog Inc. Class B Common Stock,N,MOG-B
MOGU,MOGU Inc. American Depositary Shares (each  representing 25 Class A Ordinary Shares),N,MOGU
MOH,Molina Healthcare Inc Common Stock,N,MOH
MOLN,Molecular Partners AG - American Depositary Shares,NASDAQ,MOLN
MOMO,Hello Group Inc.  - American Depositary Shares,NASDAQ,MOMO
MORN,"Morningstar, Inc. - Common Stock",NASDAQ,MORN
MOS,Mosaic Company (The) Common Stock,N,MOS
MOV,Movado Group Inc. Common Stock,N,MOV
MOVE,"Corvex, Inc. - Common Stock",NASDAQ,MOVE
MP,MP Materials Corp. Common Stock,N,MP
MPA,Blackrock MuniYield Pennsylvania Quality Fund Common Stock,N,MPA
MPAA,"Motorcar Parts of America, Inc. - Common Stock",NASDAQ,MPAA
MPB,Mid Penn Bancorp - Common Stock,NASDAQ,MPB
MPC,Marathon Petroleum Corporation Common Stock,N,MPC
MPLT,"MapLight Therapeutics, Inc. - Common Stock",NASDAQ,MPLT
MPLX,MPLX LP Common Units Representing Limited Partner Interests,N,MPLX
MPT,"Medical Properties Trust, Inc. common stock",N,MPT
MPTI,"M-tron Industries, Inc. Common Stock",A,MPTI
MPU,Mega Matrix Inc. Class A Ordinary Shares,A,MPU
MPV,Barings Participation Investors Common Stock,N,MPV
MPWR,"Monolithic Power Systems, Inc. - Common Stock",NASDAQ,MPWR
MPX,Marine Products Corporation Common Stock,N,MPX
MQ,"Marqeta, Inc. - Class A Common Stock",NASDAQ,MQ
MQY,"Blackrock MuniYield Quality Fund, Inc. Common Stock",N,MQY
MRAM,"Everspin Technologies, Inc. - Common Stock",NASDAQ,MRAM
MRBK,Meridian Corporation - Common Stock,NASDAQ,MRBK
MRCY,Mercury Systems Inc - Common Stock,NASDAQ,MRCY
MRDN,Meridian Holdings Inc. - Common Stock,NASDAQ,MRDN
MREO,Mereo BioPharma Group plc - American Depositary Shares,NASDAQ,MREO
MRK,"Merck & Company, Inc. Common Stock (new)",N,MRK
MRKR,"Marker Therapeutics, Inc. - Common Stock",NASDAQ,MRKR
MRLN,"Merlin, Inc. - Common Stock",NASDAQ,MRLN
MRM,MEDIROM Healthcare Technologies Inc. - American Depositary Share,NASDAQ,MRM
MRNA,"Moderna, Inc. - Common Stock",NASDAQ,MRNA
MRNO,Murano Global Investments PLC - Ordinary Shares,NASDAQ,MRNO
MRNOW,Murano Global Investments PLC - Warrants,NASDAQ,MRNOW
MRP,"Millrose Properties, Inc. Class A Common Stock",N,MRP
MRSH,Marsh Common Stock,N,MRSH
MRT,"Marti Technologies, Inc. Class A Ordinary Shares",A,MRT
MRTN,"Marten Transport, Ltd. - Common Stock",NASDAQ,MRTN
MRVI,"Maravai LifeSciences Holdings, Inc. - Class A common stock",NASDAQ,MRVI
MRVL,"Marvell Technology, Inc. - Common Stock",NASDAQ,MRVL
MRX,Marex Group plc - Ordinary Shares,NASDAQ,MRX
MS,Morgan Stanley Common Stock,N,MS
MSA,MSA Safety Incorporated Common Stock,N,MSA
MSAI,"MultiSensor AI Holdings, Inc. - Common Stock",NASDAQ,MSAI
MSAIW,"MultiSensor AI Holdings, Inc. - Warrants",NASDAQ,MSAIW
MSB,Mesabi Trust Common Stock,N,MSB
MSBI,"Midland States Bancorp, Inc. - Common Stock",NASDAQ,MSBI
MSBIP,"Midland States Bancorp, Inc. - Depositary Shares Each Representing a 1/40th Interest in a Share of 7.750% Fixed-Rate Reset Non-Cumulative Perpetual Preferred Stock, Series A",NASDAQ,MSBIP
MSC,"Studio City International Holdings Limited American depositary shares, each representing four  Class A ordinary shares",N,MSC
MSCI,MSCI Inc. Common Stock,N,MSCI
MSD,"Morgan Stanley Emerging Markets Debt Fund, Inc. Common Stock",N,MSD
MSDL,Morgan Stanley Direct Lending Fund Common Stock,N,MSDL
MSEX,Middlesex Water Company - Common Stock,NASDAQ,MSEX
MSFT,Microsoft Corporation - Common Stock,NASDAQ,MSFT
MSGE,Madison Square Garden Entertainment Corp. Class A Common Stock,N,MSGE
MSGM,Motorsport Games Inc. - Class A Common Stock,NASDAQ,MSGM
MSGS,Madison Square Garden Sports Corp. Class A Common Stock (New),N,MSGS
MSGY,Masonglory Limited - Ordinary Shares,NASDAQ,MSGY
MSI,"Motorola Solutions, Inc. Common Stock",N,MSI
MSIF,"MSC Income Fund, Inc. Common Stock",N,MSIF
MSLE,Satellos Bioscience Inc. - Common Stock,NASDAQ,MSLE
MSM,"MSC Industrial Direct Company, Inc. Common Stock",N,MSM
MSN,Emerson Radio Corporation Common Stock,A,MSN
MSS,Maison Solutions Inc. - Class A Common Stock,NASDAQ,MSS
MSTR,Strategy Inc - Class A Common Stock,NASDAQ,MSTR
MSW,Ming Shing Group Holdings Limited - Ordinary Shares,NASDAQ,MSW
MT,Arcelor Mittal NY Registry Shares NEW,N,MT
MTA,Metalla Royalty & Streaming Ltd. Common Shares,A,MTA
MTAL,Metals Acquisition Corp. II Class A Ordinary Shares,N,MTAL
MTAL.U,"Metals Acquisition Corp. II Units, each consisting of one Class A ordinary share and one-third of one redeemable warrant",N,MTAL-U
MTAL.W,"Metals Acquisition Corp. II Warrants, each whole warrant exercisable for one Class A ordinary share at an exercise price of $11.50 per share",N,MTAL-W
MTB,M&T Bank Corporation Common Stock,N,MTB
MTC,"MMTec, Inc. - Common Shares",NASDAQ,MTC
MTCH,"Match Group, Inc. - Common Stock",NASDAQ,MTCH
MTD,"Mettler-Toledo International, Inc. Common Stock",N,MTD
MTDR,Matador Resources Company Common Stock,N,MTDR
MTEK,Maris-Tech Ltd. - ordinary shares,NASDAQ,MTEK
MTEKW,Maris-Tech Ltd. - Warrants,NASDAQ,MTEKW
MTEN,Mingteng International Corporation Inc. - Class A Ordinary Shares,NASDAQ,MTEN
MTEX,"Mannatech, Incorporated - Common Stock",NASDAQ,MTEX
MTG,MGIC Investment Corporation Common Stock,N,MTG
MTH,Meritage Homes Corporation Common Stock,N,MTH
MTLS,Materialise NV - American Depositary Shares,NASDAQ,MTLS
MTN,"Vail Resorts, Inc. Common Stock",N,MTN
MTNB,"Matinas Biopharma Holdings, Inc. Common Stock",A,MTNB
MTNE.U,"CH4 Natural Solutions Corporation Units, each consisting of one Class A ordinary share and one-half of one Warrant",N,MTNE-U
MTR,Mesa Royalty Trust Common Stock,N,MTR
MTRN,Materion Corporation,N,MTRN
MTRX,Matrix Service Company - Common Stock,NASDAQ,MTRX
MTSI,"MACOM Technology Solutions Holdings, Inc. - Common Stock",NASDAQ,MTSI
MTUS,Metallus Inc. Common Shares,N,MTUS
MTVA,MetaVia Inc.  - Common Stock,NASDAQ,MTVA
MTW,"Manitowoc Company, Inc. (The) Common Stock",N,MTW
MTX,Minerals Technologies Inc. Common Stock,N,MTX
MTZ,"MasTec, Inc. Common Stock",N,MTZ
MU,"Micron Technology, Inc. - Common Stock",NASDAQ,MU
MUA,"Blackrock MuniAssets Fund, Inc Common Stock",N,MUA
MUC,"Blackrock MuniHoldings California Quality Fund, Inc.  Common Stock",N,MUC
MUFG,"Mitsubishi UFJ Financial Group, Inc. Common Stock",N,MUFG
MUJ,"Blackrock MuniHoldings New Jersey Quality Fund, Inc. Common Stock",N,MUJ
MUR,Murphy Oil Corporation Common Stock,N,MUR
MUSA,Murphy USA Inc. Common Stock,N,MUSA
MUX,McEwen Inc. Common Stock,N,MUX
MUZE,Muzero Acquisition Corp - Class A Ordinary Shares,NASDAQ,MUZE
MUZEU,Muzero Acquisition Corp - Unit,NASDAQ,MUZEU
MUZEW,Muzero Acquisition Corp - Warrant,NASDAQ,MUZEW
MVBF,MVB Financial Corp. - Common Stock,NASDAQ,MVBF
MVIS,"MicroVision, Inc. - Common Stock",NASDAQ,MVIS
MVO,MV Oil Trust Units of Beneficial Interests,N,MVO
MVST,"Microvast Holdings, Inc. - Common Stock",NASDAQ,MVST
MVSTW,"Microvast Holdings, Inc. - Warrant",NASDAQ,MVSTW
MWA,MUELLER WATER PRODUCTS Common Stock,N,MWA
MWG,Multi Ways Holdings Limited Class A Ordinary Shares,A,MWG
MWH,"SOLV Energy, Inc. - Class A common stock",NASDAQ,MWH
MWYN,"Marwynn Holdings, Inc. - Common stock",NASDAQ,MWYN
MX,Magnachip Semiconductor Corporation Common Stock,N,MX
MXC,Mexco Energy Corporation Common Stock,A,MXC
MXCT,"MaxCyte, Inc. - Common Stock",NASDAQ,MXCT
MXE,"Mexico Equity and Income Fund, Inc. (The) Common Stock",N,MXE
MXF,"Mexico Fund, Inc. (The) Common Stock",N,MXF
MXL,"MaxLinear, Inc - Common Stock",NASDAQ,MXL
MYE,"Myers Industries, Inc. Common Stock",N,MYE
MYFW,"First Western Financial, Inc. - Common Stock",NASDAQ,MYFW
MYGN,"Myriad Genetics, Inc. - Common Stock",NASDAQ,MYGN
MYI,"Blackrock MuniYield Quality Fund III, Inc Common Stock",N,MYI
MYN,"Blackrock MuniYield New York Quality Fund, Inc.Common Stock",N,MYN
MYND,"Mynd.ai, Inc. American Depositary Shares",A,MYND
MYO,Myomo Inc. Common Stock,A,MYO
MYPS,"PLAYSTUDIOS, Inc.  - Class A Common Stock",NASDAQ,MYPS
MYPSW,"PLAYSTUDIOS, Inc.  - Warrant",NASDAQ,MYPSW
MYRG,"MYR Group, Inc. - Common Stock",NASDAQ,MYRG
MYSE,"Myseum.AI, Inc. - Common Stock",NASDAQ,MYSE
MYSEW,"Myseum.AI, Inc. - Series A Warrant",NASDAQ,MYSEW
MYSZ,"My Size, Inc. - Common Stock",NASDAQ,MYSZ
MYXXU,Maywood Acquisition Corp. 2 - Units,NASDAQ,MYXXU
MZTI,The Marzetti Company - Common Stock,NASDAQ,MZTI
MZYX,MOZAYYX Acquisition Corp. Class A Ordinary Shares,N,MZYX
MZYX.U,"MOZAYYX Acquisition Corp. Units, each consisting of one Class A ordinary share and one-quarter of one redeemable warrant",N,MZYX-U
MZYX.W,"MOZAYYX Acquisition Corp. Redeemable warrants, each whole warrant exercisable for one Class A ordinary share at an exercise price of $11.50",N,MZYX-W
NAAS,NaaS Technology Inc. - American Depositary Shares,NASDAQ,NAAS
NABL,"N-able, Inc. Common Stock",N,NABL
NAC,Nuveen California Quality Municipal Income Fund,N,NAC
NAD,Nuveen Quality Municipal Income Fund Common Stock,N,NAD
NAGE,"Niagen Bioscience, Inc. - Common Stock",NASDAQ,NAGE
NAII,"Natural Alternatives International, Inc. - Common Stock",NASDAQ,NAII
NAK,"Northern Dynasty Minerals, Ltd. Common Stock",A,NAK
NAKA,Nakamoto Inc. - Common Stock,NASDAQ,NAKA
NAMI,Jinxin Technology Holding Company - American Depositary Shares,NASDAQ,NAMI
NAMM,Namib Minerals - Ordinary Shares,NASDAQ,NAMM
NAMMW,Namib Minerals - Warrants,NASDAQ,NAMMW
NAMS,NewAmsterdam Pharma Company N.V. - Ordinary Shares,NASDAQ,NAMS
NAMSW,NewAmsterdam Pharma Company N.V. - Warrant,NASDAQ,NAMSW
NAN,Nuveen New York Quality Municipal Income Fund Common Stock,N,NAN
NAT,Nordic American Tankers Limited Common Stock,N,NAT
NATH,"Nathan's Famous, Inc. - Common Stock",NASDAQ,NATH
NATL,NCR Atleos Corporation Common Stock,N,NATL
NATR,"Nature's Sunshine Products, Inc. - Common Stock",NASDAQ,NATR
NAUT,"Nautilus Biotechnology, Inc. - Common Stock",NASDAQ,NAUT
NAVI,Navient Corporation - Common Stock,NASDAQ,NAVI
NAVN,"Navan, Inc. - Class A Common Stock",NASDAQ,NAVN
NAZ,Nuveen Arizona Quality Municipal Income Fund Common Stock,N,NAZ
NB,NioCorp Developments Ltd. - Common Stock,NASDAQ,NB
NBB,Nuveen Taxable Municipal Income Fund Common Shares of Beneficial Interest,N,NBB
NBBK,"NB Bancorp, Inc. - Common Stock",NASDAQ,NBBK
NBH,Neuberger Municipal Fund Inc. Common Stock,A,NBH
NBHC,National Bank Holdings Corporation Common Stock,N,NBHC
NBIS,Nebius Group N.V. - Class A Ordinary Shares,NASDAQ,NBIS
NBIX,"Neurocrine Biosciences, Inc. - Common Stock",NASDAQ,NBIX
NBN,Northeast Bank - Common Stock,NASDAQ,NBN
NBP,NovaBridge Biosciences - American Depositary Shares,NASDAQ,NBP
NBR,Nabors Industries Ltd.,N,NBR
NBRG,Newbridge Acquisition Limited - Class A Ordinary Share,NASDAQ,NBRG
NBRGR,Newbridge Acquisition Limited - Rights,NASDAQ,NBRGR
NBRGU,Newbridge Acquisition Limited - Unit,NASDAQ,NBRGU
NBTB,NBT Bancorp Inc. - Common Stock,NASDAQ,NBTB
NBTX,Nanobiotix S.A. - ADSs,NASDAQ,NBTX
NBXG,Neuberger Next Generation Connectivity Fund Inc. Common Stock,N,NBXG
NC,"NACCO Industries, Inc. Common Stock",N,NC
NCA,Nuveen California Municipal Value Fund,N,NCA
NCDL,Nuveen Churchill Direct Lending Corp. Common Stock,N,NCDL
NCEL,NewcelX Ltd. - Ordinary Shares,NASDAQ,NCEL
NCEW,New Century Logistics (BVI) Limited - Ordinary Shares,NASDAQ,NCEW
NCI,Neo-Concept International Group Holdings Limited - Class A Ordinary Shares,NASDAQ,NCI
NCL,Northann Corp. Common Stock,A,NCL
NCLH,Norwegian Cruise Line Holdings Ltd. Ordinary Shares,N,NCLH
NCMI,"National CineMedia, Inc. - Common Stock",NASDAQ,NCMI
NCNA,NuCana plc - American Depositary Shares,NASDAQ,NCNA
NCNO,"nCino, Inc. - Common Stock",NASDAQ,NCNO
NCPL,Netcapital Inc. - Common Stock,NASDAQ,NCPL
NCPLW,Netcapital Inc. - warrants,NASDAQ,NCPLW
NCRA,"Nocera, Inc. - common stock",NASDAQ,NCRA
NCSM,"NCS Multistage Holdings, Inc. - Common Stock",NASDAQ,NCSM
NCT,Intercont (Cayman) Limited - Class A Ordinary shares,NASDAQ,NCT
NCTY,The9 Limited - American Depository Shares,NASDAQ,NCTY
NCV,Virtus Convertible & Income Fund Common Shares of Beneficial Interest,N,NCV
NCZ,Virtus Convertible & Income Fund II Common Shares of Beneficial Interest,N,NCZ
NDAQ,"Nasdaq, Inc. - Common Stock",NASDAQ,NDAQ
NDLS,Noodles & Company - Class A Common Stock,NASDAQ,NDLS
NDMO,Nuveen Dynamic Municipal Opportunities Fund Common Shares of Beneficial Interest,N,NDMO
NDRA,ENDRA Life Sciences Inc. - Common Stock,NASDAQ,NDRA
NDSN,Nordson Corporation - Common Stock,NASDAQ,NDSN
NE,Noble Corporation plc A Ordinary Shares,N,NE
NE.A,Noble Corporation plc Tranche 2 Warrants,N,NE-A
NE.W,Noble Corporation plc Tranche 1 Warrants,N,NE-W
NEA,Nuveen AMT-Free Quality Municipal Income Fund Common Shares of Beneficial Interest Par Value $.01,N,NEA
NECB,"NorthEast Community Bancorp, Inc. - Common Stock",NASDAQ,NECB
NEE,"NextEra Energy, Inc. Common Stock",N,NEE
NEGG,"Newegg Commerce, Inc. - Common Shares",NASDAQ,NEGG
NEM,Newmont Corporation,N,NEM
NEN,New England Realty Associates Limited Partnership Class A Depositary Receipts Evidencing Units of Limited Partnership,A,NEN
NEO,"NeoGenomics, Inc. - Common Stock",NASDAQ,NEO
NEOG,Neogen Corporation - Common Stock,NASDAQ,NEOG
NEON,Neonode Inc. - Common Stock,NASDAQ,NEON
NEOV,NeoVolta Inc. - Common Stock,NASDAQ,NEOV
NEOVW,NeoVolta Inc. - Warrant,NASDAQ,NEOVW
NEPH,"Nephros, Inc. - Common Stock",NASDAQ,NEPH
NERV,"Minerva Neurosciences, Inc - Common Stock",NASDAQ,NERV
NESR,National Energy Services Reunited Corp - Ordinary Shares,NASDAQ,NESR
NET,"Cloudflare, Inc. Class A Common Stock",N,NET
NEU,NewMarket Corp Common Stock,N,NEU
NEUP,Neuphoria Therapeutics Inc. - Common Stock,NASDAQ,NEUP
NEWP,New Pacific Metals Corp. Common Shares,A,NEWP
NEWT,"NewtekOne, Inc. - Common Stock",NASDAQ,NEWT
NEWTG,"NewtekOne, Inc. - 8.50% Fixed Rate Senior Notes due 2029",NASDAQ,NEWTG
NEWTH,"NewtekOne, Inc. - 8.625% Fixed Rate Senior Notes due 2029",NASDAQ,NEWTH
NEWTI,"NewtekOne, Inc. - 8.00% Fixed Rate Senior Notes due 2028",NASDAQ,NEWTI
NEWTO,"NewtekOne, Inc. - 8.50% Fixed Rate Senior Notes due 2031",NASDAQ,NEWTO
NEWTP,"NewtekOne, Inc. - Depositary Shares, Each Representing a 1/40th Interest in a Share of 8.500% Fixed Rate Reset Non-Cumulative Perpetual Preferred Stock, Series B",NASDAQ,NEWTP
NEXA,Nexa Resources S.A. Common Shares,N,NEXA
NEXM,NexMetals Mining Corp. - Common Stock,NASDAQ,NEXM
NEXN,Nexxen International Ltd. - Ordinary Shares,NASDAQ,NEXN
NEXR,Nexera Technologies Ltd - Ordinary Shares,NASDAQ,NEXR
NEXRW,Nexera Technologies Ltd - Warrant,NASDAQ,NEXRW
NEXT,NextDecade Corporation - Common Stock,NASDAQ,NEXT
NFBK,"Northfield Bancorp, Inc. - Common Stock",NASDAQ,NFBK
NFE,New Fortress Energy Inc. - Class A Common Stock,NASDAQ,NFE
NFG,National Fuel Gas Company Common Stock,N,NFG
NFGC,New Found Gold Corp Common Shares,A,NFGC
NFJ,"Virtus Dividend, Interest & Premium Strategy Fund Common Shares of Beneficial Interest",N,NFJ
NFLX,"Netflix, Inc. - Common Stock",NASDAQ,NFLX
NG,Novagold Resources Inc.,A,NG
NGEN,NervGen Pharma Corp. - Common stock,NASDAQ,NGEN
NGG,"National Grid Transco, PLC National Grid PLC (NEW) American Depositary Shares",N,NGG
NGL,NGL ENERGY PARTNERS LP Common Units representing Limited Partner Interests,N,NGL
NGNE,Neurogene Inc. - Common Stock,NASDAQ,NGNE
NGS,"Natural Gas Services Group, Inc. Common Stock",N,NGS
NGVC,"Natural Grocers by Vitamin Cottage, Inc. Common Stock",N,NGVC
NGVT,Ingevity Corporation Common Stock ,N,NGVT
NHC,National HealthCare Corporation Common Stock,A,NHC
NHI,"National Health Investors, Inc. Common Stock",N,NHI
NHIC,NewHold Investment Corp III - Class A Ordinary shares,NASDAQ,NHIC
NHICU,NewHold Investment Corp III - Units,NASDAQ,NHICU
NHICW,NewHold Investment Corp III - Warrants,NASDAQ,NHICW
NHIVU,NewHold Investment Corp IV - Units,NASDAQ,NHIVU
NHP,"National Healthcare Properties, Inc. - Class A Common Stock",NASDAQ,NHP
NHPAP,"National Healthcare Properties, Inc. - 7.375% Series A Cumulative Redeemable Perpetual Preferred Stock",NASDAQ,NHPAP
NHPBP,"National Healthcare Properties, Inc. - 7.125% Series B Cumulative Redeemable Perpetual Preferred Stock",NASDAQ,NHPBP
NHS,Neuberger High Yield Strategies Fund Inc. Common Stock,A,NHS
NHTC,Natural Health Trends Corp. - Common Stock,NASDAQ,NHTC
NI,NiSource Inc Common Stock,N,NI
NIC,Nicolet Bankshares Inc. Common Stock,N,NIC
NICE,NICE Ltd - American Depositary Shares each representing one Ordinary Share,NASDAQ,NICE
NICM,Nicola Mining Inc. - American Depositary Shares,NASDAQ,NICM
NIE,Virtus Equity & Convertible Income Fund Common Shares of Beneficial Interest,N,NIE
NIM,Nuveen Select Maturities Municipal Fund Common Stock,N,NIM
NINE,"Nine Energy Service, Inc. Common Stock",A,NINE
NIO,"NIO Inc. American depositary shares, each  representing one Class A ordinary share",N,NIO
NIOBW,NioCorp Developments Ltd. - Warrant,NASDAQ,NIOBW
NIPG,NIP Group Inc. - American Depositary Shares,NASDAQ,NIPG
NIQ,NIQ Global Intelligence plc Ordinary Shares,N,NIQ
NIU,Niu Technologies - American Depositary Shares,NASDAQ,NIU
NIVF,NewGenIvf Group Limited - Class A Ordinary Shares,NASDAQ,NIVF
NIVFW,NewGenIvf Group Limited - Warrants,NASDAQ,NIVFW
NIXX,"Nixxy, Inc. - Common Stock",NASDAQ,NIXX
NIXXW,"Nixxy, Inc. - Warrant",NASDAQ,NIXXW
NJR,NewJersey Resources Corporation Common Stock,N,NJR
NKE,"Nike, Inc. Common Stock",N,NKE
NKLR,Terra Innovatum Global N.V. - Ordinary shares,NASDAQ,NKLR
NKSH,"National Bankshares, Inc. - Common Stock",NASDAQ,NKSH
NKTR,Nektar Therapeutics - Common Stock,NASDAQ,NKTR
NKTX,"Nkarta, Inc. - Common Stock",NASDAQ,NKTX
NKX,Nuveen California AMT-Free Quality Municipal Income Fund,N,NKX
NL,"NL Industries, Inc. Common Stock",N,NL
NLOP,Net Lease Office Properties Common Shares of Beneficial Interest,N,NLOP
NLY,Annaly Capital Management Inc. Common Stock,N,NLY
NMAI,Nuveen Multi-Asset Income Fund Common Shares of Beneficial Interest,N,NMAI
NMAX,"Newsmax, Inc. Class B Common Stock",N,NMAX
NMCO,Nuveen Municipal Credit Opportunities Fund Common Shares,N,NMCO
NMFC,New Mountain Finance Corporation - Common Stock,NASDAQ,NMFC
NMFCZ,New Mountain Finance Corporation - 8.250% Notes due 2028,NASDAQ,NMFCZ
NMG,Nouveau Monde Graphite Inc. Common Shares,N,NMG
NMI,"Nuveen Municipal Income Fund, Inc. Common Stock",N,NMI
NMIH,NMI Holdings Inc - Common Stock,NASDAQ,NMIH
NML,Neuberger Energy Infrastructure and Income Fund Inc. Common Stock,A,NML
NMM,Navios Maritime Partners LP Common Units Representing Limited Partner Interests,N,NMM
NMP,NMP Acquisition Corp. - Class A Ordinary Shares,NASDAQ,NMP
NMPAR,NMP Acquisition Corp. - Right,NASDAQ,NMPAR
NMPAU,NMP Acquisition Corp. - Units,NASDAQ,NMPAU
NMR,Nomura Holdings Inc ADR American Depositary Shares,N,NMR
NMRA,"Neumora Therapeutics, Inc. - Common Stock",NASDAQ,NMRA
NMRK,"Newmark Group, Inc. - Class A Common Stock",NASDAQ,NMRK
NMS,Nuveen Minnesota Quality Municipal Income Fund ,N,NMS
NMT,Nuveen Massachusetts Quality Municipal Income Fund Common Stock,N,NMT
NMTC,NeuroOne Medical Technologies Corporation - Common Stock,NASDAQ,NMTC
NMZ,"Nuveen Municipal High Income Opportunity Fund Common Stock, $0.01 par value, per share",N,NMZ
NN,NextNav Inc. - Common stock,NASDAQ,NN
NNAVW,NextNav Inc. - Warrant,NASDAQ,NNAVW
NNBR,"NN, Inc. - Common Stock",NASDAQ,NNBR
NNDM,Nano Dimension Ltd. - American Depositary Shares,NASDAQ,NNDM
NNE,Nano Nuclear Energy Inc. - common stock,NASDAQ,NNE
NNI,"Nelnet, Inc. Common Stock",N,NNI
NNN,"NNN REIT, Inc. Common Stock",N,NNN
NNNN,Anbio Biotechnology - Class A Ordinary Shares,NASDAQ,NNNN
NNOX,NANO-X IMAGING LTD - Ordinary Shares,NASDAQ,NNOX
NNVC,"NanoViricides, Inc. Common Stock",A,NNVC
NNY,Nuveen New York Municipal Value Fund Common Stock,N,NNY
NOA,North American Construction Group Ltd. Common Shares (no par),N,NOA
NOAH,Noah Holdings Limited American Depositary Shares,N,NOAH
NOC,Northrop Grumman Corporation Common Stock,N,NOC
NODK,"NI Holdings, Inc. - Common Stock",NASDAQ,NODK
NOEM,CO2 Energy Transition Corp. - Common Stock,NASDAQ,NOEM
NOEMR,CO2 Energy Transition Corp. - Right,NASDAQ,NOEMR
NOEMU,CO2 Energy Transition Corp. - Unit,NASDAQ,NOEMU
NOEMW,CO2 Energy Transition Corp. - Warrant,NASDAQ,NOEMW
NOG,"Northern Oil and Gas, Inc. Common Stock",N,NOG
NOK,Nokia Corporation Sponsored American Depositary Shares,N,NOK
NOMA,NOMADAR Corp. - Class A Common Stock,NASDAQ,NOMA
NOMD,Nomad Foods Limited Ordinary Shares,N,NOMD
NOTV,"Inotiv, Inc. - Common Stock",NASDAQ,NOTV
NOV,NOV Inc. Common Stock,N,NOV
NOVT,Novanta Inc. - Common Shares,NASDAQ,NOVT
NOVTU,Novanta Inc. - Tangible Equity Units,NASDAQ,NOVTU
NOW,"ServiceNow, Inc. Common Stock",N,NOW
NP,Neptune Insurance Holdings Inc. Class A Common Stock,N,NP
NPAC,New Providence Acquisition Corp. III - Ordinary Shares,NASDAQ,NPAC
NPACU,New Providence Acquisition Corp. III - Units,NASDAQ,NPACU
NPACW,New Providence Acquisition Corp. III - Warrants,NASDAQ,NPACW
NPB,"Northpointe Bancshares, Inc. Common Stock",N,NPB
NPCE,"Neuropace, Inc. - Common Stock",NASDAQ,NPCE
NPCT,Nuveen Core Plus Impact Fund Common Shares of Beneficial Interest,N,NPCT
NPFD,Nuveen Variable Rate Preferred & Income Fund Common Shares,N,NPFD
NPK,"National Presto Industries, Inc. Common Stock",N,NPK
NPKI,NPK International Inc. Common Stock,N,NPKI
NPO,Enpro Inc. Common Stock,N,NPO
NPT,Texxon Holding Limited - Ordinary shares,NASDAQ,NPT
NPV,Nuveen Virginia Quality Municipal Income Fund Common Stock,N,NPV
NPWR,NET Power Inc. Class A Common Stock,N,NPWR
NPWR.W,"NET Power Inc. Redeemable warrants, each whole warrant exercisable for one share of Class A Common Stock at an exercise price of $11.50",N,NPWR-W
NRC,NRC Health - Common Stock,NASDAQ,NRC
NRDS,"NerdWallet, Inc. - Class A Common Stock",NASDAQ,NRDS
NRDY,Nerdy Inc. Class A Common Stock,N,NRDY
NREF,"NexPoint Real Estate Finance, Inc. Common Stock",N,NREF
NRG,"NRG Energy, Inc. Common Stock",N,NRG
NRGV,"Energy Vault Holdings, Inc. Common Stock",N,NRGV
NRIM,Northrim BanCorp Inc - Common Stock,NASDAQ,NRIM
NRIX,"Nurix Therapeutics, Inc. - Common stock",NASDAQ,NRIX
NRK,Nuveen New York AMT-Free Quality Municipal Income Fund ,N,NRK
NRO,Neuberger Real Estate Securities Income Fund Inc. Common Stock,A,NRO
NRP,Natural Resource Partners LP Limited Partnership,N,NRP
NRSN,NeuroSense Therapeutics Ltd. - Ordinary Shares,NASDAQ,NRSN
NRSNW,NeuroSense Therapeutics Ltd. - Warrant,NASDAQ,NRSNW
NRT,North European Oil Royality Trust Common Stock,N,NRT
NRUC,National Rural Utilities Cooperative Finance Corporation 5.500% Subordinated Notes due 2064 (Subordinated Deferrable Interest Notes),N,NRUC
NRXP,"NRX Pharmaceuticals, Inc. - Common Stock",NASDAQ,NRXP
NRXPW,"NRX Pharmaceuticals, Inc. - Warrant",NASDAQ,NRXPW
NRXS,"Neuraxis, Inc. Common Stock",A,NRXS
NSA,National Storage Affiliates Trust Common Shares of Beneficial Interest,N,NSA
NSC,Norfolk Southern Corporation Common Stock,N,NSC
NSIT,"Insight Enterprises, Inc. - Common Stock",NASDAQ,NSIT
NSP,"Insperity, Inc. Common Stock",N,NSP
NSPR,InspireMD Inc. - Common Stock,NASDAQ,NSPR
NSRX,Nasus Pharma Ltd. Ordinary Shares,A,NSRX
NSSC,"NAPCO Security Technologies, Inc. - Common Stock",NASDAQ,NSSC
NSTS,"NSTS Bancorp, Inc. - Common Stock",NASDAQ,NSTS
NSYS,Nortech Systems Incorporated - Common Stock,NASDAQ,NSYS
NTAP,"NetApp, Inc. - Common Stock",NASDAQ,NTAP
NTB,Bank of N.T. Butterfield & Son Limited (The) Voting Ordinary Shares,N,NTB
NTCL,NETCLASS TECHNOLOGY INC - Class A Ordinary Shares,NASDAQ,NTCL
NTCT,"NetScout Systems, Inc. - Common Stock",NASDAQ,NTCT
NTES,"NetEase, Inc. - American Depositary Shares, each representing 5 ordinary shares",NASDAQ,NTES
NTGR,"NETGEAR, Inc. - Common Stock",NASDAQ,NTGR
NTHI,"NeOnc Technologies Holdings, Inc. - Common Stock",NASDAQ,NTHI
NTIC,Northern Technologies International Corporation - Common Stock,NASDAQ,NTIC
NTIP,"Network-1 Technologies, Inc. Common Stock",A,NTIP
NTLA,"Intellia Therapeutics, Inc. - Common Stock",NASDAQ,NTLA
NTNX,"Nutanix, Inc. - Class A Common Stock",NASDAQ,NTNX
NTR,Nutrien Ltd. Common Shares,N,NTR
NTRA,"Natera, Inc. - Common Stock",NASDAQ,NTRA
NTRB,Nutriband Inc. - Common Stock,NASDAQ,NTRB
NTRBW,Nutriband Inc. - Warrant,NASDAQ,NTRBW
NTRP,"NextTrip, Inc. - Common Stock",NASDAQ,NTRP
NTRS,Northern Trust Corporation - Common Stock,NASDAQ,NTRS
NTRSO,"Northern Trust Corporation - Depositary Shares Each Representing a 1/1,000th Interest in a Share of Series E Non-Cumulative Perpetual Preferred Stock",NASDAQ,NTRSO
NTSK,"Netskope, Inc. - Class A Common Stock",NASDAQ,NTSK
NTST,NetSTREIT Corp. Common Stock,N,NTST
NTWK,NETSOL Technologies Inc. - Common Stock,NASDAQ,NTWK
NTWO,Newbury Street II Acquisition Corp - Class A Ordinary Shares,NASDAQ,NTWO
NTWOU,Newbury Street II Acquisition Corp - Unit,NASDAQ,NTWOU
NTWOW,Newbury Street II Acquisition Corp - Warrant,NASDAQ,NTWOW
NTZ,"Natuzzi, S.p.A.",N,NTZ
NU,Nu Holdings Ltd. Class A Ordinary Shares,N,NU
NUAI,"New Era Energy & Digital, Inc. - Common Stock",NASDAQ,NUAI
NUAIW,"New Era Energy & Digital, Inc. - Warrants",NASDAQ,NUAIW
NUCL,Eagle Nuclear Energy Corp. - Common stock,NASDAQ,NUCL
NUCLW,Eagle Nuclear Energy Corp. - Warrants,NASDAQ,NUCLW
NUE,Nucor Corporation Common Stock,N,NUE
NUS,"Nu Skin Enterprises, Inc. Common Stock",N,NUS
NUTR,Nusatrip Incorporated - Common Stock,NASDAQ,NUTR
NUTX,Nutex Health Inc. - Common Stock,NASDAQ,NUTX
NUV,"Nuveen Municipal Value Fund, Inc. Common Stock",N,NUV
NUVB,Nuvation Bio Inc. Class A Common Stock,N,NUVB
NUVL,"Nuvalent, Inc. - Class A Common Stock",NASDAQ,NUVL
NUW,Nuveen AMT-Free Municipal Value Fund,N,NUW
NUWE,"Nuwellis, Inc. - Common Stock",NASDAQ,NUWE
NVA,Nova Minerals Limited - American Depositary Shares,NASDAQ,NVA
NVAWW,Nova Minerals Limited - Warrant,NASDAQ,NVAWW
NVAX,"Novavax, Inc. - Common Stock",NASDAQ,NVAX
NVCR,NovoCure Limited - Ordinary Shares,NASDAQ,NVCR
NVCT,"Nuvectis Pharma, Inc. - Common Stock",NASDAQ,NVCT
NVDA,NVIDIA Corporation - Common Stock,NASDAQ,NVDA
NVEC,NVE Corporation - Common Stock,NASDAQ,NVEC
NVG,Nuveen AMT-Free Municipal Credit Income Fund ,N,NVG
NVGS,Navigator Holdings Ltd. Ordinary Shares (Marshall Islands),N,NVGS
NVMI,Nova Ltd. - Ordinary Shares,NASDAQ,NVMI
NVNI,Nvni Group Limited - Ordinary Shares,NASDAQ,NVNI
NVNIW,Nvni Group Limited - Warrants,NASDAQ,NVNIW
NVNO,enVVeno Medical Corporation - Common Stock,NASDAQ,NVNO
NVO,Novo Nordisk A/S Common Stock,N,NVO
NVR,"NVR, Inc. Common Stock",N,NVR
NVRI,Enviri Corporation Common Stock,N,NVRI
NVS,Novartis AG Common Stock,N,NVS
NVST,Envista Holdings Corporation Common Stock,N,NVST
NVT,nVent Electric plc Ordinary Shares ,N,NVT
NVTS,Navitas Semiconductor Corporation - Common Stock,NASDAQ,NVTS
NVVE,Nuvve Holding Corp. - Common Stock,NASDAQ,NVVE
NVX,NOVONIX Limited - American Depository Shares,NASDAQ,NVX
NWAX,New America Acquisition I Corp. Class A Common Stock,N,NWAX
NWAX.U,"New America Acquisition I Corp. Units, each consisting of one share of Class A Common Stock and one-half of one redeemable warrant",N,NWAX-U
NWAX.W,"New America Acquisition I Corp. Warrants, each whole warrant is exercisable to purchase one share of Class A common stock",N,NWAX-W
NWBI,"Northwest Bancshares, Inc. - Common Stock",NASDAQ,NWBI
NWE,"NorthWestern Energy Group, Inc.  - Common Stock",NASDAQ,NWE
NWFL,Norwood Financial Corp. - Common Stock,NASDAQ,NWFL
NWG,"NatWest Group plc American Depositary Shares, (each representing two (2) Ordinary Shares)",N,NWG
NWGL,CL Workshop Group Limited - American Depositary Shares,NASDAQ,NWGL
NWL,Newell Brands Inc. - Common Stock,NASDAQ,NWL
NWN,Northwest Natural Holding Company Common Stock,N,NWN
NWPX,"NWPX Infrastructure, Inc. - Common Stock",NASDAQ,NWPX
NWS,News Corporation - Class B Common Stock,NASDAQ,NWS
NWSA,News Corporation - Class A Common Stock,NASDAQ,NWSA
NWTG,"Newton Golf Company, Inc. - Common Stock",NASDAQ,NWTG
NX,Quanex Building Products Corporation Common Stock,N,NX
NXDR,"Nextdoor Holdings, Inc. Class A Common Stock",N,NXDR
NXDT,NexPoint Diversified Real Estate Trust Common Stock,N,NXDT
NXE,Nexgen Energy Ltd. Common Shares,N,NXE
NXG,NXG NextGen Infrastructure Income Fund Common Shares of Beneficial Interest,N,NXG
NXGL,"NexGel, Inc - Common Stock",NASDAQ,NXGL
NXGLW,"NexGel, Inc - Warrant",NASDAQ,NXGLW
NXL,"Nexalin Technology, Inc. - Common Stock",NASDAQ,NXL
NXP,Nuveen Select Tax Free Income Portfolio Common Stock,N,NXP
NXPI,NXP Semiconductors N.V. - Common Stock,NASDAQ,NXPI
NXPL,NextPlat Corp - Common Stock,NASDAQ,NXPL
NXPLW,NextPlat Corp - Warrants,NASDAQ,NXPLW
NXRT,"NexPoint Residential Trust, Inc. Common Stock",N,NXRT
NXST,"Nexstar Media Group, Inc. - Common Stock",NASDAQ,NXST
NXT,Nextpower Inc. - Class A Common Stock,NASDAQ,NXT
NXTC,"NextCure, Inc. - Common Stock",NASDAQ,NXTC
NXTS,Nexentis Technologies Inc. - Common Stock,NASDAQ,NXTS
NXTT,Next Technology Holding Inc. - Ordinary Shares,NASDAQ,NXTT
NXXT,"NextNRG, Inc. - Common Stock",NASDAQ,NXXT
NYAX,Nayax Ltd. - Ordinary Shares,NASDAQ,NYAX
NYC,American Strategic Investment Co. Class A Common Stock,N,NYC
NYT,New York Times Company (The) Common Stock,N,NYT
NYXH,Nyxoah SA - Ordinary Shares,NASDAQ,NYXH
NZF,Nuveen Municipal Credit Income Fund ,N,NZF
O,Realty Income Corporation Common Stock,N,O
OABI,"OmniAb, Inc. - Common Stock",NASDAQ,OABI
OABIW,"OmniAb, Inc. - Warrant",NASDAQ,OABIW
OACC,Oaktree Acquisition Corp. III Life Sciences - Class A Ordinary Share,NASDAQ,OACC
OACCU,Oaktree Acquisition Corp. III Life Sciences - Unit,NASDAQ,OACCU
OACCW,Oaktree Acquisition Corp. III Life Sciences - Warrant,NASDAQ,OACCW
OBA,Oxley Bridge Acquisition Limited - Class A Ordinary Shares,NASDAQ,OBA
OBAI,"Our Bond, Inc. - Common Stock",NASDAQ,OBAI
OBAWU,Oxley Bridge Acquisition Limited - Unit,NASDAQ,OBAWU
OBAWW,Oxley Bridge Acquisition Limited - Warrants,NASDAQ,OBAWW
OBDC,Blue Owl Capital Corporation Common Stock,N,OBDC
OBE,Obsidian Energy Ltd. Common Shares,A,OBE
OBIO,"Orchestra BioMed Holdings, Inc. - Ordinary Shares",NASDAQ,OBIO
OBK,"Origin Bancorp, Inc. Common Stock",N,OBK
OBT,"Orange County Bancorp, Inc. - Common Stock",NASDAQ,OBT
OC,Owens Corning Inc Common Stock New,N,OC
OCC,Optical Cable Corporation - Common Stock,NASDAQ,OCC
OCCI,"OFS Credit Company, Inc. - Closed End Fund",NASDAQ,OCCI
OCCIM,"OFS Credit Company, Inc. - 7.875% Series F Term Preferred Stock",NASDAQ,OCCIM
OCCIN,"OFS Credit Company, Inc. - 5.25% Series E Term Preferred Stock Due 2026",NASDAQ,OCCIN
OCFC,OceanFirst Financial Corp. - Common Stock,NASDAQ,OCFC
OCG,Oriental Culture Holding LTD - Ordinary Shares,NASDAQ,OCG
OCGN,"Ocugen, Inc. - Common Stock",NASDAQ,OCGN
OCS,Oculis Holding AG - Ordinary shares,NASDAQ,OCS
OCSAW,Oculis Holding AG - Warrants,NASDAQ,OCSAW
OCSL,Oaktree Specialty Lending Corporation - Closed End Fund,NASDAQ,OCSL
OCUL,"Ocular Therapeutix, Inc. - Common Stock",NASDAQ,OCUL
ODC,Oil-Dri Corporation Of America Common Stock,N,ODC
ODD,ODDITY Tech Ltd. - Class A Ordinary Shares,NASDAQ,ODD
ODFL,"Old Dominion Freight Line, Inc. - Common Stock",NASDAQ,ODFL
ODV,Osisko Development Corp. Common Shares,N,ODV
ODVWZ,Osisko Development Corp. - Warrant,NASDAQ,ODVWZ
ODYS,Odysight.ai Inc. - Common Stock,NASDAQ,ODYS
OEC,Orion S.A. Common Shares,N,OEC
OESX,"Orion Energy Systems, Inc. - Common Stock",NASDAQ,OESX
OFAL,OFA Group - Class A Ordinary Shares,NASDAQ,OFAL
OFG,OFG Bancorp Common Stock,N,OFG
OFIX,Orthofix Medical Inc.  - Common Stock,NASDAQ,OFIX
OFLX,"Omega Flex, Inc. - Common Stock",NASDAQ,OFLX
OFRM,"Once Upon a Farm, PBC Common Stock",N,OFRM
OFS,OFS Capital Corporation - Closed End Fund,NASDAQ,OFS
OFSSH,OFS Capital Corporation - 4.95% Notes due 2028,NASDAQ,OFSSH
OFSSO,OFS Capital Corporation - 7.50% Notes due 2028,NASDAQ,OFSSO
OGC,OceanaGold Corporation Common Shares,N,OGC
OGCP,"Empire State Realty OP, L.P. Series 60 Operating Partnership Units Representing Limited Partnership Interests",P,OGCP
OGE,OGE Energy Corp Common Stock,N,OGE
OGEN,Oragenics Inc. Common Stock,A,OGEN
OGI,Organigram Global Inc. - Common Shares,NASDAQ,OGI
OGN,Organon & Co. Common Stock ,N,OGN
OGS,"ONE Gas, Inc. Common Stock",N,OGS
OHI,"Omega Healthcare Investors, Inc. Common Stock",N,OHI
OI,"O-I Glass, Inc. Common Stock",N,OI
OIA,Invesco Municipal Income Opportunities Trust Common Stock,N,OIA
OII,"Oceaneering International, Inc. Common Stock",N,OII
OIM,OneIM Acquisition Corp. - Class A Ordinary Shares,NASDAQ,OIM
OIMAU,OneIM Acquisition Corp. - Units,NASDAQ,OIMAU
OIMAW,OneIM Acquisition Corp. - Warrant,NASDAQ,OIMAW
OIO,OIO Group - Ordinary Shares,NASDAQ,OIO
OIOWW,OIO Group - Warrants,NASDAQ,OIOWW
OIS,"Oil States International, Inc. Common Stock",N,OIS
OKE,"ONEOK, Inc. Common Stock",N,OKE
OKLO,Oklo Inc. Class A common stock,N,OKLO
OKTA,"Okta, Inc. - Class A Common Stock",NASDAQ,OKTA
OKUR,"OnKure Therapeutics, Inc. - Class A Common Stock",NASDAQ,OKUR
OKYO,OKYO Pharma Limited - Ordinary Shares,NASDAQ,OKYO
OLB,"The OLB Group, Inc. - Common Stock",NASDAQ,OLB
OLED,Universal Display Corporation - Common Stock,NASDAQ,OLED
OLLI,"Ollie's Bargain Outlet Holdings, Inc. - Common Stock",NASDAQ,OLLI
OLMA,"Olema Pharmaceuticals, Inc. - Common Stock",NASDAQ,OLMA
OLN,Olin Corporation Common Stock,N,OLN
OLOX,Olenox Industries Inc. - Common Stock,NASDAQ,OLOX
OLP,"One Liberty Properties, Inc. Common Stock",N,OLP
OLPX,"Olaplex Holdings, Inc. - Common Stock",NASDAQ,OLPX
OM,"Outset Medical, Inc. - Common Stock",NASDAQ,OM
OMAB,Grupo Aeroportuario del Centro Norte S.A.B. de C.V. - American Depositary Shares each representing 8 Series B shares,NASDAQ,OMAB
OMC,Omnicom Group Inc. Common Stock,N,OMC
OMCL,"Omnicell, Inc. - Common Stock",NASDAQ,OMCL
OMDA,"Omada Health, Inc. - Common Stock",NASDAQ,OMDA
OMER,Omeros Corporation - Common Stock,NASDAQ,OMER
OMEX,"Odyssey Marine Exploration, Inc. - Common Stock",NASDAQ,OMEX
OMF,"OneMain Holdings, Inc. Common Stock",N,OMF
OMH,Ohmyhome Limited - Class A Ordinary Shares,NASDAQ,OMH
OMSE,OMS Energy Technologies Inc. - Ordinary Shares,NASDAQ,OMSE
ON,ON Semiconductor Corporation - Common Stock,NASDAQ,ON
ONB,Old National Bancorp - Common Stock,NASDAQ,ONB
ONBPO,"Old National Bancorp - Depositary Shares, Each Representing a 1/40th Interest in a Share of Series C Preferred Stock",NASDAQ,ONBPO
ONBPP,"Old National Bancorp - Depositary Shares, Each Representing a 1/40th Interest in a Share of Series A Preferred Stock",NASDAQ,ONBPP
ONC,BeOne Medicines Ltd. - American Depositary Shares,NASDAQ,ONC
ONCH,1RT Acquisition Corp. - Class A Ordinary Share,NASDAQ,ONCH
ONCHU,1RT Acquisition Corp. - Units,NASDAQ,ONCHU
ONCHW,1RT Acquisition Corp. - Warrant,NASDAQ,ONCHW
ONCO,"Onconetix, Inc.  - Common Stock",NASDAQ,ONCO
ONCY,Oncolytics Biotech Inc. - Common Stock,NASDAQ,ONCY
ONDS,Ondas Inc - Common Stock,NASDAQ,ONDS
ONEG,OneConstruction Group Limited - Ordinary Shares,NASDAQ,ONEG
ONEW,OneWater Marine Inc. - Class A Common Stock,NASDAQ,ONEW
ONFO,Onfolio Holdings Inc. - Common Stock,NASDAQ,ONFO
ONFOW,Onfolio Holdings Inc. - Warrant,NASDAQ,ONFOW
ONIT,Onity Group Inc. Common Stock,N,ONIT
ONL,Orion Properties Inc. Common Stock,N,ONL
ONMD,OneMedNet Corp - Class A Common Stock,NASDAQ,ONMD
ONMDW,OneMedNet Corp - Warrant,NASDAQ,ONMDW
ONON,On Holding AG Class A Ordinary Shares,N,ONON
ONTO,Onto Innovation Inc. Common Stock,N,ONTO
OOMA,"Ooma, Inc. Common Stock",N,OOMA
OPAD,Offerpad Solutions Inc. Class A Common Stock,N,OPAD
OPAL,OPAL Fuels Inc. - Class A Common Stock,NASDAQ,OPAL
OPBK,OP Bancorp - Common Stock,NASDAQ,OPBK
OPCH,"Option Care Health, Inc. - Common Stock",NASDAQ,OPCH
OPEN,Opendoor Technologies Inc  - Common Stock,NASDAQ,OPEN
OPENL,"Opendoor Technologies Inc  - Series A Warrants, each whole warrant exercisable to purchase one share of Common Stock at an exercise price of $13.00 per warrant",NASDAQ,OPENL
OPENW,"Opendoor Technologies Inc  - Series K Warrants, each whole warrant exercisable to purchase one share of Common Stock at an exercise price of $9.00 per warrant",NASDAQ,OPENW
OPENZ,"Opendoor Technologies Inc  - Series Z Warrants, each whole warrant exercisable to purchase one share of Common Stock at an exercise price of $17.00 per warrant",NASDAQ,OPENZ
OPFI,OppFi Inc. Class A Common Stock,N,OPFI
OPFI.W,OppFi Inc. Warrants,N,OPFI-W
OPHC,"OptimumBank Holdings, Inc. Common Stock",A,OPHC
OPK,"Opko Health, Inc. - Common Stock",NASDAQ,OPK
OPLN,"OPENLANE, Inc. Common Stock",N,OPLN
OPP,"RiverNorth/DoubleLine Strategic Opportunity Fund, Inc. Common Stock",N,OPP
OPRA,Opera Limited - American Depositary Shares,NASDAQ,OPRA
OPRT,Oportun Financial Corporation - common stock,NASDAQ,OPRT
OPRX,OptimizeRx Corporation - Common Stock,NASDAQ,OPRX
OPTT,"Ocean Power Technologies, Inc. Common Stock",A,OPTT
OPTU,"Optimum Communications, Inc. Class A common stock",N,OPTU
OPTX,"Syntec Optics Holdings, Inc. - Class A Common Stock",NASDAQ,OPTX
OPTXW,"Syntec Optics Holdings, Inc. - Warrant",NASDAQ,OPTXW
OPXS,"Optex Systems Holdings, Inc. - Common Stock",NASDAQ,OPXS
OPY,"Oppenheimer Holdings, Inc. Class A Common Stock (DE)",N,OPY
OR,OR Royalties Inc. Common Shares,N,OR
ORA,"Ormat Technologies, Inc. Common Stock",N,ORA
ORBS,Eightco Holdings Inc. - Common Stock,NASDAQ,ORBS
ORC,"Orchid Island Capital, Inc. Common Stock",N,ORC
ORCL,Oracle Corporation Common Stock,N,ORCL
ORGN,"Origin Materials, Inc. - Class A Common Stock",NASDAQ,ORGN
ORGNW,"Origin Materials, Inc. - Warrant",NASDAQ,ORGNW
ORGO,Organogenesis Holdings Inc.  - Class A ,NASDAQ,ORGO
ORI,Old Republic International Corporation Common Stock,N,ORI
ORIC,"Oric Pharmaceuticals, Inc. - Common Stock",NASDAQ,ORIC
ORIO,Orion Digital Corp. - Common Shares,NASDAQ,ORIO
ORIQ,Origin Investment Corp I - Ordinary Shares,NASDAQ,ORIQ
ORIQU,Origin Investment Corp I - Units,NASDAQ,ORIQU
ORIQW,Origin Investment Corp I - Redeemable Warrant,NASDAQ,ORIQW
ORIS,Oriental Rise Holdings Limited - Ordinary Shares,NASDAQ,ORIS
ORKA,"Oruka Therapeutics, Inc. - Common Stock",NASDAQ,ORKA
ORKT,Orangekloud Technology Inc. - Class A Ordinary Shares,NASDAQ,ORKT
ORLA,Orla Mining Ltd. Common Shares,A,ORLA
ORLY,"O'Reilly Automotive, Inc. - Common Stock",NASDAQ,ORLY
ORMP,Oramed Pharmaceuticals Inc. - Common Stock,NASDAQ,ORMP
ORN,"Orion Group Holdings, Inc. Common",N,ORN
ORRF,"Orrstown Financial Services, Inc. - Common Stock",NASDAQ,ORRF
OSBC,"Old Second Bancorp, Inc. - Common Stock",NASDAQ,OSBC
OSCR,"Oscar Health, Inc. Class A Common Stock",N,OSCR
OSG,"Octave Specialty Group, Inc. Common Stock",N,OSG
OSIS,"OSI Systems, Inc. - Common Stock",NASDAQ,OSIS
OSK,Oshkosh Corporation (Holding Company)Common Stock,N,OSK
OSPN,OneSpan Inc. - Common Stock,NASDAQ,OSPN
OSRH,"OSR Holdings, Inc. - Common Stock",NASDAQ,OSRH
OSRHW,"OSR Holdings, Inc. - Warrant",NASDAQ,OSRHW
OSS,"One Stop Systems, Inc. - Common Stock",NASDAQ,OSS
OST,"Ostin Technology Group Co., Ltd. - Class A Ordinary Shares",NASDAQ,OST
OSTX,OS Therapies Incorporated Common Stock,A,OSTX
OSUR,"OraSure Technologies, Inc. - Common Stock",NASDAQ,OSUR
OSW,OneSpaWorld Holdings Limited - Common Shares,NASDAQ,OSW
OTEX,Open Text Corporation - Common Shares,NASDAQ,OTEX
OTF,Blue Owl Technology Finance Corp. Common Stock,N,OTF
OTGA,OTG Acquisition Corp. I - Class A Ordinary Share,NASDAQ,OTGA
OTGAU,OTG Acquisition Corp. I - Unit,NASDAQ,OTGAU
OTGAW,OTG Acquisition Corp. I - Warrants,NASDAQ,OTGAW
OTH,Off The Hook YS Inc. Common Stock,A,OTH
OTIS,Otis Worldwide Corporation Common Stock ,N,OTIS
OTLK,"Outlook Therapeutics, Inc. - Common Stock",NASDAQ,OTLK
OTLY,Oatly Group AB - American Depositary Shares,NASDAQ,OTLY
OTTR,Otter Tail Corporation - Common Stock,NASDAQ,OTTR
OUST,"Ouster, Inc. - Common Stock",NASDAQ,OUST
OUT,OUTFRONT Media Inc. Common Stock,N,OUT
OVBC,Ohio Valley Banc Corp. - Common Stock,NASDAQ,OVBC
OVID,Ovid Therapeutics Inc. - Common Stock,NASDAQ,OVID
OVLY,Oak Valley Bancorp (CA) - Common Stock,NASDAQ,OVLY
OVV,Ovintiv Inc. (DE),N,OVV
OWL,Blue Owl Capital Inc. Class A Common Stock,N,OWL
OWLS,OBOOK Holdings Inc. - Class A Common Shares,NASDAQ,OWLS
OWLT,"Owlet, Inc. Class A Common Stock",N,OWLT
OXBR,Oxbridge Re Holdings Limited - Ordinary Shares,NASDAQ,OXBR
OXBRW,Oxbridge Re Holdings Limited - Warrant,NASDAQ,OXBRW
OXLC,Oxford Lane Capital Corp. - Closed End Fund,NASDAQ,OXLC
OXLCG,Oxford Lane Capital Corp. - 7.95% Notes due 2032,NASDAQ,OXLCG
OXLCI,Oxford Lane Capital Corp. - 8.75% Notes due 2030,NASDAQ,OXLCI
OXLCL,Oxford Lane Capital Corp. - 6.75% Notes due 2031,NASDAQ,OXLCL
OXLCM,"Oxford Lane Capital Corp. - Preferred Stock Shares, 8.25% Series 2031",NASDAQ,OXLCM
OXLCN,Oxford Lane Capital Corp. - 7.125% Series 2029 Term Preferred Stock,NASDAQ,OXLCN
OXLCO,"Oxford Lane Capital Corp. - Preferred Stock Shares, 6.00% Series 2029",NASDAQ,OXLCO
OXLCP,Oxford Lane Capital Corp. - 6.25% Series 2027 Term Preferred Shares,NASDAQ,OXLCP
OXLCZ,Oxford Lane Capital Corp. - 5.00% Notes due 2027,NASDAQ,OXLCZ
OXM,"Oxford Industries, Inc. Common Stock",N,OXM
OXSQ,Oxford Square Capital Corp. - Closed End Fund,NASDAQ,OXSQ
OXSQG,Oxford Square Capital Corp. - 5.50% Notes due 2028,NASDAQ,OXSQG
OXSQH,Oxford Square Capital Corp. - 7.75% Notes due 2030,NASDAQ,OXSQH
OXY,Occidental Petroleum Corporation Common Stock,N,OXY
OXY.W,Occidental Petroleum Corporation Warrants ,N,OXY-W
OYSE,Oyster Enterprises II Acquisition Corp - Class A Ordinary Shares,NASDAQ,OYSE
OYSER,Oyster Enterprises II Acquisition Corp - Rights,NASDAQ,OYSER
OYSEU,Oyster Enterprises II Acquisition Corp - Units,NASDAQ,OYSEU
OZ,"Belpointe PREP, LLC Class A Units",A,OZ
OZK,Bank OZK - Common Stock,NASDAQ,OZK
OZKAP,Bank OZK - 4.625% Series A Non-Cumulative Perpetual Preferred Stock,NASDAQ,OZKAP
P,"Everpure, Inc. Class A common stock",N,P
PAA,"Plains All American Pipeline, L.P. - Common Units representing Limited Partner Interests",NASDAQ,PAA
PAAC,Proem Acquisition Corp I - Ordinary Shares,NASDAQ,PAAC
PAACU,Proem Acquisition Corp I - Units,NASDAQ,PAACU
PAACW,Proem Acquisition Corp I - Warrants,NASDAQ,PAACW
PAAS,Pan American Silver Corp. Common Stock,N,PAAS
PAC,"Grupo Aeroportuario Del Pacifico, S.A. B. de C.V. Grupo Aeroportuario Del Pacifico, S.A. de C.V. (each representing 10 Series B shares)",N,PAC
PACB,"Pacific Biosciences of California, Inc. - Common Stock",NASDAQ,PACB
PACH,Pioneer Acquisition I Corp - Class A Ordinary Shares,NASDAQ,PACH
PACHU,Pioneer Acquisition I Corp - Units,NASDAQ,PACHU
PACHW,Pioneer Acquisition I Corp - Warrants,NASDAQ,PACHW
PACK,Ranpak Holdings Corp Class A Common Stock,N,PACK
PACS,"PACS Group, Inc. Common Stock",N,PACS
PAG,"Penske Automotive Group, Inc. Common Stock",N,PAG
PAGP,"Plains GP Holdings, L.P. - Class A Shares representing limited partner interests",NASDAQ,PAGP
PAGS,PagSeguro Digital Ltd. Class A Common Shares,N,PAGS
PAHC,Phibro Animal Health Corporation - Class A Common Stock,NASDAQ,PAHC
PAI,Western Asset Investment Grade Income Fund Inc.,N,PAI
PAII,Pyrophyte Acquisition Corp. II Class A Ordinary Shares,N,PAII
PAII.U,"Pyrophyte Acquisition Corp. II Units, each consisting of one Class A ordinary share and one-half of one redeemable warrant",N,PAII-U
PAII.W,"Pyrophyte Acquisition Corp. II Warrants, each whole warrant exercisable for one Class A Ordinary Share at an exercise price of $11.50 per share",N,PAII-W
PAL,"Proficient Auto Logistics, Inc. - Common Stock",NASDAQ,PAL
PALI,"Palisade Bio, Inc. - Common Stock",NASDAQ,PALI
PALO,Paloma Acquisition Corp I - Class A Ordinary Shares,NASDAQ,PALO
PALOU,Paloma Acquisition Corp I - Units,NASDAQ,PALOU
PALOW,Paloma Acquisition Corp I - Warrants,NASDAQ,PALOW
PAM,Pampa Energia S.A.,N,PAM
PAMT,PAMT CORP - Common Stock,NASDAQ,PAMT
PANL,Pangaea Logistics Solutions Ltd. - Common Stock,NASDAQ,PANL
PANW,"Palo Alto Networks, Inc. - Common Stock",NASDAQ,PANW
PAPL,Pineapple Financial Inc. Common Stock,A,PAPL
PAR,PAR Technology Corporation Common Stock,N,PAR
PARK,"Park Dental Partners, Inc. - Common Stock",NASDAQ,PARK
PARR,"Par Pacific Holdings, Inc.  Common Stock",N,PARR
PASG,"Passage Bio, Inc. - Common Stock",NASDAQ,PASG
PASW,"Ping An Biomedical Co., Ltd. - Ordinary Shares",NASDAQ,PASW
PATH,"UiPath, Inc. Class A Common Stock",N,PATH
PATK,"Patrick Industries, Inc. - Common Stock",NASDAQ,PATK
PAVM,PAVmed Inc. - Common Stock,NASDAQ,PAVM
PAVS,Paranovus Entertainment Technology Ltd. - Class A Ordinary Shares,NASDAQ,PAVS
PAX,Patria Investments Limited - Class A Common Shares,NASDAQ,PAX
PAXS,PIMCO Access Income Fund Common Shares of Beneficial Interest,N,PAXS
PAY,"Paymentus Holdings, Inc. Class A Common Stock",N,PAY
PAYC,"Paycom Software, Inc. Common Stock",N,PAYC
PAYO,Payoneer Global Inc. - Common Stock,NASDAQ,PAYO
PAYP,PayPay Corporation - American Depository Shares,NASDAQ,PAYP
PAYS,"Paysign, Inc. - Common Stock",NASDAQ,PAYS
PAYX,"Paychex, Inc. - Common Stock",NASDAQ,PAYX
PB,"Prosperity Bancshares, Inc. Common Stock",N,PB
PBA,Pembina Pipeline Corp. Ordinary Shares (Canada),N,PBA
PBF,PBF Energy Inc. Class A Common Stock,N,PBF
PBFS,"Pioneer Bancorp, Inc. - Common Stock",NASDAQ,PBFS
PBH,Prestige Consumer Healthcare Inc. Common Stock,N,PBH
PBHC,"Pathfinder Bancorp, Inc. - Common Stock",NASDAQ,PBHC
PBI,Pitney Bowes Inc. Common Stock,N,PBI
PBM,Psyence Biomedical Ltd. - Common Shares,NASDAQ,PBM
PBMWW,Psyence Biomedical Ltd. - Warrant,NASDAQ,PBMWW
PBR,Petroleo Brasileiro S.A. Petrobras ADS,N,PBR
PBR.A,Petroleo Brasileiro S.A. Petrobras American Depositary Shares representing Preferred Shares,N,PBR-A
PBT,Permian Basin Royalty Trust Common Stock,N,PBT
PBYI,Puma Biotechnology Inc - Common Stock,NASDAQ,PBYI
PC,Premium Catering (Holdings) Limited - Ordinary Shares,NASDAQ,PC
PCAP,ProCap Acquisition Corp - Class A Ordinary Shares,NASDAQ,PCAP
PCAPU,ProCap Acquisition Corp - Unit,NASDAQ,PCAPU
PCAPW,ProCap Acquisition Corp - Warrant,NASDAQ,PCAPW
PCAR,PACCAR Inc. - Common Stock,NASDAQ,PCAR
PCB,PCB Bancorp - Common Stock,NASDAQ,PCB
PCF,High Income Securities Fund Common Stock,N,PCF
PCG,Pacific Gas & Electric Co. Common Stock,N,PCG
PCLA,PicoCELA Inc. - American Depositary Shares,NASDAQ,PCLA
PCM,"PCM Fund, Inc. Common Stock",N,PCM
PCN,Pimco Corporate & Income Strategy Fund Common Stock,N,PCN
PCOR,"Procore Technologies, Inc. Common Stock",N,PCOR
PCQ,PIMCO California Municipal Income Fund Common Stock,N,PCQ
PCRX,"Pacira BioSciences, Inc. - Common Stock",NASDAQ,PCRX
PCSA,"Processa Pharmaceuticals, Inc. - Common Stock",NASDAQ,PCSA
PCSC,Perceptive Capital Solutions Corp - Class A Ordinary Shares,NASDAQ,PCSC
PCT,"PureCycle Technologies, Inc. - Common stock",NASDAQ,PCT
PCTTU,"PureCycle Technologies, Inc. - Unit",NASDAQ,PCTTU
PCTTW,"PureCycle Technologies, Inc. - Warrant",NASDAQ,PCTTW
PCTY,Paylocity Holding Corporation - Common Stock,NASDAQ,PCTY
PCVX,"Vaxcyte, Inc. - Common Stock",NASDAQ,PCVX
PCYO,Pure Cycle Corporation - Common Stock,NASDAQ,PCYO
PD,"PagerDuty, Inc. Common Stock",N,PD
PDC,Perpetuals.com Ltd - American Depositary Shares,NASDAQ,PDC
PDCC,Pearl Diver Credit Company Inc. Common Stock,N,PDCC
PDD,PDD Holdings Inc. - American Depositary Shares,NASDAQ,PDD
PDEX,"Pro-Dex, Inc. - Common Stock",NASDAQ,PDEX
PDFS,"PDF Solutions, Inc. - Common Stock",NASDAQ,PDFS
PDI,PIMCO Dynamic Income Fund Common Stock,N,PDI
PDLB,"Ponce Financial Group, Inc. - Common Stock",NASDAQ,PDLB
PDM,"Piedmont Realty Trust, Inc. Class A Common Stock",N,PDM
PDO,PIMCO Dynamic Income Opportunities Fund Common Shares of Beneficial Interest,N,PDO
PDPA,Pearl Diver Credit Company Inc. 8.00% Series A Preferred Stock Due 2029,N,PDPA
PDS,Precision Drilling Corporation Common Stock,N,PDS
PDSB,PDS Biotechnology Corporation - Common Stock,NASDAQ,PDSB
PDT,John Hancock Premium Dividend Fund,N,PDT
PDX,PIMCO Dynamic Income Strategy Fund Common Shares of Beneficial Interest,N,PDX
PDYN,Palladyne AI Corp. - Common stock,NASDAQ,PDYN
PDYNW,Palladyne AI Corp. - Warrant,NASDAQ,PDYNW
PEB,Pebblebrook Hotel Trust Common Shares of Beneficial Interest,N,PEB
PEBK,"Peoples Bancorp of North Carolina, Inc. - Common Stock",NASDAQ,PEBK
PEBO,Peoples Bancorp Inc. - Common Stock,NASDAQ,PEBO
PECO,"Phillips Edison & Company, Inc. - Common Stock",NASDAQ,PECO
PED,Pedevco Corp. Common Stock,A,PED
PEG,Public Service Enterprise Group Incorporated Common Stock,N,PEG
PEGA,Pegasystems Inc. - Common Stock,NASDAQ,PEGA
PEN,"Penumbra, Inc. Common Stock",N,PEN
PENG,"Penguin Solutions, Inc. - Common Stock",NASDAQ,PENG
PENN,"PENN Entertainment, Inc. - Common Stock",NASDAQ,PENN
PEO,"Adams Natural Resources Fund, Inc. Common Stock",N,PEO
PEP,"PepsiCo, Inc. - Common Stock",NASDAQ,PEP
PEPG,PepGen Inc. - Common Stock,NASDAQ,PEPG
PERF,Perfect Corp. Class A Ordinary Share,N,PERF
PERI,Perion Network Ltd - Ordinary Shares,NASDAQ,PERI
PESI,"Perma-Fix Environmental Services, Inc. - Common Stock",NASDAQ,PESI
PETS,"PetMed Express, Inc. - Common Stock",NASDAQ,PETS
PETZ,"TDH Holdings, Inc. - Common Shares",NASDAQ,PETZ
PEW,GrabAGun Digital Holdings Inc. Common Stock,N,PEW
PEW.W,"GrabAGun Digital Holdings Inc. Warrants, each whole warrant exercisable to purchase one share of Common Stock at an exercise price of $11.50 per share",N,PEW-W
PFAI,Pinnacle Food Group Limited - Class A Common Shares,NASDAQ,PFAI
PFBC,Preferred Bank - Common Stock,NASDAQ,PFBC
PFD,Flaherty & Crumrine Preferred and Income Fund Incorporated,N,PFD
PFE,"Pfizer, Inc. Common Stock",N,PFE
PFFL,"ETRACS 2xMonthly Pay Leveraged Preferred Stock Index ETN due September 25, 2048",P,PFFL
PFG,Principal Financial Group Inc - Common Stock,NASDAQ,PFG
PFGC,Performance Food Group Company Common Stock,N,PFGC
PFH,"Prudential Financial, Inc. 4.125% Junior Subordinated Notes due 2060",N,PFH
PFIS,Peoples Financial Services Corp.  - Common Stock,NASDAQ,PFIS
PFL,PIMCO Income Strategy Fund Shares of Beneficial Interest,N,PFL
PFLT,PennantPark Floating Rate Capital Ltd. Common Stock,N,PFLT
PFN,PIMCO Income Strategy Fund II,N,PFN
PFO,Flaherty & Crumrine Preferred and Income Opportunity Fund Incorporated,N,PFO
PFS,"Provident Financial Services, Inc Common Stock",N,PFS
PFSA,"Profusa, Inc. - Common Stock",NASDAQ,PFSA
PFSI,"PennyMac Financial Services, Inc. Common Stock",N,PFSI
PFX,PhenixFIN Corporation  - Common Stock,NASDAQ,PFX
PFXNZ,PhenixFIN Corporation  - 5.25% Notes due 2028,NASDAQ,PFXNZ
PG,Procter & Gamble Company (The) Common Stock,N,PG
PGAC,Pantages Capital Acquisition Corporation - Class A Ordinary Shares,NASDAQ,PGAC
PGACR,Pantages Capital Acquisition Corporation - Right,NASDAQ,PGACR
PGACU,Pantages Capital Acquisition Corporation - Unit,NASDAQ,PGACU
PGC,Peapack-Gladstone Financial Corporation - Common Stock,NASDAQ,PGC
PGEN,"Precigen, Inc. - Common Stock",NASDAQ,PGEN
PGNY,"Progyny, Inc. - Common Stock",NASDAQ,PGNY
PGP,Pimco Global StocksPlus & Income Fund Common Shares of Beneficial Interest,N,PGP
PGR,Progressive Corporation (The) Common Stock,N,PGR
PGY,Pagaya Technologies Ltd. - Class A Ordinary Shares,NASDAQ,PGY
PGYWW,Pagaya Technologies Ltd. - Warrants,NASDAQ,PGYWW
PGZ,Principal Real Estate Income Fund Common Shares of Beneficial Interest,N,PGZ
PH,Parker-Hannifin Corporation Common Stock,N,PH
PHAR,"Pharming Group N.V. - ADS, each representing 10 ordinary shares",NASDAQ,PHAR
PHAT,"Phathom Pharmaceuticals, Inc. - Common Stock",NASDAQ,PHAT
PHG,Koninklijke Philips N.V. NY Registry Shares,N,PHG
PHGE,BiomX Inc. COmmon Stock,A,PHGE
PHI,PLDT Inc. Sponsored ADR,N,PHI
PHIN,PHINIA Inc. Common Stock,N,PHIN
PHIO,Phio Pharmaceuticals Corp. - Common Stock,NASDAQ,PHIO
PHK,Pimco High Income Fund,N,PHK
PHM,"PulteGroup, Inc. Common Stock",N,PHM
PHOE,Phoenix Asia Holdings Limited - Ordinary Shares,NASDAQ,PHOE
PHR,"Phreesia, Inc. Common Stock",N,PHR
PHUN,"Phunware, Inc. - Common Stock",NASDAQ,PHUN
PHVS,Pharvaris N.V. - Ordinary Shares,NASDAQ,PHVS
PI,"Impinj, Inc. - Common Stock",NASDAQ,PI
PICS,PicS N.V. - Class A Common Shares,NASDAQ,PICS
PII,Polaris Inc. Common Stock,N,PII
PIII,P3 Health Partners Inc. - Class A Common Stock,NASDAQ,PIII
PIIIW,P3 Health Partners Inc. - Warrant,NASDAQ,PIIIW
PIM,Putnam Master Intermediate Income Trust Common Stock,N,PIM
PINE,"Alpine Income Property Trust, Inc. Common Stock",N,PINE
PINS,"Pinterest, Inc. Class A Common Stock",N,PINS
PIPR,Piper Sandler Companies Common Stock,N,PIPR
PJT,PJT Partners Inc. Class A Common Stock,N,PJT
PK,Park Hotels & Resorts Inc. Common Stock ,N,PK
PKBK,"Parke Bancorp, Inc. - Common Stock",NASDAQ,PKBK
PKE,Park Aerospace Corp. Common Stock,N,PKE
PKG,Packaging Corporation of America Common Stock,N,PKG
PKOH,Park-Ohio Holdings Corp. - Common Stock,NASDAQ,PKOH
PKST,Peakstone Realty Trust Common Shares,N,PKST
PKX,POSCO HOLDINGS INC. American Depositary Shares (Each representing 1/4th of a share of Common Stock),N,PKX
PL,Planet Labs PBC Class A Common Stock,N,PL
PLAB,"Photronics, Inc. - Common Stock",NASDAQ,PLAB
PLAG,Planet Green Holdings Corp. Common Stock,A,PLAG
PLAY,"Dave & Buster's Entertainment, Inc. - Common Stock",NASDAQ,PLAY
PLBC,Plumas Bancorp - Common Stock,NASDAQ,PLBC
PLBL,Polibeli Group Ltd - Class A Ordinary Shares,NASDAQ,PLBL
PLBY,"Playboy, Inc. - Common Stock",NASDAQ,PLBY
PLCE,"Children's Place, Inc. (The) - Common Stock",NASDAQ,PLCE
PLD,"Prologis, Inc. Common Stock",N,PLD
PLG,Platinum Group Metals Ltd. Ordinary Shares (Canada),A,PLG
PLMK,Plum Acquisition Corp. IV - Class A Ordinary Shares,NASDAQ,PLMK
PLMKU,Plum Acquisition Corp. IV - Unit,NASDAQ,PLMKU
PLMKW,Plum Acquisition Corp. IV - Warrants,NASDAQ,PLMKW
PLMR,"Palomar Holdings, Inc. - Common stock",NASDAQ,PLMR
PLNT,"Planet Fitness, Inc. Common Stock",N,PLNT
PLOW,"Douglas Dynamics, Inc. Common Stock",N,PLOW
PLPC,Preformed Line Products Company - Common Stock,NASDAQ,PLPC
PLRX,"Pliant Therapeutics, Inc. - Common Stock",NASDAQ,PLRX
PLRZ,Polyrizon Ltd. - Ordinary Shares,NASDAQ,PLRZ
PLSE,"Pulse Biosciences, Inc - Common Stock",NASDAQ,PLSE
PLSM,Pulsenmore Ltd. - Ordinary Shares,NASDAQ,PLSM
PLTK,Playtika Holding Corp. - Common Stock,NASDAQ,PLTK
PLTR,Palantir Technologies Inc. - Class A Common Stock,NASDAQ,PLTR
PLTS,Platinum Analytics Cayman Limited - Class A Ordinary Shares,NASDAQ,PLTS
PLUG,"Plug Power, Inc. - Common Stock",NASDAQ,PLUG
PLUN.U,"Plutonian Acquisition Corp II Units, each consisting of one Class A Ordinary Share and one right entitling the holder to one-fourth of one Class A Ordinary Share",N,PLUN-U
PLUR,Pluri Inc. - Common Stock,NASDAQ,PLUR
PLUS,ePlus inc. - Common Stock,NASDAQ,PLUS
PLUT,Plutus Financial Group Limited - Ordinary Shares,NASDAQ,PLUT
PLX,"Protalix BioTherapeutics, Inc. (DE) Common Stock",A,PLX
PLXS,Plexus Corp. - Common Stock,NASDAQ,PLXS
PLYX,"Polaryx Therapeutics, Inc. - Common Stock",NASDAQ,PLYX
PM,Philip Morris International Inc Common Stock,N,PM
PMAX,Powell Max Limited - Class A Ordinary Shares,NASDAQ,PMAX
PMCB,"PharmaCyte  Biotech, Inc. - Common Stock",NASDAQ,PMCB
PMEC,Primech Holdings Ltd. - Ordinary Shares,NASDAQ,PMEC
PMI,"Picard Medical, Inc. Common Stock",A,PMI
PML,Pimco Municipal Income Fund II Common Shares of Beneficial Interest,N,PML
PMM,Putnam Managed Municipal Income Trust Common Stock,N,PMM
PMN,ProMIS Neurosciences Inc. - Common Shares,NASDAQ,PMN
PMNT,Perfect Moment Ltd. Common Stock,A,PMNT
PMO,Putnam Municipal Opportunities Trust Common Stock,N,PMO
PMT,PennyMac Mortgage Investment Trust Common Shares of Beneficial Interest,N,PMT
PMTR,Perimeter Acquisition Corp. I - Class A Ordinary Shares,NASDAQ,PMTR
PMTRU,Perimeter Acquisition Corp. I - Unit,NASDAQ,PMTRU
PMTRW,Perimeter Acquisition Corp. I - Warrant,NASDAQ,PMTRW
PMTS,CPI Card Group Inc. - Common Stock,NASDAQ,PMTS
PMTU,PennyMac Mortgage Investment Trust 8.50% Senior Notes due 2028,N,PMTU
PMTV,PennyMac Mortgage Investment Trust 9.00% Senior Notes due 2030,N,PMTV
PMTW,PennyMac Mortgage Investment Trust 9.00% Senior Notes due 2030,N,PMTW
PMVP,"PMV Pharmaceuticals, Inc. - Common Stock",NASDAQ,PMVP
PN,Skycorp Solar Group Limited - Class A Ordinary Shares,NASDAQ,PN
PNBK,Patriot National Bancorp Inc. - Common Stock,NASDAQ,PNBK
PNC,"PNC Financial Services Group, Inc. (The) Common Stock",N,PNC
PNFP,"Pinnacle Financial Partners, Inc. Common stock",N,PNFP
PNI,Pimco New York Municipal Income Fund II Common Shares of Beneficial Interest,N,PNI
PNNT,PennantPark Investment Corporation Common Stock,N,PNNT
PNR,Pentair plc. Ordinary Share,N,PNR
PNRG,PrimeEnergy Resources Corporation - Common Stock,NASDAQ,PNRG
PNTG,"The Pennant Group, Inc. - Common Stock",NASDAQ,PNTG
PNW,Pinnacle West Capital Corporation Common Stock,N,PNW
POAS,Phaos Technology Holdings (Cayman) Limited Class A Ordinary Shares,A,POAS
POCI,"Precision Optics Corporation, Inc. - Common stock",NASDAQ,POCI
PODC,"PodcastOne, Inc. - Common Stock",NASDAQ,PODC
PODD,Insulet Corporation - Common Stock,NASDAQ,PODD
POET,POET Technologies Inc. - Common Shares,NASDAQ,POET
POLA,"Polar Power, Inc. - Common Stock",NASDAQ,POLA
POLE,Andretti Acquisition Corp. II - Class A Ordinary Shares,NASDAQ,POLE
POLEU,Andretti Acquisition Corp. II - Unit,NASDAQ,POLEU
POLEW,Andretti Acquisition Corp. II - Warrant,NASDAQ,POLEW
POM,POMDOCTOR LIMITED - American Depositary Shares,NASDAQ,POM
PONOU,"Pono Capital Four, Inc. - Units",NASDAQ,PONOU
PONY,Pony AI Inc. - American Depositary Shares,NASDAQ,PONY
POOL,Pool Corporation - Common Stock,NASDAQ,POOL
POR,Portland General Electric Co Common Stock,N,POR
POST,"Post Holdings, Inc. Common Stock",N,POST
POWI,"Power Integrations, Inc. - Common Stock",NASDAQ,POWI
POWL,"Powell Industries, Inc. - Common Stock",NASDAQ,POWL
POWW,Outdoor Holding Company - Common Stock,NASDAQ,POWW
POWWP,Outdoor Holding Company - 8.75% Series A Cumulative Redeemable Perpetual Preferred Stock,NASDAQ,POWWP
PPBT,Purple Biotech Ltd. - American Depositary Shares,NASDAQ,PPBT
PPC,Pilgrim's Pride Corporation - Common Stock,NASDAQ,PPC
PPCB,"Propanc Biopharma, Inc. - Common Stock",NASDAQ,PPCB
PPG,"PPG Industries, Inc. Common Stock",N,PPG
PPHC,"Public Policy Holding Company, Inc. - Common Stock",NASDAQ,PPHC
PPIH,"Perma-Pipe International Holdings, Inc. - Common Stock",NASDAQ,PPIH
PPL,PPL Corporation Common Stock,N,PPL
PPLC,PPL Corporation Corporate Units,N,PPLC
PPSI,"Pioneer Power Solutions, Inc. - Common Stock",NASDAQ,PPSI
PPT,Putnam Premier Income Trust Common Stock,N,PPT
PPTA,Perpetua Resources Corp. - Common Shares,NASDAQ,PPTA
PR,Permian Resources Corporation Class A Common Stock,N,PR
PRA,ProAssurance Corporation Common Stock,N,PRA
PRAA,"PRA Group, Inc. - Common Stock",NASDAQ,PRAA
PRAX,"Praxis Precision Medicines, Inc. - Common Stock",NASDAQ,PRAX
PRCH,"Porch Group, Inc. - Common Stock",NASDAQ,PRCH
PRCT,PROCEPT BioRobotics Corporation - Common Stock,NASDAQ,PRCT
PRDO,Perdoceo Education Corporation - Common Stock,NASDAQ,PRDO
PRE,Prenetics Global Limited - Class A Ordinary Share,NASDAQ,PRE
PRENW,Prenetics Global Limited - Warrant,NASDAQ,PRENW
PRFX,PRF Technologies Ltd. - Ordinary Shares,NASDAQ,PRFX
PRG,"PROG Holdings, Inc. Common Stock",N,PRG
PRGO,Perrigo Company plc Ordinary Shares,N,PRGO
PRGS,Progress Software Corporation - Common Stock,NASDAQ,PRGS
PRH,"Prudential Financial, Inc. 5.950% Junior Subordinated Notes due 2062",N,PRH
PRHI,"Presurance Holdings, Inc. - Common Stock",NASDAQ,PRHI
PRHIZ,"Presurance Holdings, Inc. - 9.75% Senior Unsecured Notes due 2028",NASDAQ,PRHIZ
PRI,"Primerica, Inc. Common Stock",N,PRI
PRIM,Primoris Services Corporation Common Stock,N,PRIM
PRK,Park National Corporation Common Stock,A,PRK
PRKS,United Parks & Resorts Inc. Common Stock,N,PRKS
PRLB,"Proto Labs, Inc. Common stock",N,PRLB
PRLD,Prelude Therapeutics Incorporated - Common Stock,NASDAQ,PRLD
PRM,"Perimeter Solutions, SA Common Stock",N,PRM
PRMB,Primo Brands Corporation Class A Common Stock,N,PRMB
PRME,"Prime Medicine, Inc. - Common Stock",NASDAQ,PRME
PROF,Profound Medical Corp. - common stock,NASDAQ,PROF
PROK,ProKidney Corp. - Class A Ordinary Shares,NASDAQ,PROK
PROP,Prairie Operating Co. - Common Stock,NASDAQ,PROP
PROV,"Provident Financial Holdings, Inc. - Common Stock",NASDAQ,PROV
PRPL,"Purple Innovation, Inc. - Common Stock",NASDAQ,PRPL
PRPO,"Precipio, Inc. - Common Stock",NASDAQ,PRPO
PRQR,ProQR Therapeutics N.V. - Ordinary Shares,NASDAQ,PRQR
PRS,"Prudential Financial, Inc. 5.625% Junior Subordinated Notes due 2058",N,PRS
PRSO,Peraso Inc. - Common Stock,NASDAQ,PRSO
PRSU,"Pursuit Attractions and Hospitality, Inc. Common Stock",N,PRSU
PRT,PermRock Royalty Trust Units of Beneficial Interest,N,PRT
PRTA,Prothena Corporation plc - Ordinary Shares,NASDAQ,PRTA
PRTC,PureTech Health plc - American Depositary Shares,NASDAQ,PRTC
PRTH,"Priority Technology Holdings, Inc. - Common Stock",NASDAQ,PRTH
PRTS,"CarParts.com, Inc. - Common Stock",NASDAQ,PRTS
PRU,"Prudential Financial, Inc. Common Stock",N,PRU
PRVA,"Privia Health Group, Inc. - Common Stock",NASDAQ,PRVA
PRZO,ParaZero Technologies Ltd. - Ordinary Shares,NASDAQ,PRZO
PS,Pershing Square Inc. Common Stock,N,PS
PSA,Public Storage Common Stock,N,PSA
PSBD,Palmer Square Capital BDC Inc. Common Stock,N,PSBD
PSEC,Prospect Capital Corporation - Closed End Fund,NASDAQ,PSEC
PSF,"Cohen & Steers Select Preferred and Income Fund, Inc. Common Stock",N,PSF
PSFE,Paysafe Limited Common Shares,N,PSFE
PSHG,Performance Shipping Inc. - Common Shares,NASDAQ,PSHG
PSIG,PS International Group Ltd. - Ordinary Shares,NASDAQ,PSIG
PSIX,"Power Solutions International, Inc. - Common Stock",NASDAQ,PSIX
PSKY,Paramount Skydance Corporation - Class B Common Stock,NASDAQ,PSKY
PSMT,"PriceSmart, Inc. - Common Stock",NASDAQ,PSMT
PSN,Parsons Corporation Common Stock,N,PSN
PSNL,"Personalis, Inc. - Common Stock",NASDAQ,PSNL
PSNY,Polestar Automotive Holding UK Limited - Class A ADS,NASDAQ,PSNY
PSNYW,Polestar Automotive Holding UK Limited - Class C-1 ADS (ADW),NASDAQ,PSNYW
PSO,"Pearson, Plc Common Stock",N,PSO
PSQH,"PSQ Holdings, Inc. Class A Common Stock",N,PSQH
PSQH.W,"PSQ Holdings, Inc. Warrants, each exercisable for one share of Class A common stock at an exercise price of $11.50 per share",N,PSQH-W
PSTL,"Postal Realty Trust, Inc. Class A Common Stock",N,PSTL
PSTV,"PLUS THERAPEUTICS, Inc. - Common Stock",NASDAQ,PSTV
PSUS,"Pershing Square USA, Ltd. Common Shares",N,PSUS
PSX,Phillips 66 Common Stock,N,PSX
PTA,Cohen & Steers Tax-Advantaged Preferred Securities and Income Fund Common Shares of Beneficial Interest,N,PTA
PTC,PTC Inc. - Common Stock,NASDAQ,PTC
PTCT,"PTC Therapeutics, Inc. - Common Stock",NASDAQ,PTCT
PTEN,"Patterson-UTI Energy, Inc. - Common Stock",NASDAQ,PTEN
PTGX,"Protagonist Therapeutics, Inc. - Common Stock",NASDAQ,PTGX
PTHS,Pelthos Therapeutics Inc. Common Stock,A,PTHS
PTLE,PTL LTD - Class A Ordinary Shares,NASDAQ,PTLE
PTLO,Portillo's Inc. - Class A Common Stock,NASDAQ,PTLO
PTN,"Palatin Technologies, Inc. Common Stock",A,PTN
PTNM,Pitanium Limited - Class A Ordinary Shares,NASDAQ,PTNM
PTON,"Peloton Interactive, Inc. - Common Stock",NASDAQ,PTON
PTOR,Praetorian Acquisition Corp. - Class A Ordinary Shares,NASDAQ,PTOR
PTORU,Praetorian Acquisition Corp. - Units,NASDAQ,PTORU
PTORW,Praetorian Acquisition Corp. - Warrant,NASDAQ,PTORW
PTRN,Pattern Group Inc. - Series A Common Stock,NASDAQ,PTRN
PTY,Pimco Corporate & Income Opportunity Fund,N,PTY
PUBM,"PubMatic, Inc. - Class A Common Stock",NASDAQ,PUBM
PUK,Prudential Public Limited Company Common Stock,N,PUK
PULM,"Pulmatrix, Inc. - Common Stock",NASDAQ,PULM
PUMP,ProPetro Holding Corp. Common Stock,N,PUMP
PURR,Hyperliquid Strategies Inc - Common Stock,NASDAQ,PURR
PVH,PVH Corp. Common Stock,N,PVH
PVL,Permianville Royalty Trust Units of Beneficial Interest,N,PVL
PVLA,"Palvella Therapeutics, Inc. - Common Stock",NASDAQ,PVLA
PW,Power REIT (MD) Common Stock,A,PW
PWP,Perella Weinberg Partners - Class A Common Stock,NASDAQ,PWP
PWR,"Quanta Services, Inc. Common Stock",N,PWR
PXED,"Phoenix Education Partners, Inc. Common Stock",N,PXED
PXLW,"Pixelworks, Inc. - Common Stock",NASDAQ,PXLW
PXS,Pyxis Tankers Inc. - Common Stock,NASDAQ,PXS
PYPD,PolyPid Ltd. - Ordinary Shares,NASDAQ,PYPD
PYPL,"PayPal Holdings, Inc. - Common Stock",NASDAQ,PYPL
PYT,PPlus Tr GSC-2 Tr Ctf Fltg Rate,N,PYT
PYXS,"Pyxis Oncology, Inc. - Common Stock",NASDAQ,PYXS
PZG,Paramount Gold Nevada Corp. Common Stock,A,PZG
PZZA,"Papa John's International, Inc. - Common Stock",NASDAQ,PZZA
Q,"Qnity Electronics, Inc. Common Stock",N,Q
QADRU,QDRO Acquisition Corp. - Units,NASDAQ,QADRU
QBTS,D-Wave Quantum Inc. Common Shares,N,QBTS
QCLS,"Q/C Technologies, Inc. - Common Stock",NASDAQ,QCLS
QCOM,QUALCOMM Incorporated - Common Stock,NASDAQ,QCOM
QCRH,"QCR Holdings, Inc. - Common Stock",NASDAQ,QCRH
QDEL,QuidelOrtho Corporation - Common Stock,NASDAQ,QDEL
QETA,Quetta Acquisition Corporation - Common Stock,NASDAQ,QETA
QETAR,Quetta Acquisition Corporation - Right,NASDAQ,QETAR
QETAU,Quetta Acquisition Corporation - Unit,NASDAQ,QETAU
QFIN,"Qfin Holdings, Inc.  - American Depositary Shares",NASDAQ,QFIN
QGEN,Qiagen N.V. Common Shares,N,QGEN
QLEP.U,"Quantum Leap Acquisition Corp Units, each consisting of one Class A ordinary share and one redeemable warrant",N,QLEP-U
QLYS,"Qualys, Inc. - Common Stock",NASDAQ,QLYS
QMCO,Quantum Corporation - Common Stock,NASDAQ,QMCO
QMMM,QMMM Holdings Limited - Class A Ordinary Shares,NASDAQ,QMMM
QNC,Quantum eMotion Corp. Common Shares,A,QNC
QNCX,"Quince Therapeutics, Inc. - Common Stock",NASDAQ,QNCX
QNRX,"Quoin Pharmaceuticals, Ltd. - American Depositary Shares",NASDAQ,QNRX
QNST,"QuinStreet, Inc. - Common Stock",NASDAQ,QNST
QNTM,Quantum Biopharma Ltd. - Class B Subordinate Voting Shares,NASDAQ,QNTM
QQQX,Nuveen NASDAQ 100 Dynamic Overwrite Fund - Closed End Fund,NASDAQ,QQQX
QRED.U,"QuasarEdge Acquisition Corporation Units, each consisting of one Ordinary Share and one right entitling the holder to receive one-fourth (1/4) of one Ordinary Share",N,QRED-U
QRHC,Quest Resource Holding Corporation - Common Stock,NASDAQ,QRHC
QRVO,"Qorvo, Inc. - Common Stock",NASDAQ,QRVO
QS,QuantumScape Corporation - Common Stock,NASDAQ,QS
QSEA,Quartzsea Acquisition Corporation - Ordinary Shares,NASDAQ,QSEA
QSEAR,Quartzsea Acquisition Corporation - Rights,NASDAQ,QSEAR
QSEAU,Quartzsea Acquisition Corporation - Units,NASDAQ,QSEAU
QSI,Quantum-Si Incorporated - Class A Common Stock,NASDAQ,QSI
QSIAW,Quantum-Si Incorporated - Warrant,NASDAQ,QSIAW
QSR,Restaurant Brands International Inc. Common Shares,N,QSR
QTI,"QT Imaging Holdings, Inc. - Common Stock",NASDAQ,QTI
QTRX,Quanterix Corporation - Common Stock,NASDAQ,QTRX
QTTB,Q32 Bio Inc. - Common Stock,NASDAQ,QTTB
QTWO,"Q2 Holdings, Inc. Common Stock",N,QTWO
QUAD,"Quad Graphics, Inc Class A Common Stock",N,QUAD
QUBT,Quantum Computing Inc. - Common Stock,NASDAQ,QUBT
QUCY,Quantum Cyber N.V. - Ordinary Shares,NASDAQ,QUCY
QUIK,QuickLogic Corporation - Common Stock,NASDAQ,QUIK
QUMS,Quantumsphere Acquisition Corp. - Ordinary Shares,NASDAQ,QUMS
QUMSR,Quantumsphere Acquisition Corp. - Rights,NASDAQ,QUMSR
QUMSU,Quantumsphere Acquisition Corp. - Units,NASDAQ,QUMSU
QURE,uniQure N.V. - Ordinary Shares,NASDAQ,QURE
QXL,Quantum X Labs Inc. - Common Stock,NASDAQ,QXL
QXO,"QXO, Inc. Common Stock",N,QXO
R,"Ryder System, Inc. Common Stock",N,R
RA,Brookfield Real Assets Income Fund Inc. Common Stock,N,RA
RAAQ,Real Asset Acquisition Corp. - Class A Ordinary Share,NASDAQ,RAAQ
RAAQU,Real Asset Acquisition Corp. - Unit,NASDAQ,RAAQU
RAAQW,Real Asset Acquisition Corp. - Warrants,NASDAQ,RAAQW
RAC,Rithm Acquisition Corp. Class A Ordinary Shares,N,RAC
RAC.U,Rithm Acquisition Corp. Units (each consists of one Class A Ordinary Share and one-third of one redeemable Warrant),N,RAC-U
RAC.W,"Rithm Acquisition Corp. Redeemable warrants, each whole warrant exercisable for one Class A ordinary share at an exercise price of $11.50",N,RAC-W
RACE,Ferrari N.V. Common Shares,N,RACE
RADX,Radiopharm Theranostics Limited - American Depositary Shares,NASDAQ,RADX
RAIL,"Freightcar America, Inc. - Common Stock",NASDAQ,RAIL
RAIN,"Rain Enhancement Technologies Holdco, Inc. - Class A Common Stock",NASDAQ,RAIN
RAINW,"Rain Enhancement Technologies Holdco, Inc. - Warrants",NASDAQ,RAINW
RAL,Ralliant Corporation Common Stock,N,RAL
RAMP,"LiveRamp Holdings, Inc. Common Stock",N,RAMP
RAND,Rand Capital Corporation - Closed End Fund,NASDAQ,RAND
RANG,Range Capital Acquisition Corp. - Ordinary Shares,NASDAQ,RANG
RANGR,Range Capital Acquisition Corp. - Rights,NASDAQ,RANGR
RANGU,Range Capital Acquisition Corp. - Units,NASDAQ,RANGU
RANI,"Rani Therapeutics Holdings, Inc. - Class A Common Stock",NASDAQ,RANI
RAPP,"Rapport Therapeutics, Inc. - Common Stock",NASDAQ,RAPP
RARE,Ultragenyx Pharmaceutical Inc. - Common Stock,NASDAQ,RARE
RAVE,"Rave Restaurant Group, Inc. - Common Stock",NASDAQ,RAVE
RAY,Raytech Holding Limited - Ordinary Shares,NASDAQ,RAY
RAYA,Erayak Power Solution Group Inc. - Class A Ordinary Shares,NASDAQ,RAYA
RBA,"RB Global, Inc. Common Stock",N,RBA
RBB,RBB Bancorp - Common Stock,NASDAQ,RBB
RBBN,Ribbon Communications Inc.  - Common Stock,NASDAQ,RBBN
RBC,RBC Bearings Incorporated Common Stock,N,RBC
RBCAA,"Republic Bancorp, Inc. - Class A Common Stock",NASDAQ,RBCAA
RBKB,"Rhinebeck Bancorp, Inc. - Common Stock",NASDAQ,RBKB
RBLX,Roblox Corporation Class A Common Stock,N,RBLX
RBNE,Robin Energy Ltd. - Common Stock,NASDAQ,RBNE
RBRK,"Rubrik, Inc. Class A Common Stock",N,RBRK
RC,Ready Capital Corporation Common Stock,N,RC
RCAT,"Red Cat Holdings, Inc. - Common Stock",NASDAQ,RCAT
RCD,Ready Capital Corporation 9.00% Senior Notes due 2029,N,RCD
RCEL,"Avita Medical, Inc. - Common Stock",NASDAQ,RCEL
RCG,"RENN Fund, Inc Common Stock",A,RCG
RCI,"Rogers Communication, Inc. Common Stock",N,RCI
RCKT,"Rocket Pharmaceuticals, Inc. - Common Stock",NASDAQ,RCKT
RCKTW,"Rocket Pharmaceuticals, Inc. - Warrant",NASDAQ,RCKTW
RCKY,"Rocky Brands, Inc. - Common Stock",NASDAQ,RCKY
RCL,Royal Caribbean Cruises Ltd. Common Stock,N,RCL
RCMT,"RCM Technologies, Inc. - Common Stock",NASDAQ,RCMT
RCON,"Recon Technology, Ltd. - Class A Ordinary Shares",NASDAQ,RCON
RCS,"PIMCO Strategic Income Fund, Inc.",N,RCS
RCT,RedCloud Holdings plc - Ordinary Shares,NASDAQ,RCT
RCUS,"Arcus Biosciences, Inc. Common Stock",N,RCUS
RDAC,Rising Dragon Acquisition Corp. - Ordinary Shares,NASDAQ,RDAC
RDACR,Rising Dragon Acquisition Corp. - Rights,NASDAQ,RDACR
RDACU,Rising Dragon Acquisition Corp. - Unit,NASDAQ,RDACU
RDAG,Republic Digital Acquisition Company - Class A Ordinary Shares,NASDAQ,RDAG
RDAGU,Republic Digital Acquisition Company - Unit,NASDAQ,RDAGU
RDAGW,Republic Digital Acquisition Company - Warrants,NASDAQ,RDAGW
RDCM,Radcom Ltd. - Ordinary Shares,NASDAQ,RDCM
RDDT,"Reddit, Inc. Class A Common Stock",N,RDDT
RDGT,"Ridgetech, Inc. - Ordinary Shares",NASDAQ,RDGT
RDHL,Redhill Biopharma Ltd. - American Depositary Shares,NASDAQ,RDHL
RDI,Reading International Inc - Class A Non-voting Common Stock,NASDAQ,RDI
RDIB,Reading International Inc - Class B Voting Common Stock,NASDAQ,RDIB
RDN,Radian Group Inc. Common Stock,N,RDN
RDNT,"RadNet, Inc. - Common Stock",NASDAQ,RDNT
RDNW,"RideNow Group, Inc. - Class B Common Stock",NASDAQ,RDNW
RDVT,"Red Violet, Inc. - Common Stock ",NASDAQ,RDVT
RDW,Redwire Corporation Common Stock,N,RDW
RDWR,Radware Ltd. - Ordinary Shares,NASDAQ,RDWR
RDY,Dr. Reddy's Laboratories Ltd Common Stock,N,RDY
RDZN,"Roadzen, Inc. - Ordinary Shares",NASDAQ,RDZN
RDZNW,"Roadzen, Inc. - Warrants",NASDAQ,RDZNW
REAL,"The RealReal, Inc. - Common Stock",NASDAQ,REAL
REAX,"The Real Brokerage, Inc. - Common Shares",NASDAQ,REAX
REBN,"Reborn Coffee, Inc. - Common Stock",NASDAQ,REBN
RECT,Rectitude Holdings Ltd - Ordinary Shares,NASDAQ,RECT
REE,REE Automotive Ltd. - Class A Ordinary Shares,NASDAQ,REE
REED,"Reed's, Inc. Common Stock",A,REED
REFI,"Chicago Atlantic Real Estate Finance, Inc. - Common Stock",NASDAQ,REFI
REFR,Research Frontiers Incorporated - Common Stock,NASDAQ,REFR
REG,Regency Centers Corporation - Common Stock,NASDAQ,REG
REGCO,Regency Centers Corporation - 5.875% Series B Cumulative Redeemable Preferred Stock,NASDAQ,REGCO
REGCP,Regency Centers Corporation - 6.25% Series A Cumulative Redeemable Preferred Stock,NASDAQ,REGCP
REGN,"Regeneron Pharmaceuticals, Inc. - Common Stock",NASDAQ,REGN
REI,"Ring Energy, Inc. Common Stock",A,REI
REKR,"Rekor Systems, Inc. - Common Stock",NASDAQ,REKR
RELL,"Richardson Electronics, Ltd. - Common Stock",NASDAQ,RELL
RELX,RELX PLC PLC American Depositary Shares (Each representing One Ordinary Share),N,RELX
RELY,"Remitly Global, Inc. - Common stock",NASDAQ,RELY
RENT,"Rent the Runway, Inc. - Class A Common Stock",NASDAQ,RENT
RENX,RenX Enterprises Corp. - Common Stock,NASDAQ,RENX
REPL,"Replimune Group, Inc. - Common Stock",NASDAQ,REPL
REPX,"Riley Exploration Permian, Inc. Common Stock",A,REPX
RERE,ATRenew Inc. American Depositary Shares (every three of which representing two Class A ordinary shares),N,RERE
RES,"RPC, Inc. Common Stock",N,RES
RETO,"ReTo Eco-Solutions, Inc. - Class A Shares",NASDAQ,RETO
REVB,"Revelation Biosciences, Inc. - Common Stock",NASDAQ,REVB
REVBW,"Revelation Biosciences, Inc. - Warrant",NASDAQ,REVBW
REX,REX American Resources Corporation,N,REX
REXR,"Rexford Industrial Realty, Inc. Common Stock",N,REXR
REYN,Reynolds Consumer Products Inc. - Common Stock,NASDAQ,REYN
REZI,"Resideo Technologies, Inc. Common Stock ",N,REZI
RF,Regions Financial Corporation Common Stock,N,RF
RFAI,RF Acquisition Corp II - Ordinary Shares,NASDAQ,RFAI
RFAIR,RF Acquisition Corp II - Right,NASDAQ,RFAIR
RFAIU,RF Acquisition Corp II - Unit,NASDAQ,RFAIU
RFAM,RF Acquisition Corp III - Ordinary Shares,NASDAQ,RFAM
RFAMR,RF Acquisition Corp III - Rights,NASDAQ,RFAMR
RFAMU,RF Acquisition Corp III - Units,NASDAQ,RFAMU
RFI,"Cohen & Steers Total Return Realty Fund, Inc. Common Stock",N,RFI
RFIL,"RF Industries, Ltd. - Common Stock",NASDAQ,RFIL
RFL,"Rafael Holdings, Inc. Class B Common Stock",N,RFL
RFM,"RiverNorth Flexible Municipal Income Fund, Inc. Common Stock",N,RFM
RFMZ,"RiverNorth Flexible Municipal Income Fund II, Inc. Common Stock",N,RFMZ
RGA,"Reinsurance Group of America, Incorporated Common Stock",N,RGA
RGC,Regencell Bioscience Holdings Limited - Ordinary Shares,NASDAQ,RGC
RGCO,RGC Resources Inc. - Common Stock,NASDAQ,RGCO
RGEN,Repligen Corporation - Common Stock,NASDAQ,RGEN
RGLD,"Royal Gold, Inc. - Common Stock",NASDAQ,RGLD
RGNT,Regentis Biomaterials Ltd. Ordinary Shares,A,RGNT
RGNX,REGENXBIO Inc. - Common Stock,NASDAQ,RGNX
RGP,"Resources Connection, Inc. - Common Stock",NASDAQ,RGP
RGR,"Sturm, Ruger & Company, Inc. Common Stock",N,RGR
RGS,Regis Corporation - Common Stock,NASDAQ,RGS
RGT,"Royce Global Trust, Inc. Common Stock",N,RGT
RGTI,"Rigetti Computing, Inc.  - Common stock",NASDAQ,RGTI
RGTIW,"Rigetti Computing, Inc.  - Redeemable warrants, each whole warrant exercisable for one Class A ordinary share at an exercise price of $11.50",NASDAQ,RGTIW
RH,RH Common Stock,N,RH
RHI,Robert Half Inc. Common Stock,N,RHI
RHLD,Resolute Holdings Management Common Stock ,N,RHLD
RHP,"Ryman Hospitality Properties, Inc. (REIT)",N,RHP
RIBB,Ribbon Acquisition Corp - Class A Ordinary Shares,NASDAQ,RIBB
RIBBR,Ribbon Acquisition Corp - Rights,NASDAQ,RIBBR
RIBBU,Ribbon Acquisition Corp - Unit,NASDAQ,RIBBU
RICK,"RCI Hospitality Holdings, Inc. - Common Stock",NASDAQ,RICK
RIG,Transocean Ltd (Switzerland) Common Stock,N,RIG
RIGL,"Rigel Pharmaceuticals, Inc. - Common Stock",NASDAQ,RIGL
RILY,"BRC Group Holdings, Inc. - Common Stock",NASDAQ,RILY
RILYG,"BRC Group Holdings, Inc. - 5.00% Senior Notes due 2026",NASDAQ,RILYG
RILYL,"BRC Group Holdings, Inc. - Depositary Shares, each representing a 1/1000th fractional interest in a share of Series B Cumulative Perpetual Preferred Stock",NASDAQ,RILYL
RILYN,"BRC Group Holdings, Inc. - 6.50% Senior Notes Due 2026",NASDAQ,RILYN
RILYP,"BRC Group Holdings, Inc. - Depositary Shares, each representing a 1/1000th fractional interest in a share of Series A Cumulative Perpetual Preferred Stock",NASDAQ,RILYP
RILYT,"BRC Group Holdings, Inc. - 6.00% Senior Notes Due 2028",NASDAQ,RILYT
RILYZ,"BRC Group Holdings, Inc. - 5.25% Senior Notes due 2028",NASDAQ,RILYZ
RIME,"Algorhythm Holdings, Inc. - Common Stock",NASDAQ,RIME
RIO,Rio Tinto Plc Common Stock,N,RIO
RIOT,"Riot Platforms, Inc. - Common Stock",NASDAQ,RIOT
RITM,Rithm Capital Corp. Common Stock,N,RITM
RITR,Reitar Logtech Holdings Limited - Ordinary shares,NASDAQ,RITR
RIV,"RiverNorth Opportunities Fund, Inc. Common Stock",N,RIV
RIVN,"Rivian Automotive, Inc. - Class A Common Stock",NASDAQ,RIVN
RJET,Republic Airways Holdings Inc. - Common Stock,NASDAQ,RJET
RJF,"Raymond James Financial, Inc. Common Stock",N,RJF
RKDA,"Arcadia Biosciences, Inc. - Common Stock",NASDAQ,RKDA
RKLB,Rocket Lab Corporation - Common Stock,NASDAQ,RKLB
RKT,"Rocket Companies, Inc. Class A Common Stock",N,RKT
RL,Ralph Lauren Corporation Common Stock,N,RL
RLAY,"Relay Therapeutics, Inc. - Common Stock",NASDAQ,RLAY
RLGT,"Radiant Logistics, Inc. Common Stock",A,RLGT
RLI,RLI Corp. Common Stock (DE),N,RLI
RLJ,RLJ Lodging Trust Common Shares of Beneficial Interest $0.01 par value,N,RLJ
RLMD,"Relmada Therapeutics, Inc. - Common Stock",NASDAQ,RLMD
RLTY,Cohen & Steers Real Estate Opportunities and Income Fund Common Shares of Beneficial Interest,N,RLTY
RLX,"RLX Technology Inc. American Depositary Shares, each representing the right to receive one (1) Class A ordinary share",N,RLX
RLYB,Rallybio Corporation - Common Stock,NASDAQ,RLYB
RM,Regional Management Corp. Common Stock,N,RM
RMAX,"RE/MAX Holdings, Inc. Class A Common Stock",N,RMAX
RMBI,"Richmond Mutual Bancorporation, Inc. - Common Stock",NASDAQ,RMBI
RMBS,"Rambus, Inc. - Common Stock",NASDAQ,RMBS
RMCF,"Rocky Mountain Chocolate Factory, Inc. - Common Stock",NASDAQ,RMCF
RMCO,Royalty Management Holding Corporation - Class A Common Stock,NASDAQ,RMCO
RMCOW,Royalty Management Holding Corporation - Warrant,NASDAQ,RMCOW
RMD,ResMed Inc. Common Stock,N,RMD
RMI,"RiverNorth Opportunistic Municipal Income Fund, Inc. Common Stock",N,RMI
RMIX,"Suncrete, Inc. - Class A Common Stock",NASDAQ,RMIX
RMM,"RiverNorth Managed Duration Municipal Income Fund, Inc. Common Stock",N,RMM
RMMZ,"RiverNorth Managed Duration Municipal Income Fund II, Inc. Common Stock",N,RMMZ
RMNI,"Rimini Street, Inc. - Common Stock",NASDAQ,RMNI
RMR,The RMR Group Inc. - Class A Common Stock,NASDAQ,RMR
RMSG,Real Messenger Corporation - Ordinary Shares,NASDAQ,RMSG
RMSGW,Real Messenger Corporation - Warrants,NASDAQ,RMSGW
RMT,"Royce Micro-Cap Trust, Inc. Common Stock",N,RMT
RMTI,"Rockwell Medical, Inc. - Common Stock",NASDAQ,RMTI
RNA,"Atrium Therapeutics, Inc. - Common Stock",NASDAQ,RNA
RNAC,"Cartesian Therapeutics, Inc. - Common Stock",NASDAQ,RNAC
RNAZ,"TransCode Therapeutics, Inc. - Common Stock",NASDAQ,RNAZ
RNG,"RingCentral, Inc. Class A Common Stock",N,RNG
RNGR,"Ranger Energy Services, Inc. Class A Common Stock",N,RNGR
RNGT,Range Capital Acquisition Corp II - Class A Ordinary Shares,NASDAQ,RNGT
RNGTU,Range Capital Acquisition Corp II - Units,NASDAQ,RNGTU
RNGTW,Range Capital Acquisition Corp II - Warrants,NASDAQ,RNGTW
RNP,"Cohen & Steers REIT and Preferred and Income Fund, Inc. Common Shares",N,RNP
RNR,RenaissanceRe Holdings Ltd. Common Stock,N,RNR
RNST,Renasant Corporation Common Stock,N,RNST
RNTX,"Rein Therapeutics, Inc. - Common Stock",NASDAQ,RNTX
RNW,ReNew Energy Global plc - Class A Shares,NASDAQ,RNW
RNWWW,ReNew Energy Global plc - Warrant,NASDAQ,RNWWW
RNXT,"RenovoRx, Inc. - Common Stock",NASDAQ,RNXT
ROAD,"Construction Partners, Inc. - Common Stock",NASDAQ,ROAD
ROC,Rank One Computing Corporation - Common stock,NASDAQ,ROC
ROCK,"Gibraltar Industries, Inc. - Common Stock",NASDAQ,ROCK
ROG,Rogers Corporation Common Stock,N,ROG
ROIV,Roivant Sciences Ltd. - Common Shares,NASDAQ,ROIV
ROK,"Rockwell Automation, Inc. Common Stock",N,ROK
ROKU,"Roku, Inc. - Class A Common Stock",NASDAQ,ROKU
ROL,"Rollins, Inc. Common Stock",N,ROL
ROLR,"High Roller Technologies, Inc. Common Stock",A,ROLR
ROMA,Roma Green Finance Limited - Class A Ordinary Shares,NASDAQ,ROMA
ROOT,"Root, Inc. - Common Stock",NASDAQ,ROOT
ROP,"Roper Technologies, Inc. - Common Stock",NASDAQ,ROP
ROST,"Ross Stores, Inc. - Common Stock",NASDAQ,ROST
RPAY,Repay Holdings Corporation - Class A Common Stock,NASDAQ,RPAY
RPC,"Ridgepost Capital, Inc. Class A Common Stock",N,RPC
RPD,"Rapid7, Inc. - Common Stock",NASDAQ,RPD
RPGL,Republic Power Group Limited - Class A Ordinary Shares,NASDAQ,RPGL
RPID,"Rapid Micro Biosystems, Inc. - Class A Common Stock",NASDAQ,RPID
RPM,RPM International Inc. Common Stock,N,RPM
RPRX,Royalty Pharma plc - Class A Ordinary Shares,NASDAQ,RPRX
RPT,Rithm Property Trust Inc. Common stock,N,RPT
RQI,Cohen & Steers Quality Income Realty Fund Inc Common Shares,N,RQI
RR,Richtech Robotics Inc. - Class B Common Stock,NASDAQ,RR
RRBI,"Red River Bancshares, Inc. - Common Stock",NASDAQ,RRBI
RRC,Range Resources Corporation Common Stock,N,RRC
RREVU,RRE Ventures Acquisition Corp. - Units,NASDAQ,RREVU
RRGB,"Red Robin Gourmet Burgers, Inc. - Common Stock",NASDAQ,RRGB
RRR,"Red Rock Resorts, Inc. - Class A Common Stock",NASDAQ,RRR
RRX,Regal Rexnord Corporation Common Stock,N,RRX
RS,"Reliance, Inc. Common Stock",N,RS
RSF,RiverNorth Capital and Income Fund Common Stock,N,RSF
RSG,"Republic Services, Inc. Common Stock",N,RSG
RSI,"Rush Street Interactive, Inc. Class A Common Stock",N,RSI
RSKD,Riskified Ltd. Class A Ordinary Shares,N,RSKD
RSSS,"Research Solutions, Inc - Common Stock",NASDAQ,RSSS
RSVR,"Reservoir Media, Inc.. - Common Stock",NASDAQ,RSVR
RSVRW,"Reservoir Media, Inc.. - Warrant",NASDAQ,RSVRW
RTAC,Renatus Tactical Acquisition Corp I - Class A Ordinary Shares,NASDAQ,RTAC
RTACU,Renatus Tactical Acquisition Corp I - Unit,NASDAQ,RTACU
RTACW,Renatus Tactical Acquisition Corp I - Warrant,NASDAQ,RTACW
RTO,Rentokil Initial plc American Depositary Shares (each representing five (5) Ordinary Shares),N,RTO
RTX,RTX Corporation Common Stock,N,RTX
RUBI,Rubico Inc. - Common Stock,NASDAQ,RUBI
RUM,Rumble Inc. - Class A Common Stock,NASDAQ,RUM
RUMBW,Rumble Inc. - Warrant,NASDAQ,RUMBW
RUN,Sunrun Inc. - Common Stock,NASDAQ,RUN
RUSHA,"Rush Enterprises, Inc. - Class A Common Stock",NASDAQ,RUSHA
RUSHB,"Rush Enterprises, Inc. - Class B Common Stock",NASDAQ,RUSHB
RVI,Robinhood Ventures Fund I Common Shares of Beneficial Interest,N,RVI
RVLV,"Revolve Group, Inc. Class A Common Stock",N,RVLV
RVMD,"Revolution Medicines, Inc. - Common Stock",NASDAQ,RVMD
RVMDW,"Revolution Medicines, Inc. - Warrant",NASDAQ,RVMDW
RVP,"Retractable Technologies, Inc. Common Stock",A,RVP
RVPH,"Reviva Pharmaceuticals Holdings, Inc. - Common Stock",NASDAQ,RVPH
RVSB,Riverview Bancorp Inc - Common Stock,NASDAQ,RVSB
RVSN,Rail Vision Ltd. - Ordinary Shares,NASDAQ,RVSN
RVSNW,Rail Vision Ltd. - Warrant,NASDAQ,RVSNW
RVT,"Royce Small-Cap Trust, Inc. Common Stock",N,RVT
RVTY,"Revvity, Inc. Common Stock",N,RVTY
RVYL,Ryvyl Inc. - Common Stock,NASDAQ,RVYL
RWAY,Runway Growth Finance Corp. - Common Stock,NASDAQ,RWAY
RWAYI,Runway Growth Finance Corp. - 7.25% Notes due 2031,NASDAQ,RWAYI
RWAYL,Runway Growth Finance Corp. - 7.50% Notes due 2027,NASDAQ,RWAYL
RWT,"Redwood Trust, Inc. Common Stock",N,RWT
RWTN,"Redwood Trust, Inc. 9.125% Senior Notes Due 2029",N,RWTN
RWTO,"Redwood Trust, Inc. 9.00% Senior Notes Due 2029",N,RWTO
RWTP,"Redwood Trust, Inc. 9.125% Senior Notes Due 2030",N,RWTP
RWTQ,"Redwood Trust, Inc. 9.500% Senior Notes Due 2030",N,RWTQ
RXO,"RXO, Inc. Common Stock",N,RXO
RXRX,"Recursion Pharmaceuticals, Inc. - Class A Common Stock",NASDAQ,RXRX
RXST,"RxSight, Inc. - Common Stock",NASDAQ,RXST
RXT,"Rackspace Technology, Inc. - Common Stock",NASDAQ,RXT
RY,Royal Bank Of Canada Common Stock,N,RY
RYAAY,"Ryanair Holdings plc - American Depositary Shares, each representing five Ordinary Shares",NASDAQ,RYAAY
RYAM,Rayonier Advanced Materials Inc. Common Stock,N,RYAM
RYAN,"Ryan Specialty Holdings, Inc. Class A Common Stock",N,RYAN
RYDE,Ryde Group Ltd. Class A Ordinary Shares,A,RYDE
RYET,Ruanyun Edai Technology Inc. - Ordinary shares,NASDAQ,RYET
RYM,"RYTHM, Inc. - Common Stock",NASDAQ,RYM
RYN,Rayonier Inc. REIT Common Stock,N,RYN
RYOJ,"rYojbaba Co., Ltd. - Common Shares",NASDAQ,RYOJ
RYTM,"Rhythm Pharmaceuticals, Inc. - Common Stock",NASDAQ,RYTM
RYZ,Ryerson Holding Corporation Common Stock,N,RYZ
RZB,"Reinsurance Group of America, Incorporated 5.75% Fixed-To-Floating Rate Subordinated Debentures due 2056",N,RZB
RZC,"Reinsurance Group of America, Incorporated 7.125% Fixed-Rate Reset Subordinated Debentures due 2052",N,RZC
RZLT,"Rezolute, Inc. - Common Stock (NV)",NASDAQ,RZLT
RZLV,Rezolve AI PLC - Ordinary Shares,NASDAQ,RZLV
RZLVW,Rezolve AI PLC - Warrants,NASDAQ,RZLVW
S,"SentinelOne, Inc. Class A Common Stock",N,S
SA,"Seabridge Gold, Inc. Ordinary Shares (Canada)",N,SA
SAAQ,Space Asset Acquisition Corp. - Class A Ordinary Shares,NASDAQ,SAAQ
SAAQU,Space Asset Acquisition Corp. - Units,NASDAQ,SAAQU
SAAQW,Space Asset Acquisition Corp. - Warrants,NASDAQ,SAAQW
SABA,Saba Capital Income & Opportunities Fund II Shares of Beneficial Interest,N,SABA
SABR,Sabre Corporation - Common Stock,NASDAQ,SABR
SABS,"SAB Biotherapeutics, Inc. - Common Stock",NASDAQ,SABS
SABSW,"SAB Biotherapeutics, Inc. - Warrant",NASDAQ,SABSW
SAC,Safeguard Acquisition Corp. Class A Ordinary Shares,N,SAC
SAC.U,"Safeguard Acquisition Corp. Units, each consisting of one Class A ordinary share and one-half of one redeemable warrant",N,SAC-U
SAC.W,"Safeguard Acquisition Corp. Warrants, each whole warrant exercisable for one Class A ordinary share at an exercise price of $11.50 per share",N,SAC-W
SACH,Sachem Capital Corp. Common Shares,A,SACH
SAFE,Safehold Inc. New Common Stock ,N,SAFE
SAFT,"Safety Insurance Group, Inc. - Common Stock",NASDAQ,SAFT
SAFX,"XCF Global, Inc. - Class A Common Stock",NASDAQ,SAFX
SAGT,SAGTEC GLOBAL LIMITED - Class A Ordinary shares,NASDAQ,SAGT
SAH,"Sonic Automotive, Inc. Common Stock",N,SAH
SAIA,"Saia, Inc. - Common Stock",NASDAQ,SAIA
SAIC,Science Applications International Corporation - Common Stock,NASDAQ,SAIC
SAIH,SAIHEAT Limited - Class A Ordinary Shares,NASDAQ,SAIH
SAIHW,SAIHEAT Limited - Warrant,NASDAQ,SAIHW
SAIL,"SailPoint, Inc. - Common Stock",NASDAQ,SAIL
SAJ,Saratoga Investment Corp 8.00% Notes due 2027,N,SAJ
SAM,"Boston Beer Company, Inc. (The) Common Stock",N,SAM
SAMG,Silvercrest Asset Management Group Inc. - Common Stock,NASDAQ,SAMG
SAN,"Banco Santander, S.A. Sponsored ADR (Spain)",N,SAN
SANA,"Sana Biotechnology, Inc. - Common Stock",NASDAQ,SANA
SANG,Sangoma Technologies Corporation - Common Shares,NASDAQ,SANG
SANM,Sanmina Corporation - Common Stock,NASDAQ,SANM
SAP,SAP  SE ADS,N,SAP
SAR,Saratoga Investment Corp New,N,SAR
SARO,"StandardAero, Inc. Common Stock",N,SARO
SAT,Saratoga Investment Corp 6.00% Notes due 2027,N,SAT
SATA,"Strive, Inc. - Variable Rate Series A Perpetual Preferred Stock",NASDAQ,SATA
SATL,Satellogic Inc. - Class A Common Stock,NASDAQ,SATL
SATLW,Satellogic Inc. - Warrant,NASDAQ,SATLW
SATS,EchoStar Corporation - Common stock,NASDAQ,SATS
SAV,Saratoga Investment Corp 7.50% Notes due 2031,N,SAV
SAY,Saratoga Investment Corp 8.125% Notes due 2027,N,SAY
SAZ,Saratoga Investment Corp 8.50% Notes due 2028,N,SAZ
SB,"Safe Bulkers, Inc Common Stock ($0.001 par value)",N,SB
SBAC,SBA Communications Corporation - Class A Common Stock,NASDAQ,SBAC
SBC,SBC Medical Group Holdings Incorporated - Common Stock,NASDAQ,SBC
SBCF,Seacoast Banking Corporation of Florida - Common Stock,NASDAQ,SBCF
SBCWW,SBC Medical Group Holdings Incorporated - Warrants,NASDAQ,SBCWW
SBET,"Sharplink, Inc. - Common Stock",NASDAQ,SBET
SBEV,"Splash Beverage Group, Inc. (NV) Common Stock",A,SBEV
SBFG,"SB Financial Group, Inc. - Common Stock",NASDAQ,SBFG
SBFM,Sunshine Biopharma Inc. - Common stock,NASDAQ,SBFM
SBFMW,Sunshine Biopharma Inc. - Warrant,NASDAQ,SBFMW
SBGI,"Sinclair, Inc. - Class A Common Stock",NASDAQ,SBGI
SBH,"Sally Beauty Holdings, Inc. (Name to be changed from Sally Holdings, Inc.) Common Stock",N,SBH
SBI,Western Asset Intermediate Muni Fund Inc Common Stock,N,SBI
SBLK,Star Bulk Carriers Corp. - Common Shares,NASDAQ,SBLK
SBMT,Silver Bow Mining Corp. Common Shares,A,SBMT
SBR,Sabine Royalty Trust Common Stock,N,SBR
SBRA,"Sabra Health Care REIT, Inc. - Common Stock",NASDAQ,SBRA
SBS,Companhia de saneamento Basico Do Estado De Sao Paulo - Sabesp American Depositary Shares (Each repstg 250 Common Shares),N,SBS
SBSI,"Southside Bancshares, Inc. Common Stock",N,SBSI
SBSW,D/B/A Sibanye-Stillwater Limited ADS,N,SBSW
SBUX,Starbucks Corporation - Common Stock,NASDAQ,SBUX
SBXD,SilverBox Corp IV Class A Ordinary Shares,N,SBXD
SBXD.U,"SilverBox Corp IV Units, each consisting of one Class A ordinary share and one-third of one redeemable warrant",N,SBXD-U
SBXD.W,"SilverBox Corp IV Redeemable warrants, each whole warrant exercisable for one Class A Ordinary Share at an exercise price of $11.50",N,SBXD-W
SBXE,SilverBox Corp V Class A Ordinary Shares,N,SBXE
SBXE.U,"SilverBox Corp V Units, each consisting of one Class A Ordinary Share and one-third of one redeemable warrant",N,SBXE-U
SBXE.W,"SilverBox Corp V Redeemable warrants, each whole warrant exercisable for one Class A Ordinary Share at an exercise price of $11.50",N,SBXE-W
SCAG,Scage Future - American Depositary Shares,NASDAQ,SCAG
SCAGW,Scage Future - Warrants,NASDAQ,SCAGW
SCCD,Sachem Capital Corp. 6.00% Notes due 2026,A,SCCD
SCCE,Sachem Capital Corp. 6.00% Notes due 2027,A,SCCE
SCCF,Sachem Capital Corp. 7.125% Notes due 2027,A,SCCF
SCCG,Sachem Capital Corp. 8.00% Notes due 2027,A,SCCG
SCCO,Southern Copper Corporation Common Stock,N,SCCO
SCD,LMP Capital and Income Fund Inc. Common Stock,N,SCD
SCHL,Scholastic Corporation - Common Stock,NASDAQ,SCHL
SCHW,Charles Schwab Corporation (The) Common Stock,N,SCHW
SCI,Service Corporation International Common Stock,N,SCI
SCII,SC II Acquisition Corp. - Class A ordinary share,NASDAQ,SCII
SCIIR,SC II Acquisition Corp. - Rights,NASDAQ,SCIIR
SCIIU,SC II Acquisition Corp. - Units,NASDAQ,SCIIU
SCKT,"Socket Mobile, Inc. - Common Stock",NASDAQ,SCKT
SCL,Stepan Company Common Stock,N,SCL
SCLX,Scilex Holding Company - Common Stock,NASDAQ,SCLX
SCLXW,Scilex Holding Company - Warrant,NASDAQ,SCLXW
SCM,Stellus Capital Investment Corporation Common Stock,N,SCM
SCNI,Scinai Immunotherapeutics Ltd. - American Depositary Shares,NASDAQ,SCNI
SCNX,"Scienture Holdings, Inc. - Common Stock",NASDAQ,SCNX
SCOR,"comScore, Inc. - Common Stock",NASDAQ,SCOR
SCPQ,Social Commerce Partners Corporation - Class A Ordinary Shares,NASDAQ,SCPQ
SCPQU,Social Commerce Partners Corporation - Unit,NASDAQ,SCPQU
SCPQW,Social Commerce Partners Corporation - Warrant,NASDAQ,SCPQW
SCSC,"ScanSource, Inc. - Common Stock",NASDAQ,SCSC
SCVL,"Shoe Carnival, Inc. - Common Stock",NASDAQ,SCVL
SCWO,374Water Inc. - common stock,NASDAQ,SCWO
SCYX,"SCYNEXIS, Inc. - Common Stock",NASDAQ,SCYX
SCZM,Santacruz Silver Mining Ltd. - Common Shares,NASDAQ,SCZM
SD,"SandRidge Energy, Inc. Common Stock",N,SD
SDA,SunCar Technology Group Inc. - Ordinary Shares,NASDAQ,SDA
SDAWW,SunCar Technology Group Inc. - Warrant,NASDAQ,SDAWW
SDEV,Stablecoin Development Corporation Common Stock,A,SDEV
SDGR,"Schrodinger, Inc. - Common Stock",NASDAQ,SDGR
SDHC,Smith Douglas Homes Corp. Class A Common Stock,N,SDHC
SDHI,Siddhi Acquisition Corp - Class A Common stock,NASDAQ,SDHI
SDHIR,Siddhi Acquisition Corp - Right,NASDAQ,SDHIR
SDHIU,Siddhi Acquisition Corp - Unit,NASDAQ,SDHIU
SDHY,PGIM Short Duration High Yield Opportunities Fund Common Shares,N,SDHY
SDM,Smart Digital Group Limited - Ordinary Shares,NASDAQ,SDM
SDOT,Sadot Group Inc. - Common Stock,NASDAQ,SDOT
SDRL,Seadrill Limited Common Shares,N,SDRL
SDST,Stardust Power Inc. - Common Stock,NASDAQ,SDST
SDSTW,Stardust Power Inc. - Warrant,NASDAQ,SDSTW
SE,"Sea Limited American Depositary Shares, each representing one Class A Ordinary Share",N,SE
SEAT,Vivid Seats Inc. - Class A common stock,NASDAQ,SEAT
SEATW,Vivid Seats Inc. - Warrant,NASDAQ,SEATW
SEB,Seaboard Corporation Common Stock,A,SEB
SEDG,"SolarEdge Technologies, Inc. - Common Stock",NASDAQ,SEDG
SEED,Origin Agritech Limited - Ordinary Shares,NASDAQ,SEED
SEER,"Seer, Inc. - Class A Common Stock",NASDAQ,SEER
SEG,Seaport Entertainment Group Inc. Common Stock,N,SEG
SEGG,Sports Entertainment Gaming Global Corporation  - Common Stock,NASDAQ,SEGG
SEI,"Solaris Energy Infrastructure, Inc. Class A Common Stock",N,SEI
SEIC,SEI Investments Company - Common Stock,NASDAQ,SEIC
SELF,"Global Self Storage, Inc. - Common Stock",NASDAQ,SELF
SELX,Semilux International Ltd. - Ordinary Shares,NASDAQ,SELX
SEM,Select Medical Holdings Corporation Common Stock,N,SEM
SENEA,Seneca Foods Corp. - Class A Common Stock,NASDAQ,SENEA
SENEB,Seneca Foods Corp. - Class B Common Stock,NASDAQ,SENEB
SENS,"Senseonics Holdings, Inc. - Common Stock",NASDAQ,SENS
SEPN,"Septerna, Inc. - Common Stock",NASDAQ,SEPN
SER,"Serina Therapeutics, Inc. Common Stock",A,SER
SERA,"Sera Prognostics, Inc. - Class A Common Stock",NASDAQ,SERA
SERV,Serve Robotics Inc. - Common Stock,NASDAQ,SERV
SES,SES AI Corporation Class A Common Stock,N,SES
SES.W,"SES AI Corporation Warrants, each whole warrant exercisable for one share of Class A Common Stock at an exercise price of $11.50 per share",N,SES-W
SEV,Aptera Motors Corp. - Class B Common Stock,NASDAQ,SEV
SEVN,Seven Hills Realty Trust  - Common Stock,NASDAQ,SEVN
SEZL,Sezzle Inc. - Common Stock,NASDAQ,SEZL
SF,Stifel Financial Corporation Common Stock,N,SF
SFB,Stifel Financial Corporation 5.20% Senior Notes due 2047,N,SFB
SFBC,"Sound Financial Bancorp, Inc. - Common Stock",NASDAQ,SFBC
SFBS,"ServisFirst Bancshares, Inc. Common Stock",N,SFBS
SFD,"Smithfield Foods, Inc. - Common Stock",NASDAQ,SFD
SFHG,Samfine Creation Holdings Group Limited - Class A Ordinary Share,NASDAQ,SFHG
SFIX,"Stitch Fix, Inc. - Class A Common Stock",NASDAQ,SFIX
SFL,SFL Corporation Ltd,N,SFL
SFM,"Sprouts Farmers Market, Inc. - Common Stock",NASDAQ,SFM
SFNC,Simmons First National Corporation - Common Stock,NASDAQ,SFNC
SFST,"Southern First Bancshares, Inc. - Common Stock",NASDAQ,SFST
SFWL,Shengfeng Development Limited - Class A Ordinary Shares,NASDAQ,SFWL
SG,"Sweetgreen, Inc. Class A Common Stock",N,SG
SGA,"Saga Communications, Inc. - Class A Common Stock",NASDAQ,SGA
SGC,"Superior Group of Companies, Inc. - Common Stock",NASDAQ,SGC
SGHC,Super Group (SGHC) Limited Ordinary Shares,N,SGHC
SGHT,"Sight Sciences, Inc. - Common Stock",NASDAQ,SGHT
SGI,Somnigroup International Inc. Common Stock,N,SGI
SGLY,Singularity Future Technology Ltd. - Common Stock,NASDAQ,SGLY
SGML,Sigma Lithium Corporation - common shares,NASDAQ,SGML
SGMO,"Sangamo Therapeutics, Inc. - Common Stock",NASDAQ,SGMO
SGMT,Sagimet Biosciences Inc. - Series A Common Stock,NASDAQ,SGMT
SGP,"SpyGlass Pharma, Inc. - Common Stock",NASDAQ,SGP
SGRP,"SPAR Group, Inc. - Common Stock",NASDAQ,SGRP
SGRY,"Surgery Partners, Inc. - Common Stock",NASDAQ,SGRY
SGU,Star Group L.P. Common Stock,N,SGU
SHAK,"Shake Shack, Inc. Class A Common Stock",N,SHAK
SHAZ,"SharonAI Holdings, Inc. - Class A Common Stock",NASDAQ,SHAZ
SHBI,"Shore Bancshares, Inc. - Common Stock",NASDAQ,SHBI
SHC,Sotera Health Company - Common Stock,NASDAQ,SHC
SHEL,Shell PLC American Depositary Shares (each representing two (2) Ordinary Shares) ,N,SHEL
SHEN,Shenandoah Telecommunications Co - Common Stock,NASDAQ,SHEN
SHFS,"SHF Holdings, Inc. - Class A Common Stock",NASDAQ,SHFS
SHFSW,"SHF Holdings, Inc. - Warrants",NASDAQ,SHFSW
SHG,Shinhan Financial Group Co Ltd American Depositary Shares,N,SHG
SHIM,Shimmick Corporation - Common Stock,NASDAQ,SHIM
SHIP,Seanergy Maritime Holdings Corp. - Common Stock,NASDAQ,SHIP
SHLS,"Shoals Technologies Group, Inc. - Class A Common Stock",NASDAQ,SHLS
SHMD,SCHMID Group N.V. - Class A Ordinary Shares,NASDAQ,SHMD
SHMDW,SCHMID Group N.V. - Warrants,NASDAQ,SHMDW
SHO,"Sunstone Hotel Investors, Inc. Sunstone Hotel Investors, Inc. Common Shares",N,SHO
SHOO,"Steven Madden, Ltd. - Common Stock",NASDAQ,SHOO
SHOP,Shopify Inc. - Class A Subordinate Voting Shares,NASDAQ,SHOP
SHPH,"Shuttle Pharmaceuticals Holdings, Inc. - common stock",NASDAQ,SHPH
SHW,Sherwin-Williams Company (The) Common Stock,N,SHW
SI,"Shoulder Innovations, Inc. Common Stock",N,SI
SIBN,"SI-BONE, Inc. - Common Stock",NASDAQ,SIBN
SID,Companhia Siderurgica Nacional S.A. Common Stock,N,SID
SIDU,"Sidus Space, Inc. - Class A Common Stock",NASDAQ,SIDU
SIEB,Siebert Financial Corp. - Common Stock,NASDAQ,SIEB
SIF,"SIFCO Industries, Inc. Common Stock",A,SIF
SIFY,Sify Technologies Limited - American Depository Shares,NASDAQ,SIFY
SIG,Signet Jewelers Limited Common Shares,N,SIG
SIGA,SIGA Technologies Inc. - Common Stock,NASDAQ,SIGA
SIGI,"Selective Insurance Group, Inc. - Common Stock",NASDAQ,SIGI
SIGIP,"Selective Insurance Group, Inc. - Depositary Shares, each representing a 1/1,000th interest in a share of 4.60% Non-Cumulative Preferred Stock, Series B",NASDAQ,SIGIP
SII,Sprott Inc. Common Shares,N,SII
SILA,"Sila Realty Trust, Inc. Common Stock",N,SILA
SILC,Silicom Ltd - Ordinary Shares,NASDAQ,SILC
SILO,"Silo Pharma, Inc. - Common Stock",NASDAQ,SILO
SIM,"Grupo Simec, S.A.B. de C.V. American Depositary Shares",A,SIM
SIMA,SIM Acquisition Corp. I - Class A Ordinary Shares,NASDAQ,SIMA
SIMAU,SIM Acquisition Corp. I - Unit,NASDAQ,SIMAU
SIMAW,SIM Acquisition Corp. I - Warrant,NASDAQ,SIMAW
SIMO,"Silicon Motion Technology Corporation - American Depositary Shares, each representing four ordinary shares",NASDAQ,SIMO
SINT,"SiNtx Technologies, Inc. - Common Stock",NASDAQ,SINT
SION,"Sionna Therapeutics, Inc. - Common Stock",NASDAQ,SION
SIRI,SiriusXM Holdings Inc. - Common Stock,NASDAQ,SIRI
SITC,SITE Centers Corp. Common Stock,N,SITC
SITE,"SiteOne Landscape Supply, Inc. Common Stock",N,SITE
SITM,SiTime Corporation - Common Stock,NASDAQ,SITM
SJ,Scienjoy Holding Corporation - Class A Ordinary Shares,NASDAQ,SJ
SJM,The J.M. Smucker Company Common Stock,N,SJM
SJT,San Juan Basin Royalty Trust Common Stock,N,SJT
SKBL,Skyline Builders Group Holding Limited - Class A Ordinary Shares,NASDAQ,SKBL
SKE,Skeena Resources Limited Common Shares,N,SKE
SKIL,Skillsoft Corp. Class A Common Stock,N,SKIL
SKIN,SkinHealth Systems Inc. - Class A Common Stock,NASDAQ,SKIN
SKK,SKK Holdings Limited - Class A Ordinary Shares,NASDAQ,SKK
SKLZ,Skillz Inc. Class A Common Stock,N,SKLZ
SKM,"SK Telecom Co., Ltd. Common Stock",N,SKM
SKT,Tanger Inc. Common Stock,N,SKT
SKWD,"Skyward Specialty Insurance Group, Inc. - Common Stock",NASDAQ,SKWD
SKY,"Champion Homes, Inc. Common Stock",N,SKY
SKYE,"Skye Bioscience, Inc. - Common Stock",NASDAQ,SKYE
SKYH,Sky Harbour Group Corporation Class A Common Stock,N,SKYH
SKYH.W,"Sky Harbour Group Corporation Warrants, each whole warrant exercisable for one share of Class A common stock at an exercise price of $11.50 per share",N,SKYH-W
SKYQ,Sky Quarry Inc. - Common Stock,NASDAQ,SKYQ
SKYT,"SkyWater Technology, Inc. - Common Stock",NASDAQ,SKYT
SKYW,"SkyWest, Inc. - Common Stock",NASDAQ,SKYW
SKYX,SKYX Platforms Corp. - Common Stock,NASDAQ,SKYX
SLAB,"Silicon Laboratories, Inc. - Common Stock",NASDAQ,SLAB
SLAI,SOLAI Limited American Depositary Shares (each representing one hundred (100) Class A Ordinary Shares),N,SLAI
SLB,SLB Limited Common Shares,N,SLB
SLDB,Solid Biosciences Inc. - Common Stock,NASDAQ,SLDB
SLDE,"Slide Insurance Holdings, Inc. - Common Stock",NASDAQ,SLDE
SLDP,"Solid Power, Inc. - Class A Common Stock",NASDAQ,SLDP
SLDPW,"Solid Power, Inc. - Warrant",NASDAQ,SLDPW
SLE,"Super League Enterprise, Inc. - Common Stock",NASDAQ,SLE
SLF,Sun Life Financial Inc. Common Stock,N,SLF
SLG,SL Green Realty Corp Common Stock,N,SLG
SLGB,Smart Logistics Global Limited - Ordinary Shares,NASDAQ,SLGB
SLGL,Sol-Gel Technologies Ltd. - Ordinary Shares,NASDAQ,SLGL
SLGN,Silgan Holdings Inc. Common Stock,N,SLGN
SLI,Standard Lithium Ltd. Common Shares,A,SLI
SLM,SLM Corporation - Common Stock,NASDAQ,SLM
SLMBP,"SLM Corporation - Floating Rate Non-Cumulative Preferred Stock, Series B",NASDAQ,SLMBP
SLMT,Brera Holdings PLC - Class B Ordinary Shares,NASDAQ,SLMT
SLN,Silence Therapeutics Plc - American Depository Share,NASDAQ,SLN
SLND,"Southland Holdings, Inc. Common Stock",A,SLND
SLND.W,"Southland Holdings, Inc. Warrants",A,SLND-W
SLNG,"Stabilis Solutions, Inc. - Common Stock",NASDAQ,SLNG
SLNH,"Soluna Holdings, Inc. - Common Stock",NASDAQ,SLNH
SLNHP,"Soluna Holdings, Inc. - 9.0% Series A Cumulative Perpetual Preferred Stock",NASDAQ,SLNHP
SLNO,"Soleno Therapeutics, Inc. - Common Stock",NASDAQ,SLNO
SLP,"Simulations Plus, Inc. - Common Stock",NASDAQ,SLP
SLQT,"SelectQuote, Inc. Common Stock",N,SLQT
SLRC,SLR Investment Corp. - Closed End Fund,NASDAQ,SLRC
SLS,"SELLAS Life Sciences Group, Inc.  - Common Stock",NASDAQ,SLS
SLSN,"Solesence, Inc. - Common stock",NASDAQ,SLSN
SLSR,Solaris Resources Inc. Common Shares,A,SLSR
SLVM,Sylvamo Corporation Common Stock,N,SLVM
SLXN,Silexion Therapeutics Corp - Ordinary Shares,NASDAQ,SLXN
SLXNW,Silexion Therapeutics Corp - Warrant,NASDAQ,SLXNW
SM,SM Energy Company Common Stock,N,SM
SMA,"SmartStop Self Storage REIT, Inc. Common Stock",N,SMA
SMBC,"Southern Missouri Bancorp, Inc. - Common Stock",NASDAQ,SMBC
SMBK,"SmartFinancial, Inc. Common Stock",N,SMBK
SMC,Summit Midstream Corporation Common Stock,N,SMC
SMCI,"Super Micro Computer, Inc. - Common Stock",NASDAQ,SMCI
SMFG,Sumitomo Mitsui Financial Group Inc Unsponsored American Depositary Shares (Japan),N,SMFG
SMG,Scotts Miracle-Gro Company (The) Common Stock,N,SMG
SMHB,ETRACS Monthly Pay 2x Leveraged Small Cap High Dividend ETN Series B,P,SMHB
SMHI,SEACOR Marine Holdings Inc. Common Stock ,N,SMHI
SMID,Smith-Midland Corporation - Common Stock,NASDAQ,SMID
SMJF,SMJ International Holdings Inc. Class A Ordinary Shares,A,SMJF
SMMT,Summit Therapeutics Inc.  - Common Stock,NASDAQ,SMMT
SMP,"Standard Motor Products, Inc. Common Stock",N,SMP
SMPL,The Simply Good Foods Company - Common Stock,NASDAQ,SMPL
SMR,NuScale Power Corporation Class A Common Stock,N,SMR
SMRT,"SmartRent, Inc. Class A Common Stock",N,SMRT
SMSI,"Smith Micro Software, Inc. - Common Stock",NASDAQ,SMSI
SMTC,Semtech Corporation - Common Stock,NASDAQ,SMTC
SMTI,Sanara MedTech Inc. - Common Stock,NASDAQ,SMTI
SMTK,"SmartKem, Inc. - Common Stock",NASDAQ,SMTK
SMWB,Similarweb Ltd. Ordinary Shares,N,SMWB
SMX,SMX (Security Matters) Public Limited Company - Ordinary Shares,NASDAQ,SMX
SMXT,Solarmax Technology Inc. - Common Stock,NASDAQ,SMXT
SMXWW,SMX (Security Matters) Public Limited Company - Warrant,NASDAQ,SMXWW
SN,"SharkNinja, Inc. Ordinary Shares",N,SN
SNA,Snap-On Incorporated Common Stock,N,SNA
SNAL,"Snail, Inc. - Class A Common Stock",NASDAQ,SNAL
SNAP,Snap Inc. Class A Common Stock,N,SNAP
SNBR,Sleep Number Corporation - Common Stock,NASDAQ,SNBR
SNCY,"Sun Country Airlines Holdings, Inc. - Common Stock",NASDAQ,SNCY
SND,"Smart Sand, Inc. - Common Stock",NASDAQ,SND
SNDA,"Sonida Senior Living, Inc. Common Stock",N,SNDA
SNDK,Sandisk Corporation - Common Stock When-Issued,NASDAQ,SNDK
SNDL,SNDL Inc. - Common Shares,NASDAQ,SNDL
SNDR,"Schneider National, Inc. Common Stock",N,SNDR
SNDX,"Syndax Pharmaceuticals, Inc. - Common Stock",NASDAQ,SNDX
SNES,"SenesTech, Inc. - Common Stock",NASDAQ,SNES
SNEX,StoneX Group Inc. - Common Stock,NASDAQ,SNEX
SNFCA,Security National Financial Corporation - Class A Common Stock,NASDAQ,SNFCA
SNGX,"Soligenix, Inc. - Common Stock",NASDAQ,SNGX
SNN,"Smith & Nephew SNATS, Inc. Common Stock",N,SNN
SNOA,"Sonoma Pharmaceuticals, Inc. - Common Stock",NASDAQ,SNOA
SNOW,Snowflake Inc. Common Stock,N,SNOW
SNPS,"Synopsys, Inc. - Common Stock",NASDAQ,SNPS
SNSE,"Sensei Biotherapeutics, Inc. - Common Stock",NASDAQ,SNSE
SNT,Senstar Technologies Corporation - Common Shares,NASDAQ,SNT
SNTG,Sentage Holdings Inc. - Class A Ordinary Shares,NASDAQ,SNTG
SNTI,"Senti Biosciences Holdings, Inc. - Common Stock",NASDAQ,SNTI
SNWV,"SANUWAVE Health, Inc. - Common Stock",NASDAQ,SNWV
SNX,TD SYNNEX Corporation Common Stock,N,SNX
SNY,Sanofi - American Depositary Shares,NASDAQ,SNY
SNYR,Synergy CHC Corp. - Common Stock,NASDAQ,SNYR
SO,Southern Company (The) Common Stock,N,SO
SOAR,"Volato Group, Inc. Class A Common Stock",A,SOAR
SOBO,South Bow Corporation Common Shares,N,SOBO
SOBR,"SOBR Safe, Inc. - Common Stock",NASDAQ,SOBR
SOC,Sable Offshore Corp. Common Stock,N,SOC
SOCA,Solarius Capital Acquisition Corp. - Class A Ordinary Share,NASDAQ,SOCA
SOCAU,Solarius Capital Acquisition Corp. - Units,NASDAQ,SOCAU
SOCAW,Solarius Capital Acquisition Corp. - Warrant,NASDAQ,SOCAW
SOFI,"SoFi Technologies, Inc.  - Common Stock",NASDAQ,SOFI
SOGP,Sound Group Inc. - American Depositary Shares,NASDAQ,SOGP
SOHU,Sohu.com Limited  - American Depositary Shares,NASDAQ,SOHU
SOJC,"Southern Company (The) Series 2017B 5.25% Junior Subordinated Notes due December 1, 2077",N,SOJC
SOJD,"Southern Company (The) Series 2020A 4.95% Junior Subordinated Notes due January 30, 2080",N,SOJD
SOJE,"Southern Company (The) Series 2020C 4.20% Junior Subordinated Notes due October 15, 2060",N,SOJE
SOJF,"Southern Company (The) Series 2025A 6.50% Junior Subordinated Notes due March 15, 2085",N,SOJF
SOLS,Solstice Advanced Materials Inc. - Common Stock,NASDAQ,SOLS
SOLV,Solventum Corporation Common Stock,N,SOLV
SOMN,Southern Company (The) 2025 Series A Corporate Units,N,SOMN
SON,Sonoco Products Company Common Stock,N,SON
SONM,"DNA X, Inc. - Common Stock",NASDAQ,SONM
SONO,"Sonos, Inc. - Common Stock",NASDAQ,SONO
SONY,Sony Group Corporation American Depositary Shares ,N,SONY
SOPA,Society Pass Incorporated - Common Stock,NASDAQ,SOPA
SOPH,SOPHiA GENETICS SA - Ordinary Shares,NASDAQ,SOPH
SOR,"Source Capital, Inc. Cmn Shs of BI",N,SOR
SORA,AsiaStrategy - Ordinary Shares,NASDAQ,SORA
SORN,Soren Acquisition Corp. - Class A Ordinary Shares,NASDAQ,SORN
SORNU,Soren Acquisition Corp. - Unit,NASDAQ,SORNU
SORNW,Soren Acquisition Corp. - Warrant,NASDAQ,SORNW
SOS,SOS Limited Class A Ordinary Shares,N,SOS
SOTK,Sono-Tek Corporation - Common Stock,NASDAQ,SOTK
SOUL,Soulpower Acquisition Corporation Class A Ordinary Shares,N,SOUL
SOUL.R,"Soulpower Acquisition Corporation Rights, each right entitling the holder to receive one-tenth (1/10) of one Class A Ordinary Share",N,SOUL-R
SOUL.U,"Soulpower Acquisition Corporation Units, each consisting of one Class A ordinary share and one right",N,SOUL-U
SOUN,"SoundHound AI, Inc. - Class A Common Stock",NASDAQ,SOUN
SOUNW,"SoundHound AI, Inc. - Warrant",NASDAQ,SOUNW
SOWG,Sow Good Inc. - Common Stock,NASDAQ,SOWG
SPAI,Safe Pro Group Inc. - Common Stock,NASDAQ,SPAI
SPB,"Spectrum Brands Holdings, Inc. Common Stock",N,SPB
SPCB,"SuperCom, Ltd. - Ordinary Shares",NASDAQ,SPCB
SPCE,"Virgin Galactic Holdings, Inc. Common Stock",N,SPCE
SPE,"Special Opportunities Fund, Inc Common Stock",N,SPE
SPEG,Silver Pegasus Acquisition Corp - Class A Ordinary Shares,NASDAQ,SPEG
SPEGR,Silver Pegasus Acquisition Corp - Rights,NASDAQ,SPEGR
SPEGU,Silver Pegasus Acquisition Corp - Unit,NASDAQ,SPEGU
SPFI,"South Plains Financial, Inc. - Common Stock",NASDAQ,SPFI
SPG,"Simon Property Group, Inc. Common Stock",N,SPG
SPGI,S&P Global Inc. Common Stock,N,SPGI
SPH,"Suburban Propane Partners, L.P. Common Stock",N,SPH
SPHL,Springview Holdings Ltd - Ordinary shares,NASDAQ,SPHL
SPHR,Sphere Entertainment Co. Class A Common Stock,N,SPHR
SPIR,"Spire Global, Inc. Class A Common Stock",N,SPIR
SPKL,Spark I Acquisition Corp. - Class A Ordinary Share,NASDAQ,SPKL
SPKLU,Spark I Acquisition Corp. - Unit,NASDAQ,SPKLU
SPKLW,Spark I Acquisition Corp. - Warrant,NASDAQ,SPKLW
SPMA,"Sound Point Meridian Capital, Inc. 8.00% Series A Preferred Shares Due 2029",N,SPMA
SPMC,"Sound Point Meridian Capital, Inc. Common Stock",N,SPMC
SPME,"Sound Point Meridian Capital, Inc. 7.875% Series B Preferred Shares due 2030",N,SPME
SPNT,SiriusPoint Ltd. Common Shares,N,SPNT
SPOK,"Spok Holdings, Inc. - Common Stock",NASDAQ,SPOK
SPOT,Spotify Technology S.A. Ordinary Shares,N,SPOT
SPPL,SIMPPLE LTD. - Ordinary Shares,NASDAQ,SPPL
SPRB,"Spruce Biosciences, Inc. - Common Stock",NASDAQ,SPRB
SPRC,SciSparc Ltd. - Ordinary Shares,NASDAQ,SPRC
SPRO,"Spero Therapeutics, Inc. - Common Stock",NASDAQ,SPRO
SPRU,Spruce Power Holding Corporation Class A Common Stock,N,SPRU
SPRY,"ARS Pharmaceuticals, Inc. - Common Stock",NASDAQ,SPRY
SPSC,"SPS Commerce, Inc. - Common Stock",NASDAQ,SPSC
SPT,"Sprout Social, Inc - Class A Common Stock",NASDAQ,SPT
SPTX,"Seaport Therapeutics, Inc. - Common Stock",NASDAQ,SPTX
SPWH,"Sportsman's Warehouse Holdings, Inc. - Common Stock",NASDAQ,SPWH
SPWR,SunPower Inc. - Common Stock,NASDAQ,SPWR
SPWRW,SunPower Inc. - Warrant,NASDAQ,SPWRW
SPXC,"SPX Technologies, Inc. Common Stock",N,SPXC
SPXX,Nuveen S&P 500 Dynamic Overwrite Fund,N,SPXX
SQFT,"Presidio Property Trust, Inc. - Class A Common Stock",NASDAQ,SQFT
SQFTP,"Presidio Property Trust, Inc. - 9.375% Series D Cumulative Redeemable Perpetual Preferred Stock, $0.01 par value per share",NASDAQ,SQFTP
SQFTW,"Presidio Property Trust, Inc. - Series A Common Stock Purchase Warrants",NASDAQ,SQFTW
SQM,Sociedad Quimica y Minera S.A. Common Stock,N,SQM
SQNS,Sequans Communications S.A. American Depositary Shares (each representing one hundred (100) Ordinary Shares),N,SQNS
SR,Spire Inc. Common Stock,N,SR
SRAD,Sportradar Group AG - Class A Ordinary Shares,NASDAQ,SRAD
SRBK,"SR Bancorp, Inc. - Common stock",NASDAQ,SRBK
SRCE,1st Source Corporation - Common Stock,NASDAQ,SRCE
SRE,DBA Sempra Common Stock,N,SRE
SREA,DBA Sempra 5.750% Junior Subordinated Notes due 2079,N,SREA
SRFM,Surf Air Mobility Inc. Common Stock,N,SRFM
SRG,Seritage Growth Properties Class A Common Stock,N,SRG
SRI,"Stoneridge, Inc. Common Stock",N,SRI
SRJN,Spire Inc. 6.375% Junior Subordinated Notes due 2086,N,SRJN
SRL,Scully Royalty Ltd.,N,SRL
SRPT,"Sarepta Therapeutics, Inc. - Common Stock",NASDAQ,SRPT
SRRK,Scholar Rock Holding Corporation - Common Stock,NASDAQ,SRRK
SRTA,"Strata Critical Medical, Inc. - Class A Common Stock",NASDAQ,SRTA
SRTAW,"Strata Critical Medical, Inc. - Warrants",NASDAQ,SRTAW
SRTS,"Sensus Healthcare, Inc. - Common Stock",NASDAQ,SRTS
SRV,NXG Cushing Midstream Energy Fund Common Shares of Beneficial Interest,N,SRV
SRXH,"SRX Health Solutions, Inc. Common Stock",A,SRXH
SRZN,"Surrozen, Inc. - Common Stock",NASDAQ,SRZN
SRZNW,"Surrozen, Inc. - Warrant",NASDAQ,SRZNW
SSAC,SPACSphere Acquisition Corp. - Class A Ordinary Shares,NASDAQ,SSAC
SSACR,SPACSphere Acquisition Corp. - Rights,NASDAQ,SSACR
SSACU,SPACSphere Acquisition Corp. - Unit,NASDAQ,SSACU
SSACW,SPACSphere Acquisition Corp. - Warrant,NASDAQ,SSACW
SSB,SouthState Bank Corporation Common Stock,N,SSB
SSBI,Summit State Bank - Common Stock,NASDAQ,SSBI
SSD,"Simpson Manufacturing Company, Inc. Common Stock",N,SSD
SSEA,Starry Sea Acquisition Corp - Ordinary Shares,NASDAQ,SSEA
SSEAR,Starry Sea Acquisition Corp - Rights,NASDAQ,SSEAR
SSEAU,Starry Sea Acquisition Corp - Unit,NASDAQ,SSEAU
SSII,SS Innovations International Inc. - Common Stock,NASDAQ,SSII
SSL,Sasol Ltd. American Depositary Shares,N,SSL
SSM,Sono Group N.V. - Ordinary Shares,NASDAQ,SSM
SSNC,"SS&C Technologies Holdings, Inc. - Common Stock",NASDAQ,SSNC
SSP,E.W. Scripps Company (The) - Class A Common Stock,NASDAQ,SSP
SSRM,SSR Mining Inc. - Common Stock,NASDAQ,SSRM
SSSS,SuRo Capital Corp. - Closed End Fund,NASDAQ,SSSS
SSSSL,SuRo Capital Corp. - 6.00% Notes due 2026,NASDAQ,SSSSL
SST,"System1, Inc. Class A Common Stock",N,SST
SSTI,"SoundThinking, Inc. - Common Stock",NASDAQ,SSTI
SSTK,"Shutterstock, Inc. Common Stock",N,SSTK
SSYS,"Stratasys, Ltd. - Common Stock",NASDAQ,SSYS
ST,Sensata Technologies Holding plc Ordinary Shares,N,ST
STAA,STAAR Surgical Company - Common Stock,NASDAQ,STAA
STAG,"Stag Industrial, Inc. Common Stock",N,STAG
STAK,STAK Inc. - Class A Ordinary Shares,NASDAQ,STAK
STBA,"S&T Bancorp, Inc. - Common Stock",NASDAQ,STBA
STC,Stewart Information Services Corporation Common Stock,N,STC
STE,STERIS plc (Ireland) Ordinary Shares,N,STE
STEL,"Stellar Bancorp, Inc. Common Stock",N,STEL
STEM,"Stem, Inc. Class A Common Stock",N,STEM
STEP,StepStone Group Inc. - Class A Common Stock,NASDAQ,STEP
STEW,"SRH Total Return Fund, Inc. Common Stock",N,STEW
STEX,Streamex Corp. - Common Stock,NASDAQ,STEX
STFS,Star Fashion Culture Holdings Limited - Class A Ordinary Shares,NASDAQ,STFS
STG,"Sunlands Technology Group American Depositary Shares, representing Class A ordinary shares",N,STG
STGW,Stagwell Inc. - Class A Common Stock,NASDAQ,STGW
STHO,Star Holdings - Shares of Beneficial Interest,NASDAQ,STHO
STI,"Solidion Technology, Inc. - Common Stock",NASDAQ,STI
STIM,"Neuronetics, Inc. - Common Stock",NASDAQ,STIM
STK,Columbia Seligman Premium Technology Growth Fund Inc,N,STK
STKE,Sol Strategies Inc. - Common Shares,NASDAQ,STKE
STKH,Steakholder Foods Ltd. - American Depositary Shares,NASDAQ,STKH
STKL,"SunOpta, Inc. - Common Stock",NASDAQ,STKL
STKS,"The ONE Group Hospitality, Inc. - Common Stock",NASDAQ,STKS
STLA,Stellantis N.V. Common Shares,N,STLA
STLD,"Steel Dynamics, Inc. - Common Stock",NASDAQ,STLD
STM,STMicroelectronics N.V. Common Stock,N,STM
STN,Stantec Inc Common Stock,N,STN
STNE,StoneCo Ltd. - Class A Common Share,NASDAQ,STNE
STNG,Scorpio Tankers Inc. Common Shares,N,STNG
STOK,"Stoke Therapeutics, Inc. - Common Stock",NASDAQ,STOK
STRA,"Strategic Education, Inc. - Common Stock",NASDAQ,STRA
STRC,Strategy Inc - Variable Rate Series A Perpetual Stretch Preferred Stock,NASDAQ,STRC
STRD,Strategy Inc - 10.00% Series A Perpetual Stride Preferred Stock,NASDAQ,STRD
STRF,Strategy Inc - 10.00% Series A Perpetual Strife Preferred Stock,NASDAQ,STRF
STRK,Strategy Inc - 8.00% Series A Perpetual Strike Preferred Stock,NASDAQ,STRK
STRL,"Sterling Infrastructure, Inc. - Common Stock",NASDAQ,STRL
STRO,"Sutro Biopharma, Inc. - Common Stock",NASDAQ,STRO
STRR,"Star Equity Holdings, Inc. - Common Stock",NASDAQ,STRR
STRRP,"Star Equity Holdings, Inc. - 10% Series A Cumulative Perpetual Preferred Stock",NASDAQ,STRRP
STRS,Stratus Properties Inc. - Common Stock,NASDAQ,STRS
STRT,STRATTEC SECURITY CORPORATION - Common Stock,NASDAQ,STRT
STRW,"Strawberry Fields REIT, Inc. Common Stock",A,STRW
STRZ,Starz Entertainment Corp. - Common Shares,NASDAQ,STRZ
STSS,Sharps Technology Inc. - Common Stock,NASDAQ,STSS
STSSW,Sharps Technology Inc. - Warrant,NASDAQ,STSSW
STT,State Street Corporation Common Stock,N,STT
STTK,"Shattuck Labs, Inc. - Common Stock",NASDAQ,STTK
STUB,"StubHub Holdings, Inc. Class A Common Stock",N,STUB
STVN,Stevanato Group S.p.A. Ordinary Shares,N,STVN
STWD,"STARWOOD PROPERTY TRUST, INC. Starwood Property Trust Inc.",N,STWD
STX,Seagate Technology Holdings PLC - Ordinary Shares (Ireland),NASDAQ,STX
STXS,"Stereotaxis, Inc. Common Stock",A,STXS
STZ,"Constellation Brands, Inc. Common Stock",N,STZ
SU,Suncor Energy  Inc. Common Stock,N,SU
SUGP,SU Group Holdings Limited - Class A Ordinary Shares,NASDAQ,SUGP
SUI,"Sun Communities, Inc. Common Stock",N,SUI
SUIG,Sui Group Holdings Limited - Common Stock,NASDAQ,SUIG
SUMA,SUMA Acquisition Corporation - Class A Ordinary Shares,NASDAQ,SUMA
SUMAR,SUMA Acquisition Corporation - Rights,NASDAQ,SUMAR
SUMAU,SUMA Acquisition Corporation - Units,NASDAQ,SUMAU
SUN,Sunoco LP Common Units representing limited partner interests,N,SUN
SUNB,"Sunbelt Rentals Holdings, Inc. Common Stock",N,SUNB
SUNC,"SunocoCorp LLC Common Units, representing limited liability company interests",N,SUNC
SUNE,"SUNation Energy, Inc. - Common Stock",NASDAQ,SUNE
SUNS,"Sunrise Realty Trust, Inc. - Common Stock",NASDAQ,SUNS
SUPN,"Supernus Pharmaceuticals, Inc. - Common Stock",NASDAQ,SUPN
SUPV,Grupo Supervielle S.A. American Depositary Shares each Representing five Class B shares,N,SUPV
SUPX,SuperX AI Technology Limited - Ordinary Shares,NASDAQ,SUPX
SURG,"SurgePays, Inc. - Common Stock",NASDAQ,SURG
SUUN,PowerBank Corporation - Common Stock,NASDAQ,SUUN
SUZ,Suzano S.A. American Depositary Shares (each representing One Ordinary Share),N,SUZ
SVA,"Sinovac Biotech, Ltd. - Ordinary Shares (Antigua/Barbudo)",NASDAQ,SVA
SVAC,Spring Valley Acquisition Corp. III - Class A Ordinary Shares,NASDAQ,SVAC
SVACU,Spring Valley Acquisition Corp. III - Unit,NASDAQ,SVACU
SVACW,Spring Valley Acquisition Corp. III - Warrant,NASDAQ,SVACW
SVAQ,Silicon Valley Acquisition Corp. - Class A Ordinary Shares,NASDAQ,SVAQ
SVAQU,Silicon Valley Acquisition Corp. - Units,NASDAQ,SVAQU
SVAQW,Silicon Valley Acquisition Corp. - Warrants,NASDAQ,SVAQW
SVC,Service Properties Trust - Shares of Beneficial Interest,NASDAQ,SVC
SVCC,Stellar V Capital Corp. - Class A Ordinary Shares,NASDAQ,SVCC
SVCCU,Stellar V Capital Corp. - Unit,NASDAQ,SVCCU
SVCCW,Stellar V Capital Corp. - Warrant,NASDAQ,SVCCW
SVCO,"Silvaco Group, Inc. - Common Stock",NASDAQ,SVCO
SVIV,Spring Valley Acquisition Corp. IV - Class A Ordinary Shares,NASDAQ,SVIV
SVIVU,Spring Valley Acquisition Corp. IV - Units,NASDAQ,SVIVU
SVIVW,Spring Valley Acquisition Corp. IV - Warrants,NASDAQ,SVIVW
SVM,Silvercorp Metals Inc. Common Shares,A,SVM
SVRA,"Savara, Inc. - Common Stock",NASDAQ,SVRA
SVRE,SaverOne 2014 Ltd. - American Depositary Shares,NASDAQ,SVRE
SVREW,SaverOne 2014 Ltd. - Warrant,NASDAQ,SVREW
SVRN,OceanPal Inc. - Common Stock,NASDAQ,SVRN
SVV,"Savers Value Village, Inc. Common Stock",N,SVV
SW,Smurfit WestRock plc Ordinary Shares,N,SW
SWAG,"Stran & Company, Inc. - Common Stock",NASDAQ,SWAG
SWAGW,"Stran & Company, Inc. - Warrant",NASDAQ,SWAGW
SWBI,"Smith & Wesson Brands, Inc. - Common Stock",NASDAQ,SWBI
SWIM,"Latham Group, Inc. - Common Stock",NASDAQ,SWIM
SWK,"Stanley Black & Decker, Inc. Common Stock",N,SWK
SWKHL,SWK Holdings Corporation - 9.00% Senior Notes due 2027,NASDAQ,SWKHL
SWKS,"Skyworks Solutions, Inc. - Common Stock",NASDAQ,SWKS
SWMR,"Swarmer, Inc - common stock",NASDAQ,SWMR
SWVL,Swvl Holdings Corp - Ordinary Shares,NASDAQ,SWVL
SWVLW,Swvl Holdings Corp - Warrant,NASDAQ,SWVLW
SWX,"Southwest Gas Holdings, Inc. Common Stock (DE)",N,SWX
SWZ,Total Return Securities Fund Common Stock,N,SWZ
SXC,"SunCoke Energy, Inc. Common Stock",N,SXC
SXI,Standex International Corporation Common Stock,N,SXI
SXT,Sensient Technologies Corporation Common Stock,N,SXT
SXTC,"China SXT Pharmaceuticals, Inc. - Class A Ordinary Shares",NASDAQ,SXTC
SXTP,"60 Degrees Pharmaceuticals, Inc. - Common Stock",NASDAQ,SXTP
SXTPW,"60 Degrees Pharmaceuticals, Inc. - Warrant",NASDAQ,SXTPW
SY,So-Young International Inc. - American Depository Shares,NASDAQ,SY
SYBT,"Stock Yards Bancorp, Inc. - Common Stock",NASDAQ,SYBT
SYF,Synchrony Financial Common Stock,N,SYF
SYK,Stryker Corporation Common Stock,N,SYK
SYM,Symbotic Inc. - Class A Common Stock,NASDAQ,SYM
SYNA,Synaptics Incorporated - Common Stock,NASDAQ,SYNA
SYNX,Silynxcom Ltd. Ordinary Shares,A,SYNX
SYPR,"Sypris Solutions, Inc. - Common Stock",NASDAQ,SYPR
SYRE,"Spyre Therapeutics, Inc. - Common Stock",NASDAQ,SYRE
SYY,Sysco Corporation Common Stock,N,SYY
SZZL,Sizzle Acquisition Corp. II - Class A ordinary shares,NASDAQ,SZZL
SZZLR,Sizzle Acquisition Corp. II - Right,NASDAQ,SZZLR
SZZLU,Sizzle Acquisition Corp. II - Unit,NASDAQ,SZZLU
T,AT&T Inc.,N,T
TAC,TransAlta Corporation Ordinary Shares,N,TAC
TACH,Titan Acquisition Corp. - Class A Ordinary Shares,NASDAQ,TACH
TACHU,Titan Acquisition Corp. - Units,NASDAQ,TACHU
TACHW,Titan Acquisition Corp. - Warrants,NASDAQ,TACHW
TACO,Berto Acquisition Corp. - Ordinary Shares,NASDAQ,TACO
TACOU,Berto Acquisition Corp. - unit,NASDAQ,TACOU
TACOW,Berto Acquisition Corp. - Warrant,NASDAQ,TACOW
TACT,TransAct Technologies Incorporated - Common Stock,NASDAQ,TACT
TAK,Takeda Pharmaceutical Company Limited American Depositary Shares (each representing 1/2 of a share of Common Stock),N,TAK
TAL,TAL Education Group American Depositary Shares,N,TAL
TALK,"Talkspace, Inc. - Common Stock",NASDAQ,TALK
TALKW,"Talkspace, Inc. - Warrant",NASDAQ,TALKW
TALO,"Talos Energy, Inc. Common Stock",N,TALO
TANH,Tantech Holdings Ltd. - Class A Common Shares,NASDAQ,TANH
TAOP,Taoping Inc. - Ordinary Shares,NASDAQ,TAOP
TAOX,Tao Synergies Inc. - Common Stock,NASDAQ,TAOX
TAP,Molson Coors Beverage Company Class B Common Stock,N,TAP
TAP.A,Molson Coors Beverage Company Class A Common Stock,N,TAP-A
TARA,"Protara Therapeutics, Inc.  - Common Stock",NASDAQ,TARA
TARS,"Tarsus Pharmaceuticals, Inc. - Common Stock",NASDAQ,TARS
TASK,"TaskUs, Inc. - Class A Common Stock",NASDAQ,TASK
TATT,TAT Technologies Ltd. - Ordinary Shares,NASDAQ,TATT
TAVI,Tavia Acquisition Corp. - Ordinary Shares,NASDAQ,TAVI
TAVIR,Tavia Acquisition Corp. - Right,NASDAQ,TAVIR
TAVIU,Tavia Acquisition Corp. - Unit,NASDAQ,TAVIU
TAYD,"Taylor Devices, Inc. - Common Stock",NASDAQ,TAYD
TBB,AT&T Inc. 5.350% Global Notes due 2066,N,TBB
TBBB,BBB Foods Inc. Class A Common Shares,N,TBBB
TBBK,"The Bancorp, Inc. - Common Stock",NASDAQ,TBBK
TBCH,Turtle Beach Corporation - Common Stock,NASDAQ,TBCH
TBH,"Brag House Holdings, Inc. - Common Stock",NASDAQ,TBH
TBI,"TrueBlue, Inc. Common Stock",N,TBI
TBLA,Taboola.com Ltd. - Ordinary Shares,NASDAQ,TBLA
TBLAW,Taboola.com Ltd. - Warrant,NASDAQ,TBLAW
TBLD,Thornburg Income Builder Opportunities Trust - Closed End Fund,NASDAQ,TBLD
TBN,Tamboran Resources Corporation Common stock,N,TBN
TBPH,"Theravance Biopharma, Inc. - Ordinary Shares",NASDAQ,TBPH
TBRG,"TruBridge, Inc. - Common Stock",NASDAQ,TBRG
TC,Token Cat Limited - American Depositary Shares,NASDAQ,TC
TCBI,"Texas Capital Bancshares, Inc. - Common Stock",NASDAQ,TCBI
TCBIO,"Texas Capital Bancshares, Inc. - Depositary Shares 5.75% Fixed Rate Non-Cumulative Perpetual Preferred Stock Series B",NASDAQ,TCBIO
TCBK,TriCo Bancshares - Common Stock,NASDAQ,TCBK
TCBS,"Texas Community Bancshares, Inc. - Common Stock",NASDAQ,TCBS
TCBX,"Third Coast Bancshares, Inc. Common Stock",N,TCBX
TCGL,TechCreate Group Ltd. Class A Ordinary Shares,A,TCGL
TCI,"Transcontinental Realty Investors, Inc. Common Stock",N,TCI
TCMD,"Tactile Systems Technology, Inc. - Common Stock",NASDAQ,TCMD
TCOM,Trip.com Group Limited - American Depositary Shares,NASDAQ,TCOM
TCPA,TransCanada PipeLines Limited 6.250% Junior Subordinated Notes due 2085,N,TCPA
TCPC,BlackRock TCP Capital Corp. - Closed End Fund,NASDAQ,TCPC
TCRT,"Alaunos Therapeutics, Inc. - Common Stock",NASDAQ,TCRT
TCRX,"TScan Therapeutics, Inc. - Common Stock",NASDAQ,TCRX
TCX,Tucows Inc. - Common Stock,NASDAQ,TCX
TD,Toronto Dominion Bank (The) Common Stock,N,TD
TDAC,Translational Development Acquisition Corp. - Ordinary Shares,NASDAQ,TDAC
TDACU,Translational Development Acquisition Corp. - Units,NASDAQ,TDACU
TDACW,Translational Development Acquisition Corp. - Warrants,NASDAQ,TDACW
TDAY,"USA TODAY Co., Inc. Common Stock",N,TDAY
TDC,Teradata Corporation Common Stock,N,TDC
TDF,"Templeton Dragon Fund, Inc. Common Stock",N,TDF
TDG,Transdigm Group Incorporated Common Stock,N,TDG
TDIC,Dreamland Limited - Class A Ordinary Shares,NASDAQ,TDIC
TDOC,"Teladoc Health, Inc. Common Stock",N,TDOC
TDS,"Telephone and Data Systems, Inc. Common Shares",N,TDS
TDTH,Trident Digital Tech Holdings Ltd - American Depository Shares,NASDAQ,TDTH
TDUP,ThredUp Inc. - Class A Common Stock,NASDAQ,TDUP
TDW,Tidewater Inc. Common Stock,N,TDW
TDWD,Tailwind 2.0 Acquisition Corp. - Class A Ordinary Shares,NASDAQ,TDWD
TDWDR,Tailwind 2.0 Acquisition Corp. - Rights,NASDAQ,TDWDR
TDWDU,Tailwind 2.0 Acquisition Corp. - Unit,NASDAQ,TDWDU
TDY,Teledyne Technologies Incorporated Common Stock,N,TDY
TE,T1 Energy Inc. Common Stock,N,TE
TE.W,"T1 Energy Inc. Warrants, each whole warrant exercisable to purchase one Common Stock at an exercise price of $11.50 per share",N,TE-W
TEAD,Teads Holding Co. - Common Stock,NASDAQ,TEAD
TEAM,Atlassian Corporation  - Class A Common Stock,NASDAQ,TEAM
TECH,Bio-Techne Corp - Common Stock,NASDAQ,TECH
TECK,Teck Resources Ltd Ordinary Shares,N,TECK
TECX,"Tectonic Therapeutic, Inc. - Common Stock",NASDAQ,TECX
TEI,"Templeton Emerging Markets Income Fund, Inc. Common Stock",N,TEI
TEL,TE Connectivity plc Ordinary Shares,N,TEL
TELA,"TELA Bio, Inc. - Common stock",NASDAQ,TELA
TELO,"Telomir Pharmaceuticals, Inc. - Common Stock",NASDAQ,TELO
TEM,"Tempus AI, Inc. - Class A Common Stock",NASDAQ,TEM
TEN,Tsakos Energy Navigation Ltd Common Shares,N,TEN
TENB,"Tenable Holdings, Inc. - Common Stock",NASDAQ,TENB
TENX,"Tenax Therapeutics, Inc. - Common Stock",NASDAQ,TENX
TEO,Telecom Argentina SA,N,TEO
TER,"Teradyne, Inc. - Common Stock",NASDAQ,TER
TERN,"Terns Pharmaceuticals, Inc. - Common Stock",NASDAQ,TERN
TEVA,Teva Pharmaceutical Industries Limited American Depositary Shares,N,TEVA
TEX,Terex Corporation Common Stock,N,TEX
TFC,Truist Financial Corporation Common Stock,N,TFC
TFII,TFI International Inc. Common Shares,N,TFII
TFIN,"Triumph Financial, Inc. Common Stock",N,TFIN
TFPM,Triple Flag Precious Metals Corp. Common Shares,N,TFPM
TFSL,TFS Financial Corporation - Common Stock,NASDAQ,TFSL
TFX,Teleflex Incorporated Common Stock,N,TFX
TG,Tredegar Corporation Common Stock,N,TG
TGB,"Taseko Mines, Ltd. Common Stock",A,TGB
TGE,The Generation Essentials Group Class A Ordinary Shares,N,TGE
TGE.W,"The Generation Essentials Group Warrants, each whole warrant exercisable for one Class A Ordinary Share",A,TGE-W
TGEN,Tecogen Inc. Common Stock,A,TGEN
TGHL,The GrowHub Limited - Class A Ordinary Shares,NASDAQ,TGHL
TGL,Treasure Global Inc. - Common Stock,NASDAQ,TGL
TGLS,Tecnoglass Inc. Ordinary Shares,N,TGLS
TGS,Transportadora de Gas del Sur SA TGS Common Stock,N,TGS
TGT,Target Corporation Common Stock,N,TGT
TGTX,"TG Therapeutics, Inc. - Common Stock",NASDAQ,TGTX
TH,Target Hospitality Corp. - Common Stock,NASDAQ,TH
THC,Tenet Healthcare Corporation Common Stock,N,THC
THCH,TH International Limited - Ordinary shares,NASDAQ,THCH
THFF,First Financial Corporation  - Common Stock,NASDAQ,THFF
THG,Hanover Insurance Group Inc,N,THG
THH,TryHard Holdings Limited - Ordinary Shares,NASDAQ,THH
THM,"International Tower Hill Mines, Ltd. Ordinary Shares (Canada)",A,THM
THO,"Thor Industries, Inc. Common Stock",N,THO
THQ,abrdn Healthcare Opportunities Fund Shares of Beneficial Interest,N,THQ
THR,"Thermon Group Holdings, Inc. Common Stock",N,THR
THRM,Gentherm Inc - Common Stock,NASDAQ,THRM
THRY,"Thryv Holdings, Inc. - Common Stock",NASDAQ,THRY
THW,abrdn World Healthcare Fund Shares of Beneficial Interest,N,THW
TIC,"TIC Solutions, Inc. Common Stock",N,TIC
TIGO,Millicom International Cellular S.A. - Common Stock,NASDAQ,TIGO
TIGR,UP Fintech Holding Limited - American Depositary Shares representing fifteen Class A Ordinary Shares,NASDAQ,TIGR
TII,Titan Mining Corporation Common Shares,A,TII
TIL,"Instil Bio, Inc. - Common Stock",NASDAQ,TIL
TILE,"Interface, Inc. - Common Stock",NASDAQ,TILE
TIMB,TIM S.A. American Depositary Shares (Each representing 5 Common Shares) ,N,TIMB
TIPT,Tiptree Inc. - Common Stock,NASDAQ,TIPT
TISI,"Team, Inc. Common Stock",N,TISI
TITN,Titan Machinery Inc. - Common Stock,NASDAQ,TITN
TJGC,TJGC Group Limited - ordinary shares,NASDAQ,TJGC
TJX,"TJX Companies, Inc. (The) Common Stock",N,TJX
TK,Teekay Corporation Ltd. Common Stock,N,TK
TKC,Turkcell Iletisim Hizmetleri AS Common Stock,N,TKC
TKLF,"Tokyo Lifestyle Co., Ltd. - American Depositary Shares",NASDAQ,TKLF
TKNO,"Alpha Teknova, Inc. - Common Stock",NASDAQ,TKNO
TKO,"TKO Group Holdings, Inc. Class A Common Stock",N,TKO
TKR,Timken Company (The) Common Stock,N,TKR
TLF,"Tandy Leather Factory, Inc. - common stock",NASDAQ,TLF
TLIH,Ten-League International Holdings Limited - Ordinary Shares,NASDAQ,TLIH
TLK,"PT Telekomunikasi Indonesia, Tbk",N,TLK
TLN,Talen Energy Corporation - Common Stock,NASDAQ,TLN
TLNC,Talon Capital Corp. - Class A Ordinary Shares,NASDAQ,TLNC
TLNCU,Talon Capital Corp. - Units,NASDAQ,TLNCU
TLNCW,Talon Capital Corp. - Warrants,NASDAQ,TLNCW
TLPH,"Talphera, Inc. - Common Stock",NASDAQ,TLPH
TLRY,"Tilray Brands, Inc. - Common Stock",NASDAQ,TLRY
TLS,Telos Corporation - Common Stock,NASDAQ,TLS
TLSA,Tiziana Life Sciences Ltd - Common Shares,NASDAQ,TLSA
TLSI,"TriSalus Life Sciences, Inc. - Common Stock",NASDAQ,TLSI
TLSIW,"TriSalus Life Sciences, Inc. - Warrant",NASDAQ,TLSIW
TLX,Telix Pharmaceuticals Limited - American Depositary Shares,NASDAQ,TLX
TLYS,"Tilly's, Inc. Common Stock",N,TLYS
TM,Toyota Motor Corporation Common Stock,N,TM
TMC,TMC the metals company Inc. - Common Stock,NASDAQ,TMC
TMCI,"Treace Medical Concepts, Inc. - Common Stock",NASDAQ,TMCI
TMCR,The Metals Royalty Company Inc. - Common Stock,NASDAQ,TMCR
TMCWW,TMC the metals company Inc. - Warrant,NASDAQ,TMCWW
TMDE,TMD Energy Limited Ordinary Shares,A,TMDE
TMDX,"TransMedics Group, Inc. - Common Stock",NASDAQ,TMDX
TME,"Tencent Music Entertainment Group American Depositary Shares, each representing two Class A Ordinary Shares",N,TME
TMHC,Taylor Morrison Home Corporation Common Stock,N,TMHC
TMO,Thermo Fisher Scientific Inc Common Stock,N,TMO
TMP,Tompkins Financial Corporation Common Stock,A,TMP
TMQ,Trilogy Metals Inc. Common Stock,A,TMQ
TMTS,Spartacus Acquisition Corp. II - Class A Ordinary Shares,NASDAQ,TMTS
TMTSU,Spartacus Acquisition Corp. II - Unit,NASDAQ,TMTSU
TMTSW,Spartacus Acquisition Corp. II - Warrants,NASDAQ,TMTSW
TMUS,"T-Mobile US, Inc. - Common Stock",NASDAQ,TMUS
TMUSI,"T-Mobile US, Inc. - 5.500% Senior Notes due June 2070",NASDAQ,TMUSI
TMUSL,"T-Mobile US, Inc. - 6.250% Senior Notes due 2069",NASDAQ,TMUSL
TMUSZ,"T-Mobile US, Inc. - 5.500% Senior Notes due March 2070",NASDAQ,TMUSZ
TNC,Tennant Company Common Stock,N,TNC
TNDM,"Tandem Diabetes Care, Inc. - Common Stock",NASDAQ,TNDM
TNET,"TriNet Group, Inc. Common Stock",N,TNET
TNGX,"Tango Therapeutics, Inc. - Common Stock",NASDAQ,TNGX
TNK,Teekay Tankers Ltd.,N,TNK
TNL,Travel   Leisure Co. Common  Stock,N,TNL
TNMG,TNL Mediagene - Ordinary Shares,NASDAQ,TNMG
TNON,"Tenon Medical, Inc. - Common Stock",NASDAQ,TNON
TNONW,"Tenon Medical, Inc. - Warrant",NASDAQ,TNONW
TNXP,Tonix Pharmaceuticals Holding Corp. - Common Stock,NASDAQ,TNXP
TNYA,"Tenaya Therapeutics, Inc. - Common Stock",NASDAQ,TNYA
TOI,"The Oncology Institute, Inc. - Common Stock",NASDAQ,TOI
TOIIW,"The Oncology Institute, Inc. - Warrant",NASDAQ,TOIIW
TOL,"Toll Brothers, Inc. Common Stock",N,TOL
TOMZ,"TOMI Environmental Solutions, Inc. - Common Stock",NASDAQ,TOMZ
TONX,TON Strategy Company - Common Stock,NASDAQ,TONX
TOON,"Kartoon Studios, Inc. Common Stock",A,TOON
TOP,TOP Financial Group Limited - Class A Ordinary Shares,NASDAQ,TOP
TOPP,Toppoint Holdings Inc. Common Stock,A,TOPP
TOPS,"TOP Ships, Inc. Common Stock",A,TOPS
TORO,Toro Corp. - Common stock,NASDAQ,TORO
TOST,"Toast, Inc. Class A Common Stock",N,TOST
TOUR,Tuniu Corporation - American Depositary Shares,NASDAQ,TOUR
TOVX,"Theriva Biologics, Inc. Common Stock",A,TOVX
TOWN,Towne Bank - Common Stock,NASDAQ,TOWN
TOYO,"TOYO Co., Ltd - Ordinary Shares",NASDAQ,TOYO
TPB,"Turning Point Brands, Inc. Common Stock",N,TPB
TPC,Tutor Perini Corporation Common Stock,N,TPC
TPCS,TechPrecision Corporation - Common stock,NASDAQ,TPCS
TPET,Trio Petroleum Corp. Common Stock,A,TPET
TPG,TPG Inc. - Class A Common Stock,NASDAQ,TPG
TPGXL,TPG Inc. - 6.950% Fixed-Rate Junior Subordinated Notes due 2064,NASDAQ,TPGXL
TPH,"Tri Pointe Homes, Inc. Common Stock",N,TPH
TPL,Texas Pacific Land Corporation Common Stock,N,TPL
TPR,"Tapestry, Inc. Common Stock",N,TPR
TPST,"Tempest Therapeutics, Inc. - Common Stock",NASDAQ,TPST
TPTA,"Terra Property Trust, Inc. 6.00% Notes due 2026",N,TPTA
TPVG,TriplePoint Venture Growth BDC Corp. Common Stock,N,TPVG
TR,"Tootsie Roll Industries, Inc. Common Stock",N,TR
TRAD,APEX Tech Acquisition Inc. Ordinary Shares,N,TRAD
TRAD.R,"APEX Tech Acquisition Inc. Rights, each entitling the holder to receive one-fourth (1/4) of one ordinary share",N,TRAD-R
TRAD.U,"APEX Tech Acquisition Inc. Units, each consisting of one Class A ordinary share and one right to receive one sixth (1/6) of a Class A ordinary share",N,TRAD-U
TRAK,"ReposiTrak, Inc. Common Stock",N,TRAK
TRAW,"Traws Pharma, Inc. - Common Stock",NASDAQ,TRAW
TRAX,"First Tracks Biotherapeutics, Inc. - Ordinary Shares",NASDAQ,TRAX
TRC,Tejon Ranch Co Common Stock,N,TRC
TRDA,"Entrada Therapeutics, Inc. - Common Stock",NASDAQ,TRDA
TREE,"LendingTree, Inc. - Common Stock",NASDAQ,TREE
TREX,"Trex Company, Inc. Common Stock",N,TREX
TRGP,"Targa Resources, Inc. Common Stock",N,TRGP
TRGS,TRG Latin America Acquisitions Corp. - Class A Ordinary Shares,NASDAQ,TRGS
TRGSR,TRG Latin America Acquisitions Corp. - Rights,NASDAQ,TRGSR
TRGSU,TRG Latin America Acquisitions Corp. - Units,NASDAQ,TRGSU
TRI,Thomson Reuters Corp - Common Shares,NASDAQ,TRI
TRIB,Trinity Biotech plc - American Depositary Shares,NASDAQ,TRIB
TRIN,Trinity Capital Inc. - Common Stock,NASDAQ,TRIN
TRINI,Trinity Capital Inc. - 7.875% Notes Due 2029,NASDAQ,TRINI
TRINZ,Trinity Capital Inc. - 7.875% Notes due 2029,NASDAQ,TRINZ
TRIP,"TripAdvisor, Inc. - Common Stock",NASDAQ,TRIP
TRMB,Trimble Inc. - Common Stock,NASDAQ,TRMB
TRMD,TORM plc - Class A Common Stock,NASDAQ,TRMD
TRMK,Trustmark Corporation - Common Stock,NASDAQ,TRMK
TRN,"Trinity Industries, Inc. Common Stock",N,TRN
TRNO,Terreno Realty Corporation Common Stock,N,TRNO
TRNR,Interactive Strength Inc. - Common Stock,NASDAQ,TRNR
TRNS,"Transcat, Inc. - Common Stock",NASDAQ,TRNS
TRON,Tron Inc. - Common Stock,NASDAQ,TRON
TROO,"TROOPS, Inc.  - Ordinary Shares",NASDAQ,TROO
TROW,"T. Rowe Price Group, Inc. - Common Stock",NASDAQ,TROW
TROX,Tronox Holdings plc Ordinary Shares (UK),N,TROX
TRP,TC Energy Corporation Common Stock,N,TRP
TRS,TriMas Corporation - Common Stock,NASDAQ,TRS
TRSG,Tungray Technologies Inc - Class A Ordinary Shares,NASDAQ,TRSG
TRST,TrustCo Bank Corp NY - Common Stock,NASDAQ,TRST
TRT,Trio-Tech International Common Stock,A,TRT
TRTX,"TPG RE Finance Trust, Inc. Common Stock",N,TRTX
TRU,TransUnion Common Stock,N,TRU
TRUG,"TruGolf Holdings, Inc. - Class A Common Stock",NASDAQ,TRUG
TRUP,"Trupanion, Inc. - Common Stock",NASDAQ,TRUP
TRV,"The Travelers Companies, Inc. Common Stock",N,TRV
TRVG,trivago N.V. - American Depositary Shares,NASDAQ,TRVG
TRVI,"Trevi Therapeutics, Inc. - Common Stock",NASDAQ,TRVI
TRX,TRX Gold Corporation Common Stock,A,TRX
TS,Tenaris S.A. American Depositary Shares,N,TS
TSAT,Telesat Corporation - Class A Common Shares and Class B Variable Voting Shares,NASDAQ,TSAT
TSBK,"Timberland Bancorp, Inc. - Common Stock",NASDAQ,TSBK
TSCO,Tractor Supply Company - Common Stock,NASDAQ,TSCO
TSEM,Tower Semiconductor Ltd. - Ordinary Shares,NASDAQ,TSEM
TSHA,"Taysha Gene Therapies, Inc. - Common Stock",NASDAQ,TSHA
TSI,"TCW Strategic Income Fund, Inc. Common Stock",N,TSI
TSLA,"Tesla, Inc.  - Common Stock",NASDAQ,TSLA
TSLX,"Sixth Street Specialty Lending, Inc. Common Stock",N,TSLX
TSM,Taiwan Semiconductor Manufacturing Company Ltd.,N,TSM
TSN,"Tyson Foods, Inc. Common Stock",N,TSN
TSQ,"Townsquare Media, Inc. Class A Common Stock",N,TSQ
TSSI,"TSS, Inc. - Common Stock",NASDAQ,TSSI
TT,Trane Technologies plc,N,TT
TTAM,Titan America SA Common Shares,N,TTAM
TTAN,"ServiceTitan, Inc. - Class A Common Stock",NASDAQ,TTAN
TTC,Toro Company (The) Common Stock,N,TTC
TTD,"The Trade Desk, Inc. - Class A Common Stock",NASDAQ,TTD
TTE,TotalEnergies SE Ordinary Shares,N,TTE
TTEC,"TTEC Holdings, Inc. - Common Stock",NASDAQ,TTEC
TTEK,"Tetra Tech, Inc. - Common Stock",NASDAQ,TTEK
TTGT,"TechTarget, Inc. - Common Stock",NASDAQ,TTGT
TTI,"Tetra Technologies, Inc. Common Stock",N,TTI
TTMI,"TTM Technologies, Inc. - Common Stock",NASDAQ,TTMI
TTRX,Turn Therapeutics Inc. - Common Stock,NASDAQ,TTRX
TTWO,"Take-Two Interactive Software, Inc. - Common Stock",NASDAQ,TTWO
TU,Telus Corporation Ordinary Shares,N,TU
TULP,"Bloomia Holdings, Inc. - Common Stock",NASDAQ,TULP
TURB,"Turbo Energy, S.A. - American Depositary Shares",NASDAQ,TURB
TUSK,"Mammoth Energy Services, Inc. - Common Stock",NASDAQ,TUSK
TUYA,"Tuya Inc. American Depositary Shares, each representing one Class A Ordinary Share",N,TUYA
TV,Grupo Televisa S.A.B. Common Stock,N,TV
TVA,Texas Ventures Acquisition III Corp - Class A Ordinary Share,NASDAQ,TVA
TVACU,Texas Ventures Acquisition III Corp - Unit,NASDAQ,TVACU
TVACW,Texas Ventures Acquisition III Corp - Warrants,NASDAQ,TVACW
TVAI,Thayer Ventures Acquisition Corporation II - Class A Ordinary Shares,NASDAQ,TVAI
TVAIR,Thayer Ventures Acquisition Corporation II - Rights,NASDAQ,TVAIR
TVAIU,Thayer Ventures Acquisition Corporation II - Unit,NASDAQ,TVAIU
TVC,Tennessee Valley Authority Common Stock,N,TVC
TVE,Tennessee Valley Authority,N,TVE
TVGN,Tevogen Bio Holdings Inc. - Common Stock,NASDAQ,TVGN
TVGNW,Tevogen Bio Holdings Inc. - Warrant,NASDAQ,TVGNW
TVRD,"Tvardi Therapeutics, Inc. - Common Stock",NASDAQ,TVRD
TVTX,"Travere Therapeutics, Inc. - Common Stock",NASDAQ,TVTX
TW,Tradeweb Markets Inc. - Class A Common Stock,NASDAQ,TW
TWAV,"TaoWeave, Inc. - Common Stock",NASDAQ,TWAV
TWFG,"TWFG, Inc. - Common Stock",NASDAQ,TWFG
TWG,Top Wealth Group Holding Limited - Class A Ordinary Shares,NASDAQ,TWG
TWI,"Titan International, Inc. (DE) Common Stock",N,TWI
TWIN,"Twin Disc, Incorporated - Common Stock",NASDAQ,TWIN
TWLO,Twilio Inc. Class A Common Stock,N,TWLO
TWLV,Twelve Seas Investment Company III - Class A Ordinary Shares,NASDAQ,TWLV
TWLVR,Twelve Seas Investment Company III - Rights,NASDAQ,TWLVR
TWLVU,Twelve Seas Investment Company III - Units,NASDAQ,TWLVU
TWN,"Taiwan Fund, Inc. (The) Common Stock",N,TWN
TWO,Two Harbors Investment Corp,N,TWO
TWOD,Two Harbors Investments Corp 9.375% Senior Notes due 2030,N,TWOD
TWST,Twist Bioscience Corporation - Common Stock,NASDAQ,TWST
TX,"Ternium S.A. Ternium S.A. American Depositary Shares (each representing ten shares, USD1.00 par value)",N,TX
TXG,"10x Genomics, Inc. - Common Stock",NASDAQ,TXG
TXMD,"TherapeuticsMD, Inc. - Common Stock",NASDAQ,TXMD
TXN,Texas Instruments Incorporated - Common Stock,NASDAQ,TXN
TXNM,"TXNM Energy, Inc. Common Stock",N,TXNM
TXO,"TXO Partners, L.P. Common Units Representing Limited Partner Interests",N,TXO
TXRH,"Texas Roadhouse, Inc. - Common Stock",NASDAQ,TXRH
TXT,Textron Inc. Common Stock,N,TXT
TY,Tri Continental Corporation Common Stock,N,TY
TYG,Tortoise Energy Infrastructure Corporation Common Stock,N,TYG
TYGO,"Tigo Energy, Inc. - Common Stock",NASDAQ,TYGO
TYL,"Tyler Technologies, Inc. Common Stock",N,TYL
TYRA,"Tyra Biosciences, Inc. - Common Stock",NASDAQ,TYRA
TZOO,Travelzoo - Common Stock,NASDAQ,TZOO
U,Unity Software Inc. Common Stock,N,U
UA,"Under Armour, Inc. Class C Common Stock",N,UA
UAA,"Under Armour, Inc. Class A Common Stock",N,UAA
UAC,United Acquisition Corp. I Class A Ordinary Shares,A,UAC
UAC.U,"United Acquisition Corp. I Units, each consisting of one Class A ordinary share and one-quarter of one redeemable warrant",A,UAC-U
UAC.W,"United Acquisition Corp. I Warrants, each whole warrant exercisable for one Class A ordinary share at an exercise price of $11.50",A,UAC-W
UAL,"United Airlines Holdings, Inc. - Common Stock",NASDAQ,UAL
UAMY,United States Antimony Corporation Common Stock,N,UAMY
UAN,"CVR Partners, LP Common Units representing Limited Partner Interests",N,UAN
UAVS,"AgEagle Aerial Systems, Inc. Common Stock",A,UAVS
UBCP,"United Bancorp, Inc. - Common Stock",NASDAQ,UBCP
UBER,"Uber Technologies, Inc. Common Stock",N,UBER
UBS,UBS Group AG Registered Ordinary Shares,N,UBS
UBSI,"United Bankshares, Inc. - Common Stock",NASDAQ,UBSI
UBXG,U-BX Technology Ltd. - Class A Ordinary Shares,NASDAQ,UBXG
UCAR,U Power Limited - Class A Ordinary Shares,NASDAQ,UCAR
UCB,"United Community Banks, Inc. Common Stock",N,UCB
UCFI,CN Healthy Food Tech Group Corp. - Common Stock,NASDAQ,UCFI
UCFIW,CN Healthy Food Tech Group Corp. - Warrant,NASDAQ,UCFIW
UCIB,"ETRACS UBS Bloomberg Constant Maturity Commodity Index (CMCI) Total Return ETN Series B due April 5, 2038",P,UCIB
UCL,uCloudlink Group Inc. - American Depositary Shares,NASDAQ,UCL
UCTT,"Ultra Clean Holdings, Inc. - Common Stock",NASDAQ,UCTT
UDMY,"Udemy, Inc. - Common Stock",NASDAQ,UDMY
UDR,"UDR, Inc. Common Stock",N,UDR
UE,Urban Edge Properties Common Shares of Beneficial Interest,N,UE
UEC,Uranium Energy Corp. Common Stock,A,UEC
UEIC,Universal Electronics Inc. - Common Stock,NASDAQ,UEIC
UFCS,"United Fire Group, Inc - Common Stock",NASDAQ,UFCS
UFG,Uni-Fuels Holdings Limited - Class A Ordinary Shares,NASDAQ,UFG
UFI,"Unifi, Inc. New Common Stock",N,UFI
UFPI,"UFP Industries, Inc. - Common Stock",NASDAQ,UFPI
UFPT,"UFP Technologies, Inc. - Common Stock",NASDAQ,UFPT
UG,"United-Guardian, Inc. - Common Stock",NASDAQ,UG
UGI,UGI Corporation Common Stock,N,UGI
UGP,Ultrapar Participacoes S.A. (New) American Depositary Shares (Each representing one Common Share),N,UGP
UGRO,"urban-gro, Inc. - Common Stock",NASDAQ,UGRO
UHAL,U-Haul Holding Company Common Stock,N,UHAL
UHAL.B,U-Haul Holding Company Series N Non-Voting Common Stock ,N,UHAL-B
UHG,"United Homes Group, Inc - Class A Common Stock",NASDAQ,UHG
UHGWW,"United Homes Group, Inc - Warrant",NASDAQ,UHGWW
UHS,"Universal Health Services, Inc. Common Stock",N,UHS
UHT,Universal Health Realty Income Trust Common Stock,N,UHT
UI,Ubiquiti Inc. Common Stock,N,UI
UIS,Unisys Corporation New Common Stock,N,UIS
UK,Ucommune International Ltd  - Ordinary Shares,NASDAQ,UK
UL,Unilever PLC American Depositary Shares (each representing One Ordinary Share),N,UL
ULBI,Ultralife Corporation - Common Stock,NASDAQ,ULBI
ULCC,"Frontier Group Holdings, Inc. - Common Stock",NASDAQ,ULCC
ULH,"Universal Logistics Holdings, Inc. - Common Stock",NASDAQ,ULH
ULS,UL Solutions Inc. Class A Common Stock,N,ULS
ULTA,"Ulta Beauty, Inc. - Common Stock",NASDAQ,ULTA
UMAC,"Unusual Machines, Inc. Common Stock",A,UMAC
UMBF,UMB Financial Corporation - Common Stock,NASDAQ,UMBF
UMBFO,"UMB Financial Corporation - Depositary Shares Each Representing a 1/400th Interest in a Share of 7.750% Fixed-Rate Reset Non-Cumulative Perpetual Preferred Stock, Series B",NASDAQ,UMBFO
UMC,United Microelectronics Corporation (NEW) Common Stock,N,UMC
UMH,"UMH Properties, Inc. Common Stock",N,UMH
UNB,"Union Bankshares, Inc. - Common Stock",NASDAQ,UNB
UNCY,"Unicycive Therapeutics, Inc. - Common Stock",NASDAQ,UNCY
UNF,Unifirst Corporation Common Stock,N,UNF
UNFI,"United Natural Foods, Inc. Common Stock",N,UNFI
UNH,UnitedHealth Group Incorporated Common Stock (DE),N,UNH
UNIT,Uniti Group Inc. - Common Stock,NASDAQ,UNIT
UNM,Unum Group Common Stock,N,UNM
UNMA,Unum Group 6.250% Junior Subordinated Notes due 2058,N,UNMA
UNP,Union Pacific Corporation Common Stock,N,UNP
UNTY,"Unity Bancorp, Inc. - Common Stock",NASDAQ,UNTY
UONE,"Urban One, Inc.  - Class A Common Stock",NASDAQ,UONE
UONEK,"Urban One, Inc.  - Class D Common Stock",NASDAQ,UONEK
UP,Wheels Up Experience Inc. Class A Common Stock,N,UP
UPB,"Upstream Bio, Inc. - Common Stock",NASDAQ,UPB
UPBD,"Upbound Group, Inc. - Common Stock",NASDAQ,UPBD
UPC,Universe Pharmaceuticals Inc - Class A Ordinary Shares,NASDAQ,UPC
UPLD,"Upland Software, Inc. - Common Stock",NASDAQ,UPLD
UPS,"United Parcel Service, Inc. Common Stock",N,UPS
UPST,"Upstart Holdings, Inc. - Common stock",NASDAQ,UPST
UPWK,Upwork Inc. - Common Stock,NASDAQ,UPWK
UPXI,"Upexi, Inc. - Common Stock",NASDAQ,UPXI
URBN,"Urban Outfitters, Inc. - Common Stock",NASDAQ,URBN
URG,Ur Energy Inc Common Shares (Canada),A,URG
URGN,UroGen Pharma Ltd. - Ordinary Shares,NASDAQ,URGN
URI,"United Rentals, Inc. Common Stock",N,URI
UROY,Uranium Royalty Corp. - Common Stock,NASDAQ,UROY
USA,Liberty All-Star Equity Fund Common Stock,N,USA
USAC,"USA Compression Partners, LP Common Units Representing Limited Partner Interests",N,USAC
USAR,"USA Rare Earth, Inc. - Common Stock",NASDAQ,USAR
USAS,"Americas Gold and Silver Corporation Common Shares, no par value",A,USAS
USAU,U.S. Gold Corp. - Common Stock,NASDAQ,USAU
USB,U.S. Bancorp Common Stock,N,USB
USBC,"USBC, Inc. Common Stock",A,USBC
USCB,"USCB Financial Holdings, Inc.  - Class A Common Stock",NASDAQ,USCB
USEA,United Maritime Corporation - Common Stock,NASDAQ,USEA
USEG,U.S. Energy Corp. - Common Stock,NASDAQ,USEG
USFD,US Foods Holding Corp. Common Stock,N,USFD
USGO,U.S. GoldMining Inc. - Common stock,NASDAQ,USGO
USGOW,U.S. GoldMining Inc. - Warrant,NASDAQ,USGOW
USIO,"Usio, Inc. - Common Stock",NASDAQ,USIO
USLM,"United States Lime & Minerals, Inc. - Common Stock",NASDAQ,USLM
USNA,"USANA Health Sciences, Inc. Common Stock",N,USNA
USPH,"U.S. Physical Therapy, Inc. Common Stock",N,USPH
UTF,"Cohen & Steers Infrastructure Fund, Inc Common Stock",N,UTF
UTG,Reaves Utility Income Fund Common Shares of Beneficial Interest,A,UTG
UTHR,United Therapeutics Corporation - Common Stock,NASDAQ,UTHR
UTI,Universal Technical Institute Inc Common Stock,N,UTI
UTL,UNITIL Corporation Common Stock,N,UTL
UTMD,"Utah Medical Products, Inc. - Common Stock",NASDAQ,UTMD
UTSI,UTStarcom Holdings Corp - Ordinary Shares,NASDAQ,UTSI
UTZ,Utz Brands Inc Class A Common Stock ,N,UTZ
UUU,"Universal Safety Products, Inc. Common Stock",A,UUU
UUUU,Energy Fuels Inc Ordinary Shares (Canada),A,UUUU
UVE,UNIVERSAL INSURANCE HOLDINGS INC Common Stock,N,UVE
UVSP,Univest Financial Corporation - Common Stock,NASDAQ,UVSP
UVV,Universal Corporation Common Stock,N,UVV
UWMC,UWM Holdings Corporation Class A Common Stock,N,UWMC
UXIN,Uxin Limited - American Depositary Shares,NASDAQ,UXIN
UYSC,UY Scuti Acquisition Corp. - Ordinary Shares,NASDAQ,UYSC
UYSCR,UY Scuti Acquisition Corp. - Rights,NASDAQ,UYSCR
UYSCU,UY Scuti Acquisition Corp. - Units,NASDAQ,UYSCU
UZD,"Array Digital Infrastructure, Inc. 6.250% Senior Notes due 2069",N,UZD
UZE,"Array Digital Infrastructure, Inc. 5.500% Senior Notes due 2070",N,UZE
UZF,"Array Digital Infrastructure, Inc. 5.500% Senior Notes due 2070",N,UZF
V,Visa Inc.,N,V
VABK,Virginia National Bankshares Corporation - Common Stock,NASDAQ,VABK
VAC,Marriott Vacations Worldwide Corporation Common Stock,N,VAC
VACH,Voyager Acquisition Corp - Class A Ordinary Shares,NASDAQ,VACH
VACHU,Voyager Acquisition Corp - Unit,NASDAQ,VACHU
VACHW,Voyager Acquisition Corp - Warrants,NASDAQ,VACHW
VACI,Viking Acquisition Corp. I Class A Ordinary Shares,N,VACI
VACI.U,"Viking Acquisition Corp. I Units, each consisting of one Class A ordinary share and one-third of one Warrant",N,VACI-U
VACI.W,Viking Acquisition Corp. I Warrants to purchase one Class A Ordinary Share,N,VACI-W
VAL,Valaris Limited Common Shares,N,VAL
VAL.W,Valaris Limited Warrants,N,VAL-W
VALE,VALE S.A.  American Depositary Shares Each Representing one common share,N,VALE
VALN,Valneva SE - American Depositary Shares,NASDAQ,VALN
VALU,"Value Line, Inc. - Common Stock",NASDAQ,VALU
VANI,"Vivani Medical, Inc.  - Common Stock",NASDAQ,VANI
VATE,INNOVATE Corp. Common Stock,N,VATE
VBF,Invesco Bond Fund Common Stock,N,VBF
VBIO,"Valion Bio, Inc. - Common stock",NASDAQ,VBIO
VBNK,VersaBank - Common Shares,NASDAQ,VBNK
VC,Visteon Corporation - Common Stock,NASDAQ,VC
VCEL,Vericel Corporation - Common Stock,NASDAQ,VCEL
VCIG,VCI Global Limited - Ordinary Share,NASDAQ,VCIG
VCTR,"Victory Capital Holdings, Inc. - Common Stock",NASDAQ,VCTR
VCV,Invesco California Value Municipal Income Trust Common Stock,N,VCV
VCX,"Fundrise Innovation Fund, LLC Common Shares of Limited Liability Company Interests",N,VCX
VCYT,"Veracyte, Inc. - Common Stock",NASDAQ,VCYT
VECO,Veeco Instruments Inc. - Common Stock,NASDAQ,VECO
VEEA,Veea Inc. - Common Stock,NASDAQ,VEEA
VEEAW,Veea Inc. - Warrant,NASDAQ,VEEAW
VEEE,Twin Vee PowerCats Co. - Common Stock,NASDAQ,VEEE
VEEV,Veeva Systems Inc. Class A Common Stock,N,VEEV
VEL,"Velocity Financial, Inc. Common Stock",N,VEL
VELO,"Velo3D, Inc. - Common stock",NASDAQ,VELO
VENU,Venu Holding Corporation Common Stock,A,VENU
VEON,VEON Ltd. - American Depositary Shares,NASDAQ,VEON
VERA,"Vera Therapeutics, Inc. - Class A Common Stock",NASDAQ,VERA
VERI,"Veritone, Inc. - Common Stock",NASDAQ,VERI
VERU,Veru Inc. - Common Stock,NASDAQ,VERU
VERX,"Vertex, Inc. - Class A Common Stock",NASDAQ,VERX
VET,Vermilion Energy Inc. Common (Canada),N,VET
VFC,V.F. Corporation Common Stock,N,VFC
VFF,"Village Farms International, Inc. - Common Shares",NASDAQ,VFF
VFL,abrdn National Municipal Income Fund Common Stock,A,VFL
VFS,VinFast Auto Ltd. - Ordinary Shares,NASDAQ,VFS
VFSWW,VinFast Auto Ltd. - Warrant,NASDAQ,VFSWW
VG,"Venture Global, Inc. Class A common stock",N,VG
VGAS,"Verde Clean Fuels, Inc. - Class A Common Stock",NASDAQ,VGAS
VGASW,"Verde Clean Fuels, Inc. - Warrant",NASDAQ,VGASW
VGI,Virtus Global Multi-Sector Income Fund Common Shares of Beneficial Interest,N,VGI
VGM,Invesco Trust for Investment Grade Municipals Common Stock (DE),N,VGM
VGNT,Versigent PLC Ordinary Shares,N,VGNT
VGZ,Vista Gold Corp Common Stock,A,VGZ
VHC,VirnetX Holding Corp - Common Stock,NASDAQ,VHC
VHCP,Vine Hill Capital Investment Corp. II - Class A Ordinary Shares,NASDAQ,VHCP
VHCPU,Vine Hill Capital Investment Corp. II - Units,NASDAQ,VHCPU
VHCPW,Vine Hill Capital Investment Corp. II - Warrants,NASDAQ,VHCPW
VHI,"Valhi, Inc. Common Stock",N,VHI
VHUB,"VenHub Global, Inc. - Common Stock",NASDAQ,VHUB
VIA,"Via Transportation, Inc. Class A Common Stock",N,VIA
VIASP,"Via Renewables, Inc. - 8.75% Series A Fixed-to-Floating Rate Cumulative Redeemable Perpetual Preferred Stock",NASDAQ,VIASP
VIAV,Viavi Solutions Inc. - Common Stock,NASDAQ,VIAV
VICI,VICI Properties Inc. Common Stock,N,VICI
VICR,Vicor Corporation - Common Stock,NASDAQ,VICR
VIK,Viking Holdings Ltd Ordinary Shares,N,VIK
VINP,Vinci Compass Investments Ltd. - Class A Common Shares,NASDAQ,VINP
VIOT,"Viomi Technology Co., Ltd - American Depositary Shares",NASDAQ,VIOT
VIPS,"Vipshop Holdings Limited American Depositary Shares, each representing two ordinary shares",N,VIPS
VIR,"Vir Biotechnology, Inc. - Common Stock",NASDAQ,VIR
VIRC,Virco Manufacturing Corporation - Common Stock,NASDAQ,VIRC
VIRT,"Virtu Financial, Inc. Class A Common Stock",N,VIRT
VISN,"Vistance Networks, Inc.  - Common Stock",NASDAQ,VISN
VIST,"Vista Energy S.A.B. de C.V. American Depositary Shares, each representing one series A share, with no par value",N,VIST
VITL,"Vital Farms, Inc. - Common Stock",NASDAQ,VITL
VIV,Telefonica Brasil S.A. American Depositary Shares (Each representing One Common Share),N,VIV
VIVK,"Vivakor, Inc. - Common Stock",NASDAQ,VIVK
VIVO,VivoPower PLC - Ordinary Shares,NASDAQ,VIVO
VIVS,"VivoSim Labs, Inc. - Common Stock",NASDAQ,VIVS
VKI,Invesco Advantage Municipal Income Trust II Common Shares of Beneficial Interest (DE),A,VKI
VKQ,Invesco Municipal Trust Common Stock,N,VKQ
VKTX,"Viking Therapeutics, Inc. - Common Stock",NASDAQ,VKTX
VLGEA,"Village Super Market, Inc. - Class A Common Stock",NASDAQ,VLGEA
VLN,Valens Semiconductor Ltd. Ordinary Shares,N,VLN
VLN.W,"Valens Semiconductor Ltd. Warrants, each warrant to purchase one-half of one Ordinary Share",N,VLN-W
VLO,Valero Energy Corporation Common Stock,N,VLO
VLRS,"Controladora Vuela Compania de Aviacion, S.A.B. de C.V. American Depositary Shares, each representing ten (10) Ordinary Participation Certificates",N,VLRS
VLT,Invesco High Income Trust II,N,VLT
VLTO,Veralto Corp Common Stock ,N,VLTO
VLY,Valley National Bancorp - Common Stock,NASDAQ,VLY
VLYPN,"Valley National Bancorp - 8.250% Fixed-Rate Reset Non-Cumulative Perpetual Preferred Stock, Series C",NASDAQ,VLYPN
VLYPO,Valley National Bancorp - 5.5% Fixed to Floating Rate Series B Non-Cumulative Perpetual Preferred Stock,NASDAQ,VLYPO
VLYPP,Valley National Bancorp - 6.25% Fixed-to-Floating Rate Series A Non-Cumulative Perpetual Preferred Stock,NASDAQ,VLYPP
VMAR,Vision Marine Technologies Inc. - Common Shares,NASDAQ,VMAR
VMC,Vulcan Materials Company (Holding Company) Common Stock,N,VMC
VMD,"Viemed Healthcare, Inc. - Common Shares",NASDAQ,VMD
VMET,Versamet Royalties Corporation - Common Stock,NASDAQ,VMET
VMI,"Valmont Industries, Inc. Common Stock",N,VMI
VMO,Invesco Municipal Opportunity Trust Common Stock,N,VMO
VNCE,Vince Holding Corp. - Common Stock,NASDAQ,VNCE
VNDA,Vanda Pharmaceuticals Inc. - Common Stock,NASDAQ,VNDA
VNET,"VNET Group, Inc. - American Depositary Shares",NASDAQ,VNET
VNME,Vendome Acquisition Corporation I - Class A Ordinary Shares,NASDAQ,VNME
VNMEU,Vendome Acquisition Corporation I - Unit,NASDAQ,VNMEU
VNMEW,Vendome Acquisition Corporation I - Warrant,NASDAQ,VNMEW
VNO,Vornado Realty Trust Common Stock,N,VNO
VNOM,"Viper Energy, Inc.  - Class A Common Stock",NASDAQ,VNOM
VNRX,VolitionRX Limited Common Stock,A,VNRX
VNT,Vontier Corporation Common Stock ,N,VNT
VNTG,Vantage Corp Class A Ordinary Shares,A,VNTG
VOC,VOC Energy Trust Units of Beneficial Interest,N,VOC
VOD,Vodafone Group Plc - American Depositary Shares each representing ten Ordinary Shares,NASDAQ,VOD
VOR,Vor Biopharma Inc. - Common Stock,NASDAQ,VOR
VOXR,Vox Royalty Corp. - common stock,NASDAQ,VOXR
VOYA,"Voya Financial, Inc. Common Stock",N,VOYA
VOYG,"Voyager Technologies, Inc. Class A Common Stock",N,VOYG
VPG,"Vishay Precision Group, Inc. Common Stock",N,VPG
VPV,Invesco Pennsylvania Value Municipal Income Trust Common Stock (DE),N,VPV
VRA,"Vera Bradley, Inc. - Common Stock",NASDAQ,VRA
VRAX,Virax Biolabs Group Limited - Ordinary Shares,NASDAQ,VRAX
VRCA,Verrica Pharmaceuticals Inc. - Common Stock,NASDAQ,VRCA
VRDN,"Viridian Therapeutics, Inc.  - Common Stock",NASDAQ,VRDN
VRE,"Veris Residential, Inc. Common Stock",N,VRE
VREX,Varex Imaging Corporation - Common Stock,NASDAQ,VREX
VRM,"Vroom, Inc. - Common Stock",NASDAQ,VRM
VRME,"VerifyMe, Inc. - Common Stock",NASDAQ,VRME
VRNS,"Varonis Systems, Inc. - Common Stock",NASDAQ,VRNS
VRRM,Verra Mobility Corporation - Class A Common Stock,NASDAQ,VRRM
VRSK,"Verisk Analytics, Inc. - Common Stock",NASDAQ,VRSK
VRSN,"VeriSign, Inc. - Common Stock",NASDAQ,VRSN
VRT,"Vertiv Holdings, LLC Class A Common Stock",N,VRT
VRTS,"Virtus Investment Partners, Inc. Common Stock",N,VRTS
VRTX,Vertex Pharmaceuticals Incorporated - Common Stock,NASDAQ,VRTX
VS,Versus Systems Inc. - Common Stock,NASDAQ,VS
VSA,VisionSys AI Inc. - American Depositary Shares,NASDAQ,VSA
VSAT,"ViaSat, Inc. - Common Stock",NASDAQ,VSAT
VSCO,Victorias Secret & Co. Common Stock ,N,VSCO
VSEC,VSE Corporation - Common Stock,NASDAQ,VSEC
VSECU,VSE Corporation - Tangible Equity Units,NASDAQ,VSECU
VSEE,"VSee Health, Inc. - Common Stock",NASDAQ,VSEE
VSEEW,"VSee Health, Inc. - Warrant",NASDAQ,VSEEW
VSH,"Vishay Intertechnology, Inc. Common Stock",N,VSH
VSME,VS Media Holdings Limited - Class A Ordinary Shares,NASDAQ,VSME
VSNT,"Versant Media Group, Inc. - Class A Common Stock",NASDAQ,VSNT
VST,Vistra Corp. Common Stock,N,VST
VSTD,Vestand Inc.  - Class A Common Stock,NASDAQ,VSTD
VSTM,"Verastem, Inc. - Common Stock",NASDAQ,VSTM
VSTS,Vestis Corporation Common Stock,N,VSTS
VTAK,"Catheter Precision, Inc. Common Stock",A,VTAK
VTEX,VTEX Class A Common Shares,N,VTEX
VTGN,"Vistagen Therapeutics, Inc. - Common Stock",NASDAQ,VTGN
VTIX,Virtuix Holdings Inc. - Class A Common Stock,NASDAQ,VTIX
VTMX,"Corporacion Inmobiliaria Vesta, S.A.B de C.V. American Depositary Shares, each representing ten (10) Common Shares",N,VTMX
VTN,Invesco Trust for Investment Grade New York Municipals Common Stock,N,VTN
VTOL,"Bristow Group, Inc. Common Stock",N,VTOL
VTR,"Ventas, Inc. Common Stock",N,VTR
VTRS,Viatris Inc. - Common Stock,NASDAQ,VTRS
VTS,"Vitesse Energy, Inc. Common Stock",N,VTS
VTSI,"VirTra, Inc. - Common Stock",NASDAQ,VTSI
VTVT,vTv Therapeutics Inc. - Class A Common Stock,NASDAQ,VTVT
VUZI,Vuzix Corporation  - Common Stock,NASDAQ,VUZI
VVOS,"Vivos Therapeutics, Inc. - Common Stock",NASDAQ,VVOS
VVR,Invesco Senior Income Trust Common Stock (DE),N,VVR
VVV,Valvoline Inc. Common Stock,N,VVV
VVX,"V2X, Inc. Common Stock",N,VVX
VWAV,"VisionWave Holdings, Inc. - Common Stock",NASDAQ,VWAV
VWAVW,"VisionWave Holdings, Inc. - Warrant",NASDAQ,VWAVW
VXX,iPath Series B S&P 500 VIX Short-Term Futures ETN,Z,VXX
VXZ,iPath Series B S&P 500 VIX Mid-Term Futures ETN,Z,VXZ
VYGR,"Voyager Therapeutics, Inc. - Common Stock",NASDAQ,VYGR
VYNE,VYNE Therapeutics Inc. - Common Stock,NASDAQ,VYNE
VYX,NCR Voyix Corporation Common Stock,N,VYX
VZ,Verizon Communications Inc. Common Stock,N,VZ
VZLA,Vizsla Silver Corp. Common Shares,A,VZLA
W,Wayfair Inc. Class A Common Stock,N,W
WAB,Westinghouse Air Brake Technologies Corporation Common Stock,N,WAB
WABC,Westamerica Bancorporation - Common Stock,NASDAQ,WABC
WAFD,"WaFd, Inc. - Common Stock",NASDAQ,WAFD
WAFDP,"WaFd, Inc. - Depositary Shares",NASDAQ,WAFDP
WAFU,Wah Fu Education Group Limited - Ordinary Shares,NASDAQ,WAFU
WAI,Top KingWin Ltd - Class A Ordinary Shares,NASDAQ,WAI
WAL,Western Alliance Bancorporation Common Stock (DE),N,WAL
WALD,Waldencast plc - Class A Ordinary Share,NASDAQ,WALD
WALDW,Waldencast plc - Warrant,NASDAQ,WALDW
WASH,"Washington Trust Bancorp, Inc. - Common Stock",NASDAQ,WASH
WAT,Waters Corporation Common Stock,N,WAT
WATT,Energous Corporation - Common Stock,NASDAQ,WATT
WAVE,Eco Wave Power Global AB (publ) - American Depositary Shares,NASDAQ,WAVE
WAY,Waystar Holding Corp. - Common Stock,NASDAQ,WAY
WB,Weibo Corporation - American Depositary Shares,NASDAQ,WB
WBD,"Warner Bros. Discovery, Inc. - Series A Common Stock",NASDAQ,WBD
WBI,WaterBridge Infrastructure LLC Class A Shares Representing Limited Liability Company Interests,N,WBI
WBS,Webster Financial Corporation Common Stock,N,WBS
WBTN,WEBTOON Entertainment Inc. - Common stock,NASDAQ,WBTN
WBUY,WEBUY GLOBAL LTD. - Class A Ordinary Shares,NASDAQ,WBUY
WBX,Wallbox N.V. Class A Ordinary Shares,N,WBX
WCC,"WESCO International, Inc. Common Stock",N,WCC
WCN,"Waste Connections, Inc. Common Shares",N,WCN
WCT,Wellchange Holdings Company Limited - Class A Ordinary shares,NASDAQ,WCT
WD,"Walker & Dunlop, Inc Common Stock",N,WD
WDAY,"Workday, Inc. - Class A Common Stock",NASDAQ,WDAY
WDC,Western Digital Corporation - Common Stock,NASDAQ,WDC
WDFC,WD-40 Company - Common Stock,NASDAQ,WDFC
WDH,Waterdrop Inc. American Depositary Shares (each representing the right to receive 10 Class A Ordinary Shares),N,WDH
WDI,Western Asset Diversified Income Fund Common Shares of Beneficial Interest,N,WDI
WDS,"Woodside Energy Group Limited American Depositary Shares, each representing one Ordinary Share",N,WDS
WEA,Western Asset Bond Fund Share of Beneficial Interest,N,WEA
WEAV,"Weave Communications, Inc. Common Stock",N,WEAV
WEC,"WEC Energy Group, Inc. Common Stock",N,WEC
WELL,Welltower Inc. Common Stock,N,WELL
WEN,Wendy's Company (The) - Common Stock,NASDAQ,WEN
WENC.U,"West Enclave Merger Corp. Units, each consisting of one Ordinary Share and one Right to acquire one-tenth (1/10) of one Ordinary Share",N,WENC-U
WENN,Wen Acquisition Corp - Class A Ordinary Shares,NASDAQ,WENN
WENNU,Wen Acquisition Corp - Unit,NASDAQ,WENNU
WENNW,Wen Acquisition Corp - Warrant,NASDAQ,WENNW
WERN,"Werner Enterprises, Inc. - Common Stock",NASDAQ,WERN
WES,"Western Midstream Partners, LP Common Units Representing Limited Partner Interests",N,WES
WEST,Westrock Coffee Company - Common Stock,NASDAQ,WEST
WETH,Wetouch Technology Inc. - Common Stock,NASDAQ,WETH
WETO,Wetour Robotics Limited - Ordinary Shares,NASDAQ,WETO
WEX,WEX Inc. common stock,N,WEX
WEYS,"Weyco Group, Inc. - Common Stock",NASDAQ,WEYS
WF,Woori Financial Group Inc. American Depositary Shares (each representing three (3) shares of Common Stock),N,WF
WFC,Wells Fargo & Company Common Stock,N,WFC
WFCF,"Where Food Comes From, Inc. - Common Stock",NASDAQ,WFCF
WFF,WF Holding Limited - Ordinary Shares,NASDAQ,WFF
WFG,West Fraser Timber Co. Ltd Common stock,N,WFG
WFRD,Weatherford International plc - Ordinary shares,NASDAQ,WFRD
WGO,"Winnebago Industries, Inc. Common Stock",N,WGO
WGRX,"Wellgistics Health, Inc. - Common Stock",NASDAQ,WGRX
WGS,GeneDx Holdings Corp. - Class A Common Stock,NASDAQ,WGS
WGSWW,GeneDx Holdings Corp. - Warrant,NASDAQ,WGSWW
WH,"Wyndham Hotels & Resorts, Inc. Common Stock ",N,WH
WHD,"Cactus, Inc. Class A Common Stock",N,WHD
WHF,"WhiteHorse Finance, Inc. - Closed End Fund",NASDAQ,WHF
WHFCL,"WhiteHorse Finance, Inc. - 7.875% Notes due 2028",NASDAQ,WHFCL
WHG,Westwood Holdings Group Inc Common Stock,N,WHG
WHLR,"Wheeler Real Estate Investment Trust, Inc. - Common Stock",NASDAQ,WHLR
WHLRD,"Wheeler Real Estate Investment Trust, Inc. - Series D Cumulative Preferred Stock",NASDAQ,WHLRD
WHLRL,"Wheeler Real Estate Investment Trust, Inc. - 7.00% Senior Subordinated Convertible Notes Due 2031",NASDAQ,WHLRL
WHLRP,"Wheeler Real Estate Investment Trust, Inc. - Series B Preferred Stock",NASDAQ,WHLRP
WHR,Whirlpool Corporation Common Stock,N,WHR
WHWK,"Whitehawk Therapeutics, Inc. - Common Stock",NASDAQ,WHWK
WIA,Western Asset Inflation-Linked Income Fund,N,WIA
WILC,"G. Willi-Food International,  Ltd. - Ordinary Shares",NASDAQ,WILC
WIMI,WiMi Hologram Cloud Inc. - Class B Ordinary Shares,NASDAQ,WIMI
WINA,Winmark Corporation - Common Stock,NASDAQ,WINA
WING,Wingstop Inc. - Common Stock,NASDAQ,WING
WIT,Wipro Limited Common Stock,N,WIT
WIW,Western Asset Inflation-Linked Opportunities & Income Fund,N,WIW
WIX,Wix.com Ltd. - Ordinary Shares,NASDAQ,WIX
WK,Workiva Inc. Class A Common Stock,N,WK
WKC,World Kinect Corporation Common Stock,N,WKC
WKEY,WISeKey International Holding Ltd - American Depositary Shares,NASDAQ,WKEY
WKHS,"Workhorse Group, Inc. - Common Stock",NASDAQ,WKHS
WKSP,"Worksport, Ltd. - Common Stock",NASDAQ,WKSP
WLAC,Willow Lane Acquisition Corp. - Class A Ordinary Shares,NASDAQ,WLAC
WLACU,Willow Lane Acquisition Corp. - Unit,NASDAQ,WLACU
WLACW,Willow Lane Acquisition Corp. - Warrants,NASDAQ,WLACW
WLDN,"Willdan Group, Inc. - Common Stock",NASDAQ,WLDN
WLDS,Wearable Devices Ltd. - Ordinary Share,NASDAQ,WLDS
WLDSW,Wearable Devices Ltd. - Warrant,NASDAQ,WLDSW
WLFC,Willis Lease Finance Corporation - Common Stock,NASDAQ,WLFC
WLII,Willow Lane Acquisition Corp. II - Class A Ordinary Shares,NASDAQ,WLII
WLIIU,Willow Lane Acquisition Corp. II - Unit,NASDAQ,WLIIU
WLIIW,Willow Lane Acquisition Corp. II - Warrants,NASDAQ,WLIIW
WLK,Westlake Corporation Common Stock,N,WLK
WLKP,Westlake Chemical Partners LP Common Units representing limited partner interests,N,WLKP
WLTH,Wealthfront Corporation - Common Stock,NASDAQ,WLTH
WLY,"John Wiley & Sons, Inc. Common Stock",N,WLY
WLYB,"John Wiley & Sons, Inc. Common Stock",N,WLYB
WM,"Waste Management, Inc. Common Stock",N,WM
WMB,"Williams Companies, Inc. (The) Common Stock",N,WMB
WMG,Warner Music Group Corp. - Class A Common Stock,NASDAQ,WMG
WMK,"Weis Markets, Inc. Common Stock",N,WMK
WMS,"Advanced Drainage Systems, Inc. Common Stock",N,WMS
WMT,Walmart Inc. - Common Stock,NASDAQ,WMT
WNC,Wabash National Corporation Common Stock,N,WNC
WNEB,"Western New England Bancorp, Inc. - Common Stock",NASDAQ,WNEB
WNW,Meiwu Technology Company Limited - Ordinary Shares,NASDAQ,WNW
WOK,WORK Medical Technology Group LTD - Class A Ordinary Shares,NASDAQ,WOK
WOLF,"Wolfspeed, Inc. Common Stock New",N,WOLF
WOOF,"Petco Health and Wellness Company, Inc. - Class A Common Stock",NASDAQ,WOOF
WOR,"Worthington Enterprises, Inc. Common Shares",N,WOR
WPAC,White Pearl Acquisition Corp. Class A Ordinary Shares,N,WPAC
WPAC.R,"White Pearl Acquisition Corp. Rights, each right entitles the holder to receive one-fifth of one Class A ordinary share upon consummation of the initial business combination",N,WPAC-R
WPAC.U,"White Pearl Acquisition Corp. Units, each consisting of one Class A ordinary share and one right to receive one-fifth (1/5) of one Class A ordinary share",N,WPAC-U
WPC,W. P. Carey Inc. REIT,N,WPC
WPM,Wheaton Precious Metals Corp Common Shares (Canada),N,WPM
WPP,WPP plc American Depositary Shares,N,WPP
WPRT,Westport Fuel Systems Inc - Common Shares,NASDAQ,WPRT
WRAP,"Wrap Technologies, Inc. - Common Stock",NASDAQ,WRAP
WRB,W.R. Berkley Corporation Common Stock,N,WRB
WRBY,Warby Parker Inc. Class A Common Stock,N,WRBY
WRD,WeRide Inc. - American Depositary Shares,NASDAQ,WRD
WRLD,World Acceptance Corporation - Common Stock,NASDAQ,WRLD
WRN,Western Copper and Gold Corporation Common Stock,A,WRN
WS,"Worthington Steel, Inc. Common Shares",N,WS
WSBC,"WesBanco, Inc. - Common Stock",NASDAQ,WSBC
WSBCO,"WesBanco, Inc. - Depositary Shares each representing 1/40th interest in a share of 7.375% Fixed-Rate Reset Non-Cumulative Perpetual Preferred Stock, Series B",NASDAQ,WSBCO
WSBF,"Waterstone Financial, Inc. - Common Stock",NASDAQ,WSBF
WSBK,"Winchester Bancorp, Inc. - Common Stock",NASDAQ,WSBK
WSC,WillScot Holdings Corporation - Class A Common Stock,NASDAQ,WSC
WSFS,WSFS Financial Corporation - Common Stock,NASDAQ,WSFS
WSHP,WeShop Holdings Limited - Class A Ordinary Shares,NASDAQ,WSHP
WSM,"Williams-Sonoma, Inc. Common Stock (DE)",N,WSM
WSO,"Watsco, Inc. Common Stock",N,WSO
WSO.B,"Watsco, Inc. Class B Common Stock",N,WSO-B
WSR,Whitestone REIT Common Shares,N,WSR
WST,"West Pharmaceutical Services, Inc. Common Stock",N,WST
WSTN,Westin Acquisition Corp - Class A Ordinary Share,NASDAQ,WSTN
WSTNR,Westin Acquisition Corp - Right,NASDAQ,WSTNR
WSTNU,Westin Acquisition Corp - Units,NASDAQ,WSTNU
WT,"WisdomTree, Inc. Common Stock",N,WT
WTBA,West Bancorporation - Common Stock,NASDAQ,WTBA
WTF,Waton Financial Limited - Ordinary Shares,NASDAQ,WTF
WTFC,Wintrust Financial Corporation - Common Stock,NASDAQ,WTFC
WTFCN,"Wintrust Financial Corporation - Depositary Shares, Each Representing a 1/1,000th Interest in a Share of 7.875% Fixed-Rate Reset Non-Cumulative Perpetual Preferred Stock, Series F, no par value, with a liquidation preference of $25,000 per share",NASDAQ,WTFCN
WTG,Wintergreen Acquisition Corp. - Ordinary Shares,NASDAQ,WTG
WTGUR,Wintergreen Acquisition Corp. - Rights,NASDAQ,WTGUR
WTGUU,Wintergreen Acquisition Corp. - Unit,NASDAQ,WTGUU
WTI,"W&T Offshore, Inc. Common Stock",N,WTI
WTM,"White Mountains Insurance Group, Ltd. Common Stock",N,WTM
WTO,UTime Limited - Class A Ordinary Shares,NASDAQ,WTO
WTRG,"Essential Utilities, Inc. Common Stock",N,WTRG
WTS,"Watts Water Technologies, Inc. Class A Common Stock",N,WTS
WTTR,"Select Water Solutions, Inc. Class A common stock",N,WTTR
WTW,Willis Towers Watson Public Limited Company - Ordinary Shares,NASDAQ,WTW
WU,Western Union Company (The) Common Stock,N,WU
WULF,TeraWulf Inc. - Common Stock,NASDAQ,WULF
WVE,Wave Life Sciences Ltd. - Ordinary Shares,NASDAQ,WVE
WVVI,"Willamette Valley Vineyards, Inc. - Common Stock",NASDAQ,WVVI
WVVIP,"Willamette Valley Vineyards, Inc. - Series A Redeemable Preferred Stock",NASDAQ,WVVIP
WW,"WW International, Inc.  - Common Stock",NASDAQ,WW
WWD,"Woodward, Inc. - Common Stock",NASDAQ,WWD
WWR,"Westwater Resources, Inc. Common Stock",A,WWR
WWW,"Wolverine World Wide, Inc. Common Stock",N,WWW
WXM,WF International Limited - Ordinary Shares,NASDAQ,WXM
WY,Weyerhaeuser Company Common Stock,N,WY
WYFI,"WhiteFiber, Inc. - Ordinary Shares",NASDAQ,WYFI
WYHG,Wing Yip Food Holdings Group Limited - American Depositary Shares,NASDAQ,WYHG
WYNN,"Wynn Resorts, Limited - Common Stock",NASDAQ,WYNN
WYY,WidePoint Corporation Common Stock,A,WYY
XAIR,"Beyond Air, Inc. - Common Stock",NASDAQ,XAIR
XBIO,"Xenetic Biosciences, Inc. - Common Stock",NASDAQ,XBIO
XBIT,XBiotech Inc. - Common Stock,NASDAQ,XBIT
XBP,"XBP Global Holdings, Inc. - Common Stock",NASDAQ,XBP
XBPEW,"XBP Global Holdings, Inc. - Warrant",NASDAQ,XBPEW
XCBE,X3 Acquisition Corp. Ltd. - Class A Ordinary Shares,NASDAQ,XCBE
XCBEU,X3 Acquisition Corp. Ltd. - Unit,NASDAQ,XCBEU
XCBEW,X3 Acquisition Corp. Ltd. - Warrant,NASDAQ,XCBEW
XCH,XCHG Limited - ADS,NASDAQ,XCH
XCUR,"Exicure, Inc. - Common Stock",NASDAQ,XCUR
XE,"X-Energy, Inc. - Class A Common Stock",NASDAQ,XE
XEL,Xcel Energy Inc. - Common Stock,NASDAQ,XEL
XELB,"Xcel Brands, Inc - Common Stock",NASDAQ,XELB
XELLL,"Xcel Energy Inc. - 6.25% Junior Subordinated Notes, Series due 2085",NASDAQ,XELLL
XENE,Xenon Pharmaceuticals Inc. - Common Shares,NASDAQ,XENE
XERS,"Xeris Biopharma Holdings, Inc. - Common Stock",NASDAQ,XERS
XFLH,XFLH Capital Corporation Ordinary Shares,N,XFLH
XFLH.R,XFLH Capital Corporation Rights to receive one-seventh (1/7) of one Ordinary Share,N,XFLH-R
XFLH.U,"XFLH Capital Corporation Units, each consisting of one Ordinary Share and one Right",N,XFLH-U
XFLT,XAI Octagon Floating Rate & Alternative Income Trust Common Shares of Beneficial Interest,N,XFLT
XFOR,"X4 Pharmaceuticals, Inc. - Common Stock",NASDAQ,XFOR
XGN,Exagen Inc. - Common Stock,NASDAQ,XGN
XHG,XChange TEC.INC - American Depositary Shares,NASDAQ,XHG
XHLD,"TEN Holdings, Inc. - Common Stock",NASDAQ,XHLD
XHR,"Xenia Hotels & Resorts, Inc. Common Stock",N,XHR
XIFR,"XPLR Infrastructure, LP Common Units representing limited partner interests",N,XIFR
XLO,"Xilio Therapeutics, Inc. - Common Stock",NASDAQ,XLO
XMTR,"Xometry, Inc. - Class A Common Stock",NASDAQ,XMTR
XNCR,"Xencor, Inc. - Common Stock",NASDAQ,XNCR
XNDU,Xanadu Quantum Technologies Limited - Class B Subordinate Voting Shares,NASDAQ,XNDU
XNET,Xunlei Limited - American Depositary Shares,NASDAQ,XNET
XOM,Exxon Mobil Corporation Common Stock,N,XOM
XOMA,XOMA Royalty Corporation - Common Stock,NASDAQ,XOMA
XOMAO,XOMA Royalty Corporation - Depositary Shares Rep Series B 8.375% Cumulative Preferred Stock,NASDAQ,XOMAO
XOMAP,XOMA Royalty Corporation - 8.625% Series A Cumulative Perpetual Preferred Stock,NASDAQ,XOMAP
XOS,"Xos, Inc. - Common Stock",NASDAQ,XOS
XOSWW,"Xos, Inc. - Warrants",NASDAQ,XOSWW
XP,XP Inc. - Class A Common Stock,NASDAQ,XP
XPEL,"XPEL, Inc. - Common Stock",NASDAQ,XPEL
XPER,Xperi Inc. Common Stock ,N,XPER
XPEV,"XPeng Inc. American depositary shares, each representing two Class A ordinary shares",N,XPEV
XPL,Solitario Resources Corp. Common Stock,A,XPL
XPO,"XPO, Inc. Common Stock",N,XPO
XPOF,"Xponential Fitness, Inc. Class A Common Stock",N,XPOF
XPON,Expion360 Inc. - Common Stock,NASDAQ,XPON
XPRO,Expro Group Holdings N.V. Common Stock,N,XPRO
XRAY,DENTSPLY SIRONA Inc. - Common Stock,NASDAQ,XRAY
XRN,Chiron Real Estate Inc. Common Stock,N,XRN
XRPN,Armada Acquisition Corp. II - Class A Ordinary Shares,NASDAQ,XRPN
XRPNU,Armada Acquisition Corp. II - Units,NASDAQ,XRPNU
XRPNW,Armada Acquisition Corp. II - Warrant,NASDAQ,XRPNW
XRTX,XORTX Therapeutics Inc. - Common Shares,NASDAQ,XRTX
XRX,Xerox Holdings Corporation - Common Stock,NASDAQ,XRX
XRXDW,Xerox Holdings Corporation - Warrants,NASDAQ,XRXDW
XSLL,Xsolla SPAC 1 - Class A Ordinary Shares,NASDAQ,XSLL
XSLLU,Xsolla SPAC 1 - Units,NASDAQ,XSLLU
XSLLW,Xsolla SPAC 1 - Warrants,NASDAQ,XSLLW
XTIA,"XTI Aerospace, Inc. Common Stock  - Common Stock",NASDAQ,XTIA
XTLB,XTL Biopharmaceuticals Ltd. - American Depositary Shares,NASDAQ,XTLB
XTNT,"Xtant Medical Holdings, Inc. Common Stock",A,XTNT
XWEL,"XWELL, Inc. - Common Stock",NASDAQ,XWEL
XWIN,"XMAX, Inc. - Common Stock",NASDAQ,XWIN
XXI,"Twenty One Capital, Inc. Class A Common Stock",N,XXI
XXII,"22nd Century Group, Inc - Common Stock",NASDAQ,XXII
XYF,"X Financial American Depositary Shares, each representing six Class A Ordinary Shares",N,XYF
XYL,Xylem Inc. Common Stock New,N,XYL
XYZ,"Block, Inc. Class A Common Stock,",N,XYZ
XZO,"Exzeo Group, Inc. Common Stock",N,XZO
YAAS,Youxin Technology Ltd - Class A Ordinary shares,NASDAQ,YAAS
YALA,"Yalla Group Limited American Depositary Shares, each representing one Class A Ordinary Share",N,YALA
YB,Yuanbao Inc. - American Depositary Shares,NASDAQ,YB
YCBD,"cbdMD, Inc. Common Stock",A,YCBD
YCY,AA Mission Acquisition Corp. II Class A Ordinary Shares,N,YCY
YCY.U,"AA Mission Acquisition Corp. II Units, each consisting of one Class A ordinary share and one-half of one warrant",N,YCY-U
YCY.W,"AA Mission Acquisition Corp. II Warrants, each whole warrant entitles to purchase one Class A ordinary share at a price of $11.50 per share",N,YCY-W
YDDL,One and One Green Technologies. INC - Class A Ordinary Shares,NASDAQ,YDDL
YDES,YD Bio Limited - Ordinary Shares,NASDAQ,YDES
YDESW,YD Bio Limited - Warrants,NASDAQ,YDESW
YDKG,Yueda Digital Holding - Class A Ordinary Share,NASDAQ,YDKG
YELP,Yelp Inc. Common Stock,N,YELP
YETI,"YETI Holdings, Inc. Common Stock",N,YETI
YEXT,"Yext, Inc. Common Stock",N,YEXT
YHC,LQR House Inc. - Common Stock,NASDAQ,YHC
YHGJ,Yunhong Green CTI Ltd. - Common Stock,NASDAQ,YHGJ
YHNA,YHN Acquisition I Limited - Ordinary Shares,NASDAQ,YHNA
YHNAR,YHN Acquisition I Limited - Right,NASDAQ,YHNAR
YHNAU,YHN Acquisition I Limited - Unit,NASDAQ,YHNAU
YI,"111, Inc. - American Depositary Shares",NASDAQ,YI
YIBO,Planet Image International Limited - Class A Ordinary Shares,NASDAQ,YIBO
YJ,Yunji Inc. - American Depository Shares,NASDAQ,YJ
YMAT,"J-Star Holding Co., Ltd. - Class A Ordinary Shares",NASDAQ,YMAT
YMM,Full Truck Alliance Co. Ltd. American Depositary Shares (each representing 20 Class A Ordinary Shares),N,YMM
YMT,Yimutian Inc. - American Depositary Shares; each representing 25 Class A ordinary shares,NASDAQ,YMT
YOOV,Concorde International Group Ltd - Class A Ordinary Shares,NASDAQ,YOOV
YORW,The York Water Company - Common Stock,NASDAQ,YORW
YOU,"Clear Secure, Inc. Class A Common Stock",N,YOU
YOUL,Youlife Group Inc. - American Depositary Shares,NASDAQ,YOUL
YPF,YPF Sociedad Anonima Common Stock,N,YPF
YQ,17 Education & Technology Group Inc. - American Depositary Shares,NASDAQ,YQ
YRD,"Yiren Digital Ltd. American Depositary Shares, each representing two ordinary shares",N,YRD
YSG,"Yatsen Holding Limited American Depositary Shares, each representing twenty (20) Class A Ordinary Shares",N,YSG
YSS,York Space Systems Inc. Common Stock,N,YSS
YSWY,"Yesway, Inc. - Class A Common Stock",NASDAQ,YSWY
YSXT,"YSX Tech. Co., Ltd  - Class A Ordinary Shares",NASDAQ,YSXT
YTRA,"Yatra Online, Inc. - Ordinary Shares",NASDAQ,YTRA
YUM,"Yum! Brands, Inc.",N,YUM
YUMC,"Yum China Holdings, Inc. Common Stock",N,YUMC
YXT,YXT.COM GROUP HOLDING LIMITED - American Depository Shares,NASDAQ,YXT
YYAI,AiRWA Inc. - Common Stock,NASDAQ,YYAI
YYGH,YY Group Holding Limited - Class A Ordinary Shares,NASDAQ,YYGH
Z,"Zillow Group, Inc. - Class C Capital Stock",NASDAQ,Z
ZBAI,ATIF Holdings Limited - Ordinary Shares,NASDAQ,ZBAI
ZBAO,Zhibao Technology Inc. - Class A Ordinary Shares,NASDAQ,ZBAO
ZBH,"Zimmer Biomet Holdings, Inc. Common Stock",N,ZBH
ZBIO,"Zenas BioPharma, Inc. - Common Stock",NASDAQ,ZBIO
ZBRA,Zebra Technologies Corporation - Class A Common Stock,NASDAQ,ZBRA
ZCMD,Zhongchao Inc. - Class A Ordinary Shares,NASDAQ,ZCMD
ZD,"Ziff Davis, Inc. - Common Stock",NASDAQ,ZD
ZDAI,"DirectBooking Technology Co., Ltd. - Class A Ordinary Shares",NASDAQ,ZDAI
ZDGE,"Zedge, Inc. Class B Common Stock ",A,ZDGE
ZENA,"ZenaTech, Inc. - Common Stock",NASDAQ,ZENA
ZEO,Zeo Energy Corporation - Class A Common Stock,NASDAQ,ZEO
ZEOWW,Zeo Energy Corporation - Warrants,NASDAQ,ZEOWW
ZEPP,"Zepp Health Corporation American depositary shares, each representing sixteen Class A ordinary shares",N,ZEPP
ZETA,Zeta Global Holdings Corp. Class A Common Stock,N,ZETA
ZG,"Zillow Group, Inc. - Class A Common Stock",NASDAQ,ZG
ZGN,Ermenegildo Zegna N.V. Ordinary Shares,N,ZGN
ZH,"Zhihu Inc. American Depositary Shares, each representing three (3) Class A Ordinary Shares",N,ZH
ZIM,ZIM Integrated Shipping Services Ltd. Ordinary Shares,N,ZIM
ZION,Zions Bancorporation N.A. - Common Stock,NASDAQ,ZION
ZIONP,Zions Bancorporation N.A. - Depositary Shares each representing a 1/40th ownership interest in a share of Series A Floating-Rate Non-Cumulative Perpetual Preferred Stock,NASDAQ,ZIONP
ZIP,"ZipRecruiter, Inc. Class A Common Stock",N,ZIP
ZJK,"ZJK Industrial Co., Ltd. - Class A Ordinary Shares",NASDAQ,ZJK
ZJYL,JIN MEDICAL INTERNATIONAL LTD. - Class A Ordinary Shares,NASDAQ,ZJYL
ZKH,"ZKH Group Limited American Depositary Shares, each representing thirty-five (35) Class A Ordinary Shares",N,ZKH
ZKIN,"ZK International Group Co., Ltd - Ordinary Share",NASDAQ,ZKIN
ZKP,Lafayette Digital Acquisition Corp. I - Class A Ordinary Shares,NASDAQ,ZKP
ZKPU,Lafayette Digital Acquisition Corp. I - Unit,NASDAQ,ZKPU
ZKPW,Lafayette Digital Acquisition Corp. I - Warrant,NASDAQ,ZKPW
ZLAB,Zai Lab Limited - American Depositary Shares,NASDAQ,ZLAB
ZM,"Zoom Communications, Inc. - Class A Common Stock",NASDAQ,ZM
ZNB,Zeta Network Group - Class A Ordinary Shares,NASDAQ,ZNB
ZNTL,"Zentalis Pharmaceuticals, Inc. - common stock",NASDAQ,ZNTL
ZONE,CleanCore Solutions Inc. Class B Common Stock,A,ZONE
ZOOZ,ZOOZ Strategy Ltd. - Ordinary Shares,NASDAQ,ZOOZ
ZOOZW,ZOOZ Strategy Ltd. - Warrant,NASDAQ,ZOOZW
ZS,"Zscaler, Inc. - Common Stock",NASDAQ,ZS
ZSQR,Z Squared Inc. - Common Stock,NASDAQ,ZSQR
ZSTK,ZeroStack Corp. - Common Stock,NASDAQ,ZSTK
ZTEK,Zentek Ltd. - common stock,NASDAQ,ZTEK
ZTG,Zenta Group Company Limited - Class A Ordinary Shares,NASDAQ,ZTG
ZTO,"ZTO Express (Cayman) Inc. American Depositary Shares, each representing one Class A ordinary share.",N,ZTO
ZTR,Virtus Total Return Fund Inc.,N,ZTR
ZTS,Zoetis Inc. Class A Common Stock,N,ZTS
ZUMZ,Zumiez Inc. - Common Stock,NASDAQ,ZUMZ
ZURA,Zura Bio Limited - Class A Ordinary shares,NASDAQ,ZURA
ZVIA,Zevia PBC Class A Common Stock,N,ZVIA
ZVRA,"Zevra Therapeutics, Inc.  - Common Stock",NASDAQ,ZVRA
ZWS,Zurn Elkay Water Solutions Corporation Common Stock,N,ZWS
ZYBT,Zhengye Biotechnology Holding Limited - Class A Ordinary Shares,NASDAQ,ZYBT
ZYME,Zymeworks Inc. - Common Stock,NASDAQ,ZYME
