ticker,degree,weighted_degree,betweenness,eigenvector,community,rank_degree,rank_weighted_degree,rank_betweenness,rank_eigenvector
RMT,361,136.23695063585467,0.22948615278377865,8.043480019469234e-05,42,1.0,1.0,3.0,359.0
RVT,211,113.35441406086063,0.24721704307753992,0.0005461034087463371,4,2.0,4.0,2.0,258.0
CATY,156,121.5206393397255,0.01090613863594634,0.11452023524472398,40,3.0,2.0,105.0,1.0
BUSE,154,116.5314598181896,0.028348170844623235,0.11044955794525683,40,4.0,3.0,37.0,4.0
GDV,147,99.95419252349127,0.42455132870438334,0.00010232173311730059,29,5.0,16.0,1.0,343.0
FNB,141,108.20589308345238,0.005570147080178297,0.10641788665995137,40,6.0,6.0,177.0,15.0
TOWN,140,107.53086956204905,0.01467705328562123,0.10894147133650284,40,7.0,7.0,76.0,7.0
ASB,139,108.51864123032195,0.0028674980027337173,0.11045764862369535,40,8.0,5.0,344.0,3.0
ABCB,138,107.33365156136759,0.00299018895673318,0.11007588175663098,40,9.0,8.0,339.0,6.0
FULT,134,105.20546595505182,0.0028039751656980523,0.11061813183572398,40,10.0,9.0,347.0,2.0
BANR,133,102.61598952976398,0.0028502313423311378,0.10850529661022432,40,11.0,11.0,345.0,9.0
UBSI,132,104.08339117235319,0.0022991399919253886,0.11043443284357712,40,12.0,10.0,358.0,5.0
HWC,132,101.78916183778134,0.002883838610170949,0.10554291857680302,40,12.0,12.0,343.0,19.0
CTBI,130,98.6036109939561,0.007973598289526993,0.10333778764810794,40,14.0,20.0,131.0,28.0
HOMB,130,101.2812186877707,0.0023044363559347044,0.10782751047593665,40,14.0,13.0,357.0,11.0
FFBC,129,101.13720961483236,0.0015596290052885048,0.10866048159914089,40,16.0,14.0,411.0,8.0
WTFC,128,97.05049484630793,0.002618869043491218,0.09920982164363251,40,17.0,23.0,349.0,41.0
UCB,128,99.92836237770685,0.005893481998167551,0.10717086974116471,40,17.0,17.0,169.0,14.0
WBS,128,97.42404699588047,0.003996892162781681,0.10073604284984354,40,17.0,22.0,255.0,38.0
WSBC,128,99.67400733169397,0.0004922825591494284,0.10768615218399105,40,17.0,18.0,744.0,13.0
FRME,128,99.9594893650585,0.0007150906393797591,0.10777333228626154,40,17.0,15.0,600.0,12.0
ONB,127,97.45059951561828,0.0033343714987320167,0.10607965528776239,40,22.0,21.0,331.0,17.0
FCF,127,99.13641686168339,0.0004801809862794788,0.10785096784097674,40,22.0,19.0,748.0,10.0
PEBO,126,96.28087707047617,0.0014393765326022388,0.10279651811980933,40,24.0,25.0,434.0,30.0
HOPE,124,96.84146939055593,0.0006170155806553283,0.10636003850678977,40,25.0,24.0,615.0,16.0
EFSC,124,95.26144895378171,0.0004708491582747496,0.10512549337030096,40,25.0,27.0,749.0,20.0
UVSP,123,94.56400510715041,0.00045699026876187083,0.10397716263821198,40,27.0,29.0,752.0,25.0
SRCE,123,94.73508586626059,0.0007978229077642517,0.10381488812774568,40,27.0,28.0,591.0,26.0
SFNC,123,95.78436830570996,0.0006214126294830362,0.10595199577348227,40,27.0,26.0,613.0,18.0
GSBC,122,92.47144981532854,0.0014991690817372622,0.09899140577391595,40,30.0,36.0,413.0,42.0
PNFP,121,93.07266170157406,0.0017461998103579252,0.10159626281001649,40,31.0,31.0,386.0,34.0
CFG,121,92.5472474875216,0.0019422918588770006,0.09154162649368987,40,31.0,35.0,378.0,65.0
RF,121,92.78559636997558,0.0020597515452888742,0.09271843639711853,40,31.0,33.0,365.0,61.0
AUB,120,93.04725495843292,0.0039878669812976626,0.10421787442358224,40,34.0,32.0,256.0,23.0
WSFS,120,91.93382668304584,0.00036959463859249166,0.10318032970271691,40,34.0,38.0,763.0,29.0
STBA,120,93.45307128894018,0.00020515884739030597,0.10407905672565315,40,34.0,30.0,1130.0,24.0
SBCF,119,91.40087751156918,0.0016008731118677612,0.10200802326657868,40,37.0,40.0,405.0,33.0
TRMK,119,92.63151008062933,0.00037456325485080025,0.10454511438949751,40,37.0,34.0,761.0,21.0
TCBK,119,92.13215223146872,0.0001979554449467955,0.1036470176103278,40,37.0,37.0,1131.0,27.0
IBOC,119,89.64192230120507,0.0020836281516650023,0.09923907644986953,40,37.0,43.0,364.0,40.0
QCRH,119,88.33671348672016,0.0013181959302982437,0.09848899460601716,40,37.0,48.0,439.0,45.0
RNST,118,91.9307885446008,0.0003709144954068243,0.1043480934009701,40,42.0,39.0,762.0,22.0
MBWM,118,89.57971963748125,0.0005856732880670382,0.09892581242053591,40,42.0,45.0,623.0,43.0
PFS,118,89.2596193121823,0.007477058912494406,0.0986609773681726,40,42.0,47.0,140.0,44.0
NWBI,118,89.97062117816002,0.0013534164891222105,0.10122778462274669,40,42.0,42.0,438.0,36.0
UMBF,117,89.41631537254854,0.001975395926286238,0.1012594088199746,40,46.0,46.0,376.0,35.0
NBTB,117,90.6693916035514,0.00048281036204207,0.10270820701945292,40,46.0,41.0,745.0,31.0
GBCI,116,89.61018986217282,0.001593317953815039,0.10251615104544834,40,48.0,44.0,406.0,32.0
CNOB,115,85.9568312494981,0.00043507093103003434,0.0965586177474412,40,49.0,54.0,756.0,49.0
FFIN,115,88.00337632358433,0.0003541624748270521,0.10110265055668578,40,49.0,49.0,766.0,37.0
VLY,115,87.83628256294936,0.0005235513458545337,0.09933298210030866,40,49.0,50.0,741.0,39.0
FITB,115,87.68309582973646,0.0018116835878987502,0.08726823990037741,40,49.0,51.0,384.0,77.0
KEY,114,86.46546986027593,0.005350483802787771,0.08604590296055707,40,53.0,52.0,180.0,80.0
HQL,114,39.02138164336174,0.09420641803989592,1.7180648096678675e-07,20,53.0,136.0,10.0,1262.0
BOKF,113,85.91800623810015,0.001659777148244902,0.09503637318626026,40,55.0,55.0,401.0,53.0
EWBC,113,86.00839695302668,0.001536156347897059,0.09211449923642406,40,55.0,53.0,412.0,63.0
BKU,113,85.64348061782214,0.0011507183100230144,0.09497465380865044,40,55.0,56.0,494.0,54.0
HBNC,111,82.55481916059365,7.946749132315474e-06,0.09515223357890532,40,58.0,62.0,1185.0,52.0
CFR,111,84.7871142258654,0.0017563766850281252,0.09378003571955168,40,58.0,57.0,385.0,58.0
CVBF,110,84.11351776143978,0.0007405932666684032,0.09687915907821067,40,60.0,59.0,597.0,48.0
SSB,110,84.49859320618502,0.0002160936555745749,0.09787642008174385,40,60.0,58.0,1126.0,47.0
FIBK,109,83.28500489134808,0.00014378824998604478,0.09795320886025971,40,62.0,60.0,1139.0,46.0
FISI,109,80.92695301943422,0.0010091132563623782,0.09138018264857528,40,62.0,67.0,504.0,67.0
DCOM,109,80.46405262632707,0.000589311072444155,0.09334269961392147,40,62.0,69.0,620.0,59.0
HFWA,108,82.7043225509166,0.00015309811789480262,0.09639748616509446,40,65.0,61.0,1136.0,50.0
HBAN,108,82.26177801842739,0.001192900105228602,0.08408261938654917,40,65.0,63.0,452.0,85.0
BBT,108,80.86199656543174,0.00012198400794893928,0.09425480663116995,40,65.0,68.0,1145.0,55.0
FBNC,108,81.42964447342055,0.00014295934336992053,0.09401536434044894,40,65.0,64.0,1140.0,57.0
PNC,107,80.9898449743495,0.05218692400543952,0.079766025377818,40,69.0,65.0,18.0,93.0
TFC,106,80.26422061248454,0.001161350366555801,0.08071470168435013,40,70.0,70.0,455.0,91.0
OCFC,105,78.62022567397722,0.00012227005923272014,0.09164059193544044,40,71.0,73.0,1144.0,64.0
CBU,105,80.93728720118695,0.00016061616185588623,0.0953483580031223,40,71.0,66.0,1135.0,51.0
PB,105,80.21496264915145,0.0009866543971255035,0.09295150698728216,40,71.0,71.0,506.0,60.0
INDB,104,79.01049596709811,0.00013993971178864514,0.0940517196392195,40,74.0,72.0,1141.0,56.0
CAC,103,77.00865869318044,0.0002929418763051962,0.08811292939999095,40,75.0,76.0,780.0,76.0
CPF,102,76.44944041731391,0.00012114616364371408,0.09148799592481546,40,76.0,78.0,1146.0,66.0
WAFD,102,77.75384308419716,0.0002980703008286054,0.0922140129779515,40,76.0,74.0,778.0,62.0
GABC,102,77.34127698324873,7.1494809412441955e-06,0.09042350066560093,40,76.0,75.0,1186.0,69.0
THFF,101,75.73286384868241,3.8313849819356e-06,0.08818683543537875,40,79.0,79.0,1199.0,75.0
TMP,100,75.44884277459172,0.0004824270002979156,0.08626241655753036,40,80.0,81.0,746.0,79.0
PFBC,100,74.38862824678799,0.00012290848841323924,0.08900769392930684,40,80.0,83.0,1143.0,72.0
BOH,100,74.6807620693609,0.000745390881932531,0.08829452135945186,40,80.0,82.0,596.0,73.0
CHCO,100,76.53870862739578,6.791845027530681e-06,0.09020264800562619,40,80.0,77.0,1187.0,70.0
IBCP,99,71.94072651145673,0.006221168934458073,0.07747440541354417,40,84.0,88.0,162.0,95.0
NBHC,99,73.92552163929541,0.00010141770600515529,0.08925517840251537,40,84.0,85.0,1157.0,71.0
COLB,99,75.64487845123404,0.00016540711010271827,0.09104446825413892,40,84.0,80.0,1134.0,68.0
SYBT,99,74.32806394157782,3.169470216245596e-06,0.08828496730276658,40,84.0,84.0,1202.0,74.0
PGC,99,71.546130266749,0.0017395674218061742,0.08191989786978342,40,84.0,89.0,387.0,88.0
WASH,96,72.03606784550657,5.861187761105039e-06,0.08513872207306242,40,89.0,87.0,1189.0,83.0
TRST,96,71.14286787202457,0.0036385017563519994,0.08315683435084611,40,89.0,91.0,287.0,86.0
FMBH,96,70.56622463976204,3.0565662903721875e-05,0.08208906623999475,40,89.0,92.0,1176.0,87.0
FCBC,96,70.17974820419585,0.0011828730612931226,0.08025969951349597,40,89.0,94.0,453.0,92.0
CBSH,95,72.4614448926602,0.00022935233335196525,0.08523762566316054,40,93.0,86.0,1122.0,82.0
SFBS,95,70.55592205114299,9.575620249453946e-05,0.08564758654778518,40,93.0,93.0,1158.0,81.0
FHB,94,71.28889902109803,0.00010492146469973092,0.0863583672495579,40,95.0,90.0,1153.0,78.0
BANF,93,68.40466414525244,0.0005807918287172967,0.08109352514971342,40,96.0,97.0,625.0,90.0
MTB,92,69.47129737833765,0.0004571712456589662,0.0752316692504533,40,97.0,96.0,751.0,96.0
SBSI,92,69.77003819531244,2.146764543068099e-06,0.08458987655664316,40,97.0,95.0,1206.0,84.0
USB,91,67.98859149704641,0.0007822443074924929,0.06786061371424643,40,99.0,98.0,592.0,103.0
LKFN,91,67.69543156036559,5.3919878415838425e-06,0.08110445318503404,40,99.0,99.0,1190.0,89.0
HAFC,89,65.00765347851613,0.00029132868770536703,0.07813768957052897,40,101.0,100.0,784.0,94.0
EVT,85,62.87150657411429,0.04375808499124398,9.274455630239342e-05,29,102.0,103.0,26.0,345.0
ZION,85,63.867726407017685,0.0006386117518117865,0.07322752326869217,40,102.0,101.0,609.0,99.0
TCBI,84,62.10630934401977,0.00045307756098640417,0.07436451352834986,40,104.0,104.0,753.0,97.0
BAC,84,63.42422582022785,0.024092700591727016,0.056491829578782383,54,104.0,102.0,45.0,112.0
PRK,82,60.30947504944882,0.00028979015728378176,0.07381911499850605,40,106.0,105.0,792.0,98.0
AROW,80,57.95180977741229,0.0030162296550683976,0.06526031913770437,40,107.0,108.0,338.0,106.0
NFBK,80,58.683738016887276,0.000291552828185011,0.06951891736425056,40,107.0,107.0,783.0,102.0
CCNE,79,57.87498801533986,0.003909056697736054,0.06974573120016554,40,109.0,109.0,272.0,101.0
WABC,79,59.02448198245411,1.8329613052126948e-06,0.07227395253645356,40,109.0,106.0,1208.0,100.0
AOD,77,55.871991812441266,0.07550900523844793,9.045342689663607e-05,29,111.0,110.0,12.0,346.0
BSRR,75,53.96635514180205,0.0006023645507144815,0.061464677850475664,40,112.0,112.0,616.0,108.0
FFIC,74,54.17745377927641,5.539431296542969e-07,0.06668738922554261,40,113.0,111.0,1227.0,104.0
FBK,72,52.60979939408335,6.97718354702751e-07,0.06538410664891349,40,114.0,113.0,1222.0,105.0
SF,70,50.97983510830197,0.07644527160741048,0.03626756547613865,54,115.0,114.0,11.0,123.0
WTBA,68,49.45284626252789,2.382129155660668e-07,0.05999116016238357,40,116.0,117.0,1240.0,109.0
PRU,67,49.68762827074964,0.01751650993800076,0.032554986981824796,54,117.0,116.0,62.0,126.0
CSQ,67,50.087583119867475,0.022372268628772563,8.959311104364071e-05,29,117.0,115.0,50.0,347.0
OZK,67,49.270627079799226,3.2077009095461012e-06,0.0616696154532177,40,117.0,118.0,1200.0,107.0
JRI,66,47.8901338285256,0.00899860962362285,3.175985666459308e-05,29,120.0,119.0,118.0,397.0
RBCAA,65,47.01531850953771,6.892799142256712e-07,0.05693026185346497,40,121.0,122.0,1223.0,111.0
FBP,65,47.50274923664275,1.854869972826574e-05,0.05764476536155684,40,121.0,121.0,1179.0,110.0
HPI,65,47.78476460047169,0.012639212898337108,2.1176834124423526e-05,29,121.0,120.0,93.0,418.0
TY,62,45.8984603515665,0.04868477703249446,8.661026929808435e-05,29,124.0,123.0,22.0,348.0
NFJ,60,42.690436544559354,0.03665800752777954,8.419068520934413e-05,29,125.0,127.0,33.0,354.0
STEW,59,43.35528038732247,0.18722185670294406,0.0030422435188947007,29,126.0,125.0,4.0,160.0
ETG,58,42.778108663399365,0.017613309762574265,8.564173985779538e-05,29,127.0,126.0,61.0,351.0
ETW,58,43.46425409882671,0.0023930945464192602,8.535443815240185e-05,29,127.0,124.0,352.0,353.0
EAD,57,41.113407868074994,0.006405849712582433,2.054667939943586e-05,29,129.0,130.0,160.0,421.0
BPOP,57,42.121444840160756,3.166616957674105e-05,0.048347296888355824,40,129.0,128.0,1174.0,114.0
BMRC,56,40.31531564144052,0.0,0.05068093498683726,40,131.0,132.0,1254.0,113.0
BDJ,56,41.76612299722763,0.015695918152585885,8.572677394783465e-05,29,131.0,129.0,68.0,350.0
HPF,54,40.04491796850432,0.004460559835083313,1.9481058862946786e-05,29,133.0,133.0,233.0,423.0
CII,53,40.869681856527,0.00355508715128429,8.57404278277796e-05,29,134.0,131.0,323.0,349.0
ETO,53,39.9540385515018,0.0018479626774375118,8.315290450892383e-05,29,134.0,134.0,383.0,356.0
NIE,53,38.829675298797376,0.004495765857888103,8.102859491841488e-05,29,134.0,137.0,216.0,357.0
ETY,52,39.84409900330453,0.011849815482095316,8.393474787824737e-05,29,137.0,135.0,98.0,355.0
FHN,51,37.27994011211231,3.6854143240092466e-05,0.045271416668315655,40,138.0,139.0,1172.0,116.0
CCBG,51,36.97033588583389,5.980754052161251e-07,0.04431881725052659,40,138.0,140.0,1226.0,117.0
MET,51,37.870370042670004,0.0011384284304434052,0.024755720264417296,54,138.0,138.0,495.0,131.0
AMP,50,36.208662966097044,0.023549692767933336,0.014693138055463276,54,141.0,142.0,47.0,141.0
OSBC,50,36.022190630068856,6.114813935908055e-08,0.0466063366815502,40,141.0,146.0,1250.0,115.0
PEO,50,34.11312022356017,0.05364928840109132,1.5544033429652836e-07,10,141.0,150.0,17.0,1269.0
EOS,49,36.235585806024375,0.003743760067342967,7.880135951143305e-05,29,144.0,141.0,280.0,360.0
HPS,49,36.10409616145943,0.0044623179697603176,1.9020030509532306e-05,29,144.0,145.0,232.0,427.0
C,49,36.20725246290616,0.00970261601320149,0.023382830081961455,54,144.0,143.0,112.0,134.0
DSU,48,35.553361082396464,0.0028438820162272204,1.3669447857324244e-05,29,147.0,147.0,346.0,442.0
JPM,48,36.199767325153545,0.0051444363828047086,0.025629733498166385,54,147.0,144.0,191.0,130.0
USA,47,35.10753847682104,0.0006303104314202008,8.045759243407172e-05,29,149.0,148.0,611.0,358.0
JPC,46,33.141515800471055,0.042538948984944334,1.1708517766449078e-05,29,150.0,151.0,28.0,446.0
PFG,46,34.33404398007585,0.005873542641154529,0.020535530686772812,54,150.0,149.0,170.0,136.0
CFFN,45,31.861516364310415,0.004195817673701456,0.03985034076631337,40,152.0,157.0,250.0,119.0
MSBI,45,32.35938516265406,0.0,0.041539444938757566,40,152.0,153.0,1254.0,118.0
ASA,45,27.865323545620537,0.022695657062092447,2.516318830464006e-09,26,152.0,177.0,48.0,1897.0
ISD,45,32.86132114263475,0.002285808879528349,1.8256873880212076e-05,29,152.0,152.0,359.0,430.0
NCV,45,32.30355008083034,0.005272804583776515,2.9973309549627395e-05,29,152.0,154.0,187.0,399.0
COF,44,32.18936808949439,0.0033017538577562932,0.021990422475435218,54,157.0,155.0,332.0,135.0
CHW,43,31.275053246291996,0.0007384509821258312,7.24625423857871e-05,29,158.0,160.0,598.0,370.0
WFC,43,31.899535304490364,1.7131565601479405e-05,0.029156440489108888,54,158.0,156.0,1181.0,128.0
GGZ,43,30.698128614135307,0.0010104820905133998,7.414794569310154e-05,29,158.0,162.0,503.0,367.0
FFA,43,30.715448715761095,0.006794631181860554,7.591215597151991e-05,29,158.0,161.0,154.0,365.0
HTB,42,30.173331529748562,0.0,0.03645216675496455,40,162.0,163.0,1254.0,121.0
BOE,42,31.423126694278327,0.0010371781904275955,7.77329261001022e-05,29,162.0,159.0,501.0,362.0
NZF,41,29.035833031549757,0.03670323116946293,2.4622787761080306e-07,33,164.0,167.0,32.0,1210.0
BGR,41,28.677138045290665,0.020164931117447587,1.4694565933700397e-07,10,164.0,169.0,55.0,1273.0
EXG,41,31.642482838771436,0.00031823418079270587,7.84356480973547e-05,29,164.0,158.0,775.0,361.0
BGB,40,29.728634037827316,0.0021441000194890652,9.817763571769493e-06,29,167.0,165.0,363.0,452.0
LNC,40,29.474209335104423,0.00022141232211838978,0.01952664148587817,54,167.0,166.0,1125.0,137.0
FMNB,40,28.660471813414507,0.0,0.036380247955059446,40,167.0,170.0,1254.0,122.0
SCD,40,28.207302509258998,0.002160904063660543,7.02786254198715e-05,29,167.0,172.0,362.0,374.0
HYT,40,28.724644673253287,0.0036730957623877752,1.9643067968181418e-05,29,167.0,168.0,284.0,422.0
AVK,39,28.027439006928404,0.0010577548946160973,3.434664619059859e-05,29,172.0,174.0,500.0,393.0
FRST,39,28.018704473096868,4.189868061054757e-08,0.035640539418196095,40,172.0,175.0,1252.0,124.0
HTD,39,28.436821933462458,0.0062536460312161805,1.7078851049553233e-05,29,172.0,171.0,161.0,433.0
ETV,39,29.78241431703551,0.00032199449155152695,7.529075073289677e-05,29,172.0,164.0,774.0,366.0
AX,39,28.035618154695772,0.0,0.036487435661636286,40,172.0,173.0,1254.0,120.0
HAL,38,27.14687186946898,0.0074023990415594725,8.255028401246668e-08,10,177.0,182.0,141.0,1346.0
JQC,38,27.92348552865309,0.0017345233588869644,9.133541475785896e-06,29,177.0,176.0,400.0,462.0
KRNY,38,27.112860784658302,0.0,0.03512705903172446,40,177.0,183.0,1254.0,125.0
NCZ,38,27.316213562393305,0.005678545971962046,3.0196819602481576e-05,29,177.0,181.0,171.0,398.0
MS,37,27.542593861771042,0.00808636955925724,0.013206557840350349,54,181.0,180.0,130.0,143.0
EOI,37,27.666806184975222,0.006171813756879596,7.361711195572785e-05,29,181.0,179.0,166.0,368.0
SPXX,37,27.702779349704535,5.975032357546739e-05,7.330997997542347e-05,29,181.0,178.0,1165.0,369.0
IGA,35,25.96615344997185,0.00015102821781526945,7.139162556461193e-05,29,184.0,184.0,1137.0,372.0
CNO,35,25.085681849815227,0.0007127718467942392,0.018134331358165404,54,184.0,186.0,601.0,139.0
ATMP,35,23.928309572873758,0.007544624219506394,8.655498450439685e-08,10,184.0,191.0,138.0,1338.0
GAM,35,24.95513439427558,0.0008163910160248498,7.047884565732115e-05,29,184.0,187.0,589.0,373.0
QQQX,35,24.48218301718329,0.0036940090283916365,6.593685942767558e-05,29,184.0,188.0,283.0,378.0
RJF,35,25.648336187662355,5.353607462953998e-05,0.01922685407329294,54,184.0,185.0,1169.0,138.0
CUBI,34,24.33219094196867,6.181197069577737e-06,0.0304800699336477,40,190.0,189.0,1188.0,127.0
FFC,33,23.986163069798163,0.002187348813448138,8.291048407713377e-06,29,191.0,190.0,361.0,468.0
VLT,33,22.66298199542355,0.0018572955410476406,1.0617919271047339e-05,29,191.0,196.0,382.0,448.0
DVN,32,23.88829628039612,0.0018969517572949906,8.593449960055613e-08,10,193.0,192.0,381.0,1339.0
FLC,32,23.504310227387194,0.007650736044237718,8.252098587821166e-06,29,193.0,193.0,134.0,470.0
EVV,31,22.42087457758129,0.004340553891484542,9.576281476545635e-06,29,195.0,197.0,236.0,454.0
GHY,31,22.731033545299308,0.005433436025634715,1.2305993958017282e-05,29,195.0,195.0,178.0,444.0
L,31,20.553502848860056,0.02613695030423127,0.0027544207656973042,54,195.0,215.0,40.0,162.0
LGI,31,22.332721584532315,0.00029064451343760515,6.714480329238856e-05,29,195.0,198.0,786.0,376.0
CHY,30,22.23667805995504,0.00011746439057090217,2.729987229575008e-05,29,199.0,199.0,1147.0,402.0
SLB,30,20.87768780432184,0.0052255909652535034,6.268809540833535e-08,10,199.0,210.0,188.0,1408.0
AGD,30,22.029486606669387,5.275449367669245e-06,6.668550701128201e-05,29,199.0,201.0,1191.0,377.0
CHI,30,21.682607732661975,0.000348282505161955,2.7055083177582363e-05,29,199.0,203.0,767.0,403.0
IQI,30,21.680136918620246,0.0068616468655496995,1.536326160255492e-08,33,199.0,204.0,153.0,1622.0
VET,29,20.86904672904925,0.007564171739036832,7.681186267165592e-08,10,204.0,212.0,135.0,1355.0
GS,29,21.50810989297291,0.001592377697301082,0.010865754535962663,54,204.0,205.0,407.0,149.0
IDA,29,21.700293835352127,0.001137408420057513,8.17319429156999e-08,8,204.0,202.0,496.0,1348.0
OFG,29,20.870658817744967,0.0,0.026711296551901378,40,204.0,211.0,1254.0,129.0
JFR,29,21.371256068660927,0.0004511850817589858,6.113098959243839e-06,29,204.0,206.0,754.0,497.0
BGH,29,20.906541130966687,0.0008149464253395628,9.289734160266231e-06,29,204.0,209.0,590.0,458.0
LNT,29,22.735193182960998,0.0015694133874037176,8.718114947672011e-08,8,204.0,194.0,409.0,1335.0
BIT,29,20.67707887833839,0.0003432007254251181,7.316873685117364e-06,29,204.0,214.0,770.0,485.0
COP,29,22.058947639902737,0.0007790581251768348,8.191673948740573e-08,10,204.0,200.0,593.0,1347.0
ADX,28,20.227406813442833,0.002538270991931977,6.3841179659825e-05,29,213.0,217.0,350.0,379.0
DTE,28,20.418896688216073,0.046997788709373066,1.0482716574133621e-07,8,213.0,216.0,25.0,1316.0
CCD,27,19.427225804079413,0.0005851280826763759,2.063046669601663e-05,29,215.0,220.0,624.0,420.0
AEE,27,21.031793581022395,0.0006381693598065014,8.467230906872757e-08,8,215.0,208.0,610.0,1341.0
CMS,27,21.206025802915335,0.00055845246453597,8.562863671413556e-08,8,215.0,207.0,739.0,1340.0
DUK,27,20.77781436226003,0.017431968965029753,8.308616310428698e-08,8,215.0,213.0,64.0,1344.0
AXP,27,19.491906498489858,0.006939138193872041,0.010317750542613266,54,215.0,219.0,152.0,150.0
GLO,27,19.25149116286555,0.00034446215065644497,3.292686349076403e-05,29,215.0,222.0,769.0,395.0
ATO,27,20.174540027325385,0.0019132674884391446,7.85129342887324e-08,8,215.0,218.0,380.0,1352.0
AAT,27,19.303392532592955,0.0075105936693320476,1.1375199580056613e-08,11,215.0,221.0,139.0,1655.0
FUND,26,18.5335244357036,0.00029131240841940925,6.214736678974478e-05,29,223.0,228.0,785.0,381.0
PH,26,18.467060318880165,0.0958846314925632,0.0004981402136328907,16,223.0,229.0,9.0,276.0
AWF,26,17.82747658366277,0.0006248321805844995,8.955138077152549e-06,29,223.0,235.0,612.0,464.0
ETB,26,18.626477232694775,0.00028910089621277823,5.6296314026656056e-05,29,223.0,227.0,818.0,385.0
HTH,26,18.81490186959463,0.0,0.024571071571352902,40,223.0,224.0,1254.0,132.0
TRGP,25,18.108291827823383,0.009248881547663831,1.011651010813463e-07,10,228.0,234.0,117.0,1323.0
POR,25,18.132280156850136,0.0022074028024028783,6.884541267952894e-08,8,228.0,233.0,360.0,1387.0
EOG,25,18.974408212239513,0.0005898577609580028,7.512144129566537e-08,10,228.0,223.0,619.0,1364.0
BLW,25,18.335089726035438,7.730162164021414e-05,9.044442470225376e-06,29,228.0,230.0,1162.0,463.0
ETJ,25,18.712334116918644,0.0,5.6825944821297506e-05,29,228.0,225.0,1254.0,384.0
NTRS,25,18.303710979225425,9.653351856416043e-08,0.011656234535733986,54,228.0,232.0,1249.0,146.0
FPF,25,16.75818952727455,0.033992086916612776,5.1840825752078586e-06,29,228.0,248.0,34.0,506.0
BGY,25,18.319181293638206,1.8044928347571324e-06,6.0338756049349575e-05,29,228.0,231.0,1209.0,382.0
NIC,25,17.770962631972736,0.0,0.02359202272988545,40,228.0,236.0,1254.0,133.0
MUR,25,18.68086532103712,0.0013741216965942596,7.054145714487395e-08,10,228.0,226.0,437.0,1376.0
STK,25,16.01148518438965,0.07203632904472339,2.66868642559325e-05,29,228.0,256.0,14.0,404.0
PFL,24,17.471401069814846,0.001648309506525494,7.25496551461305e-06,29,239.0,241.0,402.0,486.0
SYF,24,17.573112527322778,0.0003553919253899834,0.011572950810603637,54,239.0,239.0,764.0,147.0
HIO,24,16.855323534922416,0.0006694336330112316,7.872584883606821e-06,29,239.0,246.0,605.0,478.0
NI,24,17.71942718198204,0.00012322388603888034,7.321704285019272e-08,8,239.0,237.0,1142.0,1371.0
PNW,23,17.17026650504114,5.9231827624513304e-05,7.250477824639694e-08,8,243.0,245.0,1166.0,1373.0
WAL,23,16.015228301707946,0.003909607786450806,0.01738965276582916,40,243.0,255.0,261.0,140.0
KYN,23,17.176256449150074,0.07244686476339764,1.651844185062744e-06,10,243.0,244.0,13.0,739.0
FANG,23,17.55833868351975,0.0007264381730416353,7.045577142051585e-08,10,243.0,240.0,599.0,1379.0
HIW,23,17.40401017952542,0.0014161862627813878,6.9045916241889235e-09,11,243.0,242.0,435.0,1735.0
SO,23,17.60532079306092,0.0004942790581910099,7.550964554445135e-08,8,243.0,238.0,743.0,1362.0
DFP,23,16.699096508251333,0.0007082273877380112,8.119147718157066e-06,29,243.0,250.0,602.0,474.0
FRT,23,17.301443506669926,0.010273915863929842,1.5580303158001273e-08,11,243.0,243.0,109.0,1619.0
BST,22,13.522046563279202,0.040327936783270686,1.4290300416179511e-05,29,251.0,285.0,29.0,439.0
VMO,22,16.206378145133577,0.0005864786440097224,1.44876509160801e-08,33,251.0,254.0,622.0,1631.0
AEP,22,16.848181095028938,0.00020903284059439796,7.380535043640878e-08,8,251.0,247.0,1128.0,1369.0
PDT,22,14.677244132444796,0.005664799553138168,7.367047456954335e-06,29,251.0,267.0,172.0,484.0
BXP,22,16.729174292680252,0.0010985718495650787,6.580717341806927e-09,11,251.0,249.0,498.0,1738.0
NAD,22,16.332211407958443,0.001158097654917545,1.49911490587574e-08,33,251.0,252.0,456.0,1627.0
NNN,22,16.28789509506447,0.0975647302918171,1.8829834769793881e-07,11,251.0,253.0,8.0,1244.0
MTDR,22,16.68200173377686,0.001288338049169704,6.243117553287809e-08,10,251.0,251.0,443.0,1410.0
VKQ,21,15.613992668438204,0.0008742946473504438,1.4318651543668839e-08,33,259.0,259.0,509.0,1633.0
CVE,21,15.769756256534286,0.00019278962385657454,6.357319154153097e-08,10,259.0,257.0,1132.0,1403.0
TYG,21,12.926786963818927,0.012366946480577658,3.0647414318791787e-07,10,259.0,300.0,96.0,1164.0
BTO,21,13.61917157128627,0.0011564482972404337,0.013676553347769637,40,259.0,283.0,458.0,142.0
STT,21,15.44656527888474,4.818348270212971e-08,0.00891831428735036,54,259.0,261.0,1251.0,153.0
OKE,21,15.679566589101299,0.0033476533345358516,9.682500134416447e-08,10,259.0,258.0,330.0,1326.0
PTEN,21,14.693486339845037,0.005142122987366558,3.872786470408112e-08,10,259.0,265.0,192.0,1486.0
LDP,20,14.405287432011905,0.0007746302731328929,6.040776638986364e-06,29,266.0,268.0,594.0,499.0
ETR,20,14.922369218605386,3.8612747331095576e-05,6.44226179535959e-08,8,266.0,264.0,1171.0,1400.0
MKSI,20,13.01839468384522,0.007961398981346943,1.1832737309321672e-08,57,266.0,298.0,132.0,1651.0
BK,20,14.68137355627613,0.0,0.008713275683424695,54,266.0,266.0,1254.0,154.0
XEL,20,15.45692489703453,0.00020903284059439796,6.932431680520497e-08,8,266.0,260.0,1128.0,1386.0
FRA,20,14.959083592863825,0.00010428692774224042,4.485328154108777e-06,29,266.0,263.0,1154.0,540.0
WEC,20,15.235170867833046,0.00028910089621277823,6.579801411074375e-08,8,266.0,262.0,818.0,1396.0
RQI,19,14.341718665120554,0.1225461563122276,8.695966177032093e-06,29,273.0,269.0,5.0,465.0
IGD,19,13.960157097466478,0.0,4.9947158969476954e-05,29,273.0,275.0,1254.0,388.0
DSL,19,13.347794162286537,0.0006677258644031804,6.5243954907103685e-06,29,273.0,287.0,606.0,493.0
SPG,19,14.051007584300566,0.05077259151920825,9.53703426710837e-09,11,273.0,272.0,19.0,1698.0
XOM,19,14.216266097472605,1.8254558400703886e-05,5.972515606094398e-08,10,273.0,270.0,1180.0,1416.0
NEA,19,13.980130023881035,0.0005795585781130736,1.414502792144219e-08,33,273.0,274.0,628.0,1634.0
OGE,19,13.910332365070774,8.242687833034036e-07,5.940652177622366e-08,8,273.0,277.0,1219.0,1419.0
PAAS,19,13.932442273948556,0.0036259998072660678,1.7433028214145487e-09,26,273.0,276.0,289.0,2028.0
OVV,19,12.699474312340394,0.000991541520337734,4.5782380627325996e-08,10,273.0,305.0,505.0,1463.0
EXC,19,13.852863264424872,0.00028955863929844847,5.6958467641556366e-08,8,273.0,278.0,794.0,1427.0
ITT,19,13.068268110821665,0.022547809401304224,0.000335709407959299,16,273.0,297.0,49.0,303.0
SU,19,14.215011057513133,4.096862198600574e-06,5.956222699213206e-08,10,273.0,271.0,1197.0,1417.0
CNQ,19,14.04374914973262,0.0004123565185044351,5.8652585619537896e-08,10,273.0,273.0,758.0,1423.0
ERC,19,13.81266855545188,0.00029219259166846686,4.772876193850588e-06,29,273.0,282.0,781.0,526.0
EVRG,18,13.235432318266408,8.22567438847949e-05,6.18245845631185e-08,8,287.0,292.0,1160.0,1412.0
EMD,18,12.061754243527607,0.002027144891556571,4.890267144168779e-06,29,287.0,320.0,368.0,518.0
MCHP,18,12.728044705306244,0.024719588400421003,9.886912352606695e-09,57,287.0,304.0,44.0,1684.0
EMO,18,12.382468678696373,0.001151336820230853,7.981086913907945e-08,10,287.0,313.0,493.0,1349.0
PHM,18,13.827742509639169,0.020942128578006,1.98256958829909e-09,55,287.0,279.0,53.0,1962.0
ACV,18,13.161834420488978,1.0465740340060051e-06,1.8407952086758437e-05,29,287.0,294.0,1216.0,429.0
SHEL,18,13.561578886481193,0.00434319495066505,7.8562931308487e-08,10,287.0,284.0,235.0,1351.0
IIM,18,13.32756269117308,0.0014920206623010718,1.3224767947326776e-08,33,287.0,289.0,415.0,1639.0
DOC,18,12.759705204919833,0.005305993850234384,1.1347571867483472e-08,11,287.0,303.0,186.0,1656.0
ED,18,13.81843368984544,0.0,6.095296052751615e-08,8,287.0,281.0,1254.0,1415.0
NWE,18,13.085218845189232,0.001981721530568724,4.609697954567242e-08,8,287.0,296.0,375.0,1461.0
KRG,18,13.818554178885744,0.004442892969672434,1.0451299188923739e-08,11,287.0,280.0,234.0,1671.0
LRCX,18,13.333887953774484,0.06614951807455294,4.162433938341935e-07,57,287.0,288.0,15.0,1069.0
KGC,18,13.436210015071138,0.00029014487167132436,1.7370721146181198e-09,26,287.0,286.0,788.0,2033.0
EOD,18,12.968175765326276,0.0,2.1846133844838215e-05,29,287.0,299.0,1254.0,417.0
TKR,18,11.99090897156492,0.015506270744797069,1.367574927853336e-05,16,287.0,324.0,71.0,441.0
AMAT,18,13.319982263371935,0.0014942119330670937,1.3332064260172106e-08,57,287.0,290.0,414.0,1638.0
UE,17,13.085526826353364,0.005370771331161687,1.0406434710427131e-08,11,304.0,295.0,179.0,1672.0
THQ,17,11.05378329950606,0.11457646718704825,9.188602035766772e-06,29,304.0,339.0,6.0,461.0
TMHC,17,13.24971414204198,0.0008685684610807479,1.927809716912166e-09,55,304.0,291.0,510.0,1978.0
AWP,17,12.590248255788689,0.0005466827173921936,1.2982361519123054e-05,29,304.0,307.0,740.0,443.0
PDM,17,12.548122324708233,0.0016412940163511964,4.265905250537688e-09,11,304.0,308.0,403.0,1794.0
BP,17,12.798906659739012,4.284448513271872e-06,5.131839473213687e-08,10,304.0,302.0,1196.0,1437.0
BKH,17,12.481217715496944,6.724156249367801e-05,5.0784656302317504e-08,8,304.0,311.0,1163.0,1438.0
CET,17,12.32662854628302,0.0,5.2768110364491695e-05,29,304.0,315.0,1254.0,386.0
MPWR,17,10.918464583371819,0.007553242748385842,9.731331374557232e-09,57,304.0,341.0,136.0,1690.0
GLQ,17,11.84432553304216,0.0003097876714528926,1.8200915144001735e-05,29,304.0,327.0,776.0,431.0
VGM,17,12.869665114319755,5.02784167326571e-06,1.3646439785714857e-08,33,304.0,301.0,1192.0,1637.0
ITW,17,11.59750060916569,0.060635219852790856,8.223300446347896e-06,16,304.0,331.0,16.0,472.0
DRH,17,12.403389570043549,0.015639641773407858,1.5554901708289017e-09,11,304.0,312.0,70.0,2073.0
RNP,17,12.540826750247636,0.0013049797614659113,5.844605618599127e-06,29,304.0,309.0,440.0,501.0
BRX,17,13.20046763919917,0.0015601696704973034,1.0467357909506016e-08,11,304.0,293.0,410.0,1670.0
SM,17,12.210729611684451,0.0006904500828185699,4.413743361615861e-08,10,304.0,317.0,603.0,1471.0
PK,16,12.013622480335831,0.025102002637562067,1.3741197286772404e-09,11,320.0,322.0,43.0,2106.0
OXY,16,11.794406075340184,0.0005927147500759817,4.684438970127723e-08,10,320.0,328.0,618.0,1456.0
MTH,16,12.612156150633885,0.0036227363323344834,1.9310538770672714e-09,55,320.0,306.0,290.0,1976.0
CLDT,16,11.869420053803168,0.011314374165341427,2.116858975079271e-09,11,320.0,325.0,101.0,1939.0
NRO,16,11.785939481867434,0.0003872615176318627,6.4646354448150635e-06,29,320.0,329.0,760.0,494.0
NRK,16,11.042674574136628,0.0005807149816979247,1.1898549826633537e-08,33,320.0,340.0,626.0,1650.0
AKR,16,12.371152603444358,0.0010705091385235072,1.0067672733834893e-08,11,320.0,314.0,499.0,1679.0
RLJ,16,12.009839127535793,0.010909627664454342,1.5356452937049315e-09,11,320.0,323.0,104.0,2078.0
REG,16,12.487859418840786,0.001405034746828949,1.445565969298349e-08,11,320.0,310.0,436.0,1632.0
PPL,16,11.505557148633564,0.0014459559100949003,5.0324713302829095e-08,8,320.0,332.0,416.0,1440.0
PFN,16,11.73400488034475,5.520751977894516e-05,4.781767192009115e-06,29,320.0,330.0,1168.0,523.0
CVX,16,11.84933654672234,0.004053529724956567,7.402209103031982e-08,10,320.0,326.0,254.0,1368.0
UDR,16,12.292901573883984,0.0012025760623378308,3.6342023134416734e-09,11,320.0,316.0,450.0,1824.0
WPM,16,12.014043806850639,1.60611609007099e-07,1.6962116159816975e-09,26,320.0,321.0,1244.0,2042.0
VVR,15,9.301784649153706,0.0016194607173681435,1.8844641176225987e-06,29,334.0,373.0,404.0,730.0
JCE,15,10.732718183723534,0.0,1.8423687362992194e-05,29,334.0,343.0,1254.0,428.0
LEN-B,15,12.121596969681988,1.26577244241309e-06,1.9460242276308847e-09,55,334.0,318.0,1214.0,1971.0
LEN,15,12.101385601819544,1.26577244241309e-06,1.943076002880774e-09,55,334.0,319.0,1214.0,1972.0
ES,15,11.376906536500247,0.0,5.1597188754238684e-08,8,334.0,335.0,1254.0,1434.0
NML,15,10.646433391749559,0.0005678653794547962,7.582871717706756e-08,10,334.0,346.0,738.0,1360.0
O,15,11.134455230806475,0.021881748697470286,1.8275965527798567e-07,11,334.0,337.0,52.0,1250.0
APA,15,11.401098837589398,2.3212996489232385e-05,5.192773742754797e-08,10,334.0,334.0,1178.0,1432.0
FBIN,15,9.530566953968382,0.04947769104750892,8.603605675609879e-10,55,334.0,367.0,21.0,2202.0
MHO,15,11.431040316456254,0.0050724261667359095,1.7041597547803266e-09,55,334.0,333.0,193.0,2039.0
BGX,15,10.441072827710968,0.00391628360551604,1.983757373741757e-06,29,334.0,349.0,258.0,721.0
B,14,10.669626340318572,0.0,1.621799789537362e-09,26,345.0,345.0,1254.0,2058.0
HQH,14,5.574332500337948,0.010972342680928976,1.7574973847381006e-07,20,345.0,491.0,103.0,1256.0
RHP,14,10.210456499521621,0.025690469307121516,9.237740035200928e-10,11,345.0,355.0,41.0,2195.0
DHI,14,11.192380434547987,7.839376153917929e-07,1.8559366769852803e-09,55,345.0,336.0,1220.0,1994.0
KIM,14,11.092824044019366,0.0008363190694379456,9.796773577675642e-09,11,345.0,338.0,587.0,1688.0
PAA,14,10.526334864949941,0.0006212918429606686,7.014144211242029e-08,10,345.0,348.0,614.0,1382.0
NVG,14,10.205541417165435,0.000289796879851809,1.2767496871817982e-08,33,345.0,356.0,791.0,1643.0
ESRT,14,9.453417895623934,0.0008679930646256677,3.4260199105000654e-09,11,345.0,369.0,512.0,1831.0
NOV,14,10.034818652505335,0.0012746669985053425,3.114325674062455e-08,10,345.0,358.0,445.0,1517.0
VNO,14,10.303720960550459,0.004216091142268475,3.769281249795581e-09,11,345.0,352.0,239.0,1815.0
AWK,14,10.33890578081969,0.0008673026886383347,4.4450305271193505e-08,8,345.0,351.0,524.0,1469.0
BTG,14,10.237424579173725,0.0,1.5583439573099862e-09,26,345.0,354.0,1254.0,2070.0
RITM,14,9.760086013019828,0.01300954032957502,2.5220895987950726e-08,14,345.0,361.0,90.0,1549.0
ADI,14,10.255813294348576,0.010840677664181562,9.682824533790062e-09,57,345.0,353.0,106.0,1691.0
AEM,14,10.768610637696167,2.4091741351064853e-07,1.6078737022261143e-09,26,345.0,342.0,1237.0,2062.0
CPT,14,10.671153555340403,0.0006388905961835899,1.4954642044342105e-09,11,345.0,344.0,608.0,2082.0
AGI,14,10.342896615264362,1.60611609007099e-07,1.5537228630644052e-09,26,345.0,350.0,1244.0,2074.0
AG,13,9.062730884898734,0.0008684590922231858,9.715889658010444e-10,26,362.0,379.0,511.0,2187.0
AVB,13,10.136226824903813,0.0004420652583307842,3.128118536548851e-09,11,362.0,357.0,755.0,1850.0
BHB,13,8.827755086690493,0.0002891008962127783,0.009881691116329376,40,362.0,386.0,795.0,151.0
WTRG,13,9.551774416904546,0.002023706273489448,3.81338662351737e-08,8,362.0,366.0,369.0,1489.0
EGBN,13,9.199803028955936,0.0,0.012363450865115736,40,362.0,376.0,1254.0,144.0
DPG,13,8.425083532129534,0.00847373443902504,4.05610863295476e-06,29,362.0,401.0,126.0,579.0
ARCC,13,8.842212280046644,0.00871382223507115,3.185045944464016e-09,5,362.0,385.0,122.0,1845.0
APLE,13,9.435457530208575,0.0037220457764373313,1.2994919765609244e-09,11,362.0,371.0,282.0,2126.0
MYI,13,9.203708745079862,0.0008678915978713607,1.1013526873648994e-08,33,362.0,375.0,513.0,1662.0
D,13,9.65638956403116,8.217807697426081e-05,4.6429966938648324e-08,8,362.0,362.0,1161.0,1458.0
HST,13,10.009560425848896,0.0019154745190788232,9.570719338229395e-10,11,362.0,359.0,379.0,2189.0
JRS,13,9.814457814115974,0.0005154610848366503,6.758669561264075e-06,29,362.0,360.0,742.0,490.0
KBH,13,10.532024588672492,3.479918195153812e-07,1.8018206999376528e-09,55,362.0,347.0,1231.0,2013.0
VOYA,13,9.511033178607681,0.0,0.004194261120509994,54,362.0,368.0,1254.0,158.0
IMO,13,9.556799617619435,0.0,4.47663678296307e-08,10,362.0,365.0,1254.0,1468.0
CCS,12,9.448961316823468,1.0707440600473268e-07,1.6660864902347587e-09,55,377.0,370.0,1247.0,2052.0
VTR,12,8.341460463160457,0.004185304059531569,9.959778738173082e-09,11,377.0,403.0,253.0,1682.0
SLG,12,9.301480662359438,0.00030648335581762864,3.7205159424835957e-09,11,377.0,374.0,777.0,1819.0
SLRC,12,7.8907360346207325,0.03042401464777874,1.2057045372038842e-07,5,377.0,415.0,35.0,1293.0
PSF,12,8.97355888666607,1.2020792159560587e-05,3.6750133302546145e-06,29,377.0,382.0,1183.0,609.0
ETN,12,8.133304134253368,0.015003272931550774,8.197193045856339e-06,16,377.0,405.0,73.0,473.0
NTB,12,8.481964534529697,0.0,0.011464417919298357,40,377.0,400.0,1254.0,148.0
OGS,12,8.77305462345904,0.0002936391488778527,2.853102517437663e-08,8,377.0,390.0,779.0,1532.0
NHI,12,9.01210001117716,0.0012268863644461277,1.02808003148544e-08,11,377.0,380.0,449.0,1674.0
ARDC,12,8.787348469997262,3.180490337674754e-06,2.2351049047705416e-06,29,377.0,389.0,1201.0,716.0
NEM,12,8.719478696369052,0.00028910089621277823,1.3608901705065594e-09,26,377.0,392.0,818.0,2112.0
CUZ,12,9.34661863290343,0.00011506344620347645,3.265218121927322e-09,11,377.0,372.0,1150.0,1839.0
TOL,12,9.638637099169774,2.417231573685437e-07,1.687166718085101e-09,55,377.0,363.0,1236.0,2046.0
TFSL,12,8.506315493357258,0.0,0.01167213450408179,40,377.0,398.0,1254.0,145.0
TPH,12,9.600493662435287,4.818348270212971e-07,1.6617873276515983e-09,55,377.0,364.0,1229.0,2054.0
SA,12,8.56136285825677,0.00029186341588770037,1.2099701346398836e-09,26,377.0,397.0,782.0,2145.0
DEI,12,9.084377799932458,0.000392305829276217,3.233251874969828e-09,11,377.0,378.0,759.0,1841.0
DOV,12,8.716943224247965,0.006628646155852512,1.4119801347573152e-05,16,377.0,393.0,158.0,440.0
AU,12,8.925382295906692,8.833638495390446e-07,1.3109164410243223e-09,26,377.0,383.0,1218.0,2123.0
MCO,12,7.653237943606758,0.012403392117182228,1.1398704181854648e-06,30,377.0,420.0,94.0,783.0
MSTR,12,3.759638579448903,0.012696347692011178,6.595110182817358e-07,42,377.0,579.0,92.0,905.0
NAC,12,8.762873467124134,0.0002896974536176617,1.0885611073089177e-08,33,377.0,391.0,793.0,1665.0
PAGP,12,9.146346095605448,0.00033054760955477725,6.691220227661026e-08,10,377.0,377.0,771.0,1395.0
KLAC,12,8.976786063949488,0.003639340582965907,1.2440031514529505e-08,57,377.0,381.0,286.0,1646.0
KMI,12,8.82145636338581,1.2105537500327817e-05,6.410274780384273e-08,10,377.0,387.0,1182.0,1401.0
FNV,12,8.918809003665384,1.60611609007099e-07,1.3989419341483226e-09,26,377.0,384.0,1244.0,2103.0
JGH,12,8.661980261614602,2.2026734949545006e-06,4.9426633427080555e-06,29,377.0,395.0,1205.0,512.0
AVNT,12,6.588630484774631,0.04333333333333332,6.7046025586954915e-06,31,377.0,446.0,27.0,491.0
IBP,11,7.9300127522685715,1.5602270589261045e-06,1.2845478927832537e-09,55,405.0,413.0,1211.0,2127.0
FNLC,11,6.030863281440714,0.0028910089621277824,0.0041264588504989,1,405.0,461.0,340.0,159.0
BDN,11,8.423166698065318,0.00010320493306344226,3.1059379451261086e-09,11,405.0,402.0,1155.0,1852.0
MAA,11,8.50314195121076,0.001273415867435909,1.1246727897549842e-09,11,405.0,399.0,446.0,2166.0
RGT,11,7.948815046422591,0.0,1.7716743142469837e-05,29,405.0,411.0,1254.0,432.0
KRC,11,8.70835988233268,0.00010320493306344226,3.2018789384220384e-09,11,405.0,394.0,1155.0,1843.0
EFT,11,8.127041373240145,4.454657133740283e-06,1.9344619176232986e-06,29,405.0,406.0,1195.0,727.0
PSX,11,8.098763605854195,0.003730044983730855,2.098067395661593e-08,10,405.0,408.0,281.0,1573.0
BRK-B,11,7.741879724483904,0.00709688669478828,0.0014644043186775456,54,405.0,417.0,146.0,164.0
EQR,11,8.627956860085707,0.00022662990813268087,2.5830019147202903e-09,11,405.0,396.0,1124.0,1887.0
NMZ,11,7.2609450243457125,0.0005784427098390672,1.0523587433705467e-08,33,405.0,428.0,630.0,1669.0
MTX,11,6.33688500423309,0.019590211565776252,8.308963709638566e-08,31,405.0,452.0,58.0,1343.0
LEA,11,7.711652705711063,0.007079117278596895,1.2244298352524055e-09,31,405.0,418.0,147.0,2140.0
RGLD,11,8.264794196897782,0.0,1.3665197279161335e-09,26,405.0,404.0,1254.0,2111.0
PEB,11,8.800434983315787,4.088471748184578e-06,9.606892800197016e-10,11,405.0,388.0,1198.0,2188.0
PBA,11,8.025211346984962,0.0072390864411679655,5.904580059381149e-08,10,405.0,410.0,145.0,1422.0
NOW,11,6.5672153286876425,0.019713790112749346,2.310202562787799e-12,35,405.0,448.0,57.0,2971.0
LGIH,11,8.116300182458414,0.0,1.476428875364305e-09,55,405.0,407.0,1254.0,2086.0
VKI,10,7.559269491818375,0.0,1.0970238999988836e-08,33,423.0,421.0,1254.0,1663.0
AIG,10,7.257400418955729,0.0012805130433789541,0.0011228334251107228,54,423.0,429.0,444.0,167.0
BXMT,10,7.40791808346243,0.001132311843500047,5.980575564154039e-10,14,423.0,424.0,497.0,2250.0
VCV,10,7.277072390533657,1.5678752307835855e-06,1.0092279673803789e-08,33,423.0,427.0,1210.0,1677.0
EVF,10,7.155971417843348,0.00028979842802349145,1.4787573354523752e-06,29,423.0,433.0,790.0,745.0
FR,10,7.700734044809865,0.00035424423477328933,4.0204279028797446e-10,11,423.0,419.0,765.0,2343.0
IGR,10,7.077943765484084,0.0036217114773055793,4.477833104297892e-06,29,423.0,436.0,291.0,543.0
KIO,10,7.141293275282975,2.1414881200946536e-07,2.291475212933821e-06,29,423.0,434.0,1241.0,712.0
BABA,10,5.359182812727213,0.02545051556326491,8.7946499622824e-12,22,423.0,496.0,42.0,2813.0
INN,10,7.935959267933706,0.0,9.223068329178038e-10,11,423.0,412.0,1254.0,2196.0
BANC,10,7.158737584610959,0.0,0.00962957238798161,40,423.0,431.0,1254.0,152.0
ALLY,10,7.15751082493594,0.0002891008962127783,0.004652321435000122,54,423.0,432.0,795.0,157.0
PVH,10,5.666682505718785,0.02770935723234075,4.480430579211753e-06,48,423.0,487.0,38.0,542.0
EIM,10,7.300269462801554,0.0,1.0586789682171912e-08,33,423.0,426.0,1254.0,1668.0
AME,10,7.087592761849846,0.0072964830799657245,8.2261827510611e-06,16,423.0,435.0,144.0,471.0
SHO,10,7.900463683703334,0.0,9.134192863419789e-10,11,423.0,414.0,1254.0,2198.0
SR,10,7.303366419283726,0.0005798777253987266,2.2688468274288457e-08,8,423.0,425.0,627.0,1561.0
PEG,10,7.221472333377082,0.0,3.451087552024142e-08,8,423.0,430.0,1254.0,1500.0
PFO,10,6.874989466692328,0.00029006456586682083,2.286260500932178e-06,29,423.0,437.0,789.0,713.0
EMR,10,6.672374040894191,0.005196708313118956,8.416960949970205e-06,16,423.0,444.0,190.0,467.0
XHR,10,8.091315077319532,0.0,9.383990548363332e-10,11,423.0,409.0,1254.0,2191.0
ESS,10,7.8826073071400256,0.0001078950203913322,2.010695798512011e-09,11,423.0,416.0,1152.0,1954.0
BMO,10,6.86222575382826,0.0035908244550360937,1.0501481600915978e-05,54,423.0,439.0,322.0,449.0
MUC,10,6.79901383353448,0.00028910089621277823,9.644200904452332e-09,33,423.0,442.0,818.0,1693.0
LTC,10,7.465353440111443,0.0009276290075339812,9.555874245270802e-09,11,423.0,423.0,507.0,1696.0
BGT,10,7.499619257374959,2.4091741351064853e-07,1.2381875136782773e-06,29,423.0,422.0,1237.0,769.0
MSFT,10,6.151834985598718,0.029487327744049337,2.439231757551086e-07,35,423.0,457.0,36.0,1212.0
MFC,10,6.836182874253372,0.0031715541407721275,0.0010750373161887731,54,423.0,441.0,336.0,168.0
TCPC,9,5.603045507280623,0.0011665559574605918,3.421734412617623e-09,5,451.0,490.0,454.0,1832.0
ITUB,9,6.093069962926454,0.014128360797918472,1.0081263455885676e-13,24,451.0,460.0,82.0,3196.0
BCX,9,5.675012988922763,0.11248229913097829,1.5154458700783824e-06,10,451.0,486.0,7.0,742.0
HPP,9,6.560763931368111,0.0,2.2804057856646174e-09,11,451.0,450.0,1254.0,1926.0
BC,9,5.173939255191824,0.014290257299797628,4.907790721028595e-06,4,451.0,505.0,80.0,516.0
HP,9,6.660310195796991,0.00022858650045854366,2.4547643056143234e-08,10,451.0,445.0,1123.0,1554.0
HLT,9,6.244319546100382,0.0023208064491999757,1.2321657133811287e-10,11,451.0,454.0,353.0,2524.0
IVZ,9,6.455303029475739,0.000278098866709462,0.0007364578455784414,54,451.0,451.0,1119.0,213.0
WELL,9,6.838191115149544,0.00021008010534189379,9.807597508372535e-09,11,451.0,440.0,1127.0,1686.0
STWD,9,6.701196924333253,0.0008432109472872666,6.050172192275989e-10,14,451.0,443.0,586.0,2245.0
PFLT,9,6.31626273021899,0.0036725450515563258,3.2106186834156555e-09,5,451.0,453.0,285.0,1842.0
SYK,9,5.547027138653316,0.010703501408279116,2.5549246134640084e-09,50,451.0,493.0,107.0,1892.0
RZB,9,5.819936100148555,0.001156403584851113,1.8874831969316166e-06,29,451.0,474.0,462.0,729.0
EFR,9,6.864461960548909,2.4091741351064853e-07,1.1745840747148896e-06,29,451.0,438.0,1237.0,780.0
ARI,9,6.165783650942033,0.001156403584851113,7.548087292663145e-11,14,451.0,455.0,462.0,2596.0
EQNR,9,6.562759687517697,2.5938774854646495e-06,2.7090291216832146e-08,10,451.0,449.0,1203.0,1538.0
EVR,9,6.572758546754727,0.0011571423982525456,0.0008091062493915232,54,451.0,447.0,457.0,201.0
MAIN,9,5.72372081432346,0.0044871671324403315,1.7804032420545473e-10,5,451.0,480.0,217.0,2462.0
MAC,9,5.790213992937652,0.003909876268429402,2.7810008619968644e-09,11,451.0,475.0,260.0,1870.0
ADAM,9,5.89657705260274,0.002457357617808615,5.613389724014024e-10,14,451.0,469.0,351.0,2273.0
MXF,9,5.166609261352106,0.006502842825479425,1.0700020536472931e-06,32,451.0,506.0,159.0,789.0
VPV,8,5.714939748961281,0.0011937603154717744,9.151118194085738e-09,33,472.0,481.0,451.0,1706.0
IRT,8,5.66293824306108,0.0005782017924255565,8.066166690559091e-10,11,472.0,489.0,641.0,2205.0
ZTR,8,5.826408405225587,0.0,5.733310960968531e-06,29,472.0,473.0,1254.0,502.0
BFS,8,5.851660483667834,0.0,3.7987765570392505e-09,11,472.0,470.0,1254.0,1813.0
IVR,8,3.7311505929401565,0.001156403584851113,3.0482432744025176e-11,14,472.0,585.0,462.0,2672.0
ING,8,5.676541035597751,0.0031319263756384415,9.657271473989515e-09,7,472.0,485.0,337.0,1692.0
HUBS,8,4.427320066441027,0.007942565288619061,8.190041343693207e-14,35,472.0,539.0,133.0,3206.0
IAG,8,5.745860683481881,0.0,1.006032266641558e-09,26,472.0,478.0,1254.0,2180.0
HIX,8,5.693760632988412,0.003621470559892069,1.951005717645651e-06,29,472.0,483.0,302.0,725.0
NTLA,8,2.9282771260969205,0.003469210754553339,2.488767130665644e-09,20,472.0,660.0,324.0,1899.0
NLY,8,5.928717891736232,0.0001686421894574543,6.104248192945015e-10,14,472.0,467.0,1133.0,2244.0
FCPT,8,5.311689112874423,0.0003453974610693765,9.947445595281956e-09,11,472.0,498.0,768.0,1683.0
MDLZ,8,3.9869131683030994,0.011826153994410716,6.421238689531933e-12,15,472.0,567.0,99.0,2855.0
FDUS,8,5.66648807125614,0.004219427580225497,3.3038370972910054e-09,5,472.0,488.0,238.0,1838.0
MAR,8,5.995435015143768,0.008342313530798645,2.0620553150624106e-10,11,472.0,463.0,128.0,2440.0
BLK,8,5.692260791813451,0.003439240547282586,0.000293423217556909,54,472.0,484.0,329.0,311.0
BLD,8,5.83914624184006,3.21223218014198e-07,9.513578909955235e-10,55,472.0,471.0,1235.0,2190.0
EXK,8,5.899735473970627,0.004195817673701455,5.887312654389722e-10,26,472.0,468.0,251.0,2256.0
ARR,8,5.7091492459934905,0.0004577430856702303,5.884151000889905e-10,14,472.0,482.0,750.0,2257.0
PAG,8,5.548111855248619,0.00534708168706434,1.1017681195038671e-09,31,472.0,492.0,182.0,2171.0
NVR,8,5.971167869336534,0.0,1.118279437452306e-09,55,472.0,465.0,1254.0,2167.0
SITC,8,6.094544176246538,0.0,3.821987049447187e-09,11,472.0,459.0,1254.0,1810.0
EMN,8,5.255277703152874,0.00736725450515563,2.2541409750643574e-11,31,472.0,502.0,142.0,2705.0
EMF,8,3.7366911516736043,0.0372670328611352,2.184556860604332e-08,22,472.0,583.0,31.0,1569.0
RFI,8,6.0205154737473245,0.0,3.0746493533717915e-06,29,472.0,462.0,1254.0,657.0
AMUB,8,5.83627642179553,0.0002736859820977881,4.415820304692972e-08,10,472.0,472.0,1120.0,1470.0
STAG,8,6.16029887529944,0.002043272586204076,4.817534936992826e-10,11,472.0,456.0,366.0,2305.0
CUK,8,5.92931897538067,0.012383155054447334,9.257593607122802e-11,18,472.0,466.0,95.0,2566.0
DAL,8,5.241951019527927,0.0015852365809000673,8.38237218673907e-12,18,472.0,503.0,408.0,2820.0
UAL,8,5.9928075149473505,0.004634287366290835,9.401535798718494e-12,18,472.0,464.0,211.0,2806.0
TRV,8,5.736782625925125,0.004513030739100458,2.5827774919467497e-05,54,472.0,479.0,214.0,407.0
VLO,8,6.134872205416749,0.0019480606227570973,7.209168600500819e-09,10,472.0,458.0,377.0,1731.0
UTF,8,5.782770213108554,0.0012647676116886873,5.425368566742483e-06,29,472.0,476.0,447.0,504.0
CNP,8,5.758410365255437,0.0,2.350689113048913e-08,8,472.0,477.0,1254.0,1557.0
A,8,5.435813806246804,0.009384215091066782,1.684350233182324e-08,53,472.0,495.0,116.0,1610.0
HL,7,4.79696153293701,0.00028910089621277823,4.984996774881521e-10,26,507.0,521.0,818.0,2299.0
PTY,7,5.257570898290397,0.0002904490030657063,1.1754388304067042e-06,29,507.0,501.0,787.0,779.0
DX,7,5.0673338536013315,0.0008191192059362081,5.981006051856528e-10,14,507.0,510.0,588.0,2249.0
E,7,5.282916275259355,1.673037593823948e-07,1.887797553053329e-08,10,507.0,499.0,1243.0,1589.0
PDI,7,4.391895812059532,0.0008673715221850521,7.322619312892373e-07,29,507.0,543.0,514.0,858.0
PAM,7,5.143174143296802,0.0008673026886383347,1.8157598567189173e-12,24,507.0,507.0,524.0,2984.0
PCN,7,5.270320874886582,1.4169403996453636e-06,1.5537657441140658e-06,29,507.0,500.0,1213.0,741.0
EFC,7,5.12715962159006,0.0004818348270212992,5.949837516527592e-10,14,507.0,509.0,747.0,2253.0
RY,7,4.809415382095601,0.00032235611247007073,1.024839794862713e-05,54,507.0,520.0,773.0,450.0
MPC,7,5.32031955603888,0.0027040056155697607,1.2051020551133395e-08,10,507.0,497.0,348.0,1649.0
STLD,7,4.714110046684408,0.013419099932543123,4.890759950883637e-13,24,507.0,522.0,87.0,3065.0
INVH,7,5.139066819739359,0.0,8.281392581013084e-10,11,507.0,508.0,1254.0,2203.0
SHBI,7,3.3661675709403647,0.002312807169702226,0.0009411098184455837,47,507.0,618.0,354.0,171.0
SFST,7,4.996969524725781,0.0,0.005952031472851569,40,507.0,515.0,1254.0,155.0
SRV,7,4.243966754776024,0.0005782017924255565,4.915355435679132e-08,10,507.0,557.0,641.0,1447.0
ACN,7,3.994481027041778,0.009537438566059556,3.892986818684838e-10,0,507.0,565.0,114.0,2348.0
EPR,7,5.034623015071315,0.013253767319034411,6.089218705383303e-09,11,507.0,514.0,88.0,1745.0
GIS,7,3.9087786569770695,0.006213741929266647,2.546949677047174e-13,15,507.0,571.0,163.0,3108.0
EME,7,4.156053643781609,0.007365327165847549,6.863781884184656e-08,16,507.0,560.0,143.0,1390.0
ON,7,4.876242465204315,0.0005988403458142135,5.38431211169864e-10,57,507.0,518.0,617.0,2282.0
CGO,7,5.058525151641657,0.0,7.5521639809064105e-06,29,507.0,512.0,1254.0,483.0
UHS,7,3.9318411622134715,0.003469210754553339,1.199856358195742e-06,52,507.0,569.0,324.0,774.0
JEF,7,5.062665366060415,1.5358836600575362e-06,0.0021000118617354605,54,507.0,511.0,1212.0,163.0
AFL,7,5.050369845565707,0.00011165394729462632,0.0009161869171239409,54,507.0,513.0,1151.0,174.0
H,7,5.240888314953932,0.0012468569390832827,3.555231912147896e-10,11,507.0,504.0,448.0,2365.0
XYZ,7,3.3604676578440813,0.004336513443191674,2.1415104888395033e-07,59,507.0,619.0,237.0,1228.0
BDCZ,7,4.957303850487506,0.0005794866852976133,1.7709502562582622e-10,5,507.0,516.0,629.0,2465.0
GGAL,7,5.533824330948045,0.001300954032957502,2.0155799286653186e-12,24,507.0,494.0,441.0,2978.0
FOF,7,4.473616133175719,0.00028910089621277823,8.016394304579265e-06,29,507.0,536.0,818.0,475.0
TMO,7,4.568621909999854,0.0031801098583405605,3.748629786066657e-10,53,507.0,530.0,333.0,2359.0
WES,7,3.8882934397755817,0.0005782706259722738,1.1201399423409687e-08,10,507.0,572.0,631.0,1658.0
FCX,7,4.302176429529218,0.012111400212007323,5.642111224465101e-10,24,507.0,552.0,97.0,2270.0
BZH,6,4.2654669567147385,0.0,8.050373434430549e-10,55,539.0,556.0,1254.0,2206.0
PLD,6,4.676466803096711,0.0005782017924255565,7.256826497807813e-11,11,539.0,524.0,641.0,2599.0
EARN,6,4.408326155671799,0.0008673026886383347,6.207101837442988e-10,14,539.0,540.0,524.0,2243.0
DK,6,4.3794878381230475,3.443595773623301e-07,1.88748527211163e-09,10,539.0,544.0,1232.0,1987.0
DINO,6,4.586427635169686,3.432117121044556e-07,2.010663360725418e-09,10,539.0,529.0,1234.0,1956.0
ORC,6,4.3403290290178855,0.00028910089621277823,5.966570929679745e-10,14,539.0,546.0,818.0,2251.0
OR,6,4.306842722294794,0.0,7.184919976209065e-10,26,539.0,551.0,1254.0,2218.0
PBF,6,4.481149957714336,3.443595773623301e-07,1.9605584480656783e-09,10,539.0,534.0,1232.0,1965.0
EGP,6,4.948573258653942,0.0,7.935598849346476e-11,11,539.0,517.0,1254.0,2585.0
BNS,6,4.640598465859241,3.3366437716346925e-05,1.0044627020983917e-05,54,539.0,525.0,1173.0,451.0
PFD,6,4.330526018643056,0.0,1.4282478206875525e-06,29,539.0,547.0,1254.0,751.0
DAN,6,3.655709244653113,0.01411390575310783,7.849679622652946e-08,31,539.0,600.0,83.0,1353.0
BMA,6,4.856712606926435,0.001011853136744724,1.9641109328230743e-12,24,539.0,519.0,502.0,2980.0
NWN,6,4.407552340716198,0.0,1.1724468497316792e-08,8,539.0,541.0,1254.0,1652.0
CW,6,3.158342082663248,0.0017346053772766695,5.137118860227981e-08,4,539.0,633.0,388.0,1436.0
SBRA,6,4.699698367867684,0.0,1.2148088956079438e-09,11,539.0,523.0,1254.0,2143.0
OIS,6,3.8357451986650273,0.003621470559892068,1.0337232833369983e-08,10,539.0,574.0,314.0,1673.0
ENTG,6,4.401494660357313,7.415250260003077e-07,9.8073494850948e-09,57,539.0,542.0,1221.0,1687.0
WERN,6,4.323845458091672,0.005060229353377662,1.7465859527969248e-10,16,539.0,549.0,195.0,2471.0
BN,6,3.9925634129200236,0.0044799211664989565,7.903601662860677e-06,54,539.0,566.0,231.0,477.0
MOG-A,6,3.6535304701794367,0.013433554977353762,4.92966897123503e-06,4,539.0,601.0,85.0,513.0
ASML,6,4.527937621689542,9.347595644213134e-05,1.0219507826577262e-08,57,539.0,532.0,1159.0,1676.0
MUJ,6,4.27390438768677,0.0,8.39035354773245e-09,33,539.0,555.0,1254.0,1713.0
NXPI,6,4.053510257954406,0.003909607786450803,5.094985158891441e-10,57,539.0,563.0,269.0,2294.0
SHOO,6,3.2719156295853913,0.010123365830594611,3.955125053333621e-08,48,539.0,624.0,110.0,1482.0
CTRE,6,4.619677668901242,0.0,1.189696295074238e-09,11,539.0,527.0,1254.0,2150.0
BJRI,6,3.7059945504765452,0.015707815360894283,5.980340965211164e-11,19,539.0,591.0,67.0,2621.0
NJR,6,4.1750452831948515,0.0006415898407803561,9.81445067378402e-09,8,539.0,558.0,607.0,1685.0
EPD,6,4.432540947876641,0.0,4.5189985136005746e-08,10,539.0,538.0,1254.0,1464.0
OII,6,4.322065439047304,4.818348270212971e-07,1.0920166554760736e-08,10,539.0,550.0,1229.0,1664.0
OHI,6,4.633144045881049,0.0,1.1855677707411578e-09,11,539.0,526.0,1254.0,2151.0
TTE,6,4.606796421478392,1.0707440600473268e-07,1.5567953411815497e-08,10,539.0,528.0,1247.0,1620.0
TNK,6,3.846446445721062,0.005926568372361952,2.4987997642494773e-13,49,539.0,573.0,167.0,3115.0
TPVG,6,3.1931423365142324,0.0008673026886383347,3.0839699474242767e-09,5,539.0,629.0,524.0,1855.0
MGM,6,4.158457109897925,0.007072371591018599,1.4924433879790633e-11,58,539.0,559.0,149.0,2764.0
IQV,6,3.785241772936701,0.014686325527609135,1.0449016227245582e-06,53,539.0,578.0,75.0,793.0
LAR,6,1.3439545545572553,0.0017346053772766695,6.299010620682382e-15,24,539.0,1001.0,388.0,3332.0
FUL,6,3.5422815206139204,0.009658860942468919,1.2263600949950878e-09,31,539.0,607.0,113.0,2139.0
LADR,6,2.9190252206998744,0.0008673026886383347,5.849722327302673e-10,14,539.0,664.0,524.0,2260.0
LEO,6,4.299275877494177,0.0,8.289886532780389e-09,33,539.0,553.0,1254.0,1716.0
FSM,6,4.494181841208241,1.9273393080851883e-07,5.874372638373772e-10,26,539.0,533.0,1242.0,2258.0
UUUU,6,2.9695117942643674,0.006786161703767948,1.1239854600443025e-08,42,539.0,655.0,155.0,1657.0
JD,6,3.344463125112432,0.009533583887443384,2.2231725893464677e-13,22,539.0,620.0,115.0,3124.0
BCS,6,4.472509473246904,0.0006745687578298172,9.357434889216998e-09,7,539.0,537.0,604.0,1703.0
BYD,6,3.7164959540854,0.004629950852847643,1.30432636994366e-12,58,539.0,589.0,212.0,3001.0
UNM,6,4.553211269020871,0.0,0.0012629727001107246,54,539.0,531.0,1254.0,165.0
VSH,6,3.6722813330492095,0.012854389515274163,7.44070226304205e-12,57,539.0,596.0,91.0,2835.0
KKR,6,3.7230773475180383,0.0008673026886383347,2.6420381232781062e-08,54,539.0,587.0,524.0,1539.0
DSM,6,4.278635348367639,0.0,8.224401340600462e-09,33,539.0,554.0,1254.0,1717.0
CB,6,4.48100414792133,4.611847630060986e-06,2.6506027984441434e-05,54,539.0,535.0,1194.0,405.0
WRB,6,4.327068019922884,0.0005872052203361831,2.6197948985130776e-05,54,539.0,548.0,621.0,406.0
GTY,6,4.3409344996744395,8.411103445544266e-06,9.76877734207736e-09,11,539.0,545.0,1184.0,1689.0
HIG,5,3.68719728595318,3.0351553906095488e-05,3.713224021195756e-05,54,591.0,593.0,1177.0,391.0
ACB,5,1.5660740568392455,0.004485882239568276,4.939172130242199e-07,42,591.0,886.0,218.0,1014.0
WLK,5,3.1495482700464525,0.0005782017924255565,5.660094240159522e-13,31,591.0,634.0,641.0,3052.0
BBAR,5,4.117019281749301,0.0,1.8515293415900223e-12,24,591.0,561.0,1254.0,2982.0
HMY,5,3.6755275324764245,0.00028910089621277823,4.43841164328325e-10,26,591.0,595.0,818.0,2324.0
BRK-A,5,3.919493305369503,0.0,0.0005966717103248393,54,591.0,570.0,1254.0,241.0
AN,5,3.75239721974137,6.42446436028396e-07,2.5560852985020177e-11,31,591.0,580.0,1224.0,2685.0
GSBD,5,2.6341723963622177,0.0005782017924255565,3.05675813889577e-09,5,591.0,691.0,641.0,1857.0
HD,5,3.142369353360422,0.003469210754553339,1.677714954306263e-11,55,591.0,635.0,324.0,2748.0
WMB,5,3.705213032599136,0.0,4.2809119741864143e-08,10,591.0,592.0,1254.0,1472.0
USFD,5,3.5113584717601944,0.008959236773633998,6.334599457075813e-11,11,591.0,611.0,119.0,2617.0
BX,5,3.066669191834092,0.002023706273489448,2.5341294638355563e-06,54,591.0,643.0,369.0,698.0
JBHT,5,3.3719784737111644,0.008510166714850149,1.8784024153086348e-08,16,591.0,617.0,125.0,1590.0
PEP,5,3.1292873449605807,0.014672834152452538,1.4524986976990855e-10,15,591.0,637.0,77.0,2496.0
REXR,5,4.101845592451639,0.0,7.244137939037447e-11,11,591.0,562.0,1254.0,2600.0
PG,5,3.221998291523893,0.0014455044810638912,6.305290690553109e-12,15,591.0,627.0,418.0,2859.0
DRI,5,3.2406115355495833,0.007075262599980726,4.41271972120623e-12,19,591.0,626.0,148.0,2920.0
PMT,5,3.118116842296093,0.0005782017924255565,5.614078549620058e-10,14,591.0,639.0,641.0,2272.0
ADC,5,3.7182229159508604,0.0,9.966293296936224e-09,11,591.0,588.0,1254.0,1681.0
UFPI,5,2.958393411879065,0.016210921825764023,1.731436918768078e-11,55,591.0,657.0,66.0,2743.0
TDF,5,2.6857200846134446,0.02646718704827985,4.2595261260599267e-10,22,591.0,690.0,39.0,2331.0
SWKS,5,3.491064724479926,0.004485882239568274,4.442758370395833e-10,57,591.0,612.0,221.0,2323.0
ISRG,5,2.5338003753597715,0.005060229353377662,2.5542357162307344e-11,50,591.0,700.0,195.0,2686.0
SCCO,5,3.057828969330134,0.0009135588320323792,5.801428280385858e-10,24,591.0,645.0,508.0,2263.0
ODFL,5,3.259883593224659,0.0014455044810638912,1.7155472211706978e-10,16,591.0,625.0,418.0,2477.0
CDE,5,3.7264519840346018,0.0,4.490430723625284e-10,26,591.0,586.0,1254.0,2321.0
FTI,5,3.616506380922244,3.1065355756314214e-05,1.3879924409523722e-08,10,591.0,603.0,1175.0,1636.0
LECO,5,3.5696117838232513,0.00011671110254515862,7.99219573661301e-06,16,591.0,605.0,1149.0,476.0
GOOD,5,3.30110375347897,0.0007719464702596548,2.8821383099795276e-07,11,591.0,623.0,595.0,1180.0
SCM,5,2.015843811778308,0.005059265683723618,2.920439641529035e-09,5,591.0,799.0,197.0,1864.0
SAN,5,3.8053492868975924,0.0002409174135106496,9.589754293828711e-09,7,591.0,577.0,1121.0,1694.0
EQBK,5,3.51679679806164,0.0,0.004914203380206138,40,591.0,610.0,1254.0,156.0
TNL,5,3.7518999181668007,0.0005782017924255565,5.1111190572419764e-11,11,591.0,581.0,641.0,2641.0
SBLK,5,2.7810760529082907,0.013712055507372067,3.2127924071111545e-12,25,591.0,684.0,84.0,2950.0
TGS,5,3.7344061292097015,0.0,1.6998658623864641e-12,24,591.0,584.0,1254.0,2993.0
GD,5,3.111583775115341,0.0028910089621277824,2.3450616633618154e-06,34,591.0,640.0,340.0,710.0
TRNO,5,4.048777955845943,0.0,7.134285375712464e-11,11,591.0,564.0,1254.0,2603.0
CMC,5,3.5233934134784457,0.004782250945379269,1.0518260659560795e-13,24,591.0,609.0,203.0,3189.0
KO,5,2.7375470826814134,0.01666377565770454,3.182755140373819e-09,15,591.0,687.0,65.0,1846.0
RIOT,5,2.1677922436993358,0.002312807169702226,7.843506330276095e-09,42,591.0,763.0,354.0,1722.0
VCYT,5,2.2473660193795357,0.001156403584851113,7.963298207044426e-07,42,591.0,740.0,462.0,837.0
VNOM,5,3.6579046029280535,0.0,1.4962080636975765e-08,10,591.0,599.0,1254.0,1628.0
ABG,5,3.7476237103521646,6.42446436028396e-07,2.495894481326189e-11,31,591.0,582.0,1224.0,2690.0
SHG,5,2.992842008733605,0.004774019466127011,6.954708282110845e-12,22,591.0,653.0,206.0,2847.0
SKT,5,3.603506602031808,0.0,1.763793446794634e-09,11,591.0,604.0,1254.0,2024.0
NMFC,5,3.5421076488069723,0.0005782017924255566,9.306474686767439e-11,5,591.0,608.0,632.0,2565.0
BTE,5,3.4885239762481826,0.00028910089621277823,1.2827749337659186e-08,10,591.0,613.0,818.0,1642.0
BIDU,5,1.605819220271871,0.005347402910282355,2.0279101591450402e-13,22,591.0,875.0,181.0,3136.0
BHP,5,3.678872161209869,0.04737110918377179,2.5577485815587657e-08,24,591.0,594.0,23.0,1546.0
WSM,5,2.493281031724014,0.0017346053772766695,5.348290019211351e-14,55,591.0,708.0,388.0,3234.0
PRDO,5,2.197837565952677,0.001156403584851113,4.222771779788602e-06,39,591.0,754.0,462.0,560.0
AMH,5,3.658953286410096,0.0,5.750346191470245e-10,11,591.0,597.0,1254.0,2265.0
POWI,5,3.4127184524087926,0.00032331116893129035,6.599183425700508e-10,57,591.0,615.0,772.0,2233.0
AMC,5,1.8477998386923382,0.005922713693745782,2.3436325530018454e-13,11,591.0,828.0,168.0,3118.0
WPC,5,3.658356510453517,2.604512578493498e-08,9.534982738171614e-09,11,591.0,598.0,1253.0,1699.0
SVC,5,3.0217295505250505,0.00028910089621277823,4.0746340150209936e-10,11,591.0,648.0,818.0,2341.0
SUPV,5,3.9655034716286846,0.0,1.7939975917786362e-12,24,591.0,568.0,1254.0,2987.0
ARW,5,3.3424283346913537,0.004497017619684387,3.387561753500102e-13,57,591.0,621.0,215.0,3083.0
AQMS,5,0.9038681094058791,0.001156403584851113,3.939508503367896e-07,42,591.0,1220.0,462.0,1087.0
MOS,5,2.8330945187160212,0.0014455044810638912,4.5115649027963275e-09,10,591.0,682.0,418.0,1786.0
ALK,5,3.7126103804988553,0.00028910089621277823,2.1335950004194856e-12,18,591.0,590.0,818.0,2975.0
ESNT,5,3.8085359680447897,0.017450130095403294,1.447536181765837e-06,14,591.0,575.0,63.0,747.0
NVMI,5,3.160954191840339,0.0005782017924255565,9.05179500375215e-09,57,591.0,632.0,641.0,1707.0
TER,5,3.3412848504800676,0.00028910089621277823,9.383032559672468e-09,57,591.0,622.0,818.0,1702.0
GGG,5,3.3987851751742877,0.003912820018630947,1.5357914003982104e-07,16,591.0,616.0,259.0,1271.0
GFI,5,3.8054811877139216,0.0,5.598353444083731e-10,26,591.0,576.0,1254.0,2274.0
MRSH,5,3.640064771925906,0.004774019466127011,1.1827635228260715e-05,54,591.0,602.0,206.0,445.0
THO,5,3.551323786104634,0.001156403584851113,4.982980144780039e-08,4,591.0,606.0,462.0,1442.0
THG,5,3.1899653878961294,0.0008673026886383347,2.4717118806941824e-05,54,591.0,630.0,524.0,412.0
PNR,4,2.2883257613095123,0.00028910089621277823,4.779321553680946e-06,16,660.0,733.0,818.0,524.0
PLUG,4,1.5364040873257303,0.001156403584851113,2.4207954881331055e-12,42,660.0,900.0,462.0,2966.0
CCL,4,3.424104554026474,1.9337852589483496e-06,1.1946727827288034e-11,18,660.0,614.0,1207.0,2789.0
HPE,4,2.337857195566598,0.001156403584851113,0.00010819396137259146,54,660.0,725.0,462.0,342.0
YPF,4,2.3556166910348426,0.0031801098583405605,7.008257201091246e-13,24,660.0,722.0,333.0,3040.0
BCH,4,2.2270694556168102,0.001156403584851113,2.0227018866634893e-08,12,660.0,746.0,462.0,1581.0
GAP,4,2.3052830453488173,0.0031801098583405605,3.8322743405751796e-08,48,660.0,731.0,333.0,1488.0
RSG,4,2.7756044988580078,0.004483954900260189,2.0936598347106967e-08,43,660.0,686.0,223.0,1574.0
ELS,4,2.975728062672641,0.0020343301574957924,4.216507002553065e-09,11,660.0,654.0,367.0,1796.0
RCL,4,3.188299634257261,0.0005782017924255565,1.0198919282857786e-11,18,660.0,631.0,641.0,2799.0
CHSCM,4,2.450592804694132,0.005345475570974268,1.768600024723916e-07,29,660.0,709.0,183.0,1254.0
CHSCO,4,2.2001896076873995,0.0008673026886383347,4.408620395847884e-09,29,660.0,753.0,524.0,1790.0
RELX,4,1.8924902953962672,0.00419774501300954,1.5537713270060237e-08,30,660.0,819.0,240.0,1621.0
UTG,4,2.8912507548617175,0.047185327210969207,1.9771546942259046e-06,29,660.0,669.0,24.0,722.0
UHT,4,2.5700453407280244,0.001156403584851113,5.320738770579978e-10,11,660.0,693.0,462.0,2288.0
HBM,4,2.416643070237716,0.0008673026886383347,2.7194947971067502e-11,24,660.0,714.0,524.0,2679.0
KFY,4,2.231292808802246,0.0028910089621277824,0.0008828323924600246,41,660.0,745.0,340.0,180.0
KF,4,1.8415141541535134,0.005644719170870232,4.05127060572923e-10,22,660.0,831.0,173.0,2342.0
PLXS,4,2.5025486735558493,0.0008673026886383349,6.040512325633262e-10,4,660.0,706.0,515.0,2247.0
PKG,4,2.535988158245704,0.0017346053772766695,6.480005636600997e-08,16,660.0,698.0,388.0,1398.0
PML,4,2.870646766110276,0.0,7.614921322702417e-09,33,660.0,674.0,1254.0,1726.0
PM,4,2.0578216272174443,0.0008673026886383347,1.030342906131398e-10,15,660.0,795.0,524.0,2550.0
AFG,4,2.8869091689919717,4.81834827021297e-06,1.929431030093807e-05,54,660.0,672.0,1193.0,424.0
LITE,4,2.3299791795821188,0.0008673026886383347,5.429947476047187e-12,57,660.0,727.0,524.0,2883.0
FTS,4,2.514231639235476,0.0014455044810638914,3.73702736661709e-09,8,660.0,703.0,417.0,1818.0
AEIS,4,2.9947988333637143,0.0,9.539959820200533e-09,57,660.0,652.0,1254.0,1697.0
CMRE,4,1.7788535576155318,0.01454177507950274,1.1163859231075984e-10,25,660.0,842.0,79.0,2541.0
ORLA,4,0.47583103399076415,0.0008673026886383347,1.8390384913003576e-11,8,660.0,2260.0,524.0,2737.0
VALE,4,2.9271563911687695,0.019352413992483376,5.847334058232728e-10,24,660.0,661.0,59.0,2262.0
RRC,4,2.6860311119294122,0.001156403584851113,2.790852225405264e-12,10,660.0,689.0,462.0,2958.0
DHF,4,2.8491963469202792,0.0,1.2067965915352923e-06,29,660.0,679.0,1254.0,772.0
DHR,4,2.5522786557926365,0.0005782017924255565,3.4947496312906725e-10,53,660.0,695.0,641.0,2371.0
DIOD,4,2.853526642454967,0.013120041116571906,2.615715767922102e-10,57,660.0,678.0,89.0,2413.0
DCI,4,2.714684775540783,0.00028910089621277823,7.725489969938138e-06,16,660.0,688.0,818.0,480.0
JBL,4,2.5679795039291036,0.008386816999132697,5.273605155304188e-08,4,660.0,694.0,127.0,1429.0
RIO,4,3.0100323510042553,0.014542738749156788,7.055455415507762e-10,24,660.0,650.0,78.0,2220.0
PAYX,4,2.537796980052791,0.010667823070251518,2.1417741628028003e-08,0,660.0,697.0,108.0,1572.0
W,4,1.5823462591904538,0.0008673026886383347,5.90723645522318e-11,59,660.0,883.0,524.0,2623.0
ACRE,4,2.3323175437724584,0.00028910089621277823,4.40905173559401e-11,14,660.0,726.0,818.0,2653.0
ACM,4,2.50828972847184,0.0008673026886383347,4.983032831111744e-06,4,660.0,705.0,524.0,511.0
DBI,4,2.2739876794773344,0.005071351841592047,4.168857881497251e-10,48,660.0,736.0,194.0,2336.0
MARA,4,1.3499891869879777,0.0008673026886383347,1.4158528148067627e-10,42,660.0,996.0,524.0,2500.0
LYG,4,3.0326064858493913,0.0,2.7121242734246836e-10,7,660.0,647.0,1254.0,2411.0
CNK,4,2.1661342670225445,0.006782307025151776,5.408072029385822e-12,11,660.0,764.0,156.0,2885.0
LSTR,4,2.5357537323948165,0.0008673026886383347,1.773868128233325e-10,16,660.0,699.0,524.0,2464.0
CWT,4,3.006346889800947,0.001300954032957502,1.8889438926115825e-09,8,660.0,651.0,441.0,1986.0
GPI,4,3.0895399623989457,0.0,2.5111669021627847e-11,31,660.0,642.0,1254.0,2689.0
ELV,4,2.5326025271064787,0.009812084417461694,1.2247666707574126e-07,21,660.0,701.0,111.0,1290.0
SCHW,4,2.9017464495645244,0.0,0.0011564726393378355,54,660.0,667.0,1254.0,166.0
SAH,4,2.95423987093061,0.0,2.393387168013626e-11,31,660.0,658.0,1254.0,2697.0
SAFT,4,2.2158208554454593,0.0056384311458032195,6.8068825031957855e-06,44,660.0,750.0,174.0,489.0
RUN,4,2.1229442375922902,0.004625614339404452,1.0053600321484109e-08,42,660.0,779.0,213.0,1680.0
DB,4,2.8632765556729183,0.00491471523561723,1.026245993951307e-06,7,660.0,676.0,201.0,796.0
WATT,4,0.8010927620356993,0.0008673026886383347,3.474298613283894e-07,42,660.0,1264.0,524.0,1122.0
CDP,4,2.91540875385223,0.0,1.2349563991033066e-09,11,660.0,666.0,1254.0,2137.0
CBRE,4,2.777135694986111,0.001156403584851113,4.913446259514635e-06,4,660.0,685.0,462.0,515.0
IAC,4,1.8758307020353264,0.0008673026886383347,1.8511097906686507e-07,29,660.0,821.0,524.0,1246.0
LBRDK,4,3.061821905227947,0.0008673026886383347,7.651107765578801e-08,54,660.0,644.0,524.0,1356.0
CM,4,3.201694297814325,0.0,3.2245668631110545e-07,54,660.0,628.0,1254.0,1145.0
CIM,4,2.8720039918047373,0.0,5.852691149259237e-11,14,660.0,673.0,1254.0,2624.0
GBR,4,1.3087140637590013,0.004485882239568275,8.187893782334845e-16,10,660.0,1020.0,219.0,3406.0
UCTT,4,2.8571624698980354,0.0005782017924255565,8.606881457615954e-09,57,660.0,677.0,641.0,1711.0
TXN,4,3.0549069148660744,0.0,5.34941897677566e-10,57,660.0,646.0,1254.0,2285.0
BF-B,4,2.2582995011638496,0.0008673026886383347,6.981580354437234e-15,7,660.0,739.0,524.0,3327.0
TSLX,4,2.9227043557253443,0.0,9.724684232245887e-11,5,660.0,663.0,1254.0,2562.0
AEO,4,2.1976755799109933,0.0008673026886383347,5.940731881213477e-12,48,660.0,755.0,524.0,2872.0
CMI,4,2.360404468861362,0.0008673026886383347,7.243409503398245e-10,16,660.0,721.0,524.0,2216.0
COHR,4,1.8057120242987843,0.0017346053772766695,2.2711503710503248e-10,57,660.0,837.0,388.0,2427.0
GNL,4,2.8197716070030348,5.800670720049774e-05,1.1108433650735335e-08,11,660.0,683.0,1167.0,1661.0
TD,4,3.1251355152810127,0.0,3.1250401543456954e-07,54,660.0,638.0,1254.0,1159.0
TEX,4,2.5287584239596548,0.0008673026886383347,1.4727523435569595e-09,16,660.0,702.0,524.0,2088.0
INTU,4,2.3487181112261406,0.0008673026886383347,4.7075053011820065e-09,35,660.0,723.0,524.0,1780.0
SWK,4,2.385702654110265,0.050144550448106395,7.444997380294224e-08,55,660.0,717.0,20.0,1367.0
GGN,4,2.161273766794448,0.024076322636600173,2.5700625201743987e-08,26,660.0,767.0,46.0,1545.0
IOSP,4,2.3833113696663784,0.002023706273489448,1.2635029594778679e-09,31,660.0,718.0,369.0,2131.0
GL,4,1.1703884091235146,0.001156403584851113,0.00023868524129801047,54,660.0,1093.0,462.0,320.0
GGB,4,2.4320218771605893,0.018816613664835693,1.4349416268412543e-11,24,660.0,713.0,60.0,2771.0
MITT,4,2.4320866473428278,0.0005782017924255565,1.5502875174433867e-11,14,660.0,712.0,641.0,2756.0
FIVN,4,1.8025504241184946,0.0014455044810638912,1.0970948472140398e-14,35,660.0,839.0,418.0,3307.0
TEL,4,2.845220061064036,0.013420063602197167,5.312796546377301e-06,4,660.0,680.0,86.0,505.0
NUE,4,3.019079417727921,0.00028910089621277823,1.0583036087112538e-13,24,660.0,649.0,818.0,3186.0
NXST,4,2.4121972626446553,0.002023706273489448,4.325036944156399e-06,4,660.0,715.0,369.0,552.0
SFL,4,2.0102492718095917,0.022118145899585617,4.46001755513809e-09,10,660.0,801.0,51.0,1789.0
CUBE,4,3.134054172225243,0.0008673026886383347,6.45572811796253e-11,11,660.0,636.0,524.0,2614.0
CVI,4,2.887661568112871,0.0,5.625771829913299e-10,10,660.0,671.0,1254.0,2271.0
COLM,4,2.1893228444639607,0.008100607111882046,4.081145838497587e-08,48,660.0,758.0,129.0,1479.0
BSL,4,2.9626942098394693,0.0,6.261759075257875e-07,29,660.0,656.0,1254.0,926.0
MYN,4,2.8361068303191823,0.0,7.3349644982494685e-09,33,660.0,681.0,1254.0,1729.0
SLF,4,2.922981324563949,0.0,1.0786278778610839e-05,54,660.0,662.0,1254.0,447.0
MQY,4,2.864700035447823,0.0,7.35127859886442e-09,33,660.0,675.0,1254.0,1728.0
MT,4,2.4970861095558385,0.014258456201214223,1.6280761329842377e-11,24,660.0,707.0,81.0,2749.0
SYY,4,2.3618723921235873,0.0008673026886383347,5.3981496826141864e-12,11,660.0,720.0,524.0,2886.0
SMFG,4,2.8955800097880866,0.0017346053772766695,0.0002271751761572566,54,660.0,668.0,388.0,323.0
AGO,4,1.8260035612639633,0.0008673026886383347,9.20326550408728e-06,54,660.0,836.0,524.0,460.0
STM,4,2.8896552527575974,2.559147832348179e-06,6.935833748160535e-10,57,660.0,670.0,1204.0,2223.0
DNN,4,2.0251683370983775,0.004774019466127011,2.0420675099028908e-10,42,660.0,798.0,206.0,2442.0
XNET,4,0.7931354120320531,0.00419774501300954,4.2165780568384316e-15,22,660.0,1271.0,240.0,3354.0
XNCR,4,1.5502261014058927,0.0008673026886383349,2.569225438146199e-09,20,660.0,896.0,515.0,1889.0
AAL,4,3.1024151334787367,0.00028910089621277823,2.0466720249793324e-12,18,660.0,641.0,818.0,2976.0
ACGL,4,2.936839736757091,0.0008673026886383349,2.5358361765700106e-05,54,660.0,659.0,515.0,409.0
PR,4,2.918676320675736,0.0,1.0221043631379962e-08,10,660.0,665.0,1254.0,1675.0
GPN,3,1.9167310174666832,0.0008673026886383347,2.883463416030649e-09,50,761.0,813.0,524.0,1866.0
GTN,3,1.6477554766996156,0.0005782017924255565,4.4936903756220804e-08,4,761.0,864.0,641.0,1466.0
WYNN,3,2.234460211808111,0.0005782017924255565,1.191329186305909e-12,58,761.0,744.0,641.0,3008.0
CALY,3,1.2535763520617567,0.0008673026886383347,4.20935897624617e-06,4,761.0,1046.0,524.0,561.0
CAL,3,1.903356188528499,0.0039096077864508045,6.049763222654802e-12,48,761.0,817.0,262.0,2865.0
CAKE,3,1.86541441969896,0.00419774501300954,2.6743594132359606e-14,19,761.0,825.0,240.0,3263.0
PPG,3,2.0606962501799044,0.0008673026886383347,2.2027823151475673e-11,31,761.0,794.0,524.0,2708.0
ECL,3,1.7603606313328486,0.0008673026886383347,2.494911215697475e-05,29,761.0,847.0,524.0,411.0
ECF,3,1.6015093945628862,0.00419774501300954,1.283340512484615e-06,29,761.0,878.0,240.0,765.0
POLA,3,0.7834505355934774,0.001156403584851113,2.636327838208269e-09,42,761.0,1280.0,462.0,1879.0
PODD,3,1.2970189550539786,0.0039096077864508045,2.1919115442294004e-13,50,761.0,1025.0,262.0,3127.0
EDIT,3,1.2662192282517746,0.0005782017924255565,4.8802577852879954e-11,20,761.0,1038.0,641.0,2645.0
AMGN,3,1.5113152061672819,0.003909607786450804,2.772871566216764e-09,20,761.0,907.0,266.0,1871.0
AMG,3,2.160478823200095,6.552292886570221e-05,0.0001397930356953097,54,761.0,768.0,1164.0,335.0
PSA,3,2.3885594437979156,0.0,5.79250901019374e-12,11,761.0,716.0,1254.0,2875.0
PWR,3,1.9166772871186688,0.0008673026886383347,7.214986474142435e-08,16,761.0,814.0,524.0,1374.0
PUK,3,1.6570778109015714,0.0005782017924255565,8.551393141812819e-11,7,761.0,861.0,641.0,2573.0
CARE,3,1.2016264937086396,0.0039096077864508045,0.0009397305557421621,13,761.0,1077.0,262.0,172.0
BBY,3,1.3041414571973151,0.0005782017924255565,4.3853597181945656e-15,55,761.0,1023.0,641.0,3351.0
BTZ,3,1.656527399756588,0.004196781343355499,2.2007166363603504e-07,29,761.0,862.0,247.0,1220.0
ASM,3,1.1732699868883694,0.0005782017924255566,3.7421517928467006e-11,26,761.0,1089.0,632.0,2662.0
MUFG,3,2.363734024253051,0.00028910089621277823,2.5892113171345076e-06,54,761.0,719.0,818.0,691.0
FAST,3,1.9938554804800805,0.0005782017924255565,6.774278145913761e-08,16,761.0,803.0,641.0,1394.0
FAF,3,2.102764228521552,0.0005782017924255565,1.0515868797327831e-10,55,761.0,787.0,641.0,2549.0
MU,3,2.15874572486651,0.0005782017924255565,8.69780157379758e-09,57,761.0,769.0,641.0,1710.0
AIOT,3,0.7272218864979301,0.0008673026886383347,5.915347443907714e-07,42,761.0,1322.0,524.0,938.0
SSYS,3,1.6101818755797725,0.001156403584851113,9.316395219908473e-09,42,761.0,874.0,462.0,1704.0
STNG,3,1.8030448641861825,0.0005782017924255565,1.5288339666196496e-14,49,761.0,838.0,641.0,3288.0
CSIQ,3,1.4050415705710626,0.0014455044810638912,2.69141458575369e-12,42,761.0,971.0,418.0,2962.0
NCLH,3,2.5870393063949484,0.0,1.0128197205182167e-11,18,761.0,692.0,1254.0,2800.0
BHRB,3,0.6358945098772306,0.0005782017924255566,0.0001636972018252236,9,761.0,1621.0,632.0,331.0
NBR,3,2.164946937950601,0.00028910089621277823,3.034837255387905e-09,10,761.0,765.0,818.0,1858.0
AROC,3,1.5028165890924314,0.003909607786450803,3.000728823220197e-08,10,761.0,913.0,269.0,1522.0
NGNE,3,0.7731386745384943,0.0005782017924255565,1.2520501536415765e-09,20,761.0,1285.0,641.0,2132.0
SNAP,3,0.6988952358552317,0.0008673026886383347,1.100180865729437e-12,35,761.0,1384.0,524.0,3016.0
SON,3,1.7604884913022532,0.0005782017924255565,5.277297222701181e-10,16,761.0,846.0,641.0,2289.0
SPGI,3,2.108081521153835,0.00028910089621277823,2.4866378677719803e-08,30,761.0,785.0,818.0,1551.0
NMIH,3,2.2813087033553443,0.0,2.8769527946318957e-08,14,761.0,735.0,1254.0,1530.0
NKX,3,2.1793704387492734,0.0,6.5984246023718646e-09,33,761.0,760.0,1254.0,1737.0
NRIM,3,2.1179722113704478,0.0,0.0027928207040158705,40,761.0,781.0,1254.0,161.0
NPO,3,1.800702669739064,0.0005782017924255565,4.363200049967971e-06,16,761.0,840.0,641.0,550.0
BLDR,3,2.116981706331111,0.0,2.948429884046901e-10,55,761.0,783.0,1254.0,2399.0
BLDP,3,1.2857220761622135,0.0017346053772766695,1.2873762058448167e-10,42,761.0,1031.0,388.0,2513.0
EXR,3,2.4501736365118774,0.0,5.959232340920931e-12,11,761.0,710.0,1254.0,2870.0
EXP,3,2.1214118841103144,0.0005782017924255565,8.190791291359613e-13,55,761.0,780.0,641.0,3032.0
APO,3,2.191097171362282,0.0,2.413360790552495e-08,54,761.0,757.0,1254.0,1555.0
SHIP,3,1.0344380474224861,0.005059265683723617,2.637586080295846e-16,25,761.0,1152.0,198.0,3427.0
CTAS,3,1.7752973843859996,0.005058302014069576,1.3923411955059171e-06,43,761.0,844.0,199.0,755.0
SLS,3,0.4841468874235153,0.0005782017924255565,1.318146121449972e-11,20,761.0,2227.0,641.0,2780.0
APH,3,1.9430598627855558,0.0008673026886383349,5.942497435072247e-08,4,761.0,810.0,515.0,1418.0
NSC,3,2.2830807606132586,0.004482991230606149,7.046466804362125e-08,16,761.0,734.0,224.0,1378.0
NSA,3,2.2395057796858935,0.0,5.423709548608133e-12,11,761.0,742.0,1254.0,2884.0
MTG,3,2.548944172545429,0.0,3.339690948715491e-08,14,761.0,696.0,1254.0,1504.0
MTD,3,1.8372367972204697,0.00028910089621277823,3.7406270454812623e-10,53,761.0,833.0,818.0,2360.0
CRS,3,1.9532320049535021,0.004196781343355498,2.6448327270716926e-14,24,761.0,807.0,248.0,3265.0
AGNC,3,2.345489191504375,0.0,4.7497424200688825e-11,14,761.0,724.0,1254.0,2647.0
AGM,3,1.2534500951820857,0.0005782017924255565,0.0008688422866668789,2,761.0,1047.0,641.0,185.0
AGCO,3,2.140679253750862,0.0005782017924255565,1.2760625631206495e-07,16,761.0,775.0,641.0,1285.0
TCOM,3,1.4919899660694023,0.0008673026886383349,9.730233689377345e-15,22,761.0,919.0,515.0,3312.0
GLBS,3,0.838604527385844,0.004197745013009538,1.0206355478515064e-16,25,761.0,1250.0,246.0,3443.0
GLAD,3,2.092957521140213,0.00028910089621277823,1.5930548524281038e-10,5,761.0,788.0,818.0,2483.0
CHGG,3,0.5687881805557665,0.0014455044810638912,1.92040716651732e-09,59,761.0,1873.0,418.0,1980.0
VKTX,3,0.878866159346095,0.0008673026886383347,1.695294203111179e-09,20,761.0,1234.0,524.0,2043.0
MRTN,3,1.7321538828672531,0.003909607786450804,1.679087208788178e-12,16,761.0,851.0,266.0,2994.0
APT,3,0.7260846662926432,0.0005782017924255565,8.028632069167896e-14,20,761.0,1325.0,641.0,3207.0
NVS,3,1.6246764454990656,0.0008673026886383347,1.2064230796392988e-07,36,761.0,870.0,524.0,1292.0
SFM,3,1.0657718843238948,0.0005782017924255565,5.310869814095165e-11,45,761.0,1139.0,641.0,2636.0
BKNG,3,1.7217456272723832,0.001156403584851113,8.010160437965351e-12,11,761.0,854.0,462.0,2826.0
NUS,3,1.3353083481638646,0.003909607786450803,4.61521074820376e-08,31,761.0,1008.0,269.0,1460.0
IHD,3,2.087527004042598,0.03767851980341139,1.2200857711855558e-06,22,761.0,789.0,30.0,771.0
IEX,3,2.1350735789357733,0.00011676276141275018,2.1722551035509166e-07,16,761.0,777.0,1148.0,1224.0
FIVE,3,1.3825518015320046,0.0011564035848511131,6.885883149129337e-12,4,761.0,980.0,459.0,2849.0
MGEE,3,2.1134857761446444,5.211682822883418e-07,7.2732612540277274e-09,8,761.0,784.0,1228.0,1730.0
THC,3,1.7471883813718607,0.0005782017924255565,4.816516212334224e-10,52,761.0,848.0,641.0,2306.0
COR,3,1.932844646158419,0.004482991230606148,6.063599927508717e-13,21,761.0,811.0,225.0,3047.0
TK,3,1.3425279977372262,0.0005782017924255565,1.422617402588351e-14,49,761.0,1004.0,641.0,3291.0
MGA,3,1.5499871132236283,0.00028910089621277823,2.4928614416239714e-11,31,761.0,897.0,818.0,2692.0
ATEX,3,0.5357397051793705,0.0005782017924255565,2.4895224332756347e-06,4,761.0,2025.0,641.0,700.0
ASX,3,1.6134765991806383,0.0005782017924255565,1.557025591532902e-10,57,761.0,872.0,641.0,2486.0
AZO,3,1.8616151597297224,0.0005782017924255565,3.440143234060509e-10,27,761.0,826.0,641.0,2374.0
VTRS,3,1.2188082376796023,0.0008673026886383347,3.1377838053096455e-06,4,761.0,1066.0,524.0,650.0
VTN,3,2.105264260589812,0.0,1.3229681596555691e-09,33,761.0,786.0,1254.0,2120.0
VST,3,1.2813223581285618,0.0005782017924255566,4.515032748585696e-10,16,761.0,1032.0,632.0,2320.0
CG,3,2.214282390991045,0.0,2.4929777669972e-08,54,761.0,751.0,1254.0,1550.0
ACNB,3,1.3752628809358667,0.001156403584851113,3.333580915210005e-05,1,761.0,985.0,462.0,394.0
WEX,3,1.9514773718809322,0.0008673026886383347,8.548359084740454e-05,54,761.0,808.0,524.0,352.0
NXG,3,2.1544717846170944,0.0,3.54935335407442e-08,10,761.0,770.0,1254.0,1497.0
SBS,3,1.7280520539316364,0.0011564035848511131,2.7853825000302527e-14,24,761.0,853.0,459.0,3260.0
BEN,3,2.175757689246396,0.0,8.267413848981472e-06,54,761.0,762.0,1254.0,469.0
FRO,3,1.8718388664844459,0.006781343355497733,1.2793522283524818e-10,49,761.0,822.0,157.0,2515.0
MA,3,2.2051995140651597,0.015397513732292568,3.016657564129979e-07,50,761.0,752.0,72.0,1170.0
M,3,1.912567092793128,0.0005782017924255565,4.015431739089529e-10,48,761.0,816.0,641.0,2344.0
LZB,3,1.5874965618369548,0.00448395490026019,4.116902942260096e-06,4,761.0,882.0,222.0,574.0
TPC,3,0.8699020317085387,0.0005782017924255565,3.997231131040088e-12,16,761.0,1238.0,641.0,2935.0
LXP,3,2.269754533906599,0.0,5.73702293474686e-11,11,761.0,738.0,1254.0,2626.0
BFH,3,1.5772583226442043,0.00028910089621277823,0.00031070825978557704,54,761.0,885.0,818.0,308.0
MFA,3,1.551667031710478,0.00028910089621277823,1.5552121521922662e-11,14,761.0,893.0,818.0,2754.0
MHD,3,2.117952233660014,0.0,6.944153581933739e-09,33,761.0,782.0,1254.0,1733.0
FIX,3,1.7034688647863117,0.0005782017924255565,6.627037561518518e-10,16,761.0,855.0,641.0,2231.0
SBET,3,0.47765182242109794,0.0005782017924255565,2.165161657641584e-09,42,761.0,2249.0,641.0,1937.0
AJG,3,2.309457177882386,0.0,1.2314880638373078e-07,54,761.0,730.0,1254.0,1288.0
RWT,3,2.2438360812664246,0.0,1.7758930321096038e-11,14,761.0,741.0,1254.0,2741.0
RVTY,3,1.4210827516940685,0.0005782017924255565,8.299847066435808e-12,53,761.0,958.0,641.0,2821.0
CZR,3,1.899769696975421,0.0004331695094921461,1.165048794637453e-12,58,761.0,818.0,757.0,3011.0
GLV,3,2.2729806498854073,0.0,2.4540049029991663e-06,29,761.0,737.0,1254.0,702.0
GPC,3,1.6361114441869973,0.001156403584851113,2.063441101556342e-08,27,761.0,866.0,462.0,1576.0
HUN,3,2.0629796650970644,0.0014455044810638912,5.366953080300895e-13,31,761.0,793.0,418.0,3056.0
ICE,3,1.764881243488857,0.0008673026886383349,3.69634117344751e-10,30,761.0,845.0,515.0,2362.0
WEN,3,1.5100484179641471,0.0008673026886383347,2.662992909362652e-13,19,761.0,909.0,524.0,3105.0
WBD,3,1.602244754200425,0.0005782017924255565,3.214621155727524e-08,4,761.0,877.0,641.0,1512.0
WB,3,1.5912899910611964,0.00419774501300954,1.7543539726379784e-13,22,761.0,880.0,240.0,3144.0
IBKR,3,0.9822967368173637,0.0005782017924255565,4.042200645333483e-06,54,761.0,1181.0,641.0,581.0
IIF,3,1.565813407773565,0.00419774501300954,1.6975441633406903e-08,28,761.0,887.0,240.0,1608.0
OMF,3,1.5647030764455312,0.001156403584851113,0.00019457707143445577,54,761.0,888.0,462.0,327.0
TTEK,3,1.4918494194099174,0.0005782017924255565,4.187295050844709e-06,4,761.0,920.0,641.0,564.0
GAB,3,1.9490476346741097,0.00028910089621277823,2.925656291896446e-06,29,761.0,809.0,818.0,670.0
G,3,1.6268962674433403,0.0008673026886383347,1.2977695455937094e-06,29,761.0,869.0,524.0,763.0
LMT,3,2.0749386947247914,0.0005782017924255565,1.9407649134559047e-08,34,761.0,792.0,641.0,1585.0
FTNT,3,1.5361465291588972,0.0005782017924255565,5.4936838858996444e-14,35,761.0,901.0,641.0,3232.0
LPX,3,1.9573545844929878,0.007549497650934361,5.923195639158002e-14,55,761.0,806.0,137.0,3226.0
LPLA,3,2.075696950953838,0.0008673026886383347,0.0005138005433533454,54,761.0,791.0,524.0,270.0
LUV,3,2.1641413100462255,0.0,1.76933624874265e-12,18,761.0,766.0,1254.0,2988.0
TWO,3,1.0202036084964146,0.0005782017924255565,2.409530947538329e-12,14,761.0,1160.0,641.0,2967.0
TXT,3,1.657258093317087,0.003469210754553339,0.0002856927416804621,34,761.0,860.0,324.0,314.0
LAD,3,2.134952432046594,0.0,2.189321734638144e-11,31,761.0,778.0,1254.0,2711.0
TROW,3,2.1956088502590907,4.2510573549862956e-05,9.576678479855905e-06,54,761.0,756.0,1170.0,453.0
DDD,3,0.904834239669255,0.0005782017924255565,1.7241145128650235e-10,42,761.0,1219.0,641.0,2476.0
DIN,3,1.5166831012477782,0.003920749612517779,4.362975872897746e-12,19,761.0,905.0,257.0,2922.0
ROST,3,1.9728657331891064,0.008667244868459092,4.929287315811469e-08,4,761.0,804.0,123.0,1446.0
PAC,3,2.2218973460825326,0.0005782017924255565,1.7974079591561492e-08,32,761.0,748.0,641.0,1597.0
APAM,3,2.0544124556160357,0.00028910089621277823,9.203958814907236e-06,54,761.0,796.0,818.0,459.0
EIG,3,1.6484214816864386,0.0014455044810638912,5.324106779468054e-08,44,761.0,863.0,418.0,1428.0
ALV,3,2.0457009761617035,0.00028910089621277823,2.4946149408168934e-11,31,761.0,797.0,818.0,2691.0
KMT,3,2.1452593938574784,0.0,7.654703089875715e-06,16,761.0,774.0,1254.0,481.0
VUZI,3,0.7071454741837367,0.001156403584851113,5.698003219625395e-07,42,761.0,1359.0,462.0,960.0
UVE,3,1.3268001455573917,0.0008673026886383347,3.0155747892267727e-10,44,761.0,1011.0,524.0,2397.0
VGI,3,2.1461776862079383,0.0,9.99868943113768e-07,29,761.0,773.0,1254.0,799.0
AWR,3,2.291248178747312,0.00014455044810638912,1.926574933277886e-09,8,761.0,732.0,1138.0,1979.0
BCE,3,1.9716954879678985,0.0005782017924255565,1.3173121948769667e-10,8,761.0,805.0,641.0,2511.0
KRO,3,1.4832641830714088,0.0005782017924255565,1.3994586653334978e-15,31,761.0,924.0,641.0,3395.0
TSM,3,1.9173007340183634,0.004485882239568275,7.852509470570864e-09,57,761.0,812.0,219.0,1720.0
RHI,3,1.839891521359009,0.0008673026886383347,6.131002600290548e-08,41,761.0,832.0,524.0,1414.0
RGNX,3,1.0482086525823442,0.0005782017924255565,2.4763033939479827e-09,20,761.0,1146.0,641.0,1902.0
RNG,3,1.5166984917981103,0.0005782017924255565,3.374127751867754e-15,35,761.0,904.0,641.0,3366.0
RS,3,2.222079970126906,0.0,9.510911467953821e-14,24,761.0,747.0,1254.0,3200.0
AMRN,3,0.5293961434117647,0.0047711284571648836,1.3469673677513238e-09,20,761.0,2047.0,209.0,2115.0
PFGC,3,1.736531279221894,0.003621470559892069,5.506312488173782e-12,11,761.0,849.0,302.0,2882.0
RDN,3,2.5108057618045017,0.0,3.2789845943445544e-08,14,761.0,704.0,1254.0,1509.0
BSBR,3,2.3280761200829234,0.014940734316276379,3.8811756082579176e-13,24,761.0,728.0,74.0,3076.0
ALL,3,1.8310474548820221,0.0005782017924255566,2.1561602952263258e-07,54,761.0,835.0,632.0,1226.0
RGA,3,2.1494193843611367,0.0,0.0005498925791309985,54,761.0,771.0,1254.0,256.0
CHSCN,3,2.326817528881415,0.0036214705598920675,5.174877834363954e-09,29,761.0,729.0,319.0,1765.0
CIG,3,1.8458786614932907,0.0005782017924255565,8.99724343274975e-15,24,761.0,829.0,641.0,3315.0
BYFC,3,0.6257993156237651,0.0008673026886383349,2.2117539491419786e-11,5,761.0,1654.0,515.0,2707.0
ADP,3,1.86004396760415,0.011234460826828564,1.0741300938905478e-06,0,761.0,827.0,102.0,788.0
URBN,3,1.8316376649660238,0.0017346053772766695,4.1620511497186956e-10,48,761.0,834.0,388.0,2337.0
UNP,3,2.2186995195840367,0.0005782017924255566,7.734508972702141e-10,16,761.0,749.0,632.0,2211.0
UNH,3,1.8711539814510725,0.008667244868459092,2.5488745899434693e-09,21,761.0,823.0,123.0,1893.0
KODK,3,0.7484129692412035,0.0005782017924255565,4.358198499615425e-07,42,761.0,1305.0,641.0,1056.0
AMZN,3,1.7834861762988974,0.0017346053772766695,4.640310326139533e-09,35,761.0,841.0,388.0,1782.0
AMT,3,2.2359299952015794,0.0005782017924255565,1.7547225638961784e-09,8,761.0,743.0,641.0,2025.0
EDD,3,1.5530850038127284,0.00028910089621277823,1.0568300685466799e-07,29,761.0,892.0,818.0,1314.0
EG,3,2.179357857342425,0.0005782017924255565,2.4336979456350146e-07,54,761.0,761.0,641.0,1214.0
BRO,3,2.0111085146052017,0.00028910089621277823,1.1521789641236742e-07,54,761.0,800.0,818.0,1301.0
QURE,3,0.7260117544679561,0.003909607786450804,1.6700119504530966e-09,20,761.0,1326.0,266.0,2050.0
CAH,3,1.6826746056290598,0.0005782017924255566,1.745709489245756e-14,21,761.0,857.0,632.0,3280.0
HEI,3,1.7355969780706033,0.0005782017924255565,2.3009270450550918e-08,29,761.0,850.0,641.0,1560.0
GRX,3,2.138124150268241,0.0,2.8907213611891717e-06,29,761.0,776.0,1254.0,672.0
HCC,3,1.3919354852798052,0.004196781343355498,2.1591453976528324e-13,24,761.0,977.0,248.0,3130.0
BBD,3,2.4425145452989376,0.00028910089621277823,6.887373993114056e-14,24,761.0,711.0,818.0,3215.0
JOF,3,0.7946372063254695,0.0039096077864508045,9.858471822524073e-07,29,761.0,1270.0,262.0,800.0
GDOT,3,0.7662388684099197,0.0005782017924255565,9.740790841903851e-07,29,761.0,1290.0,641.0,801.0
GDC,3,0.5498814017707772,0.0008673026886383347,1.02384287768735e-11,59,761.0,1966.0,524.0,2797.0
KOSS,3,0.9306942673885983,0.0008673026886383349,9.212021886063554e-16,11,761.0,1205.0,515.0,3402.0
KOPN,3,0.8890545449700602,0.0008673026886383347,6.343139613439797e-07,42,761.0,1230.0,524.0,921.0
URI,3,2.1802302090051158,0.00028910089621277823,4.653195497345327e-06,16,761.0,759.0,818.0,527.0
ADSK,3,1.7293240617014574,0.0005782017924255565,6.429462268136547e-14,35,761.0,852.0,641.0,3222.0
WTS,3,1.9960566573183454,0.0008673026886383347,5.004615843700859e-06,4,761.0,802.0,524.0,510.0
WMK,3,1.372009696998218,0.0014455044810638912,1.6688509469464947e-06,45,761.0,986.0,418.0,737.0
WM,3,2.0781084017840636,0.0002891008962127783,5.426789661096459e-10,43,761.0,790.0,795.0,2281.0
CACI,3,1.8663126107598866,0.0008673026886383347,1.2691461632599548e-10,34,761.0,824.0,524.0,2518.0
CCK,3,1.7777446433523671,0.0005782017924255565,4.134524224144171e-06,4,761.0,843.0,641.0,570.0
WSR,3,2.147241596691231,0.0,1.2657280102873458e-09,11,761.0,772.0,1254.0,2130.0
HNI,3,1.345091788601991,0.0005782017924255565,1.0840668149088277e-09,31,761.0,998.0,641.0,2175.0
HMN,3,1.6349509168002117,0.006206996241688349,0.0008711706127042088,44,761.0,868.0,164.0,184.0
ABT,3,1.5481879998564347,0.0008673026886383347,6.6171075414086296e-12,53,761.0,899.0,524.0,2851.0
BCC,3,1.8897934395869713,0.011455743874010028,8.055900041964953e-13,55,761.0,820.0,100.0,3033.0
YORW,3,1.6962558663376308,0.0005782017924255565,3.737935277223353e-12,8,761.0,856.0,641.0,2941.0
YUM,2,1.2055600166376172,0.00028910089621277823,1.72963709770442e-14,19,949.0,1074.0,818.0,3281.0
AA,2,1.3605600907285043,0.00028910089621277823,1.2562319322298209e-11,24,949.0,991.0,818.0,2787.0
ZTS,2,1.1697117215001847,0.00028910089621277823,1.4891233846987474e-08,53,949.0,1094.0,818.0,1629.0
CASY,2,0.8999078851835428,0.00028910089621277823,2.993802830946938e-06,4,949.0,1221.0,818.0,662.0
CAT,2,1.3977609314937296,0.0011564035848511131,7.62967410741442e-08,16,949.0,974.0,459.0,1358.0
XELB,2,0.3172306821005636,0.00028910089621277823,1.640143805370156e-06,4,949.0,2825.0,818.0,740.0
XIFR,2,1.0702104338154093,0.00028910089621277823,1.3177158331835296e-10,8,949.0,1136.0,818.0,2510.0
XPL,2,0.4669480087900573,0.00028910089621277823,4.805327141753165e-12,26,949.0,2300.0,818.0,2903.0
ACCO,2,0.7877614953830876,0.0002891008962127783,8.299073711802013e-07,42,949.0,1273.0,795.0,825.0
HCA,2,1.4633286225574438,0.0008673026886383347,2.3468547876572954e-08,52,949.0,931.0,524.0,1558.0
HAIN,2,0.6199464748426863,0.00028910089621277823,1.59733141178372e-16,15,949.0,1674.0,818.0,3433.0
HAS,2,1.0513981472631166,0.00028910089621277823,5.016466576296548e-10,55,949.0,1145.0,818.0,2298.0
HASI,2,1.0518126645513883,0.00491471523561723,8.445360403928958e-07,42,949.0,1144.0,201.0,820.0
GSK,2,1.1257903027265632,0.00028910089621277823,2.0084672701991816e-09,36,949.0,1111.0,818.0,1959.0
WPRT,2,0.6254937478295561,0.00028910089621277823,6.761260014998892e-07,42,949.0,1655.0,818.0,895.0
WY,2,1.4395752429039415,0.0002891008962127783,6.416625771377338e-15,55,949.0,945.0,795.0,3331.0
WWR,2,0.3929925460994135,0.00028910089621277823,8.430314083378165e-11,42,949.0,2570.0,818.0,2576.0
WWD,2,1.328628220151138,0.0005782017924255565,4.202080397008245e-06,16,949.0,1010.0,641.0,562.0
ACH,2,0.37412415067925475,0.00028910089621277823,7.04427024494519e-16,21,949.0,2638.0,818.0,3412.0
WHF,2,0.7709624566635932,0.00028910089621277823,6.717455590945582e-11,5,949.0,1286.0,818.0,2609.0
WLY,2,1.017090113046546,0.00028910089621277823,3.429560532064719e-06,4,949.0,1161.0,818.0,627.0
CCI,2,1.6164730772666833,0.0,9.728250552714778e-11,8,949.0,871.0,1254.0,2560.0
CCEC,2,0.6884554498840749,0.00028910089621277823,1.556243585859789e-09,10,949.0,1416.0,818.0,2072.0
CC,2,1.2753074639287254,0.001156403584851113,2.2469108705922254e-14,31,949.0,1034.0,462.0,3274.0
WK,2,1.0520881714055048,0.0005782017924255565,9.816690288613319e-15,35,949.0,1143.0,641.0,3311.0
WSO,2,0.93654127035976,0.00028910089621277823,5.970912634655826e-12,16,949.0,1202.0,818.0,2869.0
HMC,2,1.2968493414209896,0.00028910089621277823,1.2652983144276896e-08,54,949.0,1026.0,818.0,1644.0
BB,2,0.6278499905213244,0.00028910089621277823,1.0873281328994748e-14,11,949.0,1648.0,818.0,3308.0
BATRA,2,1.5293029460066299,0.00028910089621277823,1.1790162794448993e-06,29,949.0,902.0,818.0,778.0
BAP,2,0.5444100131829381,0.00028910089621277823,6.3056431021062e-08,54,949.0,1991.0,818.0,1405.0
QSR,2,1.1225738737373483,0.0005782017924255565,2.669256820331533e-13,19,949.0,1112.0,641.0,3103.0
QNRX,2,0.3682912508132826,0.00028910089621277823,8.793972963396385e-10,20,949.0,2661.0,818.0,2201.0
QMCO,2,0.41253980121604616,0.00028910089621277823,4.5753376600699035e-07,42,949.0,2508.0,818.0,1040.0
QGEN,2,0.6004716468774407,0.00028910089621277823,5.357630364700946e-12,53,949.0,1741.0,818.0,2888.0
PZZA,2,0.7846932413725825,0.00028910089621277823,1.1853825679192096e-14,19,949.0,1275.0,818.0,3303.0
RARE,2,0.6566675202574859,0.00028910089621277823,2.6075043547509277e-09,20,949.0,1531.0,818.0,1884.0
BRN,2,0.725623259435524,0.00028910089621277823,1.1428360718336927e-16,10,949.0,1328.0,818.0,3439.0
DOX,2,0.662115888041916,0.00028910089621277823,3.4092051400968486e-10,0,949.0,1508.0,818.0,2376.0
RAIL,2,0.4716864017484761,0.00028910089621277823,5.244331923078764e-07,42,949.0,2275.0,818.0,995.0
RA,2,0.8988653420020798,0.00028910089621277823,4.1753220637508585e-07,29,949.0,1222.0,818.0,1068.0
R,2,1.172305675500793,0.008790594584176544,2.50023657421173e-06,16,949.0,1092.0,121.0,699.0
QXO,2,0.36189327052638615,0.00028910089621277823,8.394267737536971e-12,20,949.0,2677.0,818.0,2819.0
PIPR,2,1.4778750566338297,0.0,0.00034679186439578856,54,949.0,926.0,1254.0,300.0
PMO,2,1.3244057035206258,0.00028910089621277823,4.679827159963575e-10,33,949.0,1013.0,818.0,2310.0
EAT,2,1.3683663055255573,0.004482991230606148,3.3176778624802043e-13,19,949.0,987.0,225.0,3085.0
PRLB,2,1.011525535389513,0.0014455044810638912,7.800703080648907e-07,42,949.0,1165.0,418.0,840.0
PEBK,2,0.8924375876840254,0.00028910089621277823,6.115372626371793e-06,47,949.0,1227.0,818.0,496.0
PDS,2,1.0232864911060082,0.00028910089621277823,3.5180776807036965e-09,10,949.0,1157.0,818.0,1828.0
RDI,2,0.4677402217509147,0.0002891008962127783,5.012677424061588e-11,11,949.0,2296.0,795.0,2644.0
RDHL,2,0.35996320883762156,0.00028910089621277823,3.1362218426301734e-07,42,949.0,2686.0,818.0,1157.0
RDGT,2,0.254426833437561,0.0002891008962127783,1.1274098258079349e-09,42,949.0,2999.0,795.0,2164.0
RCS,2,0.6700825007110359,0.00028910089621277823,1.2646648622543454e-08,29,949.0,1475.0,818.0,1645.0
DJP,2,1.0109334652781747,0.00028910089621277823,2.6618308072696234e-09,10,949.0,1167.0,818.0,1876.0
DLX,2,0.9836408460292514,0.00028910089621277823,0.0008455649976002379,13,949.0,1180.0,818.0,188.0
BSAC,2,1.2647884212568055,0.0014455044810638912,1.002560537128968e-06,12,949.0,1040.0,418.0,798.0
REX,2,1.0440922293187263,0.004195817673701453,3.919125947530682e-09,10,949.0,1149.0,252.0,1807.0
PII,2,1.2659654421826732,0.00028910089621277823,5.2660193336809656e-08,4,949.0,1039.0,818.0,1430.0
PHIO,2,0.33334228572578095,0.00028910089621277823,6.955504980269917e-16,20,949.0,2768.0,818.0,3413.0
PGP,2,0.8032940419332363,0.0005782017924255565,1.4205734101772806e-07,29,949.0,1262.0,641.0,1275.0
PGEN,2,0.6987190026699912,0.00028910089621277823,1.957033398726969e-09,20,949.0,1385.0,818.0,1967.0
PFIS,2,1.1131712729910712,0.00028910089621277823,0.0005327735268484168,37,949.0,1120.0,818.0,263.0
PLAB,2,0.8263122201608031,0.00028910089621277823,2.2849717579599863e-10,57,949.0,1255.0,818.0,2425.0
PCTY,2,1.3439604891620118,0.0002891008962127783,1.1632336611196338e-14,35,949.0,1000.0,795.0,3304.0
ALTO,2,0.5864883937342422,0.00028910089621277823,2.1946377126956984e-12,10,949.0,1800.0,818.0,2974.0
RL,2,1.3620528566949537,0.00028910089621277823,4.732261357004977e-08,48,949.0,989.0,818.0,1453.0
RIGL,2,0.4495093058074585,0.0002891008962127783,1.6927059627817681e-09,20,949.0,2370.0,795.0,2045.0
RGR,2,0.9278612970715466,0.0036326156089344754,2.1540565378050218e-08,4,949.0,1211.0,288.0,1570.0
ROG,2,0.6500461348074004,0.00028910089621277823,2.3320625606097e-13,57,949.0,1563.0,818.0,3119.0
DGZ,2,0.5273016686580959,0.00028910089621277823,2.1144859540292027e-11,41,949.0,2066.0,818.0,2717.0
DLTR,2,0.9854270927837594,0.00028910089621277823,8.552327957157062e-14,4,949.0,1177.0,818.0,3205.0
RLI,2,1.1590242082666649,0.00028910089621277823,2.1712697710469722e-07,54,949.0,1099.0,818.0,1225.0
PBT,2,0.8453387514584518,0.003621470559892068,3.384129357236794e-09,10,949.0,1246.0,314.0,1834.0
PBR-A,2,1.63597903048059,0.003758311650766117,5.015887476765424e-14,24,949.0,867.0,279.0,3238.0
PBR,2,1.4764776848951449,0.003469210754553339,1.0205828860795966e-13,24,949.0,927.0,324.0,3193.0
PENN,2,1.4255652068729932,9.636696540425941e-07,2.0742177450779533e-13,58,949.0,955.0,1217.0,3133.0
EFOR,2,0.7754400658892592,0.00028910089621277823,4.607737079828519e-10,41,949.0,1283.0,818.0,2313.0
EEA,2,1.2812376579233846,0.00028910089621277823,1.285018563985011e-06,29,949.0,1033.0,818.0,764.0
EDU,2,1.1837889429344213,0.0005782017924255566,7.698264485476878e-15,22,949.0,1084.0,632.0,3324.0
ENB,2,1.4981277455684667,0.0,1.8472994098724437e-09,10,949.0,916.0,1254.0,1998.0
ONIT,2,0.7331682902113135,0.00028910089621277823,3.3438856694755776e-10,14,949.0,1317.0,818.0,2382.0
ORGO,2,0.41180762216232325,0.00028910089621277823,1.2402362155437311e-08,4,949.0,2511.0,818.0,1647.0
RRR,2,1.4883473210760694,0.0,1.2398951817566066e-12,58,949.0,923.0,1254.0,3005.0
DCH,2,1.1694853335632307,0.00028910089621277823,1.1311477607809866e-09,31,949.0,1095.0,818.0,2163.0
DHT,2,1.3822582123114815,0.006206032572034305,5.60927646320412e-12,49,949.0,982.0,165.0,2878.0
RPM,2,1.3433785319685942,0.00028910089621277823,4.67586084469779e-13,31,949.0,1003.0,818.0,3068.0
RPD,2,1.0572246665956835,0.00028910089621277823,5.3430976974751743e-14,35,949.0,1141.0,818.0,3235.0
ROK,2,1.4371871709513186,0.0,4.645195552951459e-06,16,949.0,946.0,1254.0,529.0
OPTT,2,0.33303072909641435,0.00028910089621277823,2.9916982301310613e-07,42,949.0,2771.0,818.0,1174.0
OXLC,2,1.3251887463969383,0.00028910089621277823,2.5287552657676684e-09,5,949.0,1012.0,818.0,1895.0
OSK,2,1.4325392986357517,0.001156403584851113,1.298362767289486e-07,16,949.0,950.0,462.0,1282.0
AON,2,1.462596296628456,0.0,1.1368427955180167e-07,54,949.0,933.0,1254.0,1305.0
PATK,2,1.4069241683516567,0.0,6.353948188124104e-10,4,949.0,970.0,1254.0,2239.0
EIX,2,1.0957779517052422,0.00028910089621277823,1.3678727106210912e-10,8,949.0,1123.0,818.0,2504.0
ENR,2,0.8871304594766372,0.00028910089621277823,3.3816211657958247e-06,4,949.0,1231.0,818.0,631.0
OLLI,2,0.4740009172483358,0.00028910089621277823,7.644272997997062e-14,4,949.0,2267.0,818.0,3209.0
SBR,2,0.8001207113887937,0.00028910089621277823,4.0603339774883675e-09,10,949.0,1265.0,818.0,1802.0
DAR,2,1.086981307863136,0.0039086441167967625,4.143574746306614e-06,4,949.0,1128.0,273.0,568.0
SCL,2,1.0376712766727643,0.0008673026886383347,2.0618915730653853e-11,31,949.0,1151.0,524.0,2719.0
SEED,2,0.41232660206250327,0.00028910089621277823,3.2688597260633925e-07,42,949.0,2510.0,818.0,1140.0
RUSHB,2,1.489302578628587,0.003621470559892069,1.2371926007163973e-09,16,949.0,922.0,302.0,2136.0
SBAC,2,1.590706126555517,0.0,9.452885882764168e-11,8,949.0,881.0,1254.0,2563.0
DAKT,2,0.5081915317489922,0.0005782017924255565,5.576810259244796e-07,42,949.0,2132.0,641.0,968.0
CZNC,2,1.032079843616072,0.00028910089621277823,0.0009038878183191534,17,949.0,1155.0,818.0,178.0
CZFS,2,0.5880558414243027,0.00028910089621277823,0.0004435948282281486,56,949.0,1792.0,818.0,288.0
DEO,2,1.0809194906903152,0.001156403584851113,4.844136099397815e-13,7,949.0,1131.0,462.0,3066.0
DECK,2,1.056683448926691,0.00028910089621277823,3.807367756644221e-10,48,949.0,1142.0,818.0,2354.0
SCI,2,0.9635774016394236,0.0036214705598920692,1.908005926530522e-05,29,949.0,1191.0,293.0,426.0
OLED,2,0.7968843398016797,0.00028910089621277823,9.509156157567257e-12,57,949.0,1268.0,818.0,2805.0
OKTA,2,0.7056519868976345,0.00028910089621277823,9.710482830737544e-15,35,949.0,1364.0,818.0,3313.0
OPCH,2,0.5345695425374343,0.00028910089621277823,9.553477374411145e-07,54,949.0,2031.0,818.0,805.0
ETD,2,1.112363325650199,0.0039086441167967625,3.6293258600388615e-08,4,949.0,1121.0,273.0,1494.0
NVAX,2,0.48439033884300187,0.001156403584851113,1.3737867287126272e-09,20,949.0,2225.0,462.0,2108.0
NUV,2,0.9882508610116622,0.00028910089621277823,3.1167956591770445e-10,33,949.0,1176.0,818.0,2394.0
NXTS,2,0.3403650857334669,0.00028910089621277823,1.609714424411636e-09,42,949.0,2749.0,818.0,2061.0
NXE,2,1.3441454981770695,0.00028910089621277823,4.236693299691072e-12,42,949.0,999.0,818.0,2928.0
NWS,2,1.5510520880059255,0.0002891008962127783,4.313123708925855e-06,4,949.0,895.0,795.0,554.0
NWG,2,1.6024139641755553,0.0,9.726118294616953e-11,7,949.0,876.0,1254.0,2561.0
OESX,2,0.3906027501455062,0.00028910089621277823,4.33814849084959e-07,42,949.0,2574.0,818.0,1059.0
ENSG,2,0.9432383342655007,0.0005782017924255565,1.5227766798353885e-08,52,949.0,1197.0,641.0,1624.0
EQT,2,1.3663631832602618,0.00028910089621277823,1.2823179469870187e-13,10,949.0,988.0,818.0,3168.0
EQIX,2,1.3560659178740897,0.00028910089621277823,4.285927740799094e-12,11,949.0,993.0,818.0,2925.0
OCGN,2,0.36661661433214987,0.00028910089621277823,3.1953783869243504e-07,42,949.0,2666.0,818.0,1149.0
OC,2,1.3814673559842672,0.0008673026886383347,1.827777346020527e-11,55,949.0,983.0,524.0,2739.0
OMC,2,1.1445097249599656,0.00028910089621277823,0.0002346159650153312,54,949.0,1105.0,818.0,321.0
OMAB,2,1.501626230560166,0.0,4.160160746343068e-10,32,949.0,914.0,1254.0,2338.0
OLP,2,1.1956527064791622,0.00028910089621277823,4.0974878050170495e-10,11,949.0,1078.0,818.0,2340.0
ERIC,2,0.9687221518029545,0.003908644116796762,7.122194218490123e-07,29,949.0,1188.0,275.0,869.0
BLMN,2,1.3076649497308683,0.00028910089621277823,3.3396460932847707e-15,19,949.0,1021.0,818.0,3367.0
BLKB,2,0.6321090745394233,0.00028910089621277823,3.796935837982814e-06,4,949.0,1633.0,818.0,600.0
APWC,2,0.543585874049571,0.00028910089621277823,1.7553199295797393e-13,42,949.0,1992.0,818.0,3143.0
APVO,2,0.3721031482011231,0.00028910089621277823,7.420480185135633e-07,54,949.0,2643.0,818.0,855.0
SEDG,2,1.2296839011266885,0.00028910089621277823,1.750456223864141e-10,42,949.0,1060.0,818.0,2469.0
ALCO,2,0.5516331819459896,0.00028910089621277823,0.0004981229463494226,40,949.0,1952.0,818.0,277.0
ALB,2,1.2076204212282435,0.002023706273489448,2.51796383136694e-13,24,949.0,1072.0,369.0,3112.0
AKO-B,2,0.628488048920097,0.00028910089621277823,2.2268697693944086e-10,12,949.0,1646.0,818.0,2430.0
SGI,2,1.0448188914937748,0.0002891008962127783,1.0131168874138366e-10,55,949.0,1147.0,795.0,2553.0
CVCO,2,1.2638298046275969,0.00028910089621277823,1.2069581009026658e-10,55,949.0,1041.0,818.0,2527.0
CXW,2,1.2101303408161563,0.0008673026886383347,7.643577423377334e-11,11,949.0,1070.0,524.0,2593.0
CXE,2,1.253999825190646,0.00028910089621277823,4.855861052329152e-10,33,949.0,1045.0,818.0,2304.0
SENEA,2,0.6650221245402572,0.00028910089621277823,0.0005208127045682131,17,949.0,1497.0,818.0,268.0
SID,2,1.4954460018512061,0.0,1.4811030031050953e-11,24,949.0,917.0,1254.0,2766.0
NVDA,2,1.3097430628052997,0.00028910089621277823,2.049760657760081e-10,57,949.0,1019.0,818.0,2441.0
EXPD,2,1.1725270433823387,0.00028910089621277823,1.4585561794054947e-12,16,949.0,1090.0,818.0,3000.0
EXLS,2,1.109802947794111,0.00028910089621277823,2.0559114505652718e-08,29,949.0,1122.0,818.0,1578.0
NOK,2,0.6565745942909165,0.0002891008962127783,9.584845881189986e-09,29,949.0,1533.0,795.0,1695.0
SHOP,2,1.1176209562453217,0.001156403584851113,3.6305499372071245e-09,59,949.0,1115.0,462.0,1825.0
SHEN,2,0.7397310168328495,0.0005782017924255565,0.0004855326628610669,51,949.0,1311.0,641.0,279.0
CTBB,2,1.514348713662172,0.00028910089621277823,1.4653511747688882e-07,29,949.0,906.0,818.0,1274.0
CSX,2,1.5551250226685631,0.0,7.834820802930128e-10,16,949.0,890.0,1254.0,2208.0
CVS,2,0.9674335753434224,0.004781284052749794,4.002615356151034e-11,21,949.0,1189.0,204.0,2660.0
SJM,2,0.9289084982430832,0.0008673026886383347,1.4151976298664166e-14,15,949.0,1209.0,524.0,3292.0
SITE,2,1.2158890017280524,0.0005782017924255565,1.5406609273008143e-11,55,949.0,1068.0,641.0,2759.0
SILC,2,0.44829638582091735,0.00028910089621277823,4.4305924846366226e-07,42,949.0,2376.0,818.0,1051.0
NTAP,2,1.1175445510092907,0.00028910089621277823,8.111486825493532e-07,54,949.0,1116.0,818.0,831.0
NSSC,2,0.48234289100785455,0.00028910089621277823,2.564788553871232e-06,4,949.0,2232.0,818.0,693.0
ARCB,2,0.7844421078204644,0.00028910089621277823,1.5830408457659005e-12,16,949.0,1276.0,818.0,2996.0
AR,2,1.334649306851564,0.0014455044810638912,6.389335385114198e-11,10,949.0,1009.0,418.0,2616.0
ESEA,2,0.6972221175823841,0.005344511901320226,3.3963392352254005e-15,25,949.0,1389.0,185.0,3365.0
NNVC,2,0.47945006466729645,0.0008673026886383347,9.083979065159741e-12,20,949.0,2243.0,524.0,2808.0
NMM,2,0.6568698699829307,0.0036214705598920675,1.1151383657298163e-13,25,949.0,1530.0,319.0,3180.0
SLMBP,2,0.6578946902536892,0.00028910089621277823,3.214378442055334e-08,29,949.0,1524.0,818.0,1513.0
SNDR,2,1.433903679860506,0.0,1.7681950494114285e-12,16,949.0,949.0,1254.0,2989.0
SMSI,2,0.4499512623923571,0.00028910089621277823,3.758556705960388e-07,42,949.0,2367.0,818.0,1105.0
SMP,2,1.0678020700738822,0.00028910089621277823,9.322311876877896e-10,31,949.0,1138.0,818.0,2194.0
SOR,2,0.8276904629691857,0.003621470559892068,1.4887649085768606e-06,29,949.0,1254.0,314.0,744.0
AHT,2,0.7111045086402892,0.00028910089621277823,7.605791021021528e-11,11,949.0,1351.0,818.0,2595.0
SRE,2,1.3157120208767847,0.0005782017924255565,3.762943201760501e-09,8,949.0,1017.0,641.0,1817.0
SQM,2,1.2153111108602321,0.002312807169702226,9.736205115523185e-12,24,949.0,1069.0,354.0,2802.0
CSCO,2,1.1142477984403005,0.00028910089621277823,2.2565450480053123e-05,29,949.0,1119.0,818.0,416.0
CTSH,2,1.220408494989457,0.0005782017924255565,8.040682900642403e-12,0,949.0,1065.0,641.0,2825.0
SPE,2,1.43116619110458,0.0,2.882966936766427e-06,29,949.0,952.0,1254.0,674.0
BL,2,0.5876701611429593,0.00028910089621277823,2.164142217540105e-15,35,949.0,1795.0,818.0,3378.0
BKR,2,1.4207727585100298,0.0,6.40883522736356e-09,10,949.0,960.0,1254.0,1742.0
EXPE,2,1.2349210681288911,0.0005782017924255565,5.843344883591357e-13,11,949.0,1057.0,641.0,3049.0
NCTY,2,0.4894747119769189,0.00028910089621277823,5.50459782165226e-09,42,949.0,2205.0,818.0,1753.0
BIO,2,0.8848985848585893,0.00028910089621277823,7.153020384004789e-12,53,949.0,1232.0,818.0,2844.0
BHK,2,0.993254855824973,0.0036214705598920697,4.1180495212821694e-09,29,949.0,1174.0,292.0,1799.0
FCFS,2,0.8973368013564385,0.00028910089621277823,0.00022488477610796016,54,949.0,1223.0,818.0,324.0
FCEL,2,0.5837211836402532,0.00028910089621277823,3.7593856062066226e-14,42,949.0,1816.0,818.0,3247.0
NBB,2,1.2485861910705551,0.0005782017924255565,4.620232127712256e-10,33,949.0,1050.0,641.0,2312.0
NAVI,2,1.25947419665602,0.00028910089621277823,0.0001796440814364062,54,949.0,1043.0,818.0,329.0
NEE,2,1.2326056730977888,0.0005782017924255565,3.9119179856546625e-09,8,949.0,1059.0,641.0,1808.0
ARL,2,0.37312488091426554,0.00028910089621277823,3.4587877842436414e-06,47,949.0,2639.0,818.0,626.0
NKTR,2,0.549786221660042,0.00028910089621277823,1.6811979546555749e-09,20,949.0,1967.0,818.0,2048.0
NKE,2,1.0121115574569588,0.0002891008962127783,3.8193920559817623e-10,48,949.0,1164.0,795.0,2353.0
EYPT,2,0.476097030552726,0.0005782017924255565,1.4857955552607566e-09,20,949.0,2257.0,641.0,2083.0
BKE,2,0.9484843225837859,0.00028910089621277823,5.344338370119659e-12,48,949.0,1195.0,818.0,2889.0
BIP,2,1.2182542876760447,0.00028910089621277823,9.447122113763245e-08,54,949.0,1067.0,818.0,1328.0
NHS,2,1.408152789293918,0.0,7.978280195610763e-07,29,949.0,969.0,1254.0,836.0
NGG,2,0.7427688907467329,0.001156403584851113,1.8764762404240685e-09,8,949.0,1309.0,462.0,1988.0
MVIS,2,0.4841574057587098,0.00028910089621277823,4.967916883436642e-09,42,949.0,2226.0,818.0,1771.0
FBIZ,2,0.9319214357185515,0.00028910089621277823,0.0008758459507207227,40,949.0,1204.0,818.0,182.0
BGS,2,0.6139192247632854,0.0005782017924255565,9.499920633691213e-16,15,949.0,1699.0,641.0,3401.0
MTZ,2,1.2241727061154735,0.00028910089621277823,6.34359864277429e-10,16,949.0,1063.0,818.0,2240.0
MTRX,2,0.6166458478302678,0.0036214705598920684,7.223038285759587e-07,42,949.0,1689.0,306.0,863.0
SRG,2,0.8670335735008657,0.003908644116796762,3.297935364964996e-10,11,949.0,1239.0,275.0,2384.0
AIT,2,1.3135715546887006,0.003908644116796762,1.290128987552068e-07,16,949.0,1018.0,275.0,1283.0
AIR,2,1.2629458419099993,0.0036214705598920692,5.148402591285302e-08,4,949.0,1042.0,293.0,1435.0
SSD,2,1.224902984671161,0.00028910089621277823,7.618474508674329e-13,55,949.0,1061.0,818.0,3037.0
STRL,2,0.707368684189596,0.00028910089621277823,5.478574104903663e-10,16,949.0,1357.0,818.0,2279.0
BTU,2,0.8647769134565648,0.0036214705598920684,5.451805293115127e-15,24,949.0,1240.0,306.0,3340.0
BTCS,2,0.4290539115340281,0.00028910089621277823,7.241612851620882e-11,42,949.0,2455.0,818.0,2601.0
NAN,2,1.440941213078063,0.0,6.376474221254536e-09,33,949.0,943.0,1254.0,1743.0
MZTI,2,0.8206700581975412,0.00028910089621277823,2.9724393344709127e-13,11,949.0,1256.0,818.0,3095.0
MXC,2,0.6538230082183636,0.00477016478751084,3.3059564793284524e-14,10,949.0,1543.0,210.0,3250.0
NDAQ,2,1.3510179164184648,0.004482991230606148,1.890369594622589e-08,30,949.0,994.0,225.0,1588.0
TDG,2,1.306260223238049,0.0008673026886383347,1.3642019881315883e-06,29,949.0,1022.0,524.0,756.0
TDC,2,0.5985716065760055,0.00028910089621277823,6.345729527614816e-07,42,949.0,1749.0,818.0,920.0
SVRA,2,0.420657300028231,0.0005782017924255565,3.2760161599388133e-07,42,949.0,2475.0,641.0,1139.0
CRIS,2,0.5008624876478509,0.00028910089621277823,1.1043870532373273e-09,20,949.0,2164.0,818.0,2170.0
CRF,2,1.5823087501853255,0.003621470559892068,1.3521920802978378e-06,29,949.0,884.0,314.0,757.0
CRESY,2,1.239216397356825,0.00028910089621277823,2.7915016828869355e-13,24,949.0,1054.0,818.0,3100.0
CRSP,2,0.7996343832582926,0.00028910089621277823,4.850409610453261e-11,20,949.0,1266.0,818.0,2646.0
BURL,2,1.2027159496082487,0.004781284052749794,6.010828175251755e-10,4,949.0,1076.0,204.0,2248.0
BUD,2,1.0853296308982316,0.0014455044810638912,6.589249779436719e-11,7,949.0,1129.0,418.0,2612.0
SUI,2,1.5498764026524257,0.0,2.0989463592498312e-10,11,949.0,898.0,1254.0,2438.0
TAL,2,1.0232748189513217,0.00028910089621277823,1.973512693010883e-15,22,949.0,1158.0,818.0,3382.0
TACT,2,0.31956981340787916,0.0036214705598920684,6.061758459316779e-12,11,949.0,2819.0,306.0,2863.0
T,2,1.1432602599528812,0.00028910089621277823,8.693768489108822e-06,54,949.0,1107.0,818.0,466.0
MSCI,2,1.419021050530739,0.0,2.0606907147286335e-08,30,949.0,961.0,1254.0,1577.0
ARWR,2,0.6930043102327683,0.0036214705598920684,2.051142723035602e-09,20,949.0,1400.0,306.0,1947.0
MTNB,2,0.5623989970226073,0.0008673026886383349,7.393205316209982e-12,20,949.0,1896.0,515.0,2836.0
FELE,2,1.239356490041955,0.00028910089621277823,4.994718883012164e-08,4,949.0,1053.0,818.0,1441.0
FEED,2,0.22142836392123083,0.00028910089621277823,3.963583147145506e-15,35,949.0,3086.0,818.0,3358.0
FDX,2,1.1593625025253238,0.00028910089621277823,4.035914112969438e-06,4,949.0,1098.0,818.0,582.0
MLPB,2,1.4921910222184,0.0,3.885165328235342e-09,10,949.0,918.0,1254.0,1809.0
MLM,2,1.6361827006328618,0.0,7.050624196598241e-14,55,949.0,865.0,1254.0,3214.0
MOV,2,0.9298727191855182,0.00028910089621277823,3.460949818621341e-08,48,949.0,1207.0,818.0,1499.0
MOMO,2,1.1204688170164347,0.00028910089621277823,6.212345791091864e-15,22,949.0,1113.0,818.0,3334.0
MRVL,2,0.8366602962579086,0.00028910089621277823,2.0074732137765864e-10,57,949.0,1252.0,818.0,2443.0
MPV,2,0.9411948449825004,0.00028910089621277823,1.1546274460390216e-07,29,949.0,1199.0,818.0,1299.0
MPLX,2,1.480606328321114,0.0,3.427018262016433e-08,10,949.0,925.0,1254.0,1502.0
MSEX,2,1.3865824271556366,0.0008673026886383347,8.595626809637286e-11,8,949.0,979.0,524.0,2571.0
MSD,2,1.4490024748557515,0.0,1.095138375291953e-07,29,949.0,940.0,1254.0,1308.0
SWZ,2,0.5809980615314438,0.00028910089621277823,6.248094932574877e-07,29,949.0,1825.0,818.0,928.0
CRM,2,1.377316275532995,0.01991905174906042,1.0009060532425787e-10,35,949.0,984.0,56.0,2555.0
CRL,2,0.999584428452794,0.0036214705598920684,1.856617775593912e-08,53,949.0,1172.0,306.0,1592.0
AGIG,2,0.6879264155566128,0.0053445119013202265,5.515734744852836e-11,10,949.0,1419.0,184.0,2630.0
ASND,2,0.5026043378376372,0.00028910089621277823,1.6659489383947039e-09,20,949.0,2152.0,818.0,2053.0
MGYR,2,0.2828851034349277,0.00028910089621277823,6.298575777061755e-10,29,949.0,2919.0,818.0,2241.0
FISV,2,0.9287843886089945,0.00028910089621277823,2.5341737327457677e-11,50,949.0,1210.0,818.0,2688.0
BDX,2,0.9996549101781705,0.00028910089621277823,1.1321146189739433e-13,53,949.0,1171.0,818.0,3178.0
FMX,2,1.2704940100238218,0.00028910089621277823,1.7585679488708877e-08,32,949.0,1037.0,818.0,1600.0
TECK,2,1.1410489238357278,0.004482991230606148,1.3160194636642517e-11,24,949.0,1108.0,225.0,2781.0
TEAM,2,1.1781747209665672,0.00028910089621277823,6.311470329019335e-14,35,949.0,1087.0,818.0,3224.0
TDS,2,1.2383584550316866,0.00028910089621277823,2.22159774264546e-06,51,949.0,1055.0,818.0,718.0
CRD-A,2,1.1453270912883569,0.00028910089621277823,6.587590047843923e-10,31,949.0,1103.0,818.0,2234.0
TGB,2,0.7590468353031443,0.00028910089621277823,5.954613172471814e-13,24,949.0,1296.0,818.0,3048.0
MHLA,2,0.8465693563124582,0.00028910089621277823,1.1788168902548548e-07,29,949.0,1245.0,818.0,1296.0
MLCO,2,1.4172462757775453,0.0,1.1021297119618263e-13,58,949.0,965.0,1254.0,3182.0
MKC,2,1.3391230169434536,0.00028910089621277823,2.405000776644526e-13,15,949.0,1006.0,818.0,3117.0
MIN,2,0.752505874822142,0.00028910089621277823,1.2559465130335185e-10,29,949.0,1300.0,818.0,2520.0
MMU,2,1.4132152656675774,0.0,6.435891475463926e-09,33,949.0,968.0,1254.0,1740.0
MMT,2,1.1404942346022884,0.0005782017924255565,9.397621584951906e-09,29,949.0,1109.0,641.0,1701.0
TRIB,2,0.23243495328379082,0.00028910089621277823,7.204773722706009e-10,29,949.0,3052.0,818.0,2217.0
LYB,2,1.5046360097361107,0.0,5.460886018556365e-13,31,949.0,912.0,1254.0,3054.0
MC,2,1.3922563937083785,0.00028910089621277823,7.597627733164771e-06,54,949.0,976.0,818.0,482.0
MBUU,2,1.3505956521492428,0.0036214705598920692,4.907072535731832e-08,4,949.0,995.0,293.0,1448.0
MBRX,2,0.36848856975738065,0.00028910089621277823,2.6338928496650293e-14,58,949.0,2660.0,818.0,3266.0
MAS,2,1.4213573594908704,0.00028910089621277823,2.0048136931736014e-11,55,949.0,957.0,818.0,2724.0
MDGL,2,0.6196875945642801,0.00028910089621277823,2.275395508794371e-11,20,949.0,1677.0,818.0,2701.0
MCS,2,1.2717094176401047,0.007067553242748384,8.425950814135135e-11,11,949.0,1036.0,151.0,2578.0
FLS,2,1.4152018750283861,0.0,3.1100490571827264e-06,16,949.0,967.0,1254.0,653.0
BG,2,1.187637400961111,0.0002891008962127783,3.2930445666708094e-08,4,949.0,1082.0,795.0,1507.0
MCR,2,1.426645655687981,0.0008673026886383347,4.065513061512889e-07,29,949.0,954.0,524.0,1076.0
MCK,2,1.47275797087707,0.0,1.875914674819627e-14,21,949.0,928.0,1254.0,3279.0
MFIC,2,0.9274398489091178,0.00028910089621277823,2.5631109375805824e-12,5,949.0,1212.0,818.0,2964.0
MFG,2,1.657706663051127,0.0,2.445705451116015e-06,54,949.0,859.0,1254.0,703.0
META,2,1.0012199762281417,0.001156403584851113,8.667980945633558e-11,35,949.0,1170.0,462.0,2570.0
ASR,2,1.510659728372501,0.0,4.206484499285233e-10,32,949.0,908.0,1254.0,2334.0
BELFB,2,1.1166110954501043,0.0036214705598920684,7.505074952816452e-07,42,949.0,1117.0,306.0,851.0
BEEM,2,0.5456285993494355,0.0014455044810638912,4.870489489510358e-07,42,949.0,1985.0,418.0,1018.0
LSCC,2,0.8113988921892844,0.00028910089621277823,1.9801921782121174e-10,57,949.0,1257.0,818.0,2447.0
MAN,2,1.3178557559285884,0.001156403584851113,6.9220087480820215e-06,41,949.0,1016.0,462.0,488.0
LYV,2,1.0925262726061027,0.00028910089621277823,7.590858616078738e-12,11,949.0,1125.0,818.0,2833.0
TJX,2,1.3423372146194765,0.008950563746747615,4.3013942576817445e-06,4,949.0,1005.0,120.0,555.0
TIMB,2,1.4567475997756922,0.00028910089621277823,2.6823552134241575e-14,24,949.0,936.0,818.0,3262.0
TOPS,2,0.597038003774063,0.00028910089621277823,8.225664525763909e-17,25,949.0,1756.0,818.0,3445.0
CNMD,2,1.0401228686501458,0.0002891008962127783,4.2864472991486914e-06,4,949.0,1150.0,795.0,556.0
CPAY,2,1.174256989983523,0.00028910089621277823,7.51612554352676e-07,54,949.0,1088.0,818.0,849.0
CP,2,1.4585768747008023,0.00028910089621277823,7.749671202618356e-12,16,949.0,934.0,818.0,2830.0
COST,2,1.0611843255453168,0.00028910089621277823,5.611677420111087e-13,55,949.0,1140.0,818.0,3053.0
TNET,2,1.0874710200426532,0.00028910089621277823,1.0611957442360424e-06,29,949.0,1127.0,818.0,791.0
TRN,2,1.323495681458117,0.00028910089621277823,2.420221786283935e-06,54,949.0,1014.0,818.0,705.0
TRMB,2,0.8970750709087923,0.00028910089621277823,5.076225334624048e-06,4,949.0,1225.0,818.0,508.0
TRIP,2,0.8917999226303608,0.00028910089621277823,3.735422983769728e-14,11,949.0,1228.0,818.0,3248.0
FTEK,2,0.31537247795950063,0.00028910089621277823,3.138690598347951e-07,42,949.0,2834.0,818.0,1155.0
LKQ,2,1.237184590051799,0.0014455044810638912,1.3005958741624302e-06,27,949.0,1056.0,418.0,762.0
LIXT,2,0.24379876648588067,0.00028910089621277823,7.155511598267751e-12,20,949.0,3028.0,818.0,2843.0
TRC,2,0.683867957811307,0.00028910089621277823,0.0007639033232070551,40,949.0,1432.0,818.0,208.0
TRAW,2,0.35553060723480373,0.00028910089621277823,1.517584144538117e-16,24,949.0,2701.0,818.0,3435.0
TR,2,0.6501159104725206,0.0002891008962127783,8.16610338843789e-15,15,949.0,1561.0,795.0,3321.0
TPST,2,0.5829631810161632,0.0005782017924255565,9.415884290250274e-14,20,949.0,1819.0,641.0,3201.0
TPL,2,0.7874970460307802,0.00028910089621277823,2.488348517548669e-09,10,949.0,1274.0,818.0,1900.0
CMG,2,0.8784333479969337,0.00028910089621277823,7.518914323310206e-07,29,949.0,1235.0,818.0,848.0
CME,2,1.2036406697059818,0.00028910089621277823,7.37459443246957e-12,30,949.0,1075.0,818.0,2837.0
CMCSA,2,1.146361006272703,0.001156403584851113,9.387520512037149e-06,54,949.0,1102.0,462.0,457.0
CNVS,2,0.43186932850708637,0.00028910089621277823,3.1626089555788885e-07,42,949.0,2443.0,818.0,1154.0
AEMD,2,0.2710681030917921,0.00028910089621277823,7.774594922360954e-14,11,949.0,2946.0,818.0,3208.0
LOW,2,1.3825232337457938,0.002023706273489448,9.357668632133188e-13,55,949.0,981.0,369.0,3025.0
LNTH,2,0.5063240930562151,0.00028910089621277823,5.498513200233902e-07,42,949.0,2139.0,818.0,976.0
LVS,2,1.517185311808845,0.0,1.2283087513506028e-13,58,949.0,903.0,1254.0,3171.0
FSLR,2,1.1144229870296636,0.0017346053772766695,1.5311354824430682e-10,42,949.0,1118.0,388.0,2487.0
FWONA,2,1.505733776218253,0.00028910089621277823,1.1255388574881274e-06,29,949.0,911.0,818.0,785.0
LCTX,2,0.6229823103962222,0.00028910089621277823,5.677806957058423e-07,42,949.0,1666.0,818.0,963.0
LCII,2,1.4363016280179937,0.0,6.61028746475266e-10,4,949.0,947.0,1254.0,2232.0
LBTYK,2,1.4225655943929927,0.0005782017924255565,3.3028978608191563e-06,4,949.0,956.0,641.0,636.0
LBTYA,2,1.1815666236037452,0.00028910089621277823,4.845762478232359e-08,4,949.0,1085.0,818.0,1450.0
LEU,2,0.7121227351801284,0.00028910089621277823,1.2851510363760533e-10,42,949.0,1349.0,818.0,2514.0
ATRA,2,0.45712581896576937,0.00028910089621277823,1.7376028387236555e-09,20,949.0,2337.0,818.0,2032.0
ATLO,2,1.0335265957118054,0.0002891008962127783,0.0005508828024558802,6,949.0,1153.0,795.0,254.0
LIND,2,0.9220088721690279,0.00028910089621277823,5.833816794602516e-12,18,949.0,1215.0,818.0,2874.0
LIN,2,1.2730874590235284,0.00028910089621277823,1.99339758914083e-07,29,949.0,1035.0,818.0,1238.0
LILAK,2,1.4457590251392152,0.0036214705598920692,3.638464419395159e-06,4,949.0,941.0,293.0,612.0
LII,2,1.2568416763734733,0.0005782017924255565,6.457807416995938e-10,16,949.0,1044.0,641.0,2237.0
LH,2,1.2989646578396097,0.00028910089621277823,1.1969482841057135e-06,29,949.0,1024.0,818.0,775.0
LMFA,2,0.40824682937171164,0.0002891008962127783,4.082908206651571e-09,42,949.0,2520.0,795.0,1801.0
LLY,2,0.8438906676652271,0.00028910089621277823,1.0752897392736931e-07,29,949.0,1247.0,818.0,1310.0
KYNB,2,0.6594961121067275,0.00028910089621277823,1.5725495199242018e-09,20,949.0,1518.0,818.0,2067.0
ATHM,2,0.6231890135979036,0.00028910089621277823,1.5774897944479189e-13,22,949.0,1665.0,818.0,3155.0
AEHR,2,0.4491906874220172,0.0036214705598920675,1.0920696622462124e-10,57,949.0,2371.0,319.0,2546.0
AEHL,2,0.3159170202338639,0.00028910089621277823,1.0085556442301204e-08,4,949.0,2831.0,818.0,1678.0
TSBK,2,1.0126848803600876,0.00028910089621277823,0.0008254525603744051,23,949.0,1162.0,818.0,196.0
TS,2,1.4046581804771692,0.0,6.34388378847125e-09,10,949.0,972.0,1254.0,1744.0
CNC,2,1.2892639574403053,0.00028910089621277823,2.2424094699671248e-09,21,949.0,1030.0,818.0,1929.0
CNA,2,1.5082887398983347,0.0,2.812601745216017e-05,54,949.0,910.0,1254.0,401.0
TRU,2,1.2912505123170002,0.00028910089621277823,1.6923943478829623e-08,30,949.0,1028.0,818.0,1609.0
TRP,2,1.4581167215866444,0.0,1.7544611701662873e-09,10,949.0,935.0,1254.0,2026.0
TROX,2,1.2960741176899468,0.0008673026886383347,4.09822868422526e-15,31,949.0,1027.0,524.0,3356.0
TTWO,2,1.0054547448761548,0.0002891008962127783,3.150508361795208e-09,35,949.0,1169.0,795.0,1849.0
TT,2,1.3471713326705035,0.0008673026886383347,7.62843304294759e-08,16,949.0,997.0,524.0,1359.0
LEG,2,0.7506039946206257,0.00028910089621277823,1.4737751626353538e-11,55,949.0,1302.0,818.0,2767.0
LDOS,2,1.1635239901124672,0.001156403584851113,1.5699141850183386e-08,34,949.0,1096.0,462.0,1618.0
FT,2,1.4271981463949008,0.0,9.57241632456965e-07,29,949.0,953.0,1254.0,804.0
GEG,2,0.29237125347974835,0.00028910089621277823,3.015431719653183e-07,42,949.0,2894.0,818.0,1171.0
GEF,2,1.4036387846372713,0.00028910089621277823,4.909490137401852e-10,16,949.0,973.0,818.0,2301.0
KT,2,0.9746342503376243,0.00028910089621277823,1.0943680067793629e-13,22,949.0,1184.0,818.0,3183.0
KRNT,2,0.6278184298165548,0.00028910089621277823,7.386681364996316e-07,42,949.0,1649.0,818.0,856.0
TSN,2,0.9629984615803712,0.00028910089621277823,2.5323549976160857e-13,11,949.0,1192.0,818.0,3110.0
TVC,2,0.6237929685180906,0.00028910089621277823,3.3876323261392014e-11,29,949.0,1662.0,818.0,2669.0
UEC,2,1.1467307271404192,0.0070675532427483855,6.607127991335815e-07,42,949.0,1101.0,150.0,903.0
UBS,2,1.3910795284097237,0.005203816131830008,0.00011361502636994673,7,949.0,978.0,189.0,340.0
CINF,2,1.421040083179086,0.0,2.524535282340453e-05,54,949.0,959.0,1254.0,410.0
CLWT,2,0.3286278404188234,0.00028910089621277823,1.0499767923309532e-16,42,949.0,2789.0,818.0,3442.0
UAA,2,1.4982875265131126,0.0036214705598920692,3.7803830762217936e-10,48,949.0,915.0,293.0,2356.0
KR,2,0.8911069939361007,0.0008673026886383347,9.242308989900472e-09,45,949.0,1229.0,524.0,1705.0
LBRDA,2,1.9130234310596421,0.0,9.82721218077628e-10,54,949.0,815.0,1254.0,2184.0
LAND,2,0.9136777584892395,0.00028910089621277823,1.7378817740460757e-10,11,949.0,1218.0,818.0,2474.0
LAMR,2,1.451594124234437,0.003621470559892068,1.4104783316758382e-06,29,949.0,938.0,314.0,753.0
FUNC,2,0.639796232439289,0.00028910089621277823,0.0004262085961477167,38,949.0,1600.0,818.0,290.0
ADBE,2,1.3602708359008002,0.020202370627348944,4.801337457403792e-09,35,949.0,992.0,54.0,1776.0
VEEV,2,1.005808330006491,0.0036214705598920692,5.5144347273342145e-14,35,949.0,1168.0,293.0,3230.0
VECO,2,0.7529087194908337,0.00028910089621277823,2.620619531207815e-10,57,949.0,1299.0,818.0,2412.0
UGP,2,1.2097899339952858,0.0036214705598920684,2.6467352077014944e-14,24,949.0,1071.0,306.0,3264.0
UPBD,2,0.9611965609315996,0.00028910089621277823,3.550669938863291e-06,4,949.0,1193.0,818.0,617.0
UONEK,2,0.7645932074159845,0.00028910089621277823,1.7117452688585424e-13,5,949.0,1293.0,818.0,3146.0
UNTY,2,1.0331090825819598,0.00028910089621277823,0.0005736350395755439,46,949.0,1154.0,818.0,247.0
BWLP,2,0.40554864633379306,0.00028910089621277823,3.169384315158172e-07,29,949.0,2528.0,818.0,1153.0
BWFG,2,0.8485945046652996,0.00028910089621277823,0.0008406280366015815,40,949.0,1244.0,818.0,192.0
CLB,2,1.41879447554037,0.0,6.408981193917073e-09,10,949.0,962.0,1254.0,1741.0
KNX,2,1.4701595267416452,0.0,1.8544340274993845e-12,16,949.0,930.0,1254.0,2981.0
KNOP,2,0.6891191691918098,0.00028910089621277823,1.549352968619374e-09,10,949.0,1415.0,818.0,2076.0
KURA,2,0.504488873243929,0.0005782017924255565,1.9417275195443473e-09,20,949.0,2145.0,641.0,1974.0
KTOS,2,0.9259772590973113,0.00028910089621277823,4.3374611436830066e-10,4,949.0,1213.0,818.0,2327.0
GATX,2,1.2895209694142196,0.0005782017924255565,0.00028968733100493663,54,949.0,1029.0,641.0,312.0
GEO,2,0.9244994688429218,0.0005782017924255565,5.574167501969709e-12,11,949.0,1214.0,641.0,2879.0
GIII,2,0.7240742335382903,0.00028910089621277823,5.555178312070769e-12,48,949.0,1330.0,818.0,2880.0
GIB,2,1.1930577058756842,0.0002891008962127783,7.346731625391869e-12,0,949.0,1079.0,795.0,2840.0
GHC,2,1.0126222207297007,0.0014455044810638912,0.0008116912248092189,39,949.0,1163.0,418.0,200.0
IX,2,1.1782871214483075,0.0005782017924255565,1.7690539415035215e-06,54,949.0,1086.0,641.0,733.0
JNJ,2,1.0302597937105962,0.00028910089621277823,4.9545961075222214e-12,15,949.0,1156.0,818.0,2899.0
JMM,2,0.6115478336520717,0.00028910089621277823,2.5790850743854347e-07,29,949.0,1712.0,818.0,1205.0
JKS,2,1.323052147303236,0.00028910089621277823,5.995428348399167e-14,42,949.0,1015.0,818.0,3225.0
JJSF,2,0.9196091606311592,0.0005782017924255565,1.083325304729088e-11,11,949.0,1216.0,641.0,2796.0
KELYA,2,0.7510043457340982,0.0008673026886383347,6.219549156112063e-06,41,949.0,1301.0,524.0,495.0
KALU,2,1.2229195572688518,0.0002891008962127783,6.739425206128477e-15,24,949.0,1064.0,795.0,3329.0
JXG,2,0.34063276750515104,0.00028910089621277823,5.519633473318298e-14,59,949.0,2748.0,818.0,3229.0
KELYB,2,0.30355775910740607,0.0005782017924255565,1.53603193440952e-08,41,949.0,2871.0,641.0,1623.0
GDS,2,1.0685506358414165,0.00028910089621277823,1.6539615632896973e-13,22,949.0,1137.0,818.0,3149.0
BCV,2,0.9365878890132822,0.00028910089621277823,2.3756964856911043e-08,29,949.0,1201.0,818.0,1556.0
USEG,2,0.7461732867335171,0.005057338344415533,1.4605798323975747e-12,10,949.0,1307.0,200.0,2999.0
CIGI,2,1.1630866355276366,0.00028910089621277823,4.5915980083688595e-08,4,949.0,1097.0,818.0,1462.0
CHE,2,0.8432100779197029,0.00028910089621277823,1.9983080219831395e-10,52,949.0,1248.0,818.0,2444.0
VMI,2,1.144960181668773,0.00028910089621277823,4.3309085245352904e-06,4,949.0,1104.0,818.0,551.0
VMC,2,1.5966184636661973,0.0,6.759749616947867e-14,55,949.0,879.0,1254.0,3217.0
VLGEA,2,0.7984307647550805,0.0017346053772766695,0.0003245733511186145,45,949.0,1267.0,388.0,307.0
VIVO,2,0.3247884315536531,0.0005782017924255565,1.3686314104986573e-14,42,949.0,2803.0,641.0,3294.0
VANI,2,0.303112475493857,0.00028910089621277823,2.8401420315648e-07,42,949.0,2872.0,818.0,1185.0
VAC,2,1.5570893920160982,0.0,4.6826161074843826e-12,11,949.0,889.0,1254.0,2907.0
V,2,1.5537587326463125,0.01566926857473258,2.5618266037534526e-05,50,949.0,891.0,69.0,408.0
VISN,2,0.5782131209888088,0.00028910089621277823,3.1105000730059617e-06,4,949.0,1839.0,818.0,652.0
CHD,2,1.2336053877670208,0.00028910089621277823,2.6330569969043206e-13,15,949.0,1058.0,818.0,3107.0
CIB,2,1.1845972072328912,0.00028910089621277823,1.6169717243224684e-10,10,949.0,1083.0,818.0,2481.0
CHTR,2,1.8439747499735262,0.0,9.159695818476795e-10,54,949.0,830.0,1254.0,2197.0
VHC,2,0.35697290865279624,0.003908644116796762,3.192511811402226e-07,42,949.0,2695.0,275.0,1150.0
VERU,2,0.35343234412881813,0.0036214705598920684,3.250728938917886e-07,42,949.0,2708.0,306.0,1144.0
ISOU,2,0.4590590795391667,0.00028910089621277823,2.3874111141859977e-12,42,949.0,2329.0,818.0,2968.0
BCPC,2,0.9636396261025335,0.00028910089621277823,2.0066284178278236e-11,31,949.0,1190.0,818.0,2722.0
IDE,2,1.4515548301582188,0.0,2.3274543697801226e-06,29,949.0,939.0,1254.0,711.0
AYI,2,0.7080135441258556,0.00028910089621277823,6.365440168055058e-10,16,949.0,1356.0,818.0,2238.0
CCRN,2,0.8963372916312691,0.00028910089621277823,0.0004758497388447454,3,949.0,1226.0,818.0,283.0
CF,2,1.1724283236269444,0.00028910089621277823,1.77013297562802e-10,10,949.0,1091.0,818.0,2466.0
ACP,2,1.0779911670856572,0.00028910089621277823,2.1262951943576515e-07,29,949.0,1132.0,818.0,1230.0
ACLS,2,1.4180148632106286,0.0,8.316265034975552e-09,57,949.0,964.0,1254.0,1715.0
AXSM,2,0.4307306537174338,0.00028910089621277823,1.4612511422179707e-09,20,949.0,2446.0,818.0,2090.0
INFY,2,1.1434553469734547,0.00028910089621277823,1.4425836723435442e-13,0,949.0,1106.0,818.0,3159.0
INDP,2,0.3792367203485079,0.00028910089621277823,3.0170785273855244e-07,42,949.0,2619.0,818.0,1169.0
CENTA,2,1.3971025756542668,0.0005782017924255565,2.644478340843756e-13,31,949.0,975.0,641.0,3106.0
CENT,2,1.076698258789117,0.00028910089621277823,9.823382061451056e-15,31,949.0,1134.0,818.0,3310.0
CENN,2,0.3322587513203613,0.00028910089621277823,7.622331102550652e-17,11,949.0,2776.0,818.0,3447.0
CEE,2,0.7839807629353739,0.0002891008962127783,7.633588205265744e-07,29,949.0,1279.0,795.0,844.0
CHMI,2,1.4362239960814223,0.0,5.368310404895164e-10,14,949.0,948.0,1254.0,2283.0
CHMG,2,0.6559818974421393,0.0005782017924255565,2.1765737432137302e-07,1,949.0,1536.0,641.0,1223.0
CHH,2,1.4321275884857947,0.0,2.4335361248872898e-11,11,949.0,951.0,1254.0,2695.0
CBZ,2,0.9452363636672128,0.003621470559892069,0.0006873850020443497,13,949.0,1196.0,302.0,225.0
CBT,2,1.3615656612078757,0.00028910089621277823,1.2422208104448238e-09,31,949.0,990.0,818.0,2134.0
CDXS,2,0.6045658251468843,0.00028910089621277823,6.784677184879148e-07,42,949.0,1731.0,818.0,891.0
CDW,2,1.0441199665194554,0.00028910089621277823,4.51802035986114e-06,4,949.0,1148.0,818.0,538.0
CDNS,2,1.4630601919501545,0.00028910089621277823,4.585432591278875e-09,35,949.0,932.0,818.0,1785.0
WDC,2,1.4168884600234346,0.00028910089621277823,1.9000895951509852e-10,57,949.0,966.0,818.0,2451.0
WDAY,2,1.1487406887813942,0.0036214705598920692,6.730123955649948e-14,35,949.0,1100.0,293.0,3218.0
WCN,2,1.4725860473585635,0.0,4.743927673235005e-10,43,949.0,929.0,1254.0,2309.0
WIW,2,1.1273145879980608,0.00028910089621277823,1.1724812360486514e-07,29,949.0,1110.0,818.0,1298.0
IBIO,2,0.31420641120971415,0.00028910089621277823,1.91322745107965e-09,42,949.0,2841.0,818.0,1983.0
IHG,2,1.440712347854587,0.0,2.4445684855062477e-11,11,949.0,944.0,1254.0,2694.0
IFN,2,1.2059594969768583,0.004482991230606148,1.0407420793504534e-06,28,949.0,1073.0,225.0,794.0
GNK,2,0.9749167572869033,0.005631685458224918,1.2931025902504447e-13,25,949.0,1183.0,176.0,3167.0
GMED,2,0.6976920180207564,0.0005782017924255565,3.357865885574187e-06,4,949.0,1388.0,641.0,633.0
GME,2,1.011433124383074,0.004482991230606146,1.3389412706164686e-14,11,949.0,1166.0,230.0,3296.0
GM,2,1.4184094886549907,0.00028910089621277823,2.1888994070044493e-11,31,949.0,963.0,818.0,2712.0
BAH,2,0.8776731103700304,0.00028910089621277823,9.455314101159046e-13,34,949.0,1236.0,818.0,3024.0
HUBB,2,1.343586725632179,0.0005782017924255565,7.960027441527565e-08,16,949.0,1002.0,641.0,1350.0
HTO,2,1.4448433217464791,0.0,1.7639079273667663e-10,8,949.0,942.0,1254.0,2467.0
HTHT,2,1.090518660669023,0.00028910089621277823,2.102643986027344e-15,22,949.0,1126.0,818.0,3380.0
GNT,2,0.9849844460139345,0.0005782017924255565,5.869400486088183e-10,26,949.0,1178.0,641.0,2259.0
HRTG,2,0.7175372704539587,0.00028910089621277823,1.615522973986142e-12,44,949.0,1342.0,818.0,2995.0
HXL,2,1.3354347646802918,0.00028910089621277823,3.652931780284381e-08,16,949.0,1007.0,818.0,1493.0
GLW,2,0.8612528172251577,0.00028910089621277823,6.990945269820841e-10,4,949.0,1242.0,818.0,2222.0
GLU,2,0.7655542871436083,0.0005782017924255565,1.3182875502680597e-07,29,949.0,1291.0,641.0,1280.0
GLPI,2,1.4540793732934245,0.0,4.341564552512788e-09,11,949.0,937.0,1254.0,1793.0
GLPG,2,0.5358682802769913,0.00028910089621277823,2.0450324519312073e-09,20,949.0,2023.0,818.0,1948.0
GLOB,2,1.1179881230190643,0.00028910089621277823,6.7471128966490275e-12,0,949.0,1114.0,818.0,2850.0
GOOGL,2,1.671545982682627,0.00028910089621277823,4.7272160232500735e-09,35,949.0,858.0,818.0,1778.0
HVT,2,0.9289820585863349,0.0036214705598920692,3.3808810476075487e-10,4,949.0,1208.0,293.0,2379.0
ICHR,2,1.0957645883567468,0.00028910089621277823,1.9675008245023635e-10,57,949.0,1124.0,818.0,2448.0
IBN,2,1.2525486709526454,0.00028910089621277823,2.895024439648186e-10,28,949.0,1048.0,818.0,2403.0
GVA,2,1.0845977155586284,0.0008673026886383347,5.210692043259398e-10,16,949.0,1130.0,524.0,2290.0
AAMI,2,0.8036731974518162,0.00028910089621277823,1.261206998970188e-06,29,949.0,1261.0,818.0,768.0
XRAY,2,1.0207471889287838,0.00028910089621277823,3.5867050525394456e-06,4,949.0,1159.0,818.0,614.0
ZBRA,2,0.9846014481345456,0.00028910089621277823,4.270929572965466e-06,4,949.0,1179.0,818.0,558.0
XYL,2,1.2434540601244395,0.00028910089621277823,7.335830658163444e-08,16,949.0,1051.0,818.0,1370.0
ZNB,2,0.3163496470935683,0.0002891008962127783,2.834193358846322e-07,29,949.0,2829.0,795.0,1187.0
HIMX,2,0.6177192499972233,0.00028910089621277823,8.893930283942256e-12,57,949.0,1685.0,818.0,2812.0
HGV,2,1.551441466722129,0.0,4.654500429278056e-12,11,949.0,894.0,1254.0,2908.0
BCAL,2,0.42797230659798824,0.00028910089621277823,0.0003736035333091481,40,949.0,2460.0,818.0,297.0
GRC,2,1.0736092346198631,0.00028910089621277823,1.1271198320062707e-09,31,949.0,1135.0,818.0,2165.0
GPRO,2,0.5597962076721591,0.00028910089621277823,6.589618338296292e-07,42,949.0,1912.0,818.0,906.0
GPRE,2,0.8371818636690469,0.0005782017924255566,1.1350260924204359e-10,10,949.0,1251.0,632.0,2537.0
GTLS,2,0.7698360649025795,0.00028910089621277823,9.21255127420652e-07,42,949.0,1287.0,818.0,809.0
GTE,2,0.915824803312286,0.005631685458224919,3.0156628906074154e-09,10,949.0,1217.0,175.0,1859.0
BBVA,2,1.6105937978468337,0.0,1.980466759068497e-10,7,949.0,873.0,1254.0,2446.0
BBN,2,1.2403752983317107,0.00028910089621277823,1.918832781187825e-11,33,949.0,1052.0,818.0,2732.0
PRKS,2,1.1888860292010888,0.00028910089621277823,6.789071123571974e-13,18,949.0,1081.0,818.0,3043.0
PRGO,2,0.5200268045463425,0.00028910089621277823,1.8018178956710396e-08,4,949.0,2092.0,818.0,1596.0
PPT,2,1.2243975750773866,0.00028910089621277823,1.763163307296444e-07,29,949.0,1062.0,818.0,1255.0
PRTH,2,0.46570237938878417,0.0036214705598920692,2.3930617336783764e-06,4,949.0,2311.0,293.0,708.0
PRQR,2,0.36360687604373687,0.00028910089621277823,1.2486617864031205e-09,20,949.0,2672.0,818.0,2133.0
PXS,2,0.4845153803137576,0.00028910089621277823,4.03952255860845e-17,25,949.0,2224.0,818.0,3451.0
DOMH,2,0.33318507531953273,0.00028910089621277823,2.3178403224946395e-09,42,949.0,2769.0,818.0,1921.0
AM,2,1.1918860452339715,0.0017346053772766695,2.2361506499327392e-09,10,949.0,1080.0,388.0,1931.0
PPSI,2,0.5585066924570945,0.0005782017924255565,2.2589182088609212e-11,42,949.0,1919.0,641.0,2704.0
PPCB,2,0.6071302420940119,0.00028910089621277823,3.8743553885569e-10,1,949.0,1723.0,818.0,2350.0
DVA,2,0.880111138806616,0.00028910089621277823,1.207202217774768e-08,52,949.0,1233.0,818.0,1648.0
ECPG,2,1.0775147842976467,0.00028910089621277823,1.181182214775176e-06,54,949.0,1133.0,818.0,777.0
EC,2,1.2492074033331515,0.0005782017924255565,5.032572293644986e-09,10,949.0,1049.0,641.0,1769.0
POOL,2,0.9321762584411637,0.00028910089621277823,6.235686241109875e-13,55,949.0,1203.0,818.0,3045.0
PROV,2,0.5852093481839292,0.00028910089621277823,0.0005085540385415647,40,949.0,1810.0,818.0,272.0
ZG,2,1.4912182046562241,0.00028910089621277823,7.652797649218072e-07,42,949.0,921.0,818.0,843.0
ABBV,1,0.4797412842281734,0.0,4.170394232901379e-11,20,1427.0,2242.0,1254.0,2659.0
AAME,1,0.18480921935906458,0.0,2.783057266009798e-09,42,1427.0,3201.0,1254.0,1869.0
AAOI,1,0.4293996523260236,0.0,3.5734701472782973e-12,57,1427.0,2452.0,1254.0,2944.0
ABUS,1,0.3309109158097133,0.0,1.659474044049898e-09,20,1427.0,2782.0,1254.0,2055.0
ABVC,1,0.10773699468825602,0.0,1.1091347123605151e-09,42,1427.0,3429.0,1254.0,2169.0
ACAD,1,0.3707303941499534,0.0,1.8591634092843663e-09,20,1427.0,2652.0,1254.0,1993.0
CAR,1,0.4905868499291656,0.0,4.486327185069287e-11,11,1427.0,2203.0,1254.0,2651.0
CASH,1,0.6685272038970308,0.0,0.0008402586655289336,40,1427.0,1484.0,1254.0,193.0
CASS,1,0.6386733116863038,0.0,0.0008361207784340839,40,1427.0,1611.0,1254.0,194.0
CATO,1,0.3699823235452817,0.0,5.3981646352588463e-14,48,1427.0,2654.0,1254.0,3233.0
CATX,1,0.18062339741127517,0.0,2.7700952077435055e-07,42,1427.0,3212.0,1254.0,1190.0
XBIT,1,0.2220566624197458,0.0,3.405528327072573e-07,42,1427.0,3081.0,1254.0,1128.0
XENE,1,0.32117332271283394,0.0,1.610641315308137e-09,20,1427.0,2817.0,1254.0,2060.0
XOMA,1,0.31060416044252415,0.0,1.5576383782333586e-09,20,1427.0,2846.0,1254.0,2071.0
ACCS,1,0.14099852599616883,0.0,1.8837095994760183e-07,29,1427.0,3342.0,1254.0,1243.0
ACFN,1,0.152200286308051,0.0,2.573814725516809e-10,10,1427.0,3313.0,1254.0,2415.0
ACHC,1,0.5578581737771863,0.0,1.7077603875482228e-08,52,1427.0,1921.0,1254.0,1606.0
WYY,1,0.2300155400868538,0.0,3.5275880889893553e-07,42,1427.0,3058.0,1254.0,1118.0
XBIO,1,0.18251319024925045,0.0,1.3067657757085999e-09,42,1427.0,3206.0,1254.0,2124.0
HELE,1,0.4667644255374199,0.0,3.434312271928264e-08,4,1427.0,2303.0,1254.0,1501.0
HEQ,1,0.6893903088920901,0.0,1.3180908278556341e-06,29,1427.0,1413.0,1254.0,760.0
HERZ,1,0.5245062502264403,0.0,1.1080470781596879e-06,29,1427.0,2074.0,1254.0,787.0
HESM,1,0.6989395968455939,0.0,2.527923176548717e-09,10,1427.0,1383.0,1254.0,1896.0
GWAV,1,0.13176540814435378,0.0,1.231874896770078e-09,42,1427.0,3370.0,1254.0,2138.0
GWRE,1,0.5797009587170234,0.0,5.6482175304352404e-14,35,1427.0,1831.0,1254.0,3228.0
GWRS,1,0.42931467509717575,0.0,6.584100073099299e-07,42,1427.0,2453.0,1254.0,907.0
GWW,1,0.7110929121110794,0.0,6.486500467930247e-10,16,1427.0,1352.0,1254.0,2235.0
GYRE,1,0.19491414384859296,0.0,2.989262429644775e-07,42,1427.0,3173.0,1254.0,1175.0
GYRO,1,0.14194012293877956,0.0,1.1082070715841175e-13,14,1427.0,3337.0,1254.0,3181.0
AACG,1,0.14147215864673243,0.0,1.0913586206341492e-09,42,1427.0,3340.0,1254.0,2173.0
ZD,1,0.5155264855268137,0.0,3.836160245146548e-06,4,1427.0,2100.0,1254.0,595.0
ZDGE,1,0.2230334030473723,0.0,1.3674381471155608e-09,59,1427.0,3077.0,1254.0,2110.0
ZIONP,1,0.4662495246744866,0.0,3.0185748396805034e-08,29,1427.0,2309.0,1254.0,1521.0
ZTEK,1,0.1668354125482552,0.0,3.05312982958549e-07,29,1427.0,3265.0,1254.0,1166.0
ZTO,1,0.501503150659412,0.0,7.833337848417846e-15,22,1427.0,2161.0,1254.0,3323.0
HCKT,1,0.45594465478054824,0.0,3.3927970875616083e-06,4,1427.0,2345.0,1254.0,630.0
HCM,1,0.37764018346936223,0.0,5.045548425302132e-12,22,1427.0,2624.0,1254.0,2896.0
HCSG,1,0.41136051801321816,0.0,3.0610354849424863e-06,4,1427.0,2513.0,1254.0,660.0
HDB,1,0.6681687788071362,0.0,6.063343092258515e-12,28,1427.0,1486.0,1254.0,2862.0
HAE,1,0.383825747495707,0.0,2.8561424387383697e-06,4,1427.0,2597.0,1254.0,676.0
HALO,1,0.4697608205522622,0.0,2.355787770312008e-09,20,1427.0,2282.0,1254.0,1914.0
HBCP,1,0.6913425158402726,0.0,0.000905072800024662,40,1427.0,1403.0,1254.0,177.0
HBIO,1,0.321732995508072,0.0,4.934194804229258e-07,42,1427.0,2815.0,1254.0,1015.0
GSAT,1,0.29101875214199113,0.0,4.4631518520035325e-07,42,1427.0,2895.0,1254.0,1047.0
GSIT,1,0.24001154985433573,0.0,3.6808899266817575e-07,42,1427.0,3039.0,1254.0,1113.0
GSL,1,0.44061003932599674,0.0,2.99437484410269e-12,25,1427.0,2414.0,1254.0,2956.0
GSM,1,0.38353468844801797,0.0,5.882004312280785e-07,42,1427.0,2600.0,1254.0,942.0
GT,1,0.6069421554216343,0.0,1.96924154740773e-11,31,1427.0,1725.0,1254.0,2728.0
HDSN,1,0.20919880221855253,0.0,3.2083362830984627e-07,42,1427.0,3123.0,1254.0,1147.0
HE,1,0.4481679327189648,0.0,1.9590856692719777e-09,8,1427.0,2379.0,1254.0,1966.0
HEI-A,1,0.9298846440270414,0.0,6.295201905180125e-10,29,1427.0,1206.0,1254.0,2242.0
BCDA,1,0.16493630315002028,0.0,4.097629973364258e-09,29,1427.0,3273.0,1254.0,1800.0
HLIO,1,0.5645555999546947,0.0,3.199540100142523e-08,16,1427.0,1889.0,1254.0,1514.0
HLIT,1,0.4117850986188573,0.0,6.315261171316925e-07,42,1427.0,2512.0,1254.0,923.0
HLNE,1,0.5935258154476911,0.0,2.0907490318945603e-10,54,1427.0,1769.0,1254.0,2439.0
HFBL,1,0.13236693531971955,0.0,2.7671381453825417e-12,29,1427.0,3368.0,1254.0,2959.0
HGBL,1,0.15401755853044258,0.0,2.2709409251827172e-07,29,1427.0,3308.0,1254.0,1217.0
HHH,1,0.6244695859523677,0.0,4.646832834370307e-06,4,1427.0,1658.0,1254.0,528.0
HHS,1,0.21275311808882735,0.0,3.262846349347593e-07,42,1427.0,3115.0,1254.0,1142.0
HIFS,1,0.5226285506732846,0.0,0.0007023594765292639,40,1427.0,2079.0,1254.0,221.0
HIHO,1,0.1593488252260197,0.0,6.250855522116825e-18,42,1427.0,3289.0,1254.0,3461.0
HII,1,0.6182605984826436,0.0,1.8389017215569775e-08,34,1427.0,1683.0,1254.0,1593.0
HIND,1,0.11792340333753351,0.0,7.947952953315028e-10,42,1427.0,3410.0,1254.0,2207.0
HIVE,1,0.44693827404254843,0.0,9.821168298212632e-11,42,1427.0,2385.0,1254.0,2558.0
HLF,1,0.48223561952748334,0.0,4.80301265008859e-10,31,1427.0,2233.0,1254.0,2307.0
HLI,1,0.6515097917266561,0.0,6.281399147768407e-08,54,1427.0,1555.0,1254.0,1406.0
HCI,1,0.4566492539311942,0.0,1.7438492465766668e-12,44,1427.0,2341.0,1254.0,2991.0
HQY,1,0.46691148645082636,0.0,0.0005958813655846796,40,1427.0,2301.0,1254.0,242.0
BBDC,1,0.5910931444622046,0.0,6.525891355049971e-11,5,1427.0,1782.0,1254.0,2613.0
BBDO,1,0.7271796217866313,0.0,1.7260661271193575e-14,24,1427.0,1323.0,1254.0,3282.0
BBGI,1,0.21477517962229337,0.0,1.79525306874554e-12,57,1427.0,3108.0,1254.0,2985.0
BBSI,1,0.5278850379522525,0.0,0.0005181168354861116,40,1427.0,2061.0,1254.0,269.0
BBW,1,0.35226020864613794,0.0,7.047249447684838e-11,11,1427.0,2711.0,1254.0,2606.0
BBWI,1,0.5354146038333826,0.0,3.648100965427503e-10,48,1427.0,2026.0,1254.0,2364.0
GTIM,1,0.24525091016301517,0.0,1.8249727571069843e-06,4,1427.0,3023.0,1254.0,731.0
GTN-A,1,0.3824261955974082,0.0,3.0539168141626923e-10,4,1427.0,2604.0,1254.0,2395.0
GURE,1,0.15758625570811524,0.0,1.4732740193333672e-09,42,1427.0,3294.0,1254.0,2087.0
GUT,1,0.4983083195205191,0.0,1.068064059616491e-07,29,1427.0,2170.0,1254.0,1311.0
GPRK,1,0.5530676498564729,0.0,2.0157111382499344e-09,10,1427.0,1945.0,1254.0,1952.0
GPUS,1,0.26115723750895087,0.0,1.1376811117324668e-12,42,1427.0,2975.0,1254.0,3014.0
GRBK,1,0.6653293700612652,0.0,1.2753647396511363e-10,55,1427.0,1494.0,1254.0,2516.0
GRCE,1,0.1823690663470917,0.0,1.0654797811710522e-12,41,1427.0,3207.0,1254.0,3018.0
BCBP,1,0.6316843201522429,0.0,0.0007916621194142729,40,1427.0,1636.0,1254.0,204.0
BANFP,1,0.06486104645571755,0.0,3.283266215900287e-14,11,1427.0,3461.0,1254.0,3252.0
BANX,1,0.5567268498046302,0.0,8.713100313007412e-08,29,1427.0,1928.0,1254.0,1336.0
BATRK,1,0.9715980467031137,0.0,2.9221308940658943e-08,29,1427.0,1186.0,1254.0,1527.0
BAX,1,0.4827274898227719,0.0,2.5984339338813546e-15,53,1427.0,2231.0,1254.0,3371.0
BBBY,1,0.4151110962417585,0.0,7.823159452364939e-13,59,1427.0,2491.0,1254.0,3036.0
HRL,1,0.5392998227302036,0.0,1.20098809319789e-14,15,1427.0,2010.0,1254.0,3301.0
HLX,1,0.6902511591284082,0.0,1.727726959547339e-09,10,1427.0,1408.0,1254.0,2035.0
HNNA,1,0.25192185132054074,0.0,2.1826854442748744e-07,29,1427.0,3007.0,1254.0,1222.0
HNRG,1,0.34906907840184237,0.0,2.5939486039096535e-16,24,1427.0,2721.0,1254.0,3428.0
HOFT,1,0.44619419252446496,0.0,2.753155940490658e-08,4,1427.0,2389.0,1254.0,1536.0
HOG,1,0.6118899503813162,0.0,4.502102239764999e-08,4,1427.0,1709.0,1254.0,1465.0
HON,1,0.7060884932855209,0.0,7.532485269311796e-08,16,1427.0,1362.0,1254.0,1363.0
HOV,1,0.6516461682655548,0.0,1.1042135445115948e-10,55,1427.0,1554.0,1254.0,2543.0
HOVNP,1,0.33233018869036596,0.0,2.048487436370742e-08,29,1427.0,2775.0,1254.0,1579.0
HPQ,1,0.6182211409782582,0.0,8.481814100463255e-07,54,1427.0,1684.0,1254.0,819.0
HQI,1,0.17879793590003204,0.0,2.742099376324784e-07,42,1427.0,3221.0,1254.0,1195.0
GNTX,1,0.6629278255590432,0.0,2.1508886830505593e-11,31,1427.0,1505.0,1254.0,2713.0
GNW,1,0.456929401720673,0.0,0.0001433209452342299,54,1427.0,2339.0,1254.0,334.0
GOF,1,0.634281451556003,0.0,1.7867474281539721e-07,29,1427.0,1629.0,1254.0,1253.0
GOGO,1,0.3038935174705272,0.0,2.2613469204923856e-06,4,1427.0,2869.0,1254.0,715.0
GOLD,1,0.2814090965054767,0.0,1.417029225801861e-11,26,1427.0,2925.0,1254.0,2773.0
GOLF,1,0.528076756248149,0.0,3.3314703861512286e-08,4,1427.0,2056.0,1254.0,1505.0
HSY,1,0.5902840689672133,0.0,2.474502578915359e-13,15,1427.0,1785.0,1254.0,3116.0
HTGC,1,0.7268093543307083,0.0,5.048270935386122e-12,5,1427.0,1324.0,1254.0,2895.0
HTLD,1,0.7204960747981133,0.0,1.736696792597777e-12,16,1427.0,1339.0,1254.0,2992.0
HUBG,1,0.6595412077759051,0.0,1.613106121204444e-10,16,1427.0,1517.0,1254.0,2482.0
HUM,1,0.6546315417684074,0.0,5.223563807971667e-11,21,1427.0,1542.0,1254.0,2638.0
HR,1,0.718078464058024,0.0,3.4985799447562093e-10,11,1427.0,1341.0,1254.0,2370.0
HRB,1,0.4334247088157695,0.0,1.5135191539216145e-05,54,1427.0,2436.0,1254.0,437.0
HRI,1,0.7682523779270302,0.0,4.6665549113491146e-08,16,1427.0,1289.0,1254.0,1457.0
BAK,1,0.5130879966873602,0.0,5.461922427054402e-15,24,1427.0,2109.0,1254.0,3339.0
BALL,1,0.6746053069618667,0.0,4.1804514931503076e-08,4,1427.0,1462.0,1254.0,1474.0
HROW,1,0.2937730024000165,0.0,4.505391869354619e-07,42,1427.0,2892.0,1254.0,1044.0
HRTX,1,0.3708354696558096,0.0,1.859690348911421e-09,20,1427.0,2650.0,1254.0,1992.0
HRZN,1,0.6356489598671374,0.0,7.061577606689388e-11,5,1427.0,1623.0,1254.0,2605.0
HSBC,1,0.6765944110253359,0.0,8.091353851609457e-11,7,1427.0,1455.0,1254.0,2584.0
HSDT,1,0.19293991480873823,0.0,5.3303375555048525e-12,20,1427.0,3177.0,1254.0,2891.0
HSIC,1,0.5387812604977071,0.0,2.8962117082310254e-08,4,1427.0,2013.0,1254.0,1528.0
HSTM,1,0.37710479675895553,0.0,5.783393543081357e-07,42,1427.0,2626.0,1254.0,951.0
GRDX,1,0.14175623252787736,0.0,1.1198706884435586e-14,42,1427.0,3338.0,1254.0,3306.0
GREE,1,0.3435279383512535,0.0,5.377664308919675e-09,42,1427.0,2739.0,1254.0,1758.0
GRF,1,0.2888751464037465,0.0,5.523194567130104e-07,29,1427.0,2900.0,1254.0,973.0
GRFS,1,0.32807708670146307,0.0,6.079917888529205e-07,29,1427.0,2793.0,1254.0,932.0
GRMN,1,0.5529438076159139,0.0,4.114591804936039e-06,4,1427.0,1947.0,1254.0,575.0
GROW,1,0.2881573327718044,0.0,1.2553017491443902e-12,42,1427.0,2902.0,1254.0,3003.0
GRPN,1,0.3905777357711228,0.0,5.990018622260646e-07,42,1427.0,2575.0,1254.0,934.0
GRVY,1,0.20068401413817455,0.0,7.053849555743905e-08,29,1427.0,3153.0,1254.0,1377.0
GNSS,1,0.24712315197075463,0.0,3.789955613765298e-07,42,1427.0,3014.0,1254.0,1099.0
HURN,1,0.45400182175435133,0.0,3.953550645557515e-06,13,1427.0,2351.0,1254.0,589.0
HVT-A,1,0.40474700728694535,0.0,3.0327699607685823e-12,4,1427.0,2531.0,1254.0,2955.0
HWBK,1,0.44867802148573804,0.0,3.2605534057025973e-06,46,1427.0,2373.0,1254.0,643.0
HWKN,1,0.514398902367844,0.0,3.827769619622982e-06,4,1427.0,2105.0,1254.0,596.0
GOOG,1,0.9954295603255324,0.0,1.4561824943925984e-10,35,1427.0,1173.0,1254.0,2495.0
GOOS,1,0.4682135870917268,0.0,3.4840932511998998e-06,4,1427.0,2294.0,1254.0,624.0
GORO,1,0.5103728484099379,0.0,7.072341306361121e-11,26,1427.0,2123.0,1254.0,2604.0
GPK,1,0.5712852558582944,0.0,4.462693606955531e-12,16,1427.0,1866.0,1254.0,2917.0
GLP,1,0.5404503876485989,0.0,1.9546997580065316e-09,10,1427.0,2004.0,1254.0,1968.0
GLRE,1,0.49475327627007676,0.0,0.0006506981926565159,40,1427.0,2185.0,1254.0,234.0
HWM,1,0.6305163733481866,0.0,5.757811412907169e-10,4,1427.0,1641.0,1254.0,2264.0
HY,1,0.55146975373956,0.0,3.125377892359754e-08,16,1427.0,1955.0,1254.0,1515.0
HYFT,1,0.14715081117373713,0.0,1.7829784621595981e-09,54,1427.0,3325.0,1254.0,2017.0
HYI,1,0.5786524046013326,0.0,1.605019565817711e-07,29,1427.0,1837.0,1254.0,1266.0
HZO,1,0.6373125450653612,0.0,4.689154046049264e-08,4,1427.0,1615.0,1254.0,1455.0
IAE,1,0.7229684313101693,0.0,2.231537268638727e-08,22,1427.0,1333.0,1254.0,1565.0
IGC,1,0.1984725306698347,0.0,2.3265715140511725e-09,42,1427.0,3164.0,1254.0,1919.0
IGI,1,0.3658878125305711,0.0,7.842366003290728e-08,29,1427.0,2668.0,1254.0,1354.0
IHT,1,0.15446117834608525,0.0,1.136386986428015e-12,11,1427.0,3305.0,1254.0,3015.0
IAF,1,0.6431837714924779,0.0,1.1919468553026798e-06,29,1427.0,1583.0,1254.0,776.0
IART,1,0.4641171145748908,0.0,2.981556791309469e-08,4,1427.0,2315.0,1254.0,1523.0
IBM,1,0.5391831276288116,0.0,6.516133295356305e-12,0,1427.0,2012.0,1254.0,2854.0
IBRX,1,0.3465137575539998,0.0,1.737720211343903e-09,20,1427.0,2731.0,1254.0,2031.0
ICCC,1,0.12973481488744878,0.0,1.6145897124517837e-09,42,1427.0,3380.0,1254.0,2059.0
ICFI,1,0.4607876387054861,0.0,2.8917741614408336e-08,4,1427.0,2325.0,1254.0,1529.0
ICL,1,0.4966443659010926,0.0,1.2492692231331386e-10,10,1427.0,2178.0,1254.0,2522.0
ICLR,1,0.6367087744648284,0.0,1.644186191985491e-08,53,1427.0,1618.0,1254.0,1613.0
ICMB,1,0.4615856460154294,0.0,1.4776685226627438e-09,10,1427.0,2322.0,1254.0,2085.0
ICUI,1,0.38052686821654336,0.0,4.420029789634614e-12,53,1427.0,2612.0,1254.0,2919.0
IDCC,1,0.547592138304535,0.0,4.0747687082885425e-06,4,1427.0,1979.0,1254.0,577.0
HURA,1,0.16318718393693687,0.0,1.1680427972184119e-12,57,1427.0,3279.0,1254.0,3009.0
HURC,1,0.4304004224420806,0.0,3.2027161288898876e-06,4,1427.0,2448.0,1254.0,645.0
IDR,1,0.22898824951810232,0.0,5.155925775891557e-11,26,1427.0,3061.0,1254.0,2640.0
IDT,1,0.3759138148639114,0.0,5.76512828350122e-07,42,1427.0,2632.0,1254.0,955.0
IDXX,1,0.5932312933473117,0.0,2.5359619526749066e-10,53,1427.0,1771.0,1254.0,2419.0
IEP,1,0.3796949925718061,0.0,1.4831613680901637e-05,29,1427.0,2615.0,1254.0,438.0
IESC,1,0.5494135563108602,0.0,5.370069783131761e-12,16,1427.0,1969.0,1254.0,2887.0
GMAB,1,0.4128119857804874,0.0,2.0701969705217927e-09,20,1427.0,2506.0,1254.0,1942.0
GNE,1,0.27553006381526673,0.0,0.0003258215391227583,40,1427.0,2937.0,1254.0,306.0
GNRC,1,0.544822817614681,0.0,4.054161507233446e-06,4,1427.0,1989.0,1254.0,580.0
GILD,1,0.4905212561860594,0.0,4.264104600670639e-11,20,1427.0,2204.0,1254.0,2656.0
GILT,1,0.41450632082279,0.0,6.356994660412678e-07,42,1427.0,2493.0,1254.0,919.0
GJH,1,0.44889701287089606,0.0,1.1383834288529075e-07,29,1427.0,2372.0,1254.0,1304.0
GJO,1,0.20373712912650208,0.0,5.091261759852076e-13,5,1427.0,3143.0,1254.0,3060.0
GJP,1,0.08407314462379123,0.0,8.99385567687629e-08,29,1427.0,3452.0,1254.0,1332.0
GJR,1,0.07464633993086583,0.0,6.106102548854999e-11,54,1427.0,3459.0,1254.0,2620.0
GJS,1,0.12444096338573726,0.0,1.3322014007941385e-10,29,1427.0,3394.0,1254.0,2506.0
IFF,1,0.5123475485173532,0.0,1.6758314904561305e-07,29,1427.0,2112.0,1254.0,1263.0
INDV,1,0.11026874208748454,0.0,1.8856119437070647e-17,35,1427.0,3424.0,1254.0,3456.0
INFU,1,0.30001896880899853,0.0,4.6011819046721985e-07,42,1427.0,2878.0,1254.0,1038.0
AXON,1,0.43206130909635104,0.0,6.983413164590783e-07,29,1427.0,2442.0,1254.0,878.0
AXR,1,0.16949487098604946,0.0,2.4734713885715427e-08,29,1427.0,3252.0,1254.0,1552.0
AXS,1,0.7023895447301117,0.0,2.178949016758947e-09,54,1427.0,1372.0,1254.0,1935.0
AXTA,1,0.6897739395042032,0.0,4.64616490309776e-13,31,1427.0,1409.0,1254.0,3069.0
AXTI,1,0.39985128467749687,0.0,1.4938900124984763e-10,57,1427.0,2545.0,1254.0,2491.0
AYTU,1,0.1829354920322714,0.0,5.512846966732341e-16,49,1427.0,3204.0,1254.0,3418.0
AZN,1,0.5535317473657599,0.0,3.48015385222953e-11,36,1427.0,1944.0,1254.0,2667.0
AZTA,1,0.5776535850878827,0.0,2.1581796866805665e-10,57,1427.0,1841.0,1254.0,2434.0
AZZ,1,0.5982765198156328,0.0,9.175350171663655e-07,42,1427.0,1752.0,1254.0,812.0
BA,1,0.6662210474942447,0.0,3.2852579620131284e-10,16,1427.0,1490.0,1254.0,2385.0
III,1,0.444623390924383,0.0,6.818879182325083e-07,42,1427.0,2393.0,1254.0,887.0
IIIN,1,0.5326222322543344,0.0,3.963373930181915e-06,4,1427.0,2038.0,1254.0,588.0
IIPR,1,0.4566263776132508,0.0,7.00296062682175e-07,42,1427.0,2343.0,1254.0,876.0
IDN,1,0.30500152106149203,0.0,4.677595837278638e-07,42,1427.0,2863.0,1254.0,1031.0
INTG,1,0.075911275744848,0.0,1.8378401812458512e-12,29,1427.0,3458.0,1254.0,2983.0
INTT,1,0.366359897299011,0.0,5.618606505918972e-07,42,1427.0,2667.0,1254.0,967.0
INTZ,1,0.21076752318685674,0.0,1.7377790550238218e-09,42,1427.0,3121.0,1254.0,2030.0
INUV,1,0.21789514957820766,0.0,8.63029704676686e-13,42,1427.0,3099.0,1254.0,3030.0
ILMN,1,0.5277948581051537,0.0,2.552944005716575e-10,53,1427.0,2063.0,1254.0,2417.0
IMAX,1,0.6794064192025012,0.0,3.7307094438885473e-13,11,1427.0,1443.0,1254.0,3079.0
IMDX,1,0.25277798544107277,0.0,3.4059585968921464e-09,42,1427.0,3005.0,1254.0,1833.0
IMKTA,1,0.528930331357937,0.0,1.1180390581763895e-08,45,1427.0,2051.0,1254.0,1659.0
IMMP,1,0.1652753001481889,0.0,7.164034492989712e-14,20,1427.0,3271.0,1254.0,3211.0
IMMR,1,0.37490136533309726,0.0,5.749601050409718e-07,42,1427.0,2635.0,1254.0,957.0
IMNN,1,0.19970592089710715,0.0,1.2110981783550436e-11,42,1427.0,3158.0,1254.0,2788.0
IMOS,1,0.4399435176802201,0.0,2.230084636537439e-12,57,1427.0,2416.0,1254.0,2973.0
IMUX,1,0.19005700347748447,0.0,6.77398972421169e-15,35,1427.0,3190.0,1254.0,3328.0
IMXI,1,0.35544010781259494,0.0,2.644917864361528e-06,4,1427.0,2702.0,1254.0,688.0
INBK,1,0.6528465347878152,0.0,0.0009134986113175114,40,1427.0,1552.0,1254.0,175.0
INCY,1,0.4988932987409078,0.0,2.555582341375446e-09,20,1427.0,2169.0,1254.0,1891.0
IPDN,1,0.1159785275635449,0.0,1.2714319153146244e-16,22,1427.0,3412.0,1254.0,3437.0
IPGP,1,0.5760576984064522,0.0,2.152217272014434e-10,57,1427.0,1844.0,1254.0,2435.0
IPI,1,0.5937968951418736,0.0,1.4936486471795075e-10,10,1427.0,1768.0,1254.0,2492.0
IPM,1,0.09291778851718524,0.0,8.196081292620557e-16,22,1427.0,3444.0,1254.0,3405.0
IPWR,1,0.21798429364575295,0.0,3.343073244360951e-07,42,1427.0,3097.0,1254.0,1133.0
INGN,1,0.3483748810144315,0.0,5.342782841127941e-07,42,1427.0,2723.0,1254.0,990.0
INGR,1,0.505681935544303,0.0,1.068279721959674e-06,29,1427.0,2141.0,1254.0,790.0
INLX,1,0.2336787515200075,0.0,9.815908450493927e-10,8,1427.0,3050.0,1254.0,2185.0
INM,1,0.20690401567581304,0.0,2.4254086315320705e-09,42,1427.0,3131.0,1254.0,1905.0
INO,1,0.31425800400372794,0.0,5.044241153664257e-13,20,1427.0,2840.0,1254.0,3061.0
INOD,1,0.2896959520381156,0.0,4.442864988390863e-07,42,1427.0,2899.0,1254.0,1049.0
INSE,1,0.376715214937128,0.0,5.777418798097413e-07,42,1427.0,2630.0,1254.0,953.0
INSG,1,0.34181734706381905,0.0,5.242214511490098e-07,42,1427.0,2744.0,1254.0,996.0
INSM,1,0.4222146239893865,0.0,2.1173499452398712e-09,20,1427.0,2473.0,1254.0,1938.0
INSW,1,0.6165614550492962,0.0,1.3145928827504799e-14,49,1427.0,1690.0,1254.0,3299.0
INTC,1,0.5565658497680127,0.0,1.742699726910317e-10,57,1427.0,1929.0,1254.0,2473.0
INVA,1,0.413690227197694,0.0,8.739423930826352e-07,29,1427.0,2500.0,1254.0,817.0
INVE,1,0.3352776019130537,0.0,5.141918996282249e-07,42,1427.0,2763.0,1254.0,1003.0
INVX,1,0.6702489145776518,0.0,1.3172374139158812e-09,10,1427.0,1473.0,1254.0,2122.0
IONS,1,0.4709920743283385,0.0,2.3619623435418824e-09,20,1427.0,2277.0,1254.0,1913.0
IOR,1,0.0830197889946501,0.0,3.6376231536618296e-09,47,1427.0,3454.0,1254.0,1823.0
IOVA,1,0.39797405006786335,0.0,1.995786704808958e-09,20,1427.0,2550.0,1254.0,1960.0
GJT,1,0.16774783563219975,0.0,3.2314573026502674e-12,14,1427.0,3261.0,1254.0,2949.0
GKOS,1,0.4419610105588467,0.0,6.778048109510345e-07,42,1427.0,2405.0,1254.0,892.0
GLDG,1,0.5639267869187103,0.0,1.2697440329831717e-10,26,1427.0,1892.0,1254.0,2517.0
GLMD,1,0.20488230658863782,0.0,1.8274402369075798e-09,42,1427.0,3138.0,1254.0,2002.0
GLNG,1,0.512305815231675,0.0,1.5426803304145068e-15,49,1427.0,2113.0,1254.0,3392.0
GF,1,0.6731668535300612,0.0,2.206411528374558e-08,29,1427.0,1463.0,1254.0,1567.0
GFF,1,0.5499525573212808,0.0,6.383940493375782e-13,55,1427.0,1964.0,1254.0,3044.0
GGT,1,0.678276659967431,0.0,1.432895167476571e-06,29,1427.0,1449.0,1254.0,750.0
IP,1,0.761514824832314,0.0,6.644884410273802e-10,16,1427.0,1295.0,1254.0,2230.0
IPAR,1,0.5020159594423844,0.0,3.7356250747699364e-06,4,1427.0,2155.0,1254.0,603.0
IVDA,1,0.08457709138061029,0.0,4.68954641124137e-11,10,1427.0,3451.0,1254.0,2648.0
IVT,1,0.09169210832483536,0.0,3.6193296456370915e-13,57,1427.0,3446.0,1254.0,3081.0
IRD,1,0.21793855543437968,0.0,1.0929327463555919e-09,20,1427.0,3098.0,1254.0,2172.0
IRDM,1,0.48117049128934214,0.0,7.379376598654467e-07,42,1427.0,2235.0,1254.0,857.0
IRIX,1,0.2513766826627308,0.0,3.8551890505994884e-07,42,1427.0,3008.0,1254.0,1096.0
IRM,1,0.559448484489566,0.0,1.9952887798378034e-11,11,1427.0,1915.0,1254.0,2725.0
IRMD,1,0.31837537679476974,0.0,4.882701345239842e-07,42,1427.0,2822.0,1254.0,1017.0
IRS,1,0.6155464198896774,0.0,4.145874649479565e-14,24,1427.0,1692.0,1254.0,3242.0
IRTC,1,0.3713615061554331,0.0,5.695312696383336e-07,42,1427.0,2647.0,1254.0,961.0
IRWD,1,0.30406249891008824,0.0,1.5248328194103852e-09,20,1427.0,2867.0,1254.0,2079.0
ISBA,1,0.1910270265109202,0.0,2.0274558990610288e-11,5,1427.0,3186.0,1254.0,2721.0
ISSC,1,0.2543469691798584,0.0,3.900742265546309e-07,42,1427.0,3000.0,1254.0,1092.0
ISTR,1,0.5672052921880488,0.0,0.0005886543551357209,40,1427.0,1881.0,1254.0,243.0
IT,1,0.5944419037378434,0.0,7.1839463189486235e-12,0,1427.0,1766.0,1254.0,2841.0
ITGR,1,0.5091952577813785,0.0,7.809172917792309e-07,42,1427.0,2128.0,1254.0,839.0
ITIC,1,0.4803835093855846,0.0,0.00011037584784463055,54,1427.0,2238.0,1254.0,341.0
JBTM,1,0.6115554788747595,0.0,4.550735765522229e-06,4,1427.0,1711.0,1254.0,536.0
JCI,1,0.672363820033845,0.0,7.146208463535818e-08,16,1427.0,1466.0,1254.0,1375.0
JCTC,1,0.11028938995284174,0.0,2.593290995634563e-09,29,1427.0,3423.0,1254.0,1886.0
ITP,1,0.14617847373622683,0.0,2.562410169621619e-09,42,1427.0,3327.0,1254.0,1890.0
ITRI,1,0.5554202552996012,0.0,4.133019665424403e-06,4,1427.0,1937.0,1254.0,572.0
ITRN,1,0.4270963775547762,0.0,6.550079589155329e-07,42,1427.0,2462.0,1254.0,910.0
AVNW,1,0.36953060704841917,0.0,5.667233472346591e-07,42,1427.0,2655.0,1254.0,964.0
AVT,1,0.8023531519039641,0.0,3.2792783587632077e-14,57,1427.0,1263.0,1254.0,3253.0
AVTX,1,0.34595727970859314,0.0,1.7091531984535366e-11,20,1427.0,2733.0,1254.0,2745.0
AVXL,1,0.3225929207333193,0.0,4.94738287830831e-07,42,1427.0,2813.0,1254.0,1012.0
AVY,1,0.6364056222946022,0.0,6.789114991720196e-08,16,1427.0,1619.0,1254.0,1393.0
AWI,1,0.6198154752274223,0.0,4.612200443909713e-06,4,1427.0,1675.0,1254.0,531.0
AWRE,1,0.21490950432807496,0.0,1.6349525978546222e-08,4,1427.0,3107.0,1254.0,1614.0
AWX,1,0.19543942053717903,0.0,1.8271632847192172e-09,42,1427.0,3168.0,1254.0,2003.0
AXGN,1,0.35475235171900676,0.0,5.440589666209418e-07,42,1427.0,2703.0,1254.0,982.0
AXIA,1,0.6446361549978329,0.0,2.5360277697831184e-15,24,1427.0,1578.0,1254.0,3372.0
JAGX,1,0.15826619750644622,0.0,1.2001254264713492e-09,42,1427.0,3293.0,1254.0,2146.0
JAKK,1,0.26357768466174075,0.0,1.9613468246428567e-06,4,1427.0,2970.0,1254.0,723.0
JAZZ,1,0.45782089767420514,0.0,2.3451888501780224e-09,20,1427.0,2334.0,1254.0,1918.0
GHI,1,0.45103397576024307,0.0,1.779114357371965e-09,5,1427.0,2364.0,1254.0,2018.0
GHM,1,0.4229915057709663,0.0,6.487126030426637e-07,42,1427.0,2469.0,1254.0,913.0
GIC,1,0.3973610750804957,0.0,2.956862163221065e-06,4,1427.0,2553.0,1254.0,666.0
GIGM,1,0.17242617668214477,0.0,2.1853653840417806e-07,29,1427.0,3240.0,1254.0,1221.0
GIL,1,0.5392828415339778,0.0,4.01293717328262e-06,4,1427.0,2011.0,1254.0,587.0
BCHT,1,0.13037541264504396,0.0,1.261716800504021e-06,40,1427.0,3376.0,1254.0,767.0
BCIC,1,0.521550819079021,0.0,5.341043799513559e-09,10,1427.0,2086.0,1254.0,1760.0
BCML,1,0.6123325314206894,0.0,0.0006010016777054096,40,1427.0,1707.0,1254.0,240.0
BCO,1,0.5539825366879927,0.0,4.12232124519499e-06,4,1427.0,1943.0,1254.0,573.0
BCRX,1,0.39150377246892154,0.0,1.9633391268777874e-09,20,1427.0,2573.0,1254.0,1964.0
JBK,1,0.21383216632776866,0.0,1.3180641456266826e-08,29,1427.0,3111.0,1254.0,1640.0
JBLU,1,0.6883699360510682,0.0,2.1104297745148616e-13,18,1427.0,1417.0,1254.0,3132.0
JBSS,1,0.35856199914898507,0.0,8.642808279198881e-15,11,1427.0,2690.0,1254.0,3317.0
KDP,1,0.16833898623082538,0.0,7.056907622952716e-14,15,1427.0,3257.0,1254.0,3213.0
KE,1,0.5345683518420196,0.0,8.198302384241228e-07,42,1427.0,2032.0,1254.0,828.0
JELD,1,0.6019537210852615,0.0,1.5188861650713238e-11,55,1427.0,1738.0,1254.0,2760.0
JHI,1,0.6883172542753307,0.0,4.04466140959742e-07,29,1427.0,1418.0,1254.0,1079.0
JHS,1,0.5600717359838185,0.0,8.765449735035232e-08,29,1427.0,1909.0,1254.0,1334.0
JHX,1,0.49330057056710175,0.0,7.004458348889417e-08,54,1427.0,2192.0,1254.0,1383.0
JILL,1,0.3089561387110099,0.0,2.0753253882417406e-08,48,1427.0,2851.0,1254.0,1575.0
JKHY,1,0.5490537048237898,0.0,3.381615462316982e-10,0,1427.0,1971.0,1254.0,2378.0
JLL,1,0.8506989633595258,0.0,6.265457209570655e-08,4,1427.0,1243.0,1254.0,1409.0
JLS,1,0.511935917649627,0.0,1.839375216351751e-07,29,1427.0,2116.0,1254.0,1247.0
JMSB,1,0.37224839421931105,0.0,0.00044019350578682954,40,1427.0,2641.0,1254.0,289.0
JOB,1,0.17364223840981294,0.0,2.6630300358357546e-07,42,1427.0,3237.0,1254.0,1198.0
JOE,1,0.5555023706437264,0.0,4.133630706035301e-06,4,1427.0,1935.0,1254.0,571.0
IZEA,1,0.1912558194488697,0.0,2.933157257041107e-07,42,1427.0,3185.0,1254.0,1178.0
J,1,0.6648218709707732,0.0,4.9655563511947906e-08,4,1427.0,1498.0,1254.0,1443.0
JACK,1,0.5602501413520948,0.0,1.705629405567892e-14,19,1427.0,1906.0,1254.0,3284.0
AVBH,1,0.34798873084934984,0.0,7.666705827262832e-05,40,1427.0,2725.0,1254.0,363.0
AVD,1,0.42402173506063195,0.0,7.608298585250283e-10,31,1427.0,2466.0,1254.0,2214.0
AVGO,1,0.6615296561725202,0.0,2.784623248591823e-10,57,1427.0,1511.0,1254.0,2409.0
AVNS,1,0.4530901130885263,0.0,6.94872740148315e-07,42,1427.0,2355.0,1254.0,880.0
KEP,1,0.41870143283423517,0.0,9.523787203382454e-14,22,1427.0,2481.0,1254.0,3199.0
KEQU,1,0.1795829873111836,0.0,2.754139162880821e-07,42,1427.0,3218.0,1254.0,1194.0
JOUT,1,0.44706852890195137,0.0,3.289395787681095e-08,4,1427.0,2383.0,1254.0,1508.0
JOYY,1,0.5553894872999081,0.0,9.750555570852593e-16,22,1427.0,1938.0,1254.0,3399.0
JRVR,1,0.3871130515189053,0.0,4.272369607508223e-06,44,1427.0,2586.0,1254.0,557.0
JSM,1,0.6307702061038691,0.0,3.8414283086335775e-07,29,1427.0,1640.0,1254.0,1097.0
JVA,1,0.24413325853188872,0.0,4.575173485263064e-12,14,1427.0,3026.0,1254.0,2911.0
JYNT,1,0.39457770663583347,0.0,2.9361504293436184e-06,4,1427.0,2563.0,1254.0,668.0
KAI,1,0.6125819211250223,0.0,4.558373776497307e-06,4,1427.0,1703.0,1254.0,532.0
KALV,1,0.2674290109779867,0.0,1.3411207705236644e-09,20,1427.0,2955.0,1254.0,2117.0
KB,1,0.8333073317240969,0.0,1.895435259950296e-13,22,1427.0,1253.0,1254.0,3138.0
KBR,1,0.6200034042069829,0.0,4.630807101802837e-08,4,1427.0,1673.0,1254.0,1459.0
KGEI,1,0.15835788145740617,0.0,4.6290353574337197e-10,10,1427.0,3292.0,1254.0,2311.0
KHC,1,0.5514175283375057,0.0,2.3115723798213645e-13,15,1427.0,1956.0,1254.0,3121.0
KINS,1,0.2162200771906848,0.0,4.5677630088749086e-07,29,1427.0,3104.0,1254.0,1041.0
KLIC,1,0.6760778651906447,0.0,2.845862046556685e-10,57,1427.0,1457.0,1254.0,2406.0
KMB,1,0.6617324699548945,0.0,2.7089929239585074e-13,15,1427.0,1509.0,1254.0,3101.0
KMDA,1,0.2564452186598532,0.0,3.212559206154997e-07,29,1427.0,2993.0,1254.0,1146.0
KMPR,1,0.5268619780915472,0.0,1.4485595000735747e-09,54,1427.0,2067.0,1254.0,2091.0
KEN,1,0.28631556373955785,0.0,4.487057214411765e-07,29,1427.0,2910.0,1254.0,1046.0
ATS,1,0.3680287504443384,0.0,5.644200543936994e-07,42,1427.0,2662.0,1254.0,965.0
ATYR,1,0.23929434088969564,0.0,1.2000291579463473e-09,20,1427.0,3042.0,1254.0,2147.0
AUBN,1,0.42995945155651705,0.0,4.403084376117411e-09,10,1427.0,2451.0,1254.0,1791.0
AUDC,1,0.3840451936289399,0.0,5.889833574577167e-07,42,1427.0,2595.0,1254.0,941.0
AUPH,1,0.28800674398504394,0.0,1.4443153530099715e-09,20,1427.0,2905.0,1254.0,2092.0
AVA,1,0.6946905748505052,0.0,3.607571913424554e-09,8,1427.0,1395.0,1254.0,1826.0
AVAL,1,0.6088743807396166,0.0,5.9912605979283124e-12,10,1427.0,1720.0,1254.0,2868.0
AVAV,1,0.45105631726156104,0.0,4.339250184743336e-12,4,1427.0,2363.0,1254.0,2924.0
KEYS,1,0.6128722747967744,0.0,1.8727999122762426e-10,57,1427.0,1701.0,1254.0,2455.0
KFFB,1,0.28182922954460526,0.0,2.8861276870309796e-09,10,1427.0,2923.0,1254.0,1865.0
KFRC,1,0.547800766706469,0.0,4.255996816260515e-10,41,1427.0,1977.0,1254.0,2332.0
KFS,1,0.15112906417289498,0.0,9.434577784971401e-09,16,1427.0,3314.0,1254.0,1700.0
KG,1,0.2554671927454913,0.0,2.8119380243491114e-06,2,1427.0,2995.0,1254.0,680.0
BCTX,1,0.466582931201654,0.0,2.2877119712619354e-12,1,1427.0,2305.0,1254.0,2972.0
BDC,1,0.6194860922762497,0.0,2.531901680148762e-14,57,1427.0,1678.0,1254.0,3267.0
BDL,1,0.19504095305018723,0.0,3.569298284175058e-07,29,1427.0,3171.0,1254.0,1115.0
GEOS,1,0.34831791458506334,0.0,5.341909186688614e-07,42,1427.0,2724.0,1254.0,991.0
GERN,1,0.3323772980727108,0.0,1.6668277552358415e-09,20,1427.0,2774.0,1254.0,2051.0
GEVO,1,0.27727146205285513,0.0,4.25231924149419e-07,42,1427.0,2934.0,1254.0,1063.0
GDDY,1,0.5237482477023959,0.0,8.208035646726917e-07,29,1427.0,2077.0,1254.0,827.0
GDL,1,0.615494950034114,0.0,1.555841242819208e-07,29,1427.0,1693.0,1254.0,1268.0
GDO,1,0.5729205003852175,0.0,2.967472902057714e-07,29,1427.0,1858.0,1254.0,1177.0
GE,1,0.5792762061217119,0.0,3.691113885447269e-06,16,1427.0,1833.0,1254.0,607.0
GECC,1,0.4368316370528995,0.0,5.1728838182782934e-11,5,1427.0,2425.0,1254.0,2639.0
KTCC,1,0.24577404769740047,0.0,3.894136137598776e-14,5,1427.0,3021.0,1254.0,3244.0
KTF,1,0.7099673345120976,0.0,5.597019152270561e-10,33,1427.0,1354.0,1254.0,2275.0
KTH,1,0.13541623870242755,0.0,7.821501522688197e-10,29,1427.0,3361.0,1254.0,2209.0
KTN,1,0.2822663846646609,0.0,2.96912510415709e-11,5,1427.0,2922.0,1254.0,2674.0
KUST,1,0.3056641384478473,0.0,3.7796825150232295e-17,15,1427.0,2862.0,1254.0,3453.0
KVHI,1,0.38487731493404964,0.0,5.902595239303757e-07,42,1427.0,2591.0,1254.0,939.0
KMX,1,0.5969112977649991,0.0,1.7483101635594407e-11,31,1427.0,1757.0,1254.0,2742.0
KN,1,0.5863968277399131,0.0,2.792090627563874e-13,57,1427.0,1801.0,1254.0,3099.0
KNDI,1,0.28886551259403914,0.0,2.9876278088197414e-09,42,1427.0,2901.0,1254.0,1860.0
KNSL,1,0.5062753920780534,0.0,1.4015130302123603e-09,54,1427.0,2140.0,1254.0,2100.0
KOF,1,0.6212798849429407,0.0,3.1877666696749514e-10,32,1427.0,1667.0,1254.0,2389.0
KOP,1,0.6076418323234051,0.0,1.0903027155773781e-09,31,1427.0,1722.0,1254.0,2174.0
KOS,1,0.6934186595675674,0.0,2.685167864680009e-09,10,1427.0,1398.0,1254.0,1875.0
KPRX,1,0.16575414221610216,0.0,2.0764473532320111e-07,29,1427.0,3269.0,1254.0,1234.0
KPTI,1,0.3882347374369371,0.0,1.9469453528336275e-09,20,1427.0,2580.0,1254.0,1970.0
KEX,1,0.5995963551156283,0.0,3.0710714325489986e-09,10,1427.0,1743.0,1254.0,1856.0
LAUR,1,0.4481699450241728,0.0,9.467826129596792e-07,29,1427.0,2378.0,1254.0,807.0
LAZ,1,0.7646992455856445,0.0,7.842765197574954e-06,54,1427.0,1292.0,1254.0,479.0
KREF,1,0.7167100018451106,0.0,1.4553645943098933e-11,14,1427.0,1344.0,1254.0,2769.0
KRMD,1,0.2600465647667432,0.0,3.9881529922160024e-07,42,1427.0,2980.0,1254.0,1083.0
KRP,1,0.5596832665557134,0.0,2.057067111057291e-09,10,1427.0,1914.0,1254.0,1946.0
KSS,1,0.7001900798704481,0.0,6.239795242081511e-12,48,1427.0,1377.0,1254.0,2860.0
GEF-B,1,0.841115526762529,0.0,6.1126776219069956e-12,16,1427.0,1249.0,1254.0,2861.0
GEL,1,0.7185939215131377,0.0,2.599008894195676e-09,10,1427.0,1340.0,1254.0,1885.0
GEN,1,0.3118355066674146,0.0,1.88889749450385e-07,29,1427.0,2843.0,1254.0,1242.0
GENC,1,0.4354499371237369,0.0,0.0005460911893596826,40,1427.0,2430.0,1254.0,259.0
GAIN,1,0.6759198130597183,0.0,4.0372516135673006e-12,5,1427.0,1458.0,1254.0,2934.0
GALT,1,0.23226132463807203,0.0,3.5620301220376775e-07,42,1427.0,3053.0,1254.0,1116.0
GASS,1,0.32743108462975273,0.0,1.5619773957501394e-09,10,1427.0,2794.0,1254.0,2069.0
GAU,1,0.5452996325140296,0.0,1.2278029183143122e-10,26,1427.0,1987.0,1254.0,2525.0
GBAB,1,0.6000422130257211,0.0,8.968253567157595e-13,33,1427.0,1742.0,1254.0,3027.0
GBDC,1,0.7144222403502917,0.0,7.887491096407387e-11,5,1427.0,1346.0,1254.0,2588.0
KWR,1,0.6124098827768085,0.0,4.557093596544216e-06,4,1427.0,1706.0,1254.0,534.0
KZIA,1,0.14780005685466868,0.0,1.928571633655114e-09,42,1427.0,3323.0,1254.0,1977.0
LAB,1,0.3398791279265051,0.0,5.212489394917341e-07,42,1427.0,2751.0,1254.0,999.0
LAKE,1,0.370050257357846,0.0,1.1259002784264362e-15,20,1427.0,2653.0,1254.0,3396.0
GBLI,1,0.346949990494094,0.0,0.00036550386555247777,40,1427.0,2729.0,1254.0,298.0
GBX,1,0.6643342146387812,0.0,2.039294598166452e-08,54,1427.0,1499.0,1254.0,1580.0
GCBC,1,0.43160017370800435,0.0,0.0005534940682400369,40,1427.0,2444.0,1254.0,253.0
GCO,1,0.6106802586548298,0.0,1.0139210443037268e-13,48,1427.0,1715.0,1254.0,3195.0
GCTK,1,0.10842518465830385,0.0,1.2747588978863816e-13,8,1427.0,3427.0,1254.0,3169.0
GCV,1,0.49675400146343573,0.0,3.7026150715786e-08,29,1427.0,2177.0,1254.0,1491.0
FTV,1,0.7119802558773841,0.0,4.536696278667892e-06,16,1427.0,1350.0,1254.0,537.0
FUN,1,0.5939349401296995,0.0,5.066012980324226e-14,18,1427.0,1767.0,1254.0,3236.0
FURY,1,0.4167359016977057,0.0,9.383273462930222e-11,26,1427.0,2487.0,1254.0,2564.0
FUSB,1,0.21713610187625854,0.0,3.762472565660849e-05,40,1427.0,3101.0,1254.0,390.0
FVCB,1,0.5088569928015406,0.0,6.0668580217433895e-06,47,1427.0,2130.0,1254.0,498.0
LARK,1,0.30190302594551693,0.0,0.00040367751048523174,40,1427.0,2873.0,1254.0,292.0
LCNB,1,0.6010237337863154,0.0,0.0008409853111361142,40,1427.0,1739.0,1254.0,190.0
LCUT,1,0.3769779410278708,0.0,0.0002935410699117298,40,1427.0,2628.0,1254.0,310.0
FWDI,1,0.16952133526968577,0.0,2.599830615364097e-07,42,1427.0,3251.0,1254.0,1202.0
FWONK,1,0.973326411777734,0.0,2.794553952553088e-08,29,1427.0,1185.0,1254.0,1534.0
FWRD,1,0.49916690714246714,0.0,1.218140273417598e-12,16,1427.0,2168.0,1254.0,3006.0
FXNC,1,0.22912105002861294,0.0,1.2371144820005449e-06,38,1427.0,3060.0,1254.0,770.0
GAIA,1,0.33101349172780276,0.0,5.076523309130322e-07,42,1427.0,2781.0,1254.0,1006.0
FSK,1,0.6935866223381058,0.0,4.785812218551874e-12,5,1427.0,1397.0,1254.0,2904.0
FSP,1,0.609491197397127,0.0,4.275780135341172e-10,11,1427.0,1719.0,1254.0,2330.0
FSS,1,0.6121159333158441,0.0,2.6135213433695656e-06,16,1427.0,1708.0,1254.0,690.0
FSTR,1,0.4562416027948555,0.0,0.0006151041524593755,40,1427.0,2344.0,1254.0,238.0
FSV,1,0.5397291917955468,0.0,4.4041734118677366e-10,4,1427.0,2008.0,1254.0,2325.0
LE,1,0.44109033557868416,0.0,3.2822624198176863e-06,4,1427.0,2412.0,1254.0,640.0
LEDS,1,0.165052441551345,0.0,2.5312943058356344e-07,42,1427.0,3272.0,1254.0,1208.0
LEE,1,0.2310596253325008,0.0,3.543600496998989e-07,42,1427.0,3056.0,1254.0,1117.0
KW,1,0.6201182124796186,0.0,2.1711947114925175e-10,11,1427.0,1672.0,1254.0,2433.0
LINK,1,0.13926590281112433,0.0,3.0314291443590986e-14,14,1427.0,3348.0,1254.0,3257.0
ATI,1,0.7020148764567073,0.0,7.14041908526327e-15,24,1427.0,1374.0,1254.0,3326.0
ATKR,1,0.5991680765600017,0.0,1.2657741185585472e-06,29,1427.0,1745.0,1254.0,766.0
ATLC,1,0.3768432959885592,0.0,5.779383087950536e-07,42,1427.0,2629.0,1254.0,952.0
ATLX,1,0.11368034993381411,0.0,6.05467881853975e-12,20,1427.0,3416.0,1254.0,2864.0
ATNI,1,0.45348293652419447,0.0,0.00044509150122969935,40,1427.0,2352.0,1254.0,287.0
ATNM,1,0.26998466713117825,0.0,1.3539370447758727e-09,20,1427.0,2948.0,1254.0,2113.0
ATOM,1,0.36802754030196566,0.0,5.644181984826515e-07,42,1427.0,2663.0,1254.0,966.0
ATOS,1,0.20916715755745935,0.0,3.207850970977768e-07,42,1427.0,3124.0,1254.0,1148.0
ATR,1,0.5845303544307283,0.0,4.566159970660484e-12,16,1427.0,1813.0,1254.0,2912.0
ATRC,1,0.4700722748403453,0.0,7.209170984983097e-07,42,1427.0,2279.0,1254.0,865.0
ATRO,1,0.5487496276480951,0.0,4.05508973769123e-08,4,1427.0,1974.0,1254.0,1480.0
LFCR,1,0.2579375534332844,0.0,0.00033089047362816997,40,1427.0,2988.0,1254.0,305.0
LFMD,1,0.2166606813599116,0.0,3.3227739248793097e-07,42,1427.0,3103.0,1254.0,1136.0
LBTYB,1,0.20275122267236,0.0,1.7457289234823085e-10,4,1427.0,3148.0,1254.0,2472.0
LC,1,0.5122605347034968,0.0,3.8118574962815557e-06,4,1427.0,2114.0,1254.0,599.0
FPI,1,0.4179955339732918,0.0,6.34540128484253e-12,11,1427.0,2483.0,1254.0,2858.0
LMAT,1,0.3948947420786981,0.0,2.938509568585469e-06,4,1427.0,2561.0,1254.0,667.0
LMB,1,0.2654258463780202,0.0,4.0706512866010677e-07,42,1427.0,2960.0,1254.0,1072.0
LMNR,1,0.414139384332227,0.0,0.00054217162056421,40,1427.0,2494.0,1254.0,260.0
LND,1,0.37475677145397407,0.0,4.264829828149812e-15,24,1427.0,2637.0,1254.0,3352.0
LNG,1,0.6390875074156462,0.0,2.31145027291221e-09,10,1427.0,1609.0,1254.0,1922.0
LFT,1,0.4790673893454965,0.0,8.977950308565866e-12,14,1427.0,2245.0,1254.0,2810.0
LFUS,1,0.6780925385032723,0.0,3.228692810443132e-13,57,1427.0,1450.0,1254.0,3090.0
LFVN,1,0.27438803370873033,0.0,4.208098109833567e-07,42,1427.0,2940.0,1254.0,1066.0
LFWD,1,0.18463739076722735,0.0,2.962540112513202e-09,42,1427.0,3202.0,1254.0,1863.0
LGL,1,0.1901863566178416,0.0,1.0532993998754869e-07,29,1427.0,3187.0,1254.0,1315.0
LGND,1,0.4717974230721351,0.0,2.366001059922519e-09,20,1427.0,2274.0,1254.0,1912.0
LGO,1,0.2948809055839414,0.0,1.1552470193677509e-08,10,1427.0,2890.0,1254.0,1654.0
LHX,1,0.6912906754484999,0.0,1.7058355322110462e-10,34,1427.0,1404.0,1254.0,2478.0
LILA,1,0.9569193444111138,0.0,5.2185550281454825e-08,4,1427.0,1194.0,1254.0,1431.0
LINC,1,0.2570050135707047,0.0,1.912437951380824e-06,4,1427.0,2991.0,1254.0,728.0
LITB,1,0.12644120373367349,0.0,1.4757038576895741e-15,22,1427.0,3391.0,1254.0,3393.0
LITS,1,0.2874061324335424,0.0,4.4077476204079794e-07,42,1427.0,2906.0,1254.0,1054.0
LIVE,1,0.14567600224938257,0.0,2.4970301128581587e-09,42,1427.0,3328.0,1254.0,1898.0
LIVN,1,0.46883651662825765,0.0,3.4887286241451414e-06,4,1427.0,2288.0,1254.0,622.0
FTAI,1,0.49347287914503685,0.0,7.568049750257217e-07,42,1427.0,2190.0,1254.0,847.0
FTF,1,0.6801002823500626,0.0,1.0351453161740489e-07,29,1427.0,1442.0,1254.0,1319.0
FTFT,1,0.24639201059677474,0.0,5.4142989246183594e-11,42,1427.0,3016.0,1254.0,2633.0
FTK,1,0.34531186536815117,0.0,2.5774171770328728e-09,10,1427.0,2735.0,1254.0,1888.0
FTLF,1,0.19974798874138536,0.0,7.890193711245007e-16,58,1427.0,3157.0,1254.0,3409.0
FONR,1,0.3235451262969562,0.0,4.961986191646531e-07,42,1427.0,2809.0,1254.0,1011.0
FOR,1,0.5872181520325761,0.0,1.1275273135623873e-10,55,1427.0,1796.0,1254.0,2539.0
FORM,1,0.6810262791136201,0.0,2.8666917528179903e-10,57,1427.0,1440.0,1254.0,2405.0
FORR,1,0.48383358679007593,0.0,0.00047488053054506806,40,1427.0,2229.0,1254.0,284.0
FORTY,1,0.20662739093738655,0.0,7.26275351839579e-08,29,1427.0,3134.0,1254.0,1372.0
FOSL,1,0.4146719664167817,0.0,2.551194576324069e-10,48,1427.0,2492.0,1254.0,2418.0
FOXF,1,0.5338100208951002,0.0,8.186672390829265e-07,42,1427.0,2035.0,1254.0,829.0
LUMN,1,0.3539560479904896,0.0,1.1072257234562883e-10,11,1427.0,2706.0,1254.0,2542.0
LW,1,0.43732202039960727,0.0,2.503303850311869e-13,11,1427.0,2422.0,1254.0,3114.0
LWAY,1,0.20794391658682657,0.0,3.0660682770537113e-07,29,1427.0,3127.0,1254.0,1163.0
LNN,1,0.5629955408329966,0.0,3.654328634002262e-08,4,1427.0,1895.0,1254.0,1492.0
LOAN,1,0.3345091593257061,0.0,3.693107369385013e-11,5,1427.0,2764.0,1254.0,2663.0
LOB,1,0.6614717208486117,0.0,0.000959690095657702,40,1427.0,1512.0,1254.0,170.0
LOCO,1,0.4460010853507355,0.0,2.7421169581370523e-12,19,1427.0,2390.0,1254.0,2960.0
LODE,1,0.28086592259124693,0.0,1.0771290035694535e-12,26,1427.0,2929.0,1254.0,3017.0
LOGI,1,0.4926705906121531,0.0,1.731689612460002e-07,29,1427.0,2194.0,1254.0,1260.0
LOPE,1,0.5088630207836427,0.0,2.7225755996277734e-08,39,1427.0,2129.0,1254.0,1537.0
LPCN,1,0.1503298209974377,0.0,6.516212641870996e-14,20,1427.0,3318.0,1254.0,3220.0
LPG,1,0.49676720368740324,0.0,1.7397547666288302e-15,49,1427.0,2176.0,1254.0,3384.0
LPL,1,0.5015834577620676,0.0,6.3715779031284175e-12,22,1427.0,2160.0,1254.0,2857.0
LPSN,1,0.40941639822935394,0.0,7.184655864555315e-16,35,1427.0,2519.0,1254.0,3410.0
LPTH,1,0.22718077111439205,0.0,3.4841132122114723e-07,42,1427.0,3068.0,1254.0,1121.0
LIQT,1,0.17048829625772138,0.0,1.937889719508032e-07,29,1427.0,3245.0,1254.0,1239.0
LSBK,1,0.24041352744271136,0.0,1.3111079368143785e-07,29,1427.0,3037.0,1254.0,1281.0
LSTA,1,0.21120851828398748,0.0,1.0591825089696819e-09,20,1427.0,3120.0,1254.0,2177.0
FRAF,1,0.41046344431496545,0.0,0.0005121458145930845,40,1427.0,2517.0,1254.0,271.0
FRBA,1,0.5904108356289991,0.0,0.000736670810874382,40,1427.0,1784.0,1254.0,212.0
FRD,1,0.2422877761790321,0.0,3.715798824001461e-07,42,1427.0,3030.0,1254.0,1108.0
FRPH,1,0.506557538668891,0.0,0.00041879646236750646,40,1427.0,2137.0,1254.0,291.0
FRPT,1,0.4436163189950716,0.0,6.803434421761312e-07,42,1427.0,2402.0,1254.0,889.0
FSBW,1,0.6108857808096867,0.0,0.0007072010866670972,40,1427.0,1714.0,1254.0,218.0
FSI,1,0.2214406373224369,0.0,3.3960807793331423e-07,42,1427.0,3085.0,1254.0,1130.0
BELFA,1,0.6273725135068686,0.0,1.1174502228087309e-08,42,1427.0,1650.0,1254.0,1660.0
BEP,1,0.5530477593413499,0.0,1.1692103498547854e-09,54,1427.0,1946.0,1254.0,2157.0
BESS,1,0.13767278532990937,0.0,5.2918412873326605e-09,4,1427.0,3354.0,1254.0,1761.0
BF-A,1,0.8972812864229991,0.0,1.626977003222484e-15,7,1427.0,1224.0,1254.0,3389.0
LTBR,1,0.30402908613269414,0.0,1.2021175393579681e-12,42,1427.0,2868.0,1254.0,3007.0
LTRX,1,0.3132363368589854,0.0,4.80388747005804e-07,42,1427.0,2842.0,1254.0,1023.0
LULU,1,0.48579575545309517,0.0,4.11642385869201e-12,48,1427.0,2220.0,1254.0,2932.0
MAYS,1,0.0823536382953983,0.0,2.3607768122456498e-12,31,1427.0,3456.0,1254.0,2970.0
MBAI,1,0.18823353849033325,0.0,1.7034698824915354e-17,24,1427.0,3192.0,1254.0,3457.0
MBI,1,0.5010503656879906,0.0,5.8502028037144935e-08,54,1427.0,2163.0,1254.0,1424.0
MBOT,1,0.16325800080451283,0.0,2.503774218268854e-07,42,1427.0,3278.0,1254.0,1209.0
LWLG,1,0.290953328573246,0.0,4.4621484963095784e-07,42,1427.0,2897.0,1254.0,1048.0
LXFR,1,0.4831805267447116,0.0,3.5954659556102372e-06,4,1427.0,2230.0,1254.0,613.0
LXRX,1,0.3012165679101278,0.0,2.355634569303205e-11,20,1427.0,2876.0,1254.0,2698.0
LXU,1,0.4377422397265487,0.0,1.1011056314888424e-10,10,1427.0,2420.0,1254.0,2544.0
LYTS,1,0.4301195707577738,0.0,3.2006262419561076e-06,4,1427.0,2450.0,1254.0,646.0
MAGN,1,0.413912709587229,0.0,3.0800269744761655e-06,4,1427.0,2497.0,1254.0,655.0
MAKO,1,0.25577106923621207,0.0,5.758970818923126e-11,26,1427.0,2994.0,1254.0,2625.0
MANH,1,0.5615602188290437,0.0,9.076505908576618e-07,29,1427.0,1901.0,1254.0,813.0
LQDT,1,0.3245898978136793,0.0,2.4153538119320882e-06,4,1427.0,2806.0,1254.0,706.0
LRMR,1,0.21183832453436335,0.0,1.0623409031928218e-09,20,1427.0,3119.0,1254.0,2176.0
LRN,1,0.3562327092272143,0.0,1.6693143935124465e-13,50,1427.0,2698.0,1254.0,3148.0
LSAK,1,0.22835876422817386,0.0,1.6992741159901824e-06,4,1427.0,3063.0,1254.0,736.0
FMAO,1,0.5500827191222758,0.0,0.0007201421805167909,40,1427.0,1961.0,1254.0,216.0
FMC,1,0.4759561302755504,0.0,3.3816326997960884e-13,31,1427.0,2259.0,1254.0,3084.0
FMN,1,0.6772131699538115,0.0,5.338802080549707e-10,33,1427.0,1452.0,1254.0,2287.0
MCRB,1,0.26328266812110995,0.0,1.3203274149186649e-09,20,1427.0,2971.0,1254.0,2121.0
MCRI,1,0.6633800170378682,0.0,1.0339981005593559e-13,58,1427.0,1504.0,1254.0,3191.0
MCY,1,0.5278094879629439,0.0,1.6561809086687062e-07,54,1427.0,2062.0,1254.0,1264.0
MD,1,0.4462849647959667,0.0,5.1837777622831124e-08,31,1427.0,2387.0,1254.0,1433.0
MDT,1,0.6853237670589081,0.0,2.6890905162320417e-11,50,1427.0,1423.0,1254.0,2680.0
MDU,1,0.6714303769469254,0.0,3.6791983811572345e-09,8,1427.0,1468.0,1254.0,1822.0
MANU,1,0.34660666109649657,0.0,7.322248265544391e-07,29,1427.0,2730.0,1254.0,859.0
MARPS,1,0.3205117302409528,0.0,4.281841324692937e-17,10,1427.0,2818.0,1254.0,3450.0
MASI,1,0.40608725758397973,0.0,1.9375259763194217e-13,50,1427.0,2525.0,1254.0,3137.0
MAT,1,0.5515073840049904,0.0,4.1200945969380745e-12,55,1427.0,1954.0,1254.0,2931.0
MATV,1,0.4930657292081472,0.0,0.0006626300591787714,40,1427.0,2193.0,1254.0,231.0
MATW,1,0.5859779194275978,0.0,0.0008501606158269568,40,1427.0,1803.0,1254.0,186.0
MATX,1,0.5072011449729754,0.0,0.000735868065096335,40,1427.0,2136.0,1254.0,215.0
MFM,1,0.667435540475713,0.0,5.565858019146161e-09,33,1427.0,1488.0,1254.0,1752.0
MCD,1,0.6488657160476508,0.0,1.725439582659942e-15,19,1427.0,1569.0,1254.0,3385.0
MCFT,1,0.6837882997351087,0.0,5.964742512510265e-10,4,1427.0,1433.0,1254.0,2252.0
MCHB,1,0.5717252333830039,0.0,0.0007548529736606171,40,1427.0,1865.0,1254.0,209.0
MCHX,1,0.3339021529579303,0.0,5.120824693917872e-07,42,1427.0,2765.0,1254.0,1004.0
MCI,1,0.48453968972459044,0.0,1.8269375407927704e-09,29,1427.0,2223.0,1254.0,2004.0
MCN,1,0.7023853874720557,0.0,1.34293697620233e-06,29,1427.0,1373.0,1254.0,758.0
BFAM,1,0.5019244092310906,0.0,9.596624024896728e-07,29,1427.0,2156.0,1254.0,803.0
BFC,1,0.5330764566909,0.0,0.0005420185758146931,40,1427.0,2037.0,1254.0,261.0
FNRN,1,0.2258274168243139,0.0,0.0002526071687928393,40,1427.0,3070.0,1254.0,319.0
FNWB,1,0.5187450902223887,0.0,0.0005383616139876272,40,1427.0,2095.0,1254.0,262.0
FNWD,1,0.17408948405247335,0.0,0.000194733891488975,40,1427.0,3236.0,1254.0,326.0
FLR,1,0.5540164042655348,0.0,4.13795002089366e-08,4,1427.0,1942.0,1254.0,1476.0
FLUT,1,0.2400182048737475,0.0,3.6809919900779966e-07,42,1427.0,3038.0,1254.0,1112.0
FLWS,1,0.4203918085850122,0.0,6.447256285866461e-07,42,1427.0,2479.0,1254.0,916.0
FLXS,1,0.35885038614188475,0.0,5.503438365097013e-07,42,1427.0,2688.0,1254.0,974.0
FIZZ,1,0.286499714243182,0.0,5.028796005594718e-16,15,1427.0,2908.0,1254.0,3419.0
MGRC,1,0.5637795981572036,0.0,0.0008179543878175502,40,1427.0,1893.0,1254.0,198.0
MHF,1,0.4924250908366453,0.0,2.88863001070969e-10,33,1427.0,2195.0,1254.0,2404.0
ASPN,1,0.4028353052989007,0.0,6.178004426392579e-07,42,1427.0,2537.0,1254.0,929.0
ASPS,1,0.2840892579824898,0.0,3.0595659449674797e-12,14,1427.0,2914.0,1254.0,2954.0
MDWD,1,0.24137842966697787,0.0,1.7961566707446694e-06,4,1427.0,3035.0,1254.0,732.0
MDXG,1,0.2565322556664608,0.0,3.934256481925963e-07,42,1427.0,2992.0,1254.0,1088.0
MED,1,0.3708965124498232,0.0,2.7599327989320228e-06,4,1427.0,2649.0,1254.0,684.0
MEDP,1,0.5815130221218846,0.0,1.5016530630346772e-08,53,1427.0,1823.0,1254.0,1626.0
MEI,1,0.49208057673072514,0.0,3.6616934315880556e-06,4,1427.0,2198.0,1254.0,610.0
MELI,1,0.5306664043836836,0.0,1.8652412335200734e-07,29,1427.0,2043.0,1254.0,1245.0
MEOH,1,0.6393606477540045,0.0,4.494113757024526e-09,10,1427.0,1605.0,1254.0,1787.0
MERC,1,0.4325474635949243,0.0,3.218692793807141e-06,4,1427.0,2440.0,1254.0,644.0
MESO,1,0.2574482857224742,0.0,4.3235022433219737e-07,29,1427.0,2989.0,1254.0,1061.0
METC,1,0.43210267667731767,0.0,4.529589023221768e-15,24,1427.0,2441.0,1254.0,3349.0
MFIN,1,0.38006310370247637,0.0,5.82876303565381e-07,42,1427.0,2613.0,1254.0,947.0
MHK,1,0.6728496344057704,0.0,1.6977750289406107e-11,55,1427.0,1465.0,1254.0,2746.0
MHNC,1,0.5185776182080787,0.0,1.994925038640963e-09,29,1427.0,2096.0,1254.0,1961.0
MG,1,0.4686147107236594,0.0,0.0006317855555125236,40,1427.0,2292.0,1254.0,236.0
MGF,1,0.3471791360913405,0.0,1.4773949838585832e-12,29,1427.0,2728.0,1254.0,2998.0
MGNI,1,0.471980949843894,0.0,7.238443003759373e-07,42,1427.0,2273.0,1254.0,862.0
MGNX,1,0.3273914620933686,0.0,2.6426763710209566e-11,20,1427.0,2795.0,1254.0,2681.0
MGPI,1,0.3265375863994254,0.0,5.925035472711743e-16,7,1427.0,2800.0,1254.0,3415.0
FMS,1,0.48585246487137684,0.0,1.7258541629221242e-10,52,1427.0,2219.0,1254.0,2475.0
FMY,1,0.17265475042990858,0.0,1.3997900013569794e-09,29,1427.0,3238.0,1254.0,2101.0
FN,1,0.5783601965971232,0.0,1.6478627954302642e-13,57,1427.0,1838.0,1254.0,3150.0
FND,1,0.6189576152453096,0.0,6.971848001955281e-13,55,1427.0,1679.0,1254.0,3041.0
FNF,1,0.8038319949051402,0.0,8.405655224466396e-12,55,1427.0,1260.0,1254.0,2818.0
BDRX,1,0.12679652187459478,0.0,1.1933574435179963e-09,54,1427.0,3389.0,1254.0,2148.0
FIS,1,0.6508883035261894,0.0,2.8807344195043812e-11,50,1427.0,1556.0,1254.0,2677.0
FISK,1,0.3515914421256084,0.0,9.940880839671543e-11,11,1427.0,2713.0,1254.0,2556.0
FITBI,1,0.538264917322654,0.0,3.2433114827644886e-08,29,1427.0,2016.0,1254.0,1511.0
MKTX,1,0.4407720589151495,0.0,5.049047127600635e-12,30,1427.0,2413.0,1254.0,2894.0
MLAB,1,0.4106508245654085,0.0,6.297865600395598e-07,42,1427.0,2516.0,1254.0,924.0
MLCI,1,0.3316150209410552,0.0,7.00554197150353e-07,29,1427.0,2778.0,1254.0,875.0
MLI,1,0.6603018983433254,0.0,4.913469944479932e-06,4,1427.0,1515.0,1254.0,514.0
MLKN,1,0.6587851647100883,0.0,1.8884950275055113e-11,31,1427.0,1520.0,1254.0,2734.0
ASRT,1,0.2769450962962,0.0,4.2473139972598496e-07,42,1427.0,2935.0,1254.0,1064.0
ASRV,1,0.26647038821102387,0.0,0.00022909603968854667,40,1427.0,2957.0,1254.0,322.0
ASTC,1,0.23094393716685688,0.0,7.906572099141461e-13,14,1427.0,3057.0,1254.0,3035.0
ASTE,1,0.5965905108735059,0.0,1.6175490778693915e-11,16,1427.0,1758.0,1254.0,2751.0
ASTH,1,0.2840259115024085,0.0,1.8302261674055546e-11,20,1427.0,2915.0,1254.0,2738.0
ASUR,1,0.3146264280040552,0.0,4.82520632948857e-07,42,1427.0,2837.0,1254.0,1022.0
ASYS,1,0.3040886061142071,0.0,8.485260473975423e-11,57,1427.0,2866.0,1254.0,2574.0
ATEC,1,0.3713518164448568,0.0,5.695164092042944e-07,42,1427.0,2648.0,1254.0,962.0
ATEN,1,0.4349088467472821,0.0,6.669893986298333e-07,42,1427.0,2431.0,1254.0,898.0
ATHE,1,0.18206454750176473,0.0,5.018146389002188e-14,20,1427.0,3209.0,1254.0,3237.0
MHH,1,0.30780279206106764,0.0,6.502496095052422e-07,29,1427.0,2856.0,1254.0,912.0
FENG,1,0.1920782009599486,0.0,5.713442453007498e-14,22,1427.0,3181.0,1254.0,3227.0
FER,1,0.2750057548161502,0.0,1.0218139009072232e-10,11,1427.0,2939.0,1254.0,2551.0
FERG,1,0.3191663564063848,0.0,8.053399532424987e-12,55,1427.0,2821.0,1254.0,2824.0
MMM,1,0.6408182494556608,0.0,6.836188480957627e-08,16,1427.0,1590.0,1254.0,1391.0
MMS,1,0.4684123596489434,0.0,2.9396247745213654e-08,4,1427.0,2293.0,1254.0,1526.0
MMSI,1,0.47230397775639554,0.0,3.5145308610908502e-06,4,1427.0,2272.0,1254.0,621.0
MMYT,1,0.4291817897846391,0.0,3.7060035821270654e-13,11,1427.0,2454.0,1254.0,3080.0
MNDO,1,0.21196798004837297,0.0,2.9411599967927256e-13,14,1427.0,3118.0,1254.0,3097.0
MNKD,1,0.28125947966266795,0.0,1.4104787236575761e-09,20,1427.0,2926.0,1254.0,2098.0
MI,1,0.17550870791020387,0.0,2.3732321121997154e-09,42,1427.0,3228.0,1254.0,1911.0
MIDD,1,0.6419862430233347,0.0,4.777178617506608e-06,4,1427.0,1589.0,1254.0,525.0
MIND,1,0.22181642529194143,0.0,3.401843977614035e-07,42,1427.0,3083.0,1254.0,1129.0
MITK,1,0.3821177166929052,0.0,5.860273203661454e-07,42,1427.0,2606.0,1254.0,944.0
MIY,1,0.6979942948010558,0.0,5.82069264733455e-09,33,1427.0,1387.0,1254.0,1749.0
MKC-V,1,0.7693224855172316,0.0,1.4112868496076818e-14,15,1427.0,1288.0,1254.0,3293.0
MKL,1,0.6991300827086095,0.0,2.4413623629197367e-05,54,1427.0,1381.0,1254.0,413.0
MLP,1,0.34191697757647277,0.0,2.5442889033708437e-06,4,1427.0,2743.0,1254.0,696.0
MLR,1,0.5377872383636526,0.0,0.0006744308532005003,40,1427.0,2017.0,1254.0,226.0
MLSS,1,0.22858657323091428,0.0,3.5056730198655034e-07,42,1427.0,3062.0,1254.0,1119.0
MMD,1,0.583490443262837,0.0,4.865825635341151e-09,33,1427.0,1817.0,1254.0,1774.0
MMI,1,0.6430489459108621,0.0,4.736100345493014e-08,4,1427.0,1585.0,1254.0,1452.0
MMLP,1,0.38622714129818875,0.0,1.3969054643788e-09,10,1427.0,2588.0,1254.0,2104.0
FKWL,1,0.09955459724259513,0.0,3.7143650102449056e-09,4,1427.0,3436.0,1254.0,1820.0
FLEX,1,0.689768564050948,0.0,6.465757365620427e-10,4,1427.0,1410.0,1254.0,2236.0
FLG,1,0.5878559918810298,0.0,0.0007397728253628007,40,1427.0,1794.0,1254.0,210.0
FLGT,1,0.29326028455257297,0.0,1.4706611572467698e-09,20,1427.0,2893.0,1254.0,2089.0
FLL,1,0.48045716960247,0.0,6.480416516181991e-14,58,1427.0,2237.0,1254.0,3221.0
FLNA,1,0.19175542580700256,0.0,7.542685065102503e-12,20,1427.0,3183.0,1254.0,2834.0
FLNT,1,0.30759359956555304,0.0,4.7173487394224723e-07,42,1427.0,2857.0,1254.0,1028.0
FLO,1,0.533958726107804,0.0,1.1890944415946136e-14,15,1427.0,2034.0,1254.0,3302.0
FE,1,0.6655065812221584,0.0,2.401342685963181e-09,8,1427.0,1493.0,1254.0,1907.0
FEIM,1,0.2079616576063184,0.0,3.189363058085846e-07,42,1427.0,3126.0,1254.0,1151.0
MRDN,1,0.11330777288539924,0.0,1.062760409471651e-12,16,1427.0,3417.0,1254.0,3019.0
MRK,1,0.4982858107245855,0.0,1.1523216165271097e-07,29,1427.0,2171.0,1254.0,1300.0
MRKR,1,0.264717802798771,0.0,1.3275244236378498e-09,20,1427.0,2965.0,1254.0,2119.0
MSA,1,0.591084783611785,0.0,5.915682870667923e-08,16,1427.0,1783.0,1254.0,1421.0
MNOV,1,0.25889939916943133,0.0,5.46938616390771e-07,29,1427.0,2983.0,1254.0,980.0
MNRO,1,0.44825008780679676,0.0,2.721264622106881e-10,27,1427.0,2377.0,1254.0,2410.0
MNSB,1,0.47975505246591166,0.0,0.0006712995334234406,40,1427.0,2241.0,1254.0,228.0
MNST,1,0.5292969528576307,0.0,4.922557733568412e-12,15,1427.0,2049.0,1254.0,2901.0
MO,1,0.586101175562586,0.0,3.864367762581137e-12,15,1427.0,1802.0,1254.0,2939.0
MOD,1,0.5468210068736435,0.0,5.811878615317397e-08,16,1427.0,1982.0,1254.0,1425.0
MOG-B,1,0.41648888560292685,0.0,3.077723830297703e-08,4,1427.0,2488.0,1254.0,1519.0
MOH,1,0.6600477653223487,0.0,4.6334447716630184e-11,21,1427.0,1516.0,1254.0,2649.0
MORN,1,0.5600003954274211,0.0,1.5782525132129156e-08,30,1427.0,1910.0,1254.0,1617.0
MPA,1,0.65797240319902,0.0,5.4869433145830295e-09,33,1427.0,1523.0,1254.0,1755.0
MPAA,1,0.3951248467712256,0.0,6.695778999183514e-10,31,1427.0,2557.0,1254.0,2229.0
MPB,1,0.5914598791485149,0.0,0.0008276030421572145,40,1427.0,1780.0,1254.0,195.0
FCT,1,0.6434739310102261,0.0,3.0918003274067255e-08,29,1427.0,1582.0,1254.0,1518.0
FCUV,1,0.1333135511746815,0.0,6.0106069703224005e-12,42,1427.0,3366.0,1254.0,2867.0
FDBC,1,0.4687748779123076,0.0,3.1638181211309785e-06,37,1427.0,2289.0,1254.0,648.0
BGC,1,0.561610492760608,0.0,4.179082755338515e-06,4,1427.0,1900.0,1254.0,565.0
BGDE,1,0.1433431009089263,0.0,2.243925433018248e-09,42,1427.0,3336.0,1254.0,1928.0
BGI,1,0.1670730247659209,0.0,2.6147904038028176e-08,29,1427.0,3263.0,1254.0,1542.0
MSN,1,0.22177830571960014,0.0,5.5624771792346804e-15,11,1427.0,3084.0,1254.0,3338.0
MTA,1,0.4046097558439076,0.0,7.189664709896791e-11,26,1427.0,2532.0,1254.0,2602.0
MTCH,1,0.6142760032961584,0.0,3.2552489161310327e-09,29,1427.0,1697.0,1254.0,1840.0
MTEX,1,0.15978419737413138,0.0,4.957769511512953e-08,29,1427.0,3287.0,1254.0,1444.0
MTLS,1,0.44657961482058683,0.0,1.165442729459417e-10,42,1427.0,2386.0,1254.0,2533.0
MPT,1,0.5802141900397237,0.0,2.826885683725774e-10,11,1427.0,1828.0,1254.0,2407.0
MPU,1,0.2049420963070472,0.0,3.947959190741001e-12,14,1427.0,3137.0,1254.0,2937.0
MPX,1,0.4676819783661617,0.0,3.48013741902398e-06,4,1427.0,2298.0,1254.0,625.0
MRAM,1,0.35446686871836564,0.0,2.372723588686069e-12,57,1427.0,2705.0,1254.0,2969.0
MRCY,1,0.45931778786302024,0.0,4.194443338853576e-10,4,1427.0,2328.0,1254.0,2335.0
MTR,1,0.26938465673542783,0.0,2.0106944220072026e-09,10,1427.0,2951.0,1254.0,1955.0
MTRN,1,0.6055868878030224,0.0,7.034133098228676e-08,31,1427.0,1730.0,1254.0,1380.0
MSB,1,0.38778674592285717,0.0,1.5192217396527884e-08,10,1427.0,2583.0,1254.0,1625.0
MSGS,1,0.5031248383443025,0.0,4.113134592102048e-13,11,1427.0,2149.0,1254.0,3074.0
MSI,1,0.5387714866745171,0.0,9.332053722073632e-07,29,1427.0,2014.0,1254.0,808.0
MSLE,1,0.13609080685087988,0.0,5.708215140271231e-16,35,1427.0,3358.0,1254.0,3416.0
MSM,1,0.6478648098558488,0.0,5.909741640122681e-10,16,1427.0,1574.0,1254.0,2255.0
FET,1,0.5949196956879313,0.0,2.303744248802108e-09,10,1427.0,1765.0,1254.0,1924.0
FF,1,0.394629831993851,0.0,7.080914359777414e-10,31,1427.0,2562.0,1254.0,2219.0
FFIV,1,0.5365936763142681,0.0,1.587433410841573e-07,29,1427.0,2020.0,1254.0,1267.0
FGBI,1,0.41096160782499525,0.0,4.899698269517715e-06,47,1427.0,2514.0,1254.0,517.0
FGNX,1,0.13850834459227154,0.0,2.1242059837584593e-07,42,1427.0,3350.0,1254.0,1231.0
FHI,1,0.639561515606639,0.0,0.00011908911804341735,54,1427.0,1603.0,1254.0,339.0
FICO,1,0.5857099208726284,0.0,1.6507098248095604e-08,30,1427.0,1805.0,1254.0,1612.0
FIEE,1,0.1280055867762756,0.0,1.6650576479852918e-08,54,1427.0,3385.0,1254.0,1611.0
FCO,1,0.37477189357465124,0.0,2.609317977631799e-09,29,1427.0,2636.0,1254.0,1883.0
FAX,1,0.6627938295301349,0.0,9.672278366271218e-08,29,1427.0,1506.0,1254.0,1327.0
FBIO,1,0.3282587671330289,0.0,5.034276017206988e-07,42,1427.0,2791.0,1254.0,1008.0
MUSA,1,0.4976090242107806,0.0,2.232704455883853e-08,4,1427.0,2174.0,1254.0,1564.0
MUX,1,0.694754340694954,0.0,6.861005250520937e-11,26,1427.0,1394.0,1254.0,2607.0
MVBF,1,0.5819623510872948,0.0,0.0005711934797149519,40,1427.0,1822.0,1254.0,248.0
MVO,1,0.3720977362297141,0.0,2.615502786098595e-09,10,1427.0,2644.0,1254.0,1881.0
MWA,1,0.6578849938619762,0.0,4.934865767912365e-08,4,1427.0,1525.0,1254.0,1445.0
MTN,1,0.5084521618737192,0.0,6.5281777998363375e-12,11,1427.0,2131.0,1254.0,2853.0
ARQ,1,0.29684853278088275,0.0,2.2089234447781205e-06,4,1427.0,2882.0,1254.0,719.0
ARTNA,1,0.5887147758238509,0.0,1.4176507024636765e-13,8,1427.0,1789.0,1254.0,3163.0
ARTW,1,0.21935403332118997,0.0,1.8085748647195632e-09,42,1427.0,3094.0,1254.0,2009.0
ASC,1,0.6424507276227324,0.0,2.2497690004198338e-15,49,1427.0,1587.0,1254.0,3377.0
ASG,1,0.7131615708727651,0.0,1.132421647138758e-06,29,1427.0,1348.0,1254.0,784.0
ASH,1,0.6125557581705308,0.0,4.558179091473871e-06,4,1427.0,1704.0,1254.0,533.0
ASIX,1,0.5294392762932665,0.0,3.761625716459068e-13,31,1427.0,2046.0,1254.0,3078.0
ASMB,1,0.31685338846479894,0.0,1.5889774220628808e-09,20,1427.0,2827.0,1254.0,2063.0
NATH,1,0.42243100999905214,0.0,0.0005501296901902719,40,1427.0,2472.0,1254.0,255.0
MTSI,1,0.589251631518683,0.0,1.7999902321161688e-10,57,1427.0,1788.0,1254.0,2460.0
MTUS,1,0.578793673094874,0.0,3.295377158995746e-14,24,1427.0,1835.0,1254.0,3251.0
MTVA,1,0.1680096986310099,0.0,2.5380330108265765e-09,29,1427.0,3260.0,1254.0,1894.0
MTW,1,0.7166723612172785,0.0,1.943129647624077e-11,16,1427.0,1345.0,1254.0,2731.0
MUA,1,0.6063468465586346,0.0,5.056429053713411e-09,33,1427.0,1726.0,1254.0,1768.0
BGMS,1,0.15340928271933502,0.0,7.693270627902391e-10,20,1427.0,3309.0,1254.0,2212.0
BGSF,1,0.36946263307453114,0.0,0.0004643703011939475,40,1427.0,2656.0,1254.0,286.0
BH,1,0.44116481816630576,0.0,2.0327439617812645e-13,19,1427.0,2411.0,1254.0,3135.0
BHC,1,0.4006948960248569,0.0,2.0094313838630217e-09,20,1427.0,2543.0,1254.0,1958.0
BHE,1,0.7226415803535394,0.0,9.683947599996362e-12,4,1427.0,1334.0,1254.0,2803.0
FDP,1,0.3707913581060306,0.0,0.0005062593970472774,40,1427.0,2651.0,1254.0,274.0
FDS,1,0.6373727997089277,0.0,1.7963116297825586e-08,30,1427.0,1614.0,1254.0,1598.0
FABC,1,0.22421779516676726,0.0,1.6684601397237373e-06,4,1427.0,3075.0,1254.0,738.0
FARM,1,0.34255455446096894,0.0,5.253520547735797e-07,42,1427.0,2741.0,1254.0,994.0
FATE,1,0.44418510023654784,0.0,3.473705896052498e-11,20,1427.0,2394.0,1254.0,2668.0
NC,1,0.3635817250471775,0.0,0.0005274991651075822,40,1427.0,2673.0,1254.0,265.0
NCA,1,0.45693703021207216,0.0,3.810475289007899e-09,33,1427.0,2338.0,1254.0,1812.0
NCMI,1,0.4059202491868953,0.0,2.2289637727778088e-13,11,1427.0,2526.0,1254.0,3123.0
NCPL,1,0.11071657348551392,0.0,8.246624618866627e-10,42,1427.0,3421.0,1254.0,2204.0
NCSM,1,0.3515310261847702,0.0,1.373962895331293e-09,10,1427.0,2714.0,1254.0,2107.0
MX,1,0.3985097933950981,0.0,1.1586200809729841e-10,57,1427.0,2547.0,1254.0,2535.0
MXE,1,0.7215175176281462,0.0,1.9537307706161922e-08,32,1427.0,1337.0,1254.0,1583.0
MXL,1,0.5569794510001851,0.0,1.0919323886255055e-11,57,1427.0,1926.0,1254.0,2794.0
MYE,1,0.556037405499069,0.0,6.458596110075686e-08,31,1427.0,1933.0,1254.0,1399.0
MYGN,1,0.35460196160473484,0.0,5.438283237801989e-07,42,1427.0,2704.0,1254.0,983.0
MYRG,1,0.5841579530696748,0.0,5.667481750616517e-10,16,1427.0,1814.0,1254.0,2268.0
MYSZ,1,0.20087945195724638,0.0,2.0571455595261125e-09,10,1427.0,3151.0,1254.0,1945.0
NAGE,1,0.2822869938476784,0.0,4.3292389583648525e-07,42,1427.0,2921.0,1254.0,1060.0
NAII,1,0.18079087579960176,0.0,2.6205380698479426e-07,29,1427.0,3210.0,1254.0,1201.0
NAK,1,0.2653040019427416,0.0,1.0174486203055033e-12,26,1427.0,2962.0,1254.0,3021.0
NAT,1,0.6340073215999237,0.0,1.3517879929088853e-14,49,1427.0,1630.0,1254.0,3295.0
NEXM,1,0.14094606870451798,0.0,2.4861495474525106e-14,53,1427.0,3343.0,1254.0,3268.0
NEXT,1,0.32320511123998885,0.0,2.4124117615856923e-09,10,1427.0,2811.0,1254.0,1906.0
NATR,1,0.3616889764450571,0.0,2.691417243342017e-06,4,1427.0,2679.0,1254.0,687.0
NAZ,1,0.5567938262314599,0.0,4.3894775981865484e-10,33,1427.0,1927.0,1254.0,2326.0
NBH,1,0.5867767095607579,0.0,4.276271770892866e-10,33,1427.0,1799.0,1254.0,2329.0
NBIX,1,0.4638922819381643,0.0,2.326357833016247e-09,20,1427.0,2316.0,1254.0,1920.0
NBN,1,0.5926486064350598,0.0,0.0005816819921862627,40,1427.0,1772.0,1254.0,245.0
FBRX,1,0.18570304965719647,0.0,2.847998295300636e-07,42,1427.0,3199.0,1254.0,1184.0
FC,1,0.501883061110604,0.0,3.7346361453718635e-06,4,1427.0,2157.0,1254.0,604.0
FCAP,1,0.32477752503939245,0.0,3.866508556114995e-06,13,1427.0,2804.0,1254.0,594.0
FCCO,1,0.40026994711110625,0.0,0.0005600796226282643,40,1427.0,2544.0,1254.0,250.0
FCN,1,0.2970172550854982,0.0,3.867219546328061e-15,34,1427.0,2881.0,1254.0,3360.0
FCNCA,1,0.6842151892980008,0.0,0.0009224577538191206,40,1427.0,1430.0,1254.0,173.0
BHR,1,0.6789853702272944,0.0,1.2056900901558343e-10,11,1427.0,1445.0,1254.0,2529.0
BHV,1,0.33339416697203195,0.0,1.4956187815461552e-10,33,1427.0,2767.0,1254.0,2490.0
BIIB,1,0.45962698460677975,0.0,2.3049679366102028e-09,20,1427.0,2327.0,1254.0,1923.0
NFG,1,0.5619318629325292,0.0,3.381959988866849e-10,8,1427.0,1898.0,1254.0,2377.0
NFLX,1,0.5160217937888779,0.0,7.409824738829423e-11,35,1427.0,2099.0,1254.0,2597.0
NG,1,0.6843165396775923,0.0,8.426891040167234e-11,26,1427.0,1429.0,1254.0,2577.0
NDLS,1,0.36860296412154386,0.0,1.6984036197603916e-13,19,1427.0,2659.0,1254.0,3147.0
NDSN,1,0.6908955358149296,0.0,1.4344215385082006e-09,16,1427.0,1407.0,1254.0,2094.0
NECB,1,0.3771052578833911,0.0,0.00039136562273830414,40,1427.0,2625.0,1254.0,295.0
NEGG,1,0.17197240928953264,0.0,3.2409858018967774e-13,59,1427.0,3242.0,1254.0,3089.0
NEN,1,0.17766737443559436,0.0,3.867303733187189e-14,14,1427.0,3223.0,1254.0,3245.0
NEO,1,0.43410141979023903,0.0,8.204689239980969e-09,42,1427.0,2433.0,1254.0,1718.0
NEOG,1,0.38815580681081224,0.0,4.5057789036832473e-13,55,1427.0,2581.0,1254.0,3072.0
NEON,1,0.20668615262701032,0.0,6.648439006395487e-09,29,1427.0,3133.0,1254.0,1736.0
NEPH,1,0.14649111711710083,0.0,1.8351341833337363e-07,29,1427.0,3326.0,1254.0,1248.0
NERV,1,0.19919084737955012,0.0,9.989154945703826e-10,20,1427.0,3160.0,1254.0,2181.0
NEU,1,0.46237303629162757,0.0,1.5450840708306896e-11,31,1427.0,2318.0,1254.0,2758.0
NEWP,1,0.4042919950109147,0.0,9.103085031600024e-11,26,1427.0,2534.0,1254.0,2567.0
NEWT,1,0.5117204632265713,0.0,3.554307146433905e-12,5,1427.0,2119.0,1254.0,2945.0
NHTC,1,0.21870748038290733,0.0,2.987648207765813e-11,11,1427.0,3096.0,1254.0,2673.0
NICE,1,0.5027565104906769,0.0,2.4842968637891087e-15,35,1427.0,2151.0,1254.0,3373.0
NIM,1,0.42856189882584,0.0,3.3785627040857376e-10,33,1427.0,2457.0,1254.0,2380.0
NIXX,1,0.12649866240986682,0.0,2.97195860130465e-14,20,1427.0,3390.0,1254.0,3258.0
NKSH,1,0.5685854692841058,0.0,2.9723024177879127e-05,1,1427.0,1874.0,1254.0,400.0
ARCO,1,0.471274557052156,0.0,1.7123660120157704e-14,24,1427.0,2276.0,1254.0,3283.0
ARCT,1,0.32807919082770315,0.0,5.266088515090054e-13,20,1427.0,2792.0,1254.0,3059.0
ARDX,1,0.2868104051116652,0.0,1.4383158733535818e-09,20,1427.0,2907.0,1254.0,2093.0
ARE,1,0.6824960956401525,0.0,3.325217608281843e-10,11,1427.0,1436.0,1254.0,2383.0
AREN,1,0.12804752279553736,0.0,1.2847713746716605e-11,5,1427.0,3384.0,1254.0,2784.0
ARES,1,0.6895000547017499,0.0,2.4288270766184e-10,54,1427.0,1412.0,1254.0,2422.0
ARIS,1,0.5358051042036635,0.0,1.206424929388009e-10,26,1427.0,2024.0,1254.0,2528.0
ARKR,1,0.33350045366408887,0.0,4.213306157400703e-11,11,1427.0,2766.0,1254.0,2658.0
ARLP,1,0.5561770013223997,0.0,5.695640032869606e-09,10,1427.0,1932.0,1254.0,1751.0
ARMK,1,0.6401442444285675,0.0,4.169328797832615e-12,11,1427.0,1597.0,1254.0,2929.0
ARMP,1,0.11141541894227505,0.0,3.1136922058784466e-15,16,1427.0,3420.0,1254.0,3370.0
NGS,1,0.4933310153838042,0.0,4.593465938170433e-10,10,1427.0,2191.0,1254.0,2314.0
NGVC,1,0.33931496867031313,0.0,2.2791009271735885e-13,45,1427.0,2753.0,1254.0,3122.0
NGVT,1,0.5923884297751906,0.0,6.880827747125221e-08,31,1427.0,1775.0,1254.0,1389.0
NHC,1,0.5142967781890457,0.0,0.0005229238766058422,40,1427.0,2107.0,1254.0,267.0
BIO-B,1,0.2714308031198193,0.0,6.393923514402879e-14,53,1427.0,2944.0,1254.0,3223.0
BKD,1,0.5143226049831546,0.0,1.9110217751955176e-10,11,1427.0,2106.0,1254.0,2450.0
EZPW,1,0.4079665396188606,0.0,1.1627530455788252e-06,54,1427.0,2522.0,1254.0,781.0
F,1,0.7442501161617489,0.0,5.033441498069813e-13,31,1427.0,1308.0,1254.0,3062.0
EVG,1,0.6866881595793143,0.0,2.0151995528669102e-07,29,1427.0,1422.0,1254.0,1236.0
EVGN,1,0.2461851518460264,0.0,3.775570159346843e-07,42,1427.0,3020.0,1254.0,1102.0
EVH,1,0.3797173634481347,0.0,2.8255709356293046e-06,4,1427.0,2614.0,1254.0,679.0
EVI,1,0.3014179792844718,0.0,4.622637553659124e-07,42,1427.0,2875.0,1254.0,1036.0
EVN,1,0.6999190007716257,0.0,5.517803231207414e-10,33,1427.0,1378.0,1254.0,2277.0
EVO,1,0.3111152978143574,0.0,5.327585774629878e-07,29,1427.0,2844.0,1254.0,993.0
EVTC,1,0.5407711732750192,0.0,4.024012218342115e-06,4,1427.0,2002.0,1254.0,586.0
EW,1,0.5618624382002068,0.0,2.6807589507133324e-13,50,1427.0,1899.0,1254.0,3102.0
NRC,1,0.44388844164952396,0.0,0.00034564220847505326,40,1427.0,2397.0,1254.0,301.0
NRG,1,0.6206128501317426,0.0,4.132657513555543e-12,16,1427.0,1669.0,1254.0,2930.0
NRP,1,0.3242305095159693,0.0,3.0189502711972986e-10,10,1427.0,2808.0,1254.0,2396.0
NRT,1,0.32674489570609483,0.0,2.438832809335946e-09,10,1427.0,2798.0,1254.0,1904.0
NL,1,0.393372604755768,0.0,3.2071899926124724e-16,31,1427.0,2568.0,1254.0,3422.0
NMI,1,0.45212140875473394,0.0,3.2075155634054953e-10,33,1427.0,2359.0,1254.0,2388.0
NMR,1,0.6557289424294039,0.0,2.153454192596025e-08,54,1427.0,1538.0,1254.0,1571.0
NMS,1,0.3978932336062614,0.0,2.3340937691024027e-10,33,1427.0,2551.0,1254.0,2424.0
NMT,1,0.473873852884842,0.0,3.4992774780191715e-10,33,1427.0,2268.0,1254.0,2369.0
NNBR,1,0.42049893719496084,0.0,3.129036725136104e-06,4,1427.0,2476.0,1254.0,651.0
NNDM,1,0.2572529001635449,0.0,3.9453085045125457e-07,42,1427.0,2990.0,1254.0,1086.0
NNI,1,0.5729143346934473,0.0,0.0007907061696325476,40,1427.0,1859.0,1254.0,205.0
NNY,1,0.413709030592934,0.0,2.575347413661819e-10,33,1427.0,2498.0,1254.0,2414.0
NOA,1,0.45423457082341634,0.0,1.7753808327942991e-09,10,1427.0,2349.0,1254.0,2020.0
NOAH,1,0.4797598323995074,0.0,1.4270549020552184e-13,22,1427.0,2240.0,1254.0,3162.0
NGL,1,0.5726941301276026,0.0,1.5782927478317435e-09,10,1427.0,1860.0,1254.0,2066.0
NOC,1,0.7312475581417194,0.0,1.804433520602816e-10,34,1427.0,1321.0,1254.0,2459.0
NODK,1,0.3927652483571829,0.0,0.0004925609658627121,40,1427.0,2571.0,1254.0,278.0
NOG,1,0.634322464564647,0.0,3.365060757937606e-09,10,1427.0,1627.0,1254.0,1836.0
NOMD,1,0.34892972188863863,0.0,1.462734842847386e-13,15,1427.0,2722.0,1254.0,3158.0
NOTV,1,0.2806621919468467,0.0,1.4958309253357654e-10,53,1427.0,2930.0,1254.0,2489.0
NOVT,1,0.5961715165346285,0.0,4.436259892024237e-06,4,1427.0,1761.0,1254.0,544.0
NPK,1,0.4665551146651847,0.0,0.0006070710386084813,40,1427.0,2306.0,1254.0,239.0
EXEL,1,0.43315377930748383,0.0,2.1722083480297594e-09,20,1427.0,2438.0,1254.0,1936.0
EXPO,1,0.5123669448986746,0.0,3.8126493208955767e-06,4,1427.0,2111.0,1254.0,598.0
EXTR,1,0.523323961558761,0.0,8.025855004311512e-07,42,1427.0,2078.0,1254.0,834.0
BKT,1,0.4024380191715674,0.0,5.502731086263722e-11,29,1427.0,2540.0,1254.0,2631.0
BKTI,1,0.20600244520767474,0.0,1.3787997701020857e-10,10,1427.0,3135.0,1254.0,2502.0
BKYI,1,0.14444746944613585,0.0,1.1909699521188249e-09,42,1427.0,3333.0,1254.0,2149.0
BLBD,1,0.4520323578505624,0.0,6.932505346325085e-07,42,1427.0,2360.0,1254.0,882.0
NPKI,1,0.6261411320395709,0.0,1.5672569325550798e-09,10,1427.0,1652.0,1254.0,2068.0
NPV,1,0.605609767006948,0.0,4.590624736200353e-10,33,1427.0,1729.0,1254.0,2315.0
ESI,1,0.6471702260482021,0.0,4.815753918969898e-06,4,1427.0,1575.0,1254.0,521.0
AQN,1,0.613426976839543,0.0,1.3220085941294221e-10,8,1427.0,1700.0,1254.0,2508.0
ARAY,1,0.4333547755240446,0.0,6.646060278652087e-07,42,1427.0,2437.0,1254.0,900.0
NTRA,1,0.44394638092250505,0.0,8.39076291535049e-09,42,1427.0,2396.0,1254.0,1712.0
NTRP,1,0.15084345702845733,0.0,1.586703652957753e-11,5,1427.0,3316.0,1254.0,2752.0
NTWK,1,0.21272876349609562,0.0,4.4940071682809016e-07,29,1427.0,3116.0,1254.0,1045.0
NSIT,1,0.5680637682848881,0.0,2.3217389215330755e-14,57,1427.0,1878.0,1254.0,3273.0
NSP,1,0.5852714789704946,0.0,1.584158036638055e-08,29,1427.0,1809.0,1254.0,1615.0
NSPR,1,0.14475736025483518,0.0,1.5853016148217212e-16,22,1427.0,3332.0,1254.0,3434.0
NSYS,1,0.13036040032589047,0.0,1.2453008037351704e-12,57,1427.0,3377.0,1254.0,3004.0
NTCT,1,0.5301917752199523,0.0,8.131181877701994e-07,42,1427.0,2044.0,1254.0,830.0
NTES,1,0.5678172955943006,0.0,8.869059635661628e-15,22,1427.0,1879.0,1254.0,3316.0
NTGR,1,0.41357497589559106,0.0,6.342711272122126e-07,42,1427.0,2501.0,1254.0,922.0
NTIC,1,0.239477418860239,0.0,3.2631598870774326e-06,54,1427.0,3041.0,1254.0,641.0
NTIP,1,0.136672806019073,0.0,1.217102344108201e-07,29,1427.0,3357.0,1254.0,1291.0
NTNX,1,0.44003290283686397,0.0,4.2874013766882743e-14,35,1427.0,2415.0,1254.0,3240.0
APOG,1,0.6116144743320983,0.0,4.551174765330078e-06,4,1427.0,1710.0,1254.0,535.0
APPF,1,0.4611263172711342,0.0,4.561541593247275e-15,35,1427.0,2324.0,1254.0,3348.0
APPS,1,0.43103172771423054,0.0,6.610433312835154e-07,42,1427.0,2445.0,1254.0,902.0
APTV,1,0.7482478603828367,0.0,2.4277120183906666e-11,31,1427.0,1306.0,1254.0,2696.0
AQB,1,0.17943396874262418,0.0,2.861819491512419e-13,20,1427.0,3220.0,1254.0,3098.0
BLFS,1,0.39841522670413526,0.0,6.110216760405426e-07,42,1427.0,2548.0,1254.0,930.0
BLIN,1,0.1948068224058172,0.0,2.9876165154466073e-07,42,1427.0,3174.0,1254.0,1176.0
ETSY,1,0.5031245544753284,0.0,3.084702555566567e-09,59,1427.0,2150.0,1254.0,1854.0
ETX,1,0.4053160258339492,0.0,7.850196350086629e-12,33,1427.0,2530.0,1254.0,2829.0
EU,1,0.3234221964902548,0.0,2.0324056947444294e-12,42,1427.0,2810.0,1254.0,2977.0
EVC,1,0.3671904040756722,0.0,0.0005067768431520501,40,1427.0,2664.0,1254.0,273.0
ERIE,1,0.4619459333986318,0.0,6.806749312704742e-10,54,1427.0,2320.0,1254.0,2225.0
ERII,1,0.457741369606465,0.0,1.954395849049937e-06,16,1427.0,2335.0,1254.0,724.0
ESBA,1,0.6571306937020391,0.0,1.8579684029596262e-10,11,1427.0,1528.0,1254.0,2457.0
ESCA,1,0.40811138466532165,0.0,6.258919979848171e-07,42,1427.0,2521.0,1254.0,927.0
ESE,1,0.6431258267580225,0.0,4.785658542285947e-06,4,1427.0,1584.0,1254.0,522.0
ESOA,1,0.119638124896622,0.0,9.956306858361751e-13,57,1427.0,3407.0,1254.0,3022.0
ESP,1,0.20074490000568457,0.0,5.947670516582622e-05,54,1427.0,3152.0,1254.0,383.0
ESPR,1,0.315243716186203,0.0,1.5809051305877936e-09,20,1427.0,2835.0,1254.0,2065.0
ET,1,0.7501991925230569,0.0,2.713318767934396e-09,10,1427.0,1303.0,1254.0,1873.0
ENVA,1,0.6288208778781613,0.0,0.0001752039937168111,54,1427.0,1645.0,1254.0,330.0
ENVB,1,0.19575324830525456,0.0,1.0539873958959789e-13,57,1427.0,3167.0,1254.0,3187.0
EOT,1,0.5189990731823257,0.0,2.5658297430438466e-10,33,1427.0,2094.0,1254.0,2416.0
EP,1,0.13555710866110313,0.0,7.086300012715204e-06,1,1427.0,3360.0,1254.0,487.0
EPAC,1,0.598670381653771,0.0,3.814692430270377e-06,16,1427.0,1748.0,1254.0,597.0
EPAM,1,0.5599043749977598,0.0,1.2177538694081205e-13,0,1427.0,1911.0,1254.0,3172.0
EPC,1,0.4327103481013471,0.0,2.1930002927621845e-08,4,1427.0,2439.0,1254.0,1568.0
NVEC,1,0.48919762173160575,0.0,7.502483105832843e-07,42,1427.0,2207.0,1254.0,852.0
NVGS,1,0.4532612688055205,0.0,1.1267623808240075e-10,10,1427.0,2354.0,1254.0,2540.0
NVO,1,0.378975699269409,0.0,1.185099786522768e-09,29,1427.0,2620.0,1254.0,2152.0
NVRI,1,0.5659200511006547,0.0,6.573386978114002e-08,31,1427.0,1885.0,1254.0,1397.0
NWFL,1,0.5049936725437395,0.0,0.0005637065960347233,40,1427.0,2144.0,1254.0,249.0
OFIX,1,0.45755941184531085,0.0,3.404812894763212e-06,4,1427.0,2336.0,1254.0,629.0
OFLX,1,0.4605362812706502,0.0,7.062924095227861e-07,42,1427.0,2326.0,1254.0,872.0
OFS,1,0.5806570923815048,0.0,6.63465350715019e-11,5,1427.0,1827.0,1254.0,2610.0
NWL,1,0.4775271093530749,0.0,4.791616345036317e-10,55,1427.0,2250.0,1254.0,2308.0
NWPX,1,0.4914308871059593,0.0,3.6568589301993183e-06,4,1427.0,2201.0,1254.0,611.0
NWSA,1,0.9715740731788194,0.0,6.280962478336985e-08,4,1427.0,1187.0,1254.0,1407.0
NX,1,0.5975588513609685,0.0,1.507796763510503e-11,55,1427.0,1754.0,1254.0,2762.0
NXDT,1,0.5397565489620569,0.0,8.447505194622095e-08,29,1427.0,2007.0,1254.0,1342.0
NXP,1,0.5696643961329992,0.0,4.206633851299793e-10,33,1427.0,1870.0,1254.0,2333.0
NXPL,1,0.1216742115412014,0.0,1.4305273969394004e-13,8,1427.0,3403.0,1254.0,3161.0
NXRT,1,0.6685553691120305,0.0,7.73442981382152e-11,11,1427.0,1483.0,1254.0,2592.0
NTZ,1,0.22021555954223151,0.0,3.765465013194905e-07,29,1427.0,3089.0,1254.0,1103.0
NUW,1,0.5721102557237792,0.0,4.770924323941003e-09,33,1427.0,1864.0,1254.0,1777.0
NUWE,1,0.1199767289352518,0.0,4.2262901872013426e-11,54,1427.0,3405.0,1254.0,2657.0
NVCR,1,0.35762643654781434,0.0,1.8319424382920707e-09,20,1427.0,2693.0,1254.0,2001.0
ESLT,1,0.3438557520201913,0.0,3.140055768475252e-10,4,1427.0,2738.0,1254.0,2392.0
OCC,1,0.1993516290176873,0.0,3.0899654532389483e-12,4,1427.0,3159.0,1254.0,2953.0
OCSL,1,0.5794785882959028,0.0,6.397662273679197e-11,5,1427.0,1832.0,1254.0,2615.0
OCUL,1,0.3603413374333768,0.0,1.8070636775050684e-09,20,1427.0,2684.0,1254.0,2012.0
EPM,1,0.585614207192477,0.0,4.371040407099953e-09,10,1427.0,1806.0,1254.0,1792.0
EPSN,1,0.22256879176887026,0.0,5.022206224289911e-11,10,1427.0,3079.0,1254.0,2643.0
EQS,1,0.10044262076402621,0.0,2.9360865339294315e-10,10,1427.0,3434.0,1254.0,2400.0
ERH,1,0.6993847941196193,0.0,3.344805889030807e-07,29,1427.0,1380.0,1254.0,1132.0
ENTA,1,0.387357998698989,0.0,1.942548625167801e-09,20,1427.0,2585.0,1254.0,1973.0
BLNE,1,0.1802685808964037,0.0,2.7646536340517355e-07,42,1427.0,3214.0,1254.0,1191.0
BLNK,1,0.3078990224235938,0.0,2.4323179321196222e-14,42,1427.0,2855.0,1254.0,3269.0
BLRX,1,0.21057989160119892,0.0,1.0560300301204388e-09,20,1427.0,3122.0,1254.0,2178.0
BLX,1,0.5603757945017623,0.0,0.0007043252907854601,40,1427.0,1905.0,1254.0,219.0
BME,1,0.6691316285067752,0.0,1.5474148033795968e-07,29,1427.0,1479.0,1254.0,1270.0
ODC,1,0.3805798599215065,0.0,0.0005252562644271151,40,1427.0,2611.0,1254.0,266.0
ODV,1,0.12357059578467967,0.0,5.848634419517663e-07,40,1427.0,3398.0,1254.0,946.0
OEC,1,0.6695063943198267,0.0,2.1992274142184315e-11,31,1427.0,1478.0,1254.0,2710.0
OPBK,1,0.49540517260408756,0.0,0.0006931980382808224,40,1427.0,2182.0,1254.0,223.0
OPHC,1,0.16341738757336502,0.0,1.171509390010955e-09,29,1427.0,3277.0,1254.0,2156.0
OPK,1,0.3691097668566194,0.0,1.851036179873616e-09,20,1427.0,2657.0,1254.0,1995.0
OPLN,1,0.5212633684022207,0.0,3.878849811319283e-06,4,1427.0,2087.0,1254.0,593.0
OPP,1,0.5993976910133682,0.0,2.1536235680623877e-07,29,1427.0,1744.0,1254.0,1227.0
OPRX,1,0.3376409850265674,0.0,5.178164556550855e-07,42,1427.0,2755.0,1254.0,1001.0
OGC,1,0.640802464172224,0.0,1.442838190302534e-10,26,1427.0,1591.0,1254.0,2497.0
OGCP,1,0.38779474183639806,0.0,1.0964491323148606e-10,11,1427.0,2582.0,1254.0,2545.0
OGEN,1,0.13467657868014782,0.0,7.142044737562672e-13,42,1427.0,3363.0,1254.0,3038.0
OI,1,0.5506051544530727,0.0,9.330545672180937e-10,31,1427.0,1958.0,1254.0,2193.0
OIA,1,0.6009806035309792,0.0,5.011679044201831e-09,33,1427.0,1740.0,1254.0,1770.0
OLB,1,0.11939190011259146,0.0,1.8310303929929076e-07,42,1427.0,3408.0,1254.0,1249.0
OLN,1,0.7257555018932983,0.0,2.848681470754006e-14,31,1427.0,1327.0,1254.0,3259.0
NYT,1,0.4260917424012154,0.0,3.1706541736929006e-06,4,1427.0,2464.0,1254.0,647.0
OBE,1,0.5893687374578382,0.0,4.867681427937534e-10,10,1427.0,1787.0,1254.0,2303.0
OBT,1,0.2138794733281386,0.0,4.435269125513429e-07,9,1427.0,3110.0,1254.0,1050.0
OMER,1,0.2809884432488529,0.0,1.4091195122443152e-09,20,1427.0,2928.0,1254.0,2099.0
OMEX,1,0.13796022727674248,0.0,9.794614498475755e-10,42,1427.0,3352.0,1254.0,2186.0
ONC,1,0.3856444518167201,0.0,1.1471081646629354e-13,22,1427.0,2589.0,1254.0,3177.0
ONCY,1,0.2442210062730987,0.0,3.745447427093745e-07,42,1427.0,3025.0,1254.0,1106.0
BMI,1,0.5558421102330545,0.0,5.490348467113332e-10,16,1427.0,1934.0,1254.0,2278.0
BMRA,1,0.2189724553364869,0.0,1.6523858719273006e-14,16,1427.0,3095.0,1254.0,3285.0
BMRN,1,0.5263124126498882,0.0,2.639386451150613e-09,20,1427.0,2070.0,1254.0,1877.0
BMY,1,0.4484408569809818,0.0,1.0370515919006818e-07,29,1427.0,2375.0,1254.0,1318.0
BNBX,1,0.128654185606363,0.0,1.0095665146998163e-15,11,1427.0,3382.0,1254.0,3398.0
BNC,1,0.16900640669210723,0.0,1.981158249931228e-09,42,1427.0,3254.0,1254.0,1963.0
ELTK,1,0.14500036874148536,0.0,9.816342366214228e-11,29,1427.0,3331.0,1254.0,2559.0
ELVA,1,0.16604613868763357,0.0,4.696014349988345e-15,24,1427.0,3268.0,1254.0,3344.0
EMA,1,0.6124183764345583,0.0,1.3198349394856263e-10,8,1427.0,1705.0,1254.0,2509.0
EMBJ,1,0.540104680850743,0.0,1.9624492429606743e-14,24,1427.0,2005.0,1254.0,3275.0
EML,1,0.4227788004279171,0.0,4.421147255201771e-06,23,1427.0,2470.0,1254.0,547.0
OOMA,1,0.3757819021516107,0.0,5.763105230134818e-07,42,1427.0,2633.0,1254.0,956.0
OXBR,1,0.14743345629499408,0.0,1.686261649763407e-11,42,1427.0,3324.0,1254.0,2747.0
OXM,1,0.580188538127151,0.0,3.8972522382883265e-08,48,1427.0,1829.0,1254.0,1484.0
ANGI,1,0.563262878504789,0.0,2.984913727614571e-09,29,1427.0,1894.0,1254.0,1861.0
ANGO,1,0.41994357875544724,0.0,6.440382097247279e-07,42,1427.0,2480.0,1254.0,917.0
OPXS,1,0.13094459938744304,0.0,1.8980233721333843e-07,29,1427.0,3374.0,1254.0,1240.0
OPY,1,0.6247928796018412,0.0,0.00028710908429112174,54,1427.0,1657.0,1254.0,313.0
ORA,1,0.4580196970540549,0.0,3.408237990987722e-06,4,1427.0,2333.0,1254.0,628.0
ORCL,1,0.5014093600063392,0.0,3.5022826159473834e-09,35,1427.0,2162.0,1254.0,1829.0
ORI,1,0.6991295611363527,0.0,2.4413605415893306e-05,54,1427.0,1382.0,1254.0,414.0
ORKA,1,0.14106397246344154,0.0,9.959804282853765e-08,29,1427.0,3341.0,1254.0,1325.0
ORLY,1,0.7752178158717311,0.0,8.453665912925313e-12,27,1427.0,1284.0,1254.0,2816.0
ORMP,1,0.26082466369193996,0.0,2.0061821666454658e-11,10,1427.0,2977.0,1254.0,2723.0
ORN,1,0.3830273363886491,0.0,5.874223407212916e-07,42,1427.0,2601.0,1254.0,943.0
ORRF,1,0.617108363803311,0.0,0.0008128891305454242,40,1427.0,1687.0,1254.0,199.0
OSG,1,0.5280963281514885,0.0,6.165988154382959e-08,54,1427.0,2055.0,1254.0,1413.0
OMCL,1,0.3932100293498795,0.0,2.9259732039636185e-06,4,1427.0,2569.0,1254.0,669.0
AP,1,0.25507240497725764,0.0,3.9118677689677777e-07,42,1427.0,2997.0,1254.0,1090.0
APD,1,0.6637080460935885,0.0,1.8236109809520418e-09,29,1427.0,1503.0,1254.0,2005.0
APEI,1,0.3174671126068369,0.0,1.6985478983108605e-08,39,1427.0,2824.0,1254.0,1607.0
OXSQ,1,0.5100711728624537,0.0,5.6665036957938507e-11,5,1427.0,2125.0,1254.0,2627.0
P,1,0.5263423524128577,0.0,5.423834215934222e-09,54,1427.0,2069.0,1254.0,1756.0
PACB,1,0.44378481796153546,0.0,8.387709311222724e-09,42,1427.0,2400.0,1254.0,1714.0
OSIS,1,0.46861820641364316,0.0,3.4871041237752773e-06,4,1427.0,2291.0,1254.0,623.0
OSPN,1,0.37661959944709805,0.0,5.775952409941097e-07,42,1427.0,2631.0,1254.0,954.0
OSUR,1,0.32460218725232587,0.0,8.881716892144271e-14,53,1427.0,2805.0,1254.0,3204.0
OTEX,1,0.5853984863948667,0.0,1.3864683042130256e-13,0,1427.0,1808.0,1254.0,3164.0
OTLK,1,0.21330160241457616,0.0,2.808230043462239e-09,29,1427.0,3113.0,1254.0,1868.0
OTTR,1,0.6625698705455303,0.0,1.9323932983895306e-09,8,1427.0,1507.0,1254.0,1975.0
OUT,1,0.784236871364869,0.0,2.8215053236450166e-08,29,1427.0,1277.0,1254.0,1533.0
OVBC,1,0.40386681377824624,0.0,2.1112293083550122e-05,1,1427.0,2536.0,1254.0,419.0
OVID,1,0.23555548716544986,0.0,1.1812793059136383e-09,20,1427.0,3046.0,1254.0,2153.0
OVLY,1,0.46969537835326547,0.0,5.599952863475129e-06,47,1427.0,2283.0,1254.0,503.0
EHI,1,0.6609055697593806,0.0,4.101984299976572e-08,29,1427.0,1514.0,1254.0,1477.0
EHTH,1,0.3045364664119029,0.0,4.6704636181164145e-07,42,1427.0,2864.0,1254.0,1033.0
EKSO,1,0.18002030799480956,0.0,2.7608460455290207e-07,42,1427.0,3216.0,1254.0,1193.0
EL,1,0.4892318368635149,0.0,8.215999334571498e-07,29,1427.0,2206.0,1254.0,826.0
PARR,1,0.6717386698834714,0.0,2.79196696271828e-10,10,1427.0,1467.0,1254.0,2408.0
PAVM,1,0.2042688139258184,0.0,3.1327284873221123e-07,42,1427.0,3141.0,1254.0,1158.0
PAYC,1,0.7377556340712287,0.0,3.768218113484971e-15,35,1427.0,1313.0,1254.0,3361.0
PAYS,1,0.3071803008755131,0.0,4.71101026535404e-07,42,1427.0,2859.0,1254.0,1030.0
PBH,1,0.39388420124827195,0.0,1.278194752714199e-11,31,1427.0,2565.0,1254.0,2786.0
ANIK,1,0.36027561901763705,0.0,5.525296168768157e-07,42,1427.0,2685.0,1254.0,972.0
ANIP,1,0.3822162858367257,0.0,2.8441660359625525e-06,4,1427.0,2605.0,1254.0,678.0
ANIX,1,0.2238160187164415,0.0,3.432510348870566e-07,42,1427.0,3076.0,1254.0,1126.0
ANY,1,0.2958830282852376,0.0,4.631820074059899e-09,42,1427.0,2886.0,1254.0,1783.0
AORT,1,0.42316307640297224,0.0,3.1488612447373884e-06,4,1427.0,2468.0,1254.0,649.0
AOS,1,0.6288367251649285,0.0,8.400249717815016e-13,55,1427.0,1644.0,1254.0,3031.0
AOSL,1,0.5855104848679672,0.0,1.4328052115860738e-11,57,1427.0,1807.0,1254.0,2772.0
PAHC,1,0.40112849738776474,0.0,2.9848964855838677e-06,4,1427.0,2541.0,1254.0,663.0
PAI,1,0.45869653624348544,0.0,1.6480872146393395e-07,29,1427.0,2330.0,1254.0,1265.0
PALI,1,0.17198366728787368,0.0,9.113975538946483e-10,29,1427.0,3241.0,1254.0,2199.0
PAMT,1,0.44116482405838475,0.0,6.76583755184725e-07,42,1427.0,2410.0,1254.0,894.0
PANL,1,0.29675867968927966,0.0,4.5511811218510994e-07,42,1427.0,2883.0,1254.0,1042.0
PANW,1,0.5554540780828602,0.0,4.62853244627638e-15,35,1427.0,1936.0,1254.0,3346.0
PAR,1,0.5208109690524739,0.0,7.987314989017179e-07,42,1427.0,2089.0,1254.0,835.0
ENIC,1,0.5330816884237388,0.0,3.172516433464589e-10,12,1427.0,2036.0,1254.0,2390.0
ENJ,1,0.22829162859907193,0.0,4.893156988716707e-08,29,1427.0,3065.0,1254.0,1449.0
ENLV,1,0.20770357179283727,0.0,6.282978434200376e-07,54,1427.0,3128.0,1254.0,925.0
ENO,1,0.4688492072441038,0.0,1.1889813316955218e-07,29,1427.0,2287.0,1254.0,1294.0
ENOV,1,0.6500694854337626,0.0,4.1422044938713055e-06,16,1427.0,1562.0,1254.0,569.0
ENPH,1,0.6083736467112872,0.0,3.2761955027167244e-12,42,1427.0,1721.0,1254.0,2948.0
ENS,1,0.6821992199375837,0.0,5.076413337173379e-06,4,1427.0,1438.0,1254.0,507.0
EGY,1,0.49752319241557497,0.0,2.639344914577461e-09,10,1427.0,2175.0,1254.0,1878.0
EHC,1,0.5845391612260825,0.0,1.7894383759796525e-08,52,1427.0,1812.0,1254.0,1599.0
PEN,1,0.45662766466407523,0.0,2.178663858057853e-13,50,1427.0,2342.0,1254.0,3128.0
PERI,1,0.3900939647843144,0.0,5.98259936367396e-07,42,1427.0,2576.0,1254.0,935.0
PESI,1,0.2532260515798869,0.0,3.8835515332466673e-07,42,1427.0,3004.0,1254.0,1095.0
PETS,1,0.27266198209886694,0.0,2.1031671522099307e-15,55,1427.0,2942.0,1254.0,3379.0
AMRC,1,0.4702607149547477,0.0,7.212060959733505e-07,42,1427.0,2278.0,1254.0,864.0
PBHC,1,0.14864440531997272,0.0,1.0872947788881982e-08,29,1427.0,3322.0,1254.0,1666.0
PBI,1,0.4383294309005842,0.0,3.2617178443902158e-06,4,1427.0,2418.0,1254.0,642.0
PBYI,1,0.3563556414482087,0.0,1.7870759445042703e-09,20,1427.0,2697.0,1254.0,2015.0
PCAR,1,0.7368234195165556,0.0,7.995114431790104e-12,16,1427.0,1315.0,1254.0,2827.0
PCF,1,0.5923887473927237,0.0,1.2697141621468188e-07,29,1427.0,1774.0,1254.0,1287.0
PCG,1,0.4658255581422324,0.0,3.864169507789737e-12,8,1427.0,2310.0,1254.0,2940.0
PCM,1,0.6202550876784632,0.0,1.3622986287766258e-07,29,1427.0,1671.0,1254.0,1276.0
PCQ,1,0.4936174804082329,0.0,3.501903957319516e-10,33,1427.0,2189.0,1254.0,2368.0
PCRX,1,0.319475064881673,0.0,1.6365119285009774e-09,20,1427.0,2820.0,1254.0,2057.0
PCSA,1,0.12753563859242553,0.0,3.1802392543022697e-09,29,1427.0,3387.0,1254.0,1847.0
PCYO,1,0.45186097522726887,0.0,3.3624094167124636e-06,4,1427.0,2362.0,1254.0,632.0
PDEX,1,0.20194646609348876,0.0,7.927124295803416e-15,31,1427.0,3150.0,1254.0,3322.0
PDFS,1,0.5664190525766579,0.0,2.2182342886198742e-10,57,1427.0,1882.0,1254.0,2431.0
PDSB,1,0.23542853942576222,0.0,8.275086111702804e-08,29,1427.0,3048.0,1254.0,1345.0
PED,1,0.26315609384788863,0.0,6.196762816120364e-17,10,1427.0,2972.0,1254.0,3449.0
PEGA,1,0.5655976018383463,0.0,5.5108054662261574e-14,35,1427.0,1886.0,1254.0,3231.0
ELA,1,0.20675090339592564,0.0,3.170794564280364e-07,42,1427.0,3132.0,1254.0,1152.0
ELDN,1,0.15490996823148015,0.0,7.768528001888126e-10,20,1427.0,3302.0,1254.0,2210.0
ELF,1,0.3716410834638725,0.0,5.699600378784396e-07,42,1427.0,2646.0,1254.0,959.0
ELLO,1,0.20269180977242102,0.0,5.924981726035789e-10,10,1427.0,3149.0,1254.0,2254.0
ELMD,1,0.26947890066791985,0.0,4.93153136678634e-07,29,1427.0,2950.0,1254.0,1016.0
ELME,1,0.286429935889326,0.0,7.923071597747557e-11,11,1427.0,2909.0,1254.0,2586.0
ELSE,1,0.2909719923799729,0.0,1.669047202812468e-15,42,1427.0,2896.0,1254.0,3387.0
EDUC,1,0.17491950002641482,0.0,3.029778322833338e-07,29,1427.0,3233.0,1254.0,1168.0
EEFT,1,0.6043595699526664,0.0,6.550572503263214e-07,54,1427.0,1734.0,1254.0,909.0
EEX,1,0.39375252096607033,0.0,0.0005308564786812733,40,1427.0,2566.0,1254.0,264.0
EFOI,1,0.18805956014744885,0.0,1.5095036431434391e-07,29,1427.0,3195.0,1254.0,1272.0
PHI,1,0.30595002829916895,0.0,6.463355484773622e-07,29,1427.0,2861.0,1254.0,914.0
PHK,1,0.7040516533914339,0.0,2.6409363187951908e-08,29,1427.0,1367.0,1254.0,1540.0
PHUN,1,0.16535869490912397,0.0,3.643351467136746e-11,4,1427.0,3270.0,1254.0,2664.0
PI,1,0.4234090624572564,0.0,1.325763804397751e-10,57,1427.0,2467.0,1254.0,2507.0
PIM,1,0.623849593466591,0.0,3.588871712852439e-09,29,1427.0,1661.0,1254.0,1827.0
AMS,1,0.17258807450098895,0.0,2.64686305839067e-07,42,1427.0,3239.0,1254.0,1199.0
AMSC,1,0.44117032188182387,0.0,6.765921868135062e-07,42,1427.0,2409.0,1254.0,893.0
AMSF,1,0.5839299767383113,0.0,3.938060381471121e-10,44,1427.0,1815.0,1254.0,2346.0
AMTX,1,0.26881089383629453,0.0,3.783485107936042e-14,10,1427.0,2952.0,1254.0,3246.0
AMWD,1,0.6428913871504892,0.0,1.6221825643822604e-11,55,1427.0,1586.0,1254.0,2750.0
AMX,1,0.6699058097205084,0.0,1.813976184765928e-08,32,1427.0,1476.0,1254.0,1594.0
ANAB,1,0.2767238218138114,0.0,1.3877330053681526e-09,20,1427.0,2936.0,1254.0,2105.0
ANDE,1,0.4725513643473018,0.0,0.0006622321833577669,40,1427.0,2271.0,1254.0,232.0
ANET,1,0.5351712772592351,0.0,5.652299505675898e-10,4,1427.0,2027.0,1254.0,2269.0
ANF,1,0.5911561079977341,0.0,9.625095624044613e-14,48,1427.0,1781.0,1254.0,3198.0
PFE,1,0.49809837275517455,0.0,1.5923699921398184e-13,15,1427.0,2172.0,1254.0,3154.0
PFX,1,0.5257281536065035,0.0,5.57978964502908e-11,5,1427.0,2071.0,1254.0,2629.0
PGR,1,0.6467617091726582,0.0,1.778212998822028e-09,54,1427.0,1576.0,1254.0,2019.0
PGZ,1,0.6203031436473044,0.0,1.0247001984167911e-07,29,1427.0,1670.0,1254.0,1321.0
EFSI,1,0.21974395901338828,0.0,0.0002953134723012771,40,1427.0,3092.0,1254.0,309.0
EFX,1,0.6910050942506765,0.0,3.358051604288923e-10,30,1427.0,1406.0,1254.0,2381.0
EFXT,1,0.3367448336611366,0.0,7.623615632500038e-11,10,1427.0,2760.0,1254.0,2594.0
EGAN,1,0.3324420478392456,0.0,5.098432078951987e-07,42,1427.0,2773.0,1254.0,1005.0
EGHT,1,0.5117289706406599,0.0,8.978457038436029e-16,35,1427.0,2117.0,1254.0,3404.0
EGO,1,0.6690684271212606,0.0,1.1844348729655452e-10,26,1427.0,1480.0,1254.0,2531.0
BNED,1,0.264084459992277,0.0,4.0500793781322546e-07,42,1427.0,2967.0,1254.0,1078.0
BNTC,1,0.1236684580466242,0.0,9.671370620078015e-12,20,1427.0,3396.0,1254.0,2804.0
BOOM,1,0.4440797877270436,0.0,1.735690751013068e-09,10,1427.0,2395.0,1254.0,2034.0
BOOT,1,0.5350825956994832,0.0,3.7630636871713084e-10,48,1427.0,2029.0,1254.0,2358.0
BOSC,1,0.17691672609282805,0.0,2.713248572130143e-07,42,1427.0,3224.0,1254.0,1196.0
BOTJ,1,0.19228124170506583,0.0,2.6679974250655704e-13,14,1427.0,3180.0,1254.0,3104.0
PHG,1,0.4663903566215594,0.0,5.306512360214518e-13,7,1427.0,2308.0,1254.0,3057.0
PMN,1,0.12189904258503768,0.0,3.720940548739826e-10,10,1427.0,3401.0,1254.0,2361.0
PMTS,1,0.18024385141518234,0.0,2.764274375227005e-07,42,1427.0,3215.0,1254.0,1192.0
PNBK,1,0.1604508651666399,0.0,3.197379659926284e-13,14,1427.0,3283.0,1254.0,3092.0
PJT,1,0.6486393971024793,0.0,6.65245391405536e-06,54,1427.0,1571.0,1254.0,492.0
PKBK,1,0.5868612031981159,0.0,0.0008211683230145999,40,1427.0,1797.0,1254.0,197.0
PKE,1,0.47883372933409335,0.0,0.0006700103676599058,40,1427.0,2246.0,1254.0,229.0
PKOH,1,0.496043008421446,0.0,0.0007196793864317942,40,1427.0,2181.0,1254.0,217.0
PKX,1,0.5420731005066026,0.0,3.3039117428062983e-13,24,1427.0,1996.0,1254.0,3087.0
PLAG,1,0.13784395340704603,0.0,2.1255554418446963e-11,42,1427.0,3353.0,1254.0,2716.0
PLAY,1,0.6568941848664764,0.0,4.038735790760231e-12,19,1427.0,1529.0,1254.0,2933.0
PLBC,1,0.3669131466574351,0.0,0.0003999811659397048,40,1427.0,2665.0,1254.0,293.0
PLCE,1,0.4281470776599958,0.0,3.9622784436821426e-12,48,1427.0,2458.0,1254.0,2936.0
PLG,1,0.43853227124204003,0.0,4.330699437241192e-11,26,1427.0,2417.0,1254.0,2655.0
PLNT,1,0.5751977618050922,0.0,5.260078517019358e-11,11,1427.0,1849.0,1254.0,2637.0
PLOW,1,0.5587544700816093,0.0,0.0007024838902917678,40,1427.0,1918.0,1254.0,220.0
PFSI,1,0.512779257522791,0.0,1.0205961715714518e-11,14,1427.0,2110.0,1254.0,2798.0
EA,1,0.5545446250200747,0.0,5.406341833185939e-11,35,1427.0,1940.0,1254.0,2635.0
EBAY,1,0.4287071043766282,0.0,7.199566787938783e-07,29,1427.0,2456.0,1254.0,867.0
EBF,1,0.5459940805191164,0.0,0.0005551528870047662,40,1427.0,1984.0,1254.0,252.0
AMKR,1,0.6869115823579238,0.0,7.804525989201039e-09,57,1427.0,1421.0,1254.0,1723.0
AMN,1,0.5515722749820675,0.0,3.3250643262856548e-06,3,1427.0,1953.0,1254.0,635.0
AMPH,1,0.3315503410193493,0.0,1.6983675648357695e-09,20,1427.0,2779.0,1254.0,2041.0
AMPY,1,0.2466442540601903,0.0,4.857578815700883e-09,42,1427.0,3015.0,1254.0,1775.0
PNI,1,0.6243352923640018,0.0,5.206437750065804e-09,33,1427.0,1659.0,1254.0,1764.0
PNNT,1,0.7416692352030734,0.0,8.239382405412345e-11,5,1427.0,1310.0,1254.0,2579.0
PLPC,1,0.45081079347705966,0.0,6.913771064579309e-07,42,1427.0,2365.0,1254.0,884.0
PLSE,1,0.2811299678024255,0.0,4.311494455996291e-07,42,1427.0,2927.0,1254.0,1062.0
PLUR,1,0.22140608461962333,0.0,1.1103219420657112e-09,20,1427.0,3087.0,1254.0,2168.0
PLUS,1,0.568138667403843,0.0,4.2276605195132425e-06,4,1427.0,1876.0,1254.0,559.0
PLX,1,0.1977515850840376,0.0,3.03277828905829e-07,42,1427.0,3165.0,1254.0,1167.0
PMCB,1,0.10952353934174396,0.0,5.808153057740705e-13,42,1427.0,3425.0,1254.0,3050.0
PMM,1,0.6837819632664571,0.0,2.083297516655333e-11,33,1427.0,1434.0,1254.0,2718.0
PPBT,1,0.16715886607186117,0.0,2.563599071183699e-07,42,1427.0,3262.0,1254.0,1207.0
PPC,1,0.5223712944248007,0.0,1.4744516315192098e-14,11,1427.0,2083.0,1254.0,3290.0
PPIH,1,0.18820454224919408,0.0,1.878230863336918e-13,18,1427.0,3193.0,1254.0,3139.0
AMBA,1,0.5723961316100938,0.0,1.7485016430994782e-10,57,1427.0,1861.0,1254.0,2470.0
AMCR,1,0.5276786096447235,0.0,1.712371349450612e-11,31,1427.0,2064.0,1254.0,2744.0
AMCX,1,0.5077525631891533,0.0,2.90068925759382e-10,4,1427.0,2135.0,1254.0,2402.0
AMD,1,0.6392281032166717,0.0,4.7408667752021454e-12,57,1427.0,1608.0,1254.0,2905.0
BOX,1,0.4664963451126302,0.0,4.5731231603724645e-15,35,1427.0,2307.0,1254.0,3347.0
BPOPM,1,0.38900970899077697,0.0,2.3439752721801955e-08,29,1427.0,2578.0,1254.0,1559.0
BR,1,0.610652994767558,0.0,1.7210070413503637e-08,30,1427.0,1716.0,1254.0,1604.0
BRBS,1,0.24208024841867049,0.0,0.00022458214713001523,40,1427.0,3032.0,1254.0,325.0
EDF,1,0.6682308377243501,0.0,4.0695657973314324e-07,29,1427.0,1485.0,1254.0,1073.0
EDN,1,0.6850915268810465,0.0,2.998384790144298e-13,24,1427.0,1425.0,1254.0,3094.0
EDSA,1,0.15260885482418424,0.0,9.244055835661728e-08,29,1427.0,3310.0,1254.0,1331.0
DYAI,1,0.24638525379683718,0.0,3.856073104344232e-08,29,1427.0,3017.0,1254.0,1487.0
DZZ,1,0.4186727599775148,0.0,1.122609858211466e-13,41,1427.0,2482.0,1254.0,3179.0
PNRG,1,0.3330629466682119,0.0,1.7059144742972405e-09,10,1427.0,2770.0,1254.0,2038.0
POCI,1,0.16050148960404131,0.0,4.210689185515729e-15,57,1427.0,3282.0,1254.0,3355.0
POET,1,0.24547156303025083,0.0,3.764626344828873e-07,42,1427.0,3022.0,1254.0,1104.0
POST,1,0.48752765035391954,0.0,2.0437432812882133e-13,15,1427.0,2214.0,1254.0,3134.0
EBMT,1,0.4133816585341026,0.0,7.162959710257138e-05,40,1427.0,2503.0,1254.0,371.0
EBS,1,0.3283669686860717,0.0,1.682060731010986e-09,20,1427.0,2790.0,1254.0,2047.0
ECC,1,0.684479626082326,0.0,5.93259004981115e-11,5,1427.0,1427.0,1254.0,2622.0
EDAP,1,0.22520866708455287,0.0,4.757651704469489e-07,29,1427.0,3073.0,1254.0,1025.0
DSGX,1,0.5365816729112216,0.0,7.81674019221497e-11,35,1427.0,2021.0,1254.0,2589.0
DSS,1,0.1396575561133069,0.0,1.230631235396913e-16,24,1427.0,3346.0,1254.0,3438.0
DSWL,1,0.1145805599071661,0.0,1.7572422202707782e-07,42,1427.0,3413.0,1254.0,1257.0
DSX,1,0.5562314103161656,0.0,1.1553048782368886e-13,25,1427.0,1931.0,1254.0,3175.0
DTF,1,0.61862028571282,0.0,5.158779341626025e-09,33,1427.0,1680.0,1254.0,1767.0
DTST,1,0.0995084090059361,0.0,2.2170517857276213e-13,42,1427.0,3437.0,1254.0,3125.0
POWL,1,0.4761122655496602,0.0,5.060351851629614e-08,16,1427.0,2256.0,1254.0,1439.0
POWW,1,0.16914527928925954,0.0,3.6979095027499e-09,42,1427.0,3253.0,1254.0,1821.0
PSHG,1,0.2638487687282376,0.0,2.7378715499355145e-17,25,1427.0,2968.0,1254.0,3455.0
PSIX,1,0.1541269733604025,0.0,7.901923772294857e-09,54,1427.0,3307.0,1254.0,1719.0
PSKY,1,0.5987392284384446,0.0,3.420477951953666e-10,4,1427.0,1747.0,1254.0,2375.0
PSMT,1,0.4477403906389855,0.0,0.0006265028659643692,40,1427.0,2382.0,1254.0,237.0
PSO,1,0.3949372467271762,0.0,1.7620801940575931e-10,30,1427.0,2560.0,1254.0,2468.0
PSTV,1,0.17044463585949773,0.0,2.862391425265468e-07,29,1427.0,3246.0,1254.0,1183.0
PTC,1,0.6330146453432145,0.0,6.261647037571646e-15,35,1427.0,1632.0,1254.0,3333.0
PRA,1,0.46127531669386174,0.0,3.9775956491469014e-08,44,1427.0,2323.0,1254.0,1481.0
PRAA,1,0.5985402114596198,0.0,8.966696152518163e-09,54,1427.0,1750.0,1254.0,1709.0
PRG,1,0.4840657644070994,0.0,2.5759280735404033e-08,4,1427.0,2228.0,1254.0,1544.0
PRGS,1,0.4498385646246384,0.0,3.3473601585831847e-06,4,1427.0,2369.0,1254.0,634.0
PRHI,1,0.11063984109037965,0.0,6.039589258803107e-12,20,1427.0,3422.0,1254.0,2866.0
PRI,1,0.7036637247927611,0.0,0.00013102522640880105,54,1427.0,1369.0,1254.0,336.0
PRIM,1,0.6176194083436233,0.0,5.701052627210653e-10,16,1427.0,1686.0,1254.0,2267.0
PRMB,1,0.47924534039573785,0.0,1.0124310223527684e-06,29,1427.0,2244.0,1254.0,797.0
PROP,1,0.1441100044294602,0.0,5.168390013869262e-09,4,1427.0,3334.0,1254.0,1766.0
DNOW,1,0.592009656229428,0.0,1.1634741238297003e-09,10,1427.0,1778.0,1254.0,2159.0
DNP,1,0.6271346397888683,0.0,1.3441878111581487e-07,29,1427.0,1651.0,1254.0,1278.0
DOO,1,0.55033540664864,0.0,5.151605589115146e-10,4,1427.0,1959.0,1254.0,2293.0
DORM,1,0.5483810669703874,0.0,1.3517782866877835e-11,31,1427.0,1975.0,1254.0,2777.0
PVLA,1,0.2790619879133494,0.0,1.3994585960511843e-09,20,1427.0,2933.0,1254.0,2102.0
PW,1,0.1997848224010362,0.0,3.0639606332547363e-07,42,1427.0,3155.0,1254.0,1165.0
PXLW,1,0.3359829154197442,0.0,1.2552705002264308e-10,57,1427.0,2761.0,1254.0,2521.0
PYPL,1,0.6142028199456858,0.0,3.765733537346015e-09,59,1427.0,1698.0,1254.0,1816.0
PYT,1,0.295337779420557,0.0,1.9120645555608488e-08,29,1427.0,2888.0,1254.0,1587.0
PZG,1,0.36285481265659747,0.0,8.170080677354616e-11,26,1427.0,2676.0,1254.0,2582.0
PRPL,1,0.34066981827877324,0.0,5.224615661984697e-07,42,1427.0,2747.0,1254.0,997.0
PRSO,1,0.17952491838849283,0.0,1.302705126410804e-12,57,1427.0,3219.0,1254.0,3002.0
PRSU,1,0.6383633564778532,0.0,8.590757449921322e-11,11,1427.0,1613.0,1254.0,2572.0
PRTA,1,0.4009006017092479,0.0,2.010462970394371e-09,20,1427.0,2542.0,1254.0,1957.0
PRTS,1,0.3505906600283519,0.0,5.376764700155256e-07,42,1427.0,2715.0,1254.0,985.0
PSEC,1,0.5677337951063566,0.0,3.917416121203293e-12,5,1427.0,1880.0,1254.0,2938.0
QUIK,1,0.30367796028864685,0.0,4.6572973078159304e-07,42,1427.0,2870.0,1254.0,1034.0
PTCT,1,0.37168861526199826,0.0,1.8639687601727815e-09,20,1427.0,2645.0,1254.0,1990.0
PTGX,1,0.22830233202961114,0.0,1.1449057017029804e-09,20,1427.0,3064.0,1254.0,2161.0
PTN,1,0.1959279215968198,0.0,3.0048100326813806e-07,42,1427.0,3166.0,1254.0,1173.0
PULM,1,0.14547062497925733,0.0,2.1898013650282534e-09,42,1427.0,3330.0,1254.0,1934.0
PUMP,1,0.6943181695204257,0.0,1.7379068533489822e-09,10,1427.0,1396.0,1254.0,2029.0
PVL,1,0.3151583817043791,0.0,2.2152718094970638e-09,10,1427.0,2836.0,1254.0,1932.0
DWSN,1,0.20713857063456834,0.0,5.184763378235319e-10,10,1427.0,3130.0,1254.0,2291.0
DXC,1,0.5452425789067618,0.0,0.00010152652443468986,54,1427.0,1988.0,1254.0,344.0
DXCM,1,0.4766388103800713,0.0,3.155097830612452e-15,50,1427.0,2253.0,1254.0,3369.0
DXLG,1,0.3302476507401672,0.0,6.60687048549145e-11,11,1427.0,2784.0,1254.0,2611.0
DXPE,1,0.5195312821070422,0.0,0.0006946703959768162,40,1427.0,2093.0,1254.0,222.0
DXR,1,0.12185582000425871,0.0,6.934041751564205e-09,4,1427.0,3402.0,1254.0,1734.0
DY,1,0.5703848758124102,0.0,5.332988829594951e-12,16,1427.0,1868.0,1254.0,2890.0
DMO,1,0.5830920094819556,0.0,1.1492502556149149e-07,29,1427.0,1818.0,1254.0,1302.0
DMRC,1,0.46224717347727645,0.0,7.089162857040864e-07,42,1427.0,2319.0,1254.0,870.0
RAVE,1,0.2315339122136824,0.0,1.3508352503036926e-13,11,1427.0,3054.0,1254.0,3165.0
RBA,1,0.42172140131521585,0.0,8.909086713896426e-07,29,1427.0,2474.0,1254.0,814.0
RBBN,1,0.45445205437884395,0.0,6.969614546203042e-07,42,1427.0,2348.0,1254.0,879.0
RBC,1,0.65337336081533,0.0,1.2286516603657494e-07,16,1427.0,1550.0,1254.0,1289.0
RC,1,0.709140735294115,0.0,1.4399943022532603e-11,14,1427.0,1355.0,1254.0,2770.0
RCAT,1,0.14022775027542458,0.0,3.4837778079670987e-09,29,1427.0,3345.0,1254.0,1830.0
QCLS,1,0.16865171785021502,0.0,2.64306242182447e-07,29,1427.0,3255.0,1254.0,1200.0
QCOM,1,0.6537949499059035,0.0,1.9978504085029025e-10,57,1427.0,1544.0,1254.0,2445.0
QDEL,1,0.38484983230327574,0.0,1.0530191881733577e-13,53,1427.0,2592.0,1254.0,3188.0
QLYS,1,0.5172578514699122,0.0,4.056308478024028e-15,35,1427.0,2098.0,1254.0,3357.0
QNST,1,0.41743899188881184,0.0,6.401970993392166e-07,42,1427.0,2486.0,1254.0,918.0
QRHC,1,0.2160668466473151,0.0,3.313666695610414e-07,42,1427.0,3105.0,1254.0,1137.0
QRVO,1,0.8112690078039506,0.0,1.3415547240774712e-11,57,1427.0,1258.0,1254.0,2778.0
QTWO,1,0.5580829301378594,0.0,8.129963227263509e-11,35,1427.0,1920.0,1254.0,2583.0
QUAD,1,0.3793581224935156,0.0,4.063741213058616e-06,13,1427.0,2618.0,1254.0,578.0
QUBT,1,0.1142085866829281,0.0,1.2400438925574102e-09,42,1427.0,3414.0,1254.0,2135.0
RDNT,1,0.5447541765503542,0.0,8.35451528143948e-07,42,1427.0,1990.0,1254.0,822.0
QXL,1,0.06499938812411493,0.0,1.7591697031740428e-16,4,1427.0,3460.0,1254.0,3431.0
RACE,1,0.5301902431073057,0.0,8.90384140266182e-07,29,1427.0,2045.0,1254.0,815.0
RAMP,1,0.4586234935281871,0.0,7.033589002240155e-07,42,1427.0,2331.0,1254.0,873.0
DPZ,1,0.3981542417829569,0.0,7.08658937173984e-16,19,1427.0,2549.0,1254.0,3411.0
DQ,1,0.6444558910092008,0.0,1.7801552489905304e-15,42,1427.0,1580.0,1254.0,3383.0
DRD,1,0.6932134565051937,0.0,1.5608473822375856e-10,26,1427.0,1399.0,1254.0,2485.0
DRIO,1,0.16671553635158795,0.0,5.397138465425093e-09,29,1427.0,3266.0,1254.0,1757.0
DRS,1,0.3943416230931981,0.0,4.0383329944998236e-09,10,1427.0,2564.0,1254.0,1803.0
DSGR,1,0.44554861064858187,0.0,1.3278602826834744e-11,31,1427.0,2392.0,1254.0,2779.0
BRID,1,0.22216441995662273,0.0,9.381514644040042e-08,1,1427.0,3080.0,1254.0,1330.0
BRKR,1,0.6776749734029077,0.0,3.277914200233384e-10,53,1427.0,1451.0,1254.0,2386.0
BRSL,1,0.6037827855242827,0.0,9.621516202368751e-13,58,1427.0,1735.0,1254.0,3023.0
BRT,1,0.5121175208962615,0.0,1.514420300983546e-11,11,1427.0,2115.0,1254.0,2761.0
BRTX,1,0.0861301525540153,0.0,3.6446844664613655e-12,20,1427.0,3450.0,1254.0,2942.0
RAND,1,0.15447906737817227,0.0,3.59192022531923e-08,29,1427.0,3304.0,1254.0,1495.0
RCKY,1,0.4045021050383515,0.0,3.010000335560995e-06,4,1427.0,2533.0,1254.0,661.0
RCMT,1,0.28356335891707424,0.0,4.3488136802044915e-07,42,1427.0,2916.0,1254.0,1057.0
RCON,1,0.17660904281616838,0.0,1.808599658538655e-09,10,1427.0,3225.0,1254.0,2008.0
BRW,1,0.6752952345510976,0.0,1.3183892987480655e-07,29,1427.0,1459.0,1254.0,1279.0
BSET,1,0.4302217969095524,0.0,6.598011968353803e-07,42,1427.0,2449.0,1254.0,904.0
DMAC,1,0.2046055835087267,0.0,3.137893287791466e-07,42,1427.0,3139.0,1254.0,1156.0
DMB,1,0.6405702360352324,0.0,5.341823695123337e-09,33,1427.0,1594.0,1254.0,1759.0
DMLP,1,0.5111306096900912,0.0,3.8150928049042525e-09,10,1427.0,2121.0,1254.0,1811.0
DIS,1,0.5828937339590483,0.0,7.62137467215477e-05,54,1427.0,1820.0,1254.0,364.0
DIT,1,0.12297524393841812,0.0,4.669426783322347e-09,29,1427.0,3400.0,1254.0,1781.0
DJCO,1,0.41277579983357754,0.0,3.07156694745191e-06,4,1427.0,2507.0,1254.0,659.0
DKL,1,0.5117244447042274,0.0,1.8508038315970975e-09,10,1427.0,2118.0,1254.0,1996.0
DKS,1,0.549416232109993,0.0,4.237236147213252e-15,55,1427.0,1968.0,1254.0,3353.0
DLB,1,0.5640719650439514,0.0,4.1973991801643725e-06,4,1427.0,1891.0,1254.0,563.0
RDCM,1,0.24094904733439668,0.0,3.695267672389137e-07,42,1427.0,3036.0,1254.0,1111.0
RDIB,1,0.0952904456655554,0.0,4.613255423855121e-13,11,1427.0,3443.0,1254.0,3070.0
RDNW,1,0.3009791177656448,0.0,4.615907040294929e-07,42,1427.0,2877.0,1254.0,1037.0
RDWR,1,0.44381687997745406,0.0,3.302551311897591e-06,4,1427.0,2399.0,1254.0,638.0
RDY,1,0.33689429802336773,0.0,1.6682236816733858e-10,28,1427.0,2758.0,1254.0,2480.0
REED,1,0.17609483355117472,0.0,4.224013515399893e-08,29,1427.0,3227.0,1254.0,1473.0
REFR,1,0.19010609237775122,0.0,2.9155246939537295e-07,42,1427.0,3188.0,1254.0,1179.0
REGN,1,0.5221463108354096,0.0,2.6184940070124213e-09,20,1427.0,2085.0,1254.0,1880.0
REI,1,0.6284518304792813,0.0,1.7710973416811163e-09,10,1427.0,1647.0,1254.0,2023.0
RELL,1,0.3498771082118453,0.0,5.365821453069299e-07,42,1427.0,2719.0,1254.0,989.0
REPX,1,0.32874873475997773,0.0,7.72503077685348e-17,10,1427.0,2788.0,1254.0,3446.0
RES,1,0.7349503429398934,0.0,1.8396108497665945e-09,10,1427.0,1316.0,1254.0,2000.0
RFIL,1,0.24984615991194414,0.0,3.8317164894692556e-07,42,1427.0,3010.0,1254.0,1098.0
ALLE,1,0.6537174667125062,0.0,6.973796110732026e-08,16,1427.0,1546.0,1254.0,1385.0
RCEL,1,0.347685666744023,0.0,5.332212842030783e-07,42,1427.0,2727.0,1254.0,992.0
RCG,1,0.22538680898387953,0.0,3.628596105411162e-11,10,1427.0,3072.0,1254.0,2665.0
RCI,1,0.6238994800094023,0.0,4.9859310883195e-12,8,1427.0,1660.0,1254.0,2898.0
RCKT,1,0.37948950083904387,0.0,2.952312281103495e-11,20,1427.0,2617.0,1254.0,2675.0
RIME,1,0.09133027030062008,0.0,7.088675999678659e-14,31,1427.0,3447.0,1254.0,3212.0
RIV,1,0.653434676350472,0.0,3.979456288970681e-07,29,1427.0,1549.0,1254.0,1084.0
RKDA,1,0.19918700411828383,0.0,1.545164454628634e-09,42,1427.0,3161.0,1254.0,2077.0
ALLT,1,0.38948097424158706,0.0,5.973198354784005e-07,42,1427.0,2577.0,1254.0,936.0
ALM,1,0.15542268714234786,0.0,3.4995151292361877e-11,26,1427.0,3301.0,1254.0,2666.0
ALNT,1,0.5744196712333218,0.0,8.80947430576412e-07,42,1427.0,1852.0,1254.0,816.0
ALNY,1,0.45231464511137115,0.0,2.268297530741489e-09,20,1427.0,2358.0,1254.0,1927.0
ALOT,1,0.31434956932523944,0.0,6.640800212797288e-07,29,1427.0,2839.0,1254.0,901.0
ALOY,1,0.10787938128088427,0.0,1.7247902315322692e-16,42,1427.0,3428.0,1254.0,3432.0
ALP,1,0.174480524237245,0.0,1.3420281618978576e-09,29,1427.0,3234.0,1254.0,2116.0
ALRM,1,0.4760879246852629,0.0,3.542688147255167e-06,4,1427.0,2258.0,1254.0,620.0
ALRS,1,0.5279388241462082,0.0,0.00046495656950856903,40,1427.0,2059.0,1254.0,285.0
ALSN,1,0.6368987800472863,0.0,6.910853480506783e-12,16,1427.0,1616.0,1254.0,2848.0
ALX,1,0.5453092224818179,0.0,1.7058061319941288e-10,11,1427.0,1986.0,1254.0,2479.0
RGCO,1,0.4100748658854802,0.0,2.8617596951124147e-06,6,1427.0,2518.0,1254.0,675.0
RGEN,1,0.6044898316682671,0.0,6.562651812371907e-12,53,1427.0,1732.0,1254.0,2852.0
DGP,1,0.6788370748567073,0.0,1.5284773562989513e-10,26,1427.0,1446.0,1254.0,2488.0
DGX,1,0.732604241708009,0.0,2.236690112745243e-08,29,1427.0,1319.0,1254.0,1563.0
DHC,1,0.5701043065220943,0.0,3.999468211464379e-10,11,1427.0,1869.0,1254.0,2345.0
DHCNI,1,0.6844271094070234,0.0,1.7356775769617207e-07,29,1427.0,1428.0,1254.0,1258.0
RMNI,1,0.3161523635893965,0.0,2.352568030275933e-06,4,1427.0,2830.0,1254.0,709.0
RMR,1,0.5386367190412207,0.0,3.778712791490037e-10,11,1427.0,2015.0,1254.0,2357.0
RMTI,1,0.31565588213069556,0.0,4.84099435021934e-07,42,1427.0,2833.0,1254.0,1021.0
RNAC,1,0.30913980386637735,0.0,1.5502948255964025e-09,20,1427.0,2849.0,1254.0,2075.0
RNR,1,0.721141924116836,0.0,2.2371225458510294e-09,54,1427.0,1338.0,1254.0,1930.0
ROCK,1,0.5712235399967968,0.0,4.264008531479453e-14,55,1427.0,1867.0,1254.0,3241.0
RGP,1,0.4918169137685317,0.0,0.0006881771500802081,40,1427.0,2200.0,1254.0,224.0
RGS,1,0.29648249184667386,0.0,1.8484288523829996e-13,18,1427.0,2884.0,1254.0,3140.0
RH,1,0.5762685001347917,0.0,4.444295632785518e-15,55,1427.0,1843.0,1254.0,3350.0
RICK,1,0.5527169012002917,0.0,4.11290333810569e-06,4,1427.0,1948.0,1254.0,576.0
RIG,1,0.6871180462762928,0.0,1.367779768142414e-10,10,1427.0,1420.0,1254.0,2505.0
RILY,1,0.3499493956835989,0.0,5.366930075661687e-07,42,1427.0,2717.0,1254.0,987.0
RLMD,1,0.17501562441239513,0.0,1.361568079131457e-11,20,1427.0,3231.0,1254.0,2775.0
RM,1,0.5542300525071456,0.0,0.00015442127011556437,54,1427.0,1941.0,1254.0,333.0
RMAX,1,0.5517863733625821,0.0,4.908753095426111e-09,11,1427.0,1950.0,1254.0,1773.0
RMBS,1,0.6402778082560379,0.0,1.9558601770819584e-10,57,1427.0,1595.0,1254.0,2449.0
RMCF,1,0.20527126188673092,0.0,2.443774674104616e-06,13,1427.0,3136.0,1254.0,704.0
RMD,1,0.4641190458220489,0.0,1.0143464496016906e-13,53,1427.0,2314.0,1254.0,3194.0
DLHC,1,0.26509338557918555,0.0,4.065552566951169e-07,42,1427.0,2964.0,1254.0,1075.0
DLNG,1,0.3261347955863644,0.0,1.1795636023575472e-09,10,1427.0,2801.0,1254.0,2154.0
DLPN,1,0.2256591455845581,0.0,1.693623306059332e-09,42,1427.0,3071.0,1254.0,2044.0
DLR,1,0.7377375998192749,0.0,3.40797392525319e-13,11,1427.0,1314.0,1254.0,3082.0
DLTH,1,0.36569941342720524,0.0,2.7212598980813902e-06,4,1427.0,2669.0,1254.0,686.0
BRC,1,0.5851740042808888,0.0,0.0008489942630113657,40,1427.0,1811.0,1254.0,187.0
BRFH,1,0.09019233230370946,0.0,5.810692900245459e-07,40,1427.0,3448.0,1254.0,948.0
DGICA,1,0.5204951837694267,0.0,4.4882509499925e-08,44,1427.0,2090.0,1254.0,1467.0
DGICB,1,0.09776606266027568,0.0,2.0273979194610408e-07,9,1427.0,3440.0,1254.0,1235.0
DGII,1,0.5613768910693894,0.0,8.60944627315321e-07,42,1427.0,1902.0,1254.0,818.0
ROL,1,0.4923668670764905,0.0,8.477883057959901e-12,43,1427.0,2196.0,1254.0,2815.0
ROP,1,0.6364005289948325,0.0,6.791068426420257e-08,16,1427.0,1620.0,1254.0,1392.0
RPT,1,0.6536246837024018,0.0,1.3026579894210312e-11,14,1427.0,1548.0,1254.0,2783.0
DHX,1,0.29546270480215864,0.0,2.1986111555983326e-06,4,1427.0,2887.0,1254.0,720.0
DHY,1,0.6819624401679839,0.0,4.007319513508866e-07,29,1427.0,1439.0,1254.0,1081.0
DCO,1,0.5663331558964333,0.0,5.182043146686211e-10,4,1427.0,1883.0,1254.0,2292.0
DCOY,1,0.13809646159667555,0.0,1.0533607073993548e-17,20,1427.0,3351.0,1254.0,3459.0
DD,1,0.7016672350999132,0.0,4.985290113444363e-13,31,1427.0,1375.0,1254.0,3064.0
DDS,1,0.6233643873271233,0.0,5.555157521057383e-12,48,1427.0,1664.0,1254.0,2881.0
DDT,1,0.6562177530958525,0.0,3.996405392925388e-07,29,1427.0,1535.0,1254.0,1082.0
RRGB,1,0.5525677840903394,0.0,3.3973133056398197e-12,19,1427.0,1949.0,1254.0,2946.0
RRX,1,0.6846021660414179,0.0,1.2873766187022615e-07,16,1427.0,1426.0,1254.0,1284.0
RSSS,1,0.17035543223331787,0.0,6.719710971114162e-10,5,1427.0,3248.0,1254.0,2228.0
RTO,1,0.4177237902367356,0.0,1.8637462617505325e-10,30,1427.0,2484.0,1254.0,2456.0
RTX,1,0.6656157999855361,0.0,1.9797510038482456e-08,34,1427.0,1492.0,1254.0,1582.0
RLGT,1,0.49504635539846814,0.0,7.592181059332272e-07,42,1427.0,2183.0,1254.0,845.0
SANM,1,0.5859322514897586,0.0,7.851938587855775e-12,4,1427.0,1804.0,1254.0,2828.0
SAP,1,0.573545746207074,0.0,4.0061463876921646e-09,35,1427.0,1855.0,1254.0,1805.0
SAR,1,0.6910481712957944,0.0,7.895994428096453e-11,5,1427.0,1405.0,1254.0,2587.0
SATS,1,0.3749526548858805,0.0,2.790115559272554e-06,4,1427.0,2634.0,1254.0,682.0
SB,1,0.5965679124662455,0.0,1.2390842065631143e-13,25,1427.0,1759.0,1254.0,3170.0
RUSHA,1,0.8617208486178662,0.0,1.9623088578968405e-11,16,1427.0,1241.0,1254.0,2729.0
RVP,1,0.22120716487548597,0.0,3.3925001750719743e-07,42,1427.0,3088.0,1254.0,1131.0
RVSB,1,0.5607576084938907,0.0,0.0007708328130959973,40,1427.0,1904.0,1254.0,206.0
RVYL,1,0.13406726620263376,0.0,6.723294334498398e-10,20,1427.0,3364.0,1254.0,2227.0
RYAAY,1,0.541382497655258,0.0,5.402839880659094e-13,18,1427.0,1999.0,1254.0,3055.0
RYAM,1,0.3973658721816477,0.0,2.956897859638704e-06,4,1427.0,2552.0,1254.0,665.0
RYN,1,0.7565402849457472,0.0,1.4697783586412077e-15,55,1427.0,1298.0,1254.0,3394.0
RYZ,1,0.5732663844934619,0.0,3.26390801889754e-14,24,1427.0,1856.0,1254.0,3254.0
RZLT,1,0.13935262935103462,0.0,6.397141800818281e-12,20,1427.0,3347.0,1254.0,2856.0
SABA,1,0.6564155341076955,0.0,1.0273286437859537e-07,29,1427.0,1534.0,1254.0,1320.0
SABR,1,0.5287778384280727,0.0,5.27704919952405e-13,18,1427.0,2053.0,1254.0,3058.0
SAFE,1,0.6185581246552799,0.0,5.502762039148276e-09,11,1427.0,1682.0,1254.0,1754.0
SAIA,1,0.749032929823869,0.0,1.761787886501503e-12,16,1427.0,1304.0,1254.0,2990.0
SAIC,1,0.6499217561459323,0.0,1.0582600602233764e-12,34,1427.0,1564.0,1254.0,3020.0
SAM,1,0.3254272305042586,0.0,1.953422477472521e-14,55,1427.0,2802.0,1254.0,3276.0
SAMG,1,0.48617733550414904,0.0,0.0006331461957753278,40,1427.0,2217.0,1254.0,235.0
DE,1,0.7585743553970173,0.0,1.4787977317630614e-09,16,1427.0,1297.0,1254.0,2084.0
DEA,1,0.6397042874118201,0.0,2.239770639965218e-10,11,1427.0,1601.0,1254.0,2428.0
DELL,1,0.5474807252439511,0.0,7.511276187932507e-07,54,1427.0,1980.0,1254.0,850.0
DFIN,1,0.49974406469382104,0.0,3.7187193433278585e-06,4,1427.0,2166.0,1254.0,606.0
DFTX,1,0.13514433080633342,0.0,3.369970233930076e-09,29,1427.0,3362.0,1254.0,1835.0
DG,1,0.5284737907226209,0.0,1.6409941471579092e-15,4,1427.0,2054.0,1254.0,3388.0
CYTK,1,0.3825126031405164,0.0,1.918249613635962e-09,20,1427.0,2603.0,1254.0,1981.0
CZWI,1,0.38758486488020766,0.0,6.715960212863082e-05,40,1427.0,2584.0,1254.0,375.0
DAC,1,0.4204110376297484,0.0,2.857102962054996e-12,25,1427.0,2477.0,1254.0,2957.0
DAIO,1,0.22198908977046652,0.0,1.1474791855687499e-13,57,1427.0,3082.0,1254.0,3176.0
SANG,1,0.18027537351815517,0.0,1.0593267012325974e-07,29,1427.0,3213.0,1254.0,1313.0
SCYX,1,0.26607510464803796,0.0,4.080608508357143e-07,42,1427.0,2959.0,1254.0,1071.0
SCZM,1,0.4026541417390965,0.0,3.976387102457771e-11,26,1427.0,2538.0,1254.0,2661.0
SD,1,0.5779934838478886,0.0,1.7207588020204993e-09,10,1427.0,1840.0,1254.0,2037.0
SDEV,1,0.2474933499811937,0.0,2.6267584114691127e-11,5,1427.0,3013.0,1254.0,2683.0
SEB,1,0.2652389932892995,0.0,0.0002625601781209427,40,1427.0,2963.0,1254.0,317.0
AIZ,1,0.6354258681781096,0.0,2.0837745188786826e-07,54,1427.0,1624.0,1254.0,1233.0
AKAM,1,0.3991733812279863,0.0,4.824088363129759e-12,0,1427.0,2546.0,1254.0,2902.0
SBFG,1,0.39498315575577686,0.0,0.000387674224532599,40,1427.0,2558.0,1254.0,296.0
SBGI,1,0.6423483039918116,0.0,4.164181057120082e-08,4,1427.0,1588.0,1254.0,1475.0
SBH,1,0.4939764915313852,0.0,3.6758014031291168e-06,4,1427.0,2187.0,1254.0,608.0
SBI,1,0.5480412418396474,0.0,2.9279597491420935e-10,33,1427.0,1976.0,1254.0,2401.0
SBSW,1,0.6498974093617652,0.0,2.905080116602286e-11,26,1427.0,1565.0,1254.0,2676.0
SBUX,1,0.5491818570760071,0.0,9.51237160870302e-07,29,1427.0,1970.0,1254.0,806.0
SCHL,1,0.43772299905958306,0.0,0.0005471112965303557,40,1427.0,2421.0,1254.0,257.0
SCKT,1,0.22296762037319445,0.0,1.434096854261934e-17,25,1427.0,3078.0,1254.0,3458.0
SACH,1,0.5054528137104991,0.0,3.115617460553906e-08,29,1427.0,2142.0,1254.0,1516.0
SCNI,1,0.182138392995337,0.0,1.1608707577386737e-10,22,1427.0,3208.0,1254.0,2534.0
SCNX,1,0.12005182631604744,0.0,9.65924152150977e-16,25,1427.0,3404.0,1254.0,3400.0
SCOR,1,0.3221588977262193,0.0,4.940726569827533e-07,42,1427.0,2814.0,1254.0,1013.0
SCSC,1,0.5602228627134477,0.0,4.168757056521223e-06,4,1427.0,1907.0,1254.0,566.0
SCVL,1,0.6395290215590754,0.0,1.0618187432356304e-13,48,1427.0,1604.0,1254.0,3185.0
SCWO,1,0.09195162290727966,0.0,1.0810796178385278e-13,8,1427.0,3445.0,1254.0,3184.0
DARE,1,0.14929234422281823,0.0,7.647504582440161e-10,20,1427.0,3320.0,1254.0,2213.0
DBL,1,0.5684100909844588,0.0,1.1203128009564976e-07,29,1427.0,1875.0,1254.0,1306.0
DBRG,1,0.5500665991440544,0.0,1.0517086325260498e-06,29,1427.0,1962.0,1254.0,792.0
DBVT,1,0.16400424892605875,0.0,3.3106710272002205e-08,29,1427.0,3276.0,1254.0,1506.0
CWBC,1,0.6357181105253195,0.0,0.0007359486056158843,40,1427.0,1622.0,1254.0,214.0
CWCO,1,0.43058624906578014,0.0,1.0368721110922672e-13,8,1427.0,2447.0,1254.0,3190.0
CWEN,1,0.5431496873502274,0.0,4.57963234137828e-12,8,1427.0,1993.0,1254.0,2910.0
CWH,1,0.6437535190105989,0.0,5.70435816412672e-10,4,1427.0,1581.0,1254.0,2266.0
CWST,1,0.5742044262917315,0.0,3.537523909095455e-10,43,1427.0,1853.0,1254.0,2367.0
CX,1,0.6318285397237281,0.0,1.7108702556183825e-08,32,1427.0,1635.0,1254.0,1605.0
SGA,1,0.3448216909619283,0.0,4.316640695497741e-05,40,1427.0,2737.0,1254.0,389.0
SGC,1,0.454076299607593,0.0,2.3737013274067023e-05,1,1427.0,2350.0,1254.0,415.0
SGLY,1,0.21978278218041464,0.0,2.899908343128716e-17,25,1427.0,3091.0,1254.0,3454.0
SGMO,1,0.3839310033187313,0.0,3.099058785431561e-11,20,1427.0,2596.0,1254.0,2670.0
SGRP,1,0.15646668111505668,0.0,6.816171662470614e-13,42,1427.0,3297.0,1254.0,3042.0
SGRY,1,0.5509392719203611,0.0,8.412465963601252e-12,52,1427.0,1957.0,1254.0,2817.0
AKBA,1,0.34005826761742286,0.0,5.21523673555227e-07,42,1427.0,2750.0,1254.0,998.0
AKO-A,1,0.25432971381704617,0.0,1.7951801928479431e-12,12,1427.0,3001.0,1254.0,2986.0
AKTX,1,0.13035128583518188,0.0,5.933526510101074e-08,29,1427.0,3378.0,1254.0,1420.0
ALDX,1,0.264465446166627,0.0,4.055922297659329e-07,42,1427.0,2966.0,1254.0,1077.0
ALG,1,0.6056739677602389,0.0,1.1389541887667674e-07,16,1427.0,1728.0,1254.0,1303.0
ALGN,1,0.5252978486308868,0.0,3.908871377810131e-06,4,1427.0,2072.0,1254.0,591.0
ALGT,1,0.6659621428522452,0.0,2.1720791733931844e-13,18,1427.0,1491.0,1254.0,3129.0
ALKS,1,0.436887529281817,0.0,2.190932605438359e-09,20,1427.0,2424.0,1254.0,1933.0
SEIC,1,0.70336768648801,0.0,0.00013097010279713967,54,1427.0,1370.0,1254.0,337.0
SELF,1,0.22799433143611225,0.0,2.785628803091288e-08,29,1427.0,3066.0,1254.0,1535.0
SEM,1,0.5644399675057906,0.0,1.7279091047968883e-08,52,1427.0,1890.0,1254.0,1603.0
SENEB,1,0.26720236914964146,0.0,1.7629747180513902e-06,17,1427.0,2956.0,1254.0,734.0
SENS,1,0.35557565793193385,0.0,5.453216140008582e-07,42,1427.0,2700.0,1254.0,981.0
SEVN,1,0.6032321047045736,0.0,1.112754595539712e-07,29,1427.0,1736.0,1254.0,1307.0
SFBC,1,0.29642330453292554,0.0,5.710232649855325e-12,14,1427.0,2885.0,1254.0,2876.0
CXH,1,0.683891892715582,0.0,5.7030903277585035e-09,33,1427.0,1431.0,1254.0,1750.0
CXT,1,0.6967667481506405,0.0,2.974950770808035e-06,16,1427.0,1390.0,1254.0,664.0
CYD,1,0.28590129578260803,0.0,3.1022546383371963e-12,16,1427.0,2911.0,1254.0,2952.0
CYH,1,0.49919799254148844,0.0,7.622412068300125e-12,52,1427.0,2167.0,1254.0,2832.0
CYPH,1,0.21785175150483263,0.0,3.3410405378863266e-07,42,1427.0,3100.0,1254.0,1134.0
CYRX,1,0.35703869877646455,0.0,5.475653778156478e-07,42,1427.0,2694.0,1254.0,978.0
CULP,1,0.29504994578526733,0.0,4.5249754604216197e-07,42,1427.0,2889.0,1254.0,1043.0
CVEO,1,0.4279894649141744,0.0,3.1945250338524317e-09,10,1427.0,2459.0,1254.0,1844.0
CVGI,1,0.4743169577233685,0.0,8.919407380190591e-08,16,1427.0,2265.0,1254.0,1333.0
CVGW,1,0.3070984850044171,0.0,0.00033560414795156103,40,1427.0,2860.0,1254.0,304.0
CVLG,1,0.559742013360925,0.0,1.899041279650941e-14,16,1427.0,1913.0,1254.0,3277.0
SJT,1,0.36410669649888266,0.0,6.847977872798314e-11,10,1427.0,2671.0,1254.0,2608.0
SKE,1,0.24168000814127472,0.0,5.441694869870936e-11,26,1427.0,3034.0,1254.0,2632.0
SKM,1,0.4944178820561899,0.0,2.2807710650283832e-15,22,1427.0,2186.0,1254.0,3376.0
SKY,1,0.636710673569623,0.0,7.641523103509475e-12,55,1427.0,1617.0,1254.0,2831.0
SKYE,1,0.10599535089034949,0.0,5.429614868426182e-10,20,1427.0,3430.0,1254.0,2280.0
SKYW,1,0.7066503152743836,0.0,7.948033480501615e-13,18,1427.0,1360.0,1254.0,3034.0
SLAB,1,0.696046779744899,0.0,2.1794375859959723e-10,57,1427.0,1391.0,1254.0,2432.0
SGU,1,0.331356309473389,0.0,3.925781581420055e-08,29,1427.0,2780.0,1254.0,1483.0
SHAK,1,0.5290224693042992,0.0,2.3977526613439045e-15,19,1427.0,2050.0,1254.0,3374.0
SHW,1,0.6504783606714205,0.0,1.2046349977020411e-14,31,1427.0,1559.0,1254.0,3300.0
SIEB,1,0.25826750959635547,0.0,3.960868862516186e-07,42,1427.0,2985.0,1254.0,1085.0
SIF,1,0.12718999718287818,0.0,8.834365632569201e-13,5,1427.0,3388.0,1254.0,3029.0
SIFY,1,0.2703413581349856,0.0,4.146037065833978e-07,42,1427.0,2947.0,1254.0,1070.0
SIG,1,0.5224464070544871,0.0,3.8876530949016144e-06,4,1427.0,2081.0,1254.0,592.0
SIGA,1,0.2604297618846496,0.0,1.937922351698608e-06,4,1427.0,2979.0,1254.0,726.0
SIGI,1,0.6679665233721879,0.0,2.095971044225674e-07,54,1427.0,1487.0,1254.0,1232.0
SIM,1,0.19505415680067562,0.0,5.281691695653354e-09,32,1427.0,3170.0,1254.0,1762.0
SIMO,1,0.46274444141496635,0.0,9.071890327227664e-12,57,1427.0,2317.0,1254.0,2809.0
SINT,1,0.1541406311153682,0.0,2.1448256360683972e-11,42,1427.0,3306.0,1254.0,2714.0
SIRI,1,0.4263156841829693,0.0,6.538106638812522e-07,42,1427.0,2463.0,1254.0,911.0
CVLT,1,0.4411966082563444,0.0,3.2830532211298027e-06,4,1427.0,2408.0,1254.0,639.0
CVM,1,0.19495262546137815,0.0,2.7836502240455023e-16,11,1427.0,3172.0,1254.0,3425.0
CVNA,1,0.46963418364866766,0.0,8.850697511362524e-13,59,1427.0,2284.0,1254.0,3028.0
CVR,1,0.16435911125313893,0.0,3.196559428582915e-12,24,1427.0,3274.0,1254.0,2951.0
CVSA,1,0.4762213310653394,0.0,2.547932396396615e-08,39,1427.0,2255.0,1254.0,1548.0
CVU,1,0.2833074271570002,0.0,4.3448886331051135e-07,42,1427.0,2917.0,1254.0,1058.0
CVV,1,0.224433894114108,0.0,3.441986273377496e-07,42,1427.0,3074.0,1254.0,1125.0
CSWC,1,0.6517889649491275,0.0,4.5271945348624256e-12,5,1427.0,1553.0,1254.0,2914.0
CTDD,1,0.9370783562934292,0.0,4.478465446336087e-09,29,1427.0,1200.0,1254.0,1788.0
CTGO,1,0.15606484234353227,0.0,1.225527026621224e-10,26,1427.0,3298.0,1254.0,2526.0
CTLP,1,0.339524800608202,0.0,5.207055323692523e-07,42,1427.0,2752.0,1254.0,1000.0
CTMX,1,0.32677287126225896,0.0,2.637683157936528e-11,20,1427.0,2797.0,1254.0,2682.0
SNDX,1,0.38119961363232285,0.0,1.911665146626867e-09,20,1427.0,2609.0,1254.0,1984.0
SNES,1,0.12360262319145666,0.0,7.487046223722209e-08,29,1427.0,3397.0,1254.0,1365.0
SNEX,1,0.5576374484847202,0.0,0.0002562493626734568,54,1427.0,1923.0,1254.0,318.0
SLAI,1,0.382517534098933,0.0,5.988016289175848e-09,42,1427.0,2602.0,1254.0,1747.0
SLGN,1,0.5476286008449867,0.0,3.3935914504033843e-08,4,1427.0,1978.0,1254.0,1503.0
SLM,1,0.6147566618840288,0.0,1.399599705345175e-06,54,1427.0,1695.0,1254.0,754.0
SLNG,1,0.18884830672053482,0.0,6.045577911408982e-10,10,1427.0,3191.0,1254.0,2246.0
SLNH,1,0.26879697695858207,0.0,4.2078088795984015e-09,42,1427.0,2953.0,1254.0,1797.0
SLNO,1,0.19248733245948857,0.0,1.4383611515471867e-13,20,1427.0,3179.0,1254.0,3160.0
SLP,1,0.3569651659177516,0.0,5.474526055931943e-07,42,1427.0,2696.0,1254.0,979.0
SLSN,1,0.1186370803719774,0.0,4.671762649741738e-07,54,1427.0,3409.0,1254.0,1032.0
SMBC,1,0.6749602897670713,0.0,0.0008789972476242407,40,1427.0,1461.0,1254.0,181.0
SMBK,1,0.6506345524983431,0.0,0.0009104034846039288,40,1427.0,1558.0,1254.0,176.0
SMC,1,0.5179857862678231,0.0,1.8734498378074226e-09,10,1427.0,2097.0,1254.0,1989.0
SMCI,1,0.38372981441547704,0.0,1.4336583608101957e-10,57,1427.0,2598.0,1254.0,2499.0
SII,1,0.5018325139851959,0.0,1.1299318552986633e-10,26,1427.0,2158.0,1254.0,2538.0
SNY,1,0.5310270807244604,0.0,1.863179261368721e-09,36,1427.0,2042.0,1254.0,1991.0
SOBR,1,0.10232992685266395,0.0,7.704556992574737e-18,11,1427.0,3432.0,1254.0,3460.0
SOHU,1,0.44158002713959343,0.0,4.632854795873584e-15,22,1427.0,2407.0,1254.0,3345.0
SONY,1,0.48908152934500687,0.0,8.375106645917155e-07,29,1427.0,2208.0,1254.0,821.0
SOS,1,0.25424704451568586,0.0,3.899209790588324e-07,42,1427.0,3002.0,1254.0,1093.0
SOTK,1,0.1359867000043714,0.0,2.328656975638636e-07,29,1427.0,3359.0,1254.0,1216.0
SOWG,1,0.13115151208166806,0.0,3.491244258933867e-08,29,1427.0,3372.0,1254.0,1498.0
SMG,1,0.5023870863132902,0.0,7.704760735165374e-07,42,1427.0,2153.0,1254.0,842.0
SMID,1,0.25387661649611915,0.0,3.893528794125408e-07,42,1427.0,3003.0,1254.0,1094.0
SMMT,1,0.3317533699277615,0.0,1.30494930538621e-11,20,1427.0,2777.0,1254.0,2782.0
SMTC,1,0.6144860048610606,0.0,1.8770738122630457e-10,57,1427.0,1696.0,1254.0,2454.0
SMTI,1,0.1294015299196217,0.0,4.234578986443079e-09,54,1427.0,3381.0,1254.0,1795.0
SNA,1,0.6581702860451882,0.0,7.02129836625523e-08,16,1427.0,1521.0,1254.0,1381.0
SNBR,1,0.4481201706910866,0.0,4.514377704036626e-12,55,1427.0,2380.0,1254.0,2915.0
SND,1,0.4667882554723128,0.0,2.390841879351978e-09,10,1427.0,2302.0,1254.0,1909.0
SNDA,1,0.3605752338824644,0.0,2.51418068183659e-13,14,1427.0,2682.0,1254.0,3113.0
CRWS,1,0.23720495151733026,0.0,3.408430622293651e-07,29,1427.0,3043.0,1254.0,1127.0
CSBR,1,0.22017029774459043,0.0,4.6512134985678187e-07,29,1427.0,3090.0,1254.0,1035.0
CSGP,1,0.5350914995296328,0.0,3.825795210246234e-10,30,1427.0,2028.0,1254.0,2352.0
CSGS,1,0.4246289366447886,0.0,0.0005765308969137766,40,1427.0,2465.0,1254.0,246.0
SPWH,1,0.2902855511252521,0.0,3.814122170021636e-16,55,1427.0,2898.0,1254.0,3420.0
SPXC,1,0.6491724081840169,0.0,2.7717395545070477e-06,16,1427.0,1568.0,1254.0,683.0
SQNS,1,0.2462841141659937,0.0,3.7770878755022075e-07,42,1427.0,3019.0,1254.0,1101.0
AIFC,1,0.19379063174823036,0.0,1.1738581109005348e-07,29,1427.0,3176.0,1254.0,1297.0
AIFF,1,0.10162978364123175,0.0,3.791789860135988e-09,4,1427.0,3433.0,1254.0,1814.0
SNFCA,1,0.262911355865667,0.0,2.9171669290017466e-06,40,1427.0,2973.0,1254.0,671.0
SNGX,1,0.16020810799758112,0.0,7.468308051246041e-09,4,1427.0,3285.0,1254.0,1727.0
SNN,1,0.5610880777772973,0.0,2.2016114271368938e-11,50,1427.0,1903.0,1254.0,2709.0
SNOA,1,0.15940553875920202,0.0,1.6760285803894982e-09,42,1427.0,3288.0,1254.0,2049.0
SNPS,1,0.8070023060612757,0.0,1.1451122291870118e-10,35,1427.0,1259.0,1254.0,2536.0
SNT,1,0.19161375334505493,0.0,3.097055856324491e-07,29,1427.0,3184.0,1254.0,1162.0
SNX,1,0.6711678476862495,0.0,2.7431247335621278e-14,57,1427.0,1469.0,1254.0,3261.0
SRPT,1,0.35819588427497706,0.0,1.7963045164813997e-09,20,1427.0,2692.0,1254.0,2014.0
SPB,1,0.5324263393936204,0.0,1.1247786836585055e-06,29,1427.0,2039.0,1254.0,786.0
SPCB,1,0.17641792639251844,0.0,2.47652088233547e-09,42,1427.0,3226.0,1254.0,1901.0
SPH,1,0.5102828763756622,0.0,1.8455899704796813e-09,10,1427.0,2124.0,1254.0,1999.0
SPNT,1,0.5470733826113858,0.0,1.9103803413638866e-05,54,1427.0,1981.0,1254.0,425.0
SPOK,1,0.3416554133382553,0.0,3.9122540533264625e-06,17,1427.0,2745.0,1254.0,590.0
SPSC,1,0.507782593988509,0.0,3.7785360304922633e-06,4,1427.0,2134.0,1254.0,602.0
CTO,1,0.49642007340336114,0.0,3.482549212271953e-10,11,1427.0,2180.0,1254.0,2372.0
CTRA,1,0.656604267047498,0.0,6.689588368849754e-15,10,1427.0,1532.0,1254.0,3330.0
CTRN,1,0.50391877521181,0.0,7.72825118069095e-07,42,1427.0,2147.0,1254.0,841.0
CTS,1,0.5988703453830904,0.0,9.184457260679925e-07,42,1427.0,1746.0,1254.0,810.0
CTSO,1,0.24187296987509008,0.0,3.70943722870895e-07,42,1427.0,3033.0,1254.0,1109.0
CTXR,1,0.16011327695225056,0.0,2.4555457794416693e-07,42,1427.0,3286.0,1254.0,1211.0
CRVL,1,0.4888641067717081,0.0,2.9569527145764976e-10,29,1427.0,2209.0,1254.0,2398.0
CRVO,1,0.12327957178818398,0.0,1.0870789186744786e-16,24,1427.0,3399.0,1254.0,3441.0
CRVS,1,0.2829541998616183,0.0,1.4189775190934881e-09,20,1427.0,2918.0,1254.0,2096.0
SSTK,1,0.41067379571364615,0.0,2.6286624963398967e-08,4,1427.0,2515.0,1254.0,1541.0
ST,1,0.7236662291207657,0.0,5.763042293155906e-08,4,1427.0,1332.0,1254.0,1426.0
STAA,1,0.3784060542857984,0.0,5.803350023198555e-07,42,1427.0,2621.0,1254.0,949.0
STC,1,0.6851920409159056,0.0,7.165039675665386e-12,55,1427.0,1424.0,1254.0,2842.0
STE,1,0.5758169066929623,0.0,2.2594047725496715e-11,50,1427.0,1845.0,1254.0,2703.0
AIFU,1,0.1989567853596031,0.0,1.2680638621511997e-10,22,1427.0,3162.0,1254.0,2519.0
AIM,1,0.1696444112632838,0.0,9.090769746666214e-12,42,1427.0,3250.0,1254.0,2807.0
AIN,1,0.6346978468805659,0.0,4.690220449798635e-08,4,1427.0,1626.0,1254.0,1454.0
AIOS,1,0.16025101416139084,0.0,7.9230212469844785e-16,35,1427.0,3284.0,1254.0,3408.0
AIRG,1,0.3084068349048228,0.0,4.729820763248622e-07,42,1427.0,2853.0,1254.0,1026.0
AIRI,1,0.19975038548291213,0.0,6.197836753147264e-08,29,1427.0,3156.0,1254.0,1411.0
AIRT,1,0.1872719341002831,0.0,2.2187255488981887e-08,29,1427.0,3196.0,1254.0,1566.0
AIV,1,0.6822629547405664,0.0,1.899821485549994e-10,11,1427.0,1437.0,1254.0,2452.0
AIXC,1,0.15088364308707528,0.0,1.1799707363189532e-11,20,1427.0,3315.0,1254.0,2790.0
SRI,1,0.5263899120250305,0.0,8.072875350598288e-07,42,1427.0,2068.0,1254.0,832.0
SRL,1,0.19391905387604103,0.0,3.7076663678599173e-07,29,1427.0,3175.0,1254.0,1110.0
BTI,1,0.550322705120968,0.0,3.628467972342201e-12,15,1427.0,1960.0,1254.0,2943.0
BTT,1,0.7065266876930452,0.0,5.891845716829407e-09,33,1427.0,1361.0,1254.0,1748.0
STRA,1,0.48470384659377613,0.0,2.5933164955694454e-08,39,1427.0,2222.0,1254.0,1543.0
STRR,1,0.18725731106133714,0.0,2.8718349196188973e-07,42,1427.0,3197.0,1254.0,1181.0
STRS,1,0.4694503943569616,0.0,0.0004773252147440976,40,1427.0,2285.0,1254.0,281.0
STRT,1,0.28439983194100077,0.0,4.36164208421078e-07,42,1427.0,2912.0,1254.0,1055.0
STX,1,0.7043893886476611,0.0,4.460557638316541e-12,57,1427.0,1365.0,1254.0,2918.0
STXS,1,0.2881552049600009,0.0,4.419235623875578e-07,42,1427.0,2903.0,1254.0,1052.0
SRTS,1,0.22605566644050412,0.0,3.466858265676263e-07,42,1427.0,3069.0,1254.0,1123.0
SRXH,1,0.0983481779396202,0.0,1.3489382119416775e-07,29,1427.0,3439.0,1254.0,1277.0
SSBI,1,0.2369451677579482,0.0,7.585296881787111e-10,10,1427.0,3044.0,1254.0,2215.0
SSL,1,0.5963276846525726,0.0,1.7753420080294195e-09,10,1427.0,1760.0,1254.0,2021.0
SSNC,1,0.6296894030243837,0.0,1.3302520282036583e-06,29,1427.0,1642.0,1254.0,759.0
SSP,1,0.5722816789761735,0.0,4.5700338019234745e-10,4,1427.0,1863.0,1254.0,2317.0
SSRM,1,0.7025610778141994,0.0,1.5818945936733574e-10,26,1427.0,1371.0,1254.0,2484.0
SSSS,1,0.34993922557355017,0.0,5.366774103769274e-07,42,1427.0,2718.0,1254.0,988.0
SWX,1,0.6801275906970053,0.0,9.850667241133397e-10,8,1427.0,1441.0,1254.0,2183.0
STEX,1,0.16839823656228095,0.0,2.582606432939303e-07,42,1427.0,3256.0,1254.0,1204.0
STGW,1,0.34497962233923163,0.0,2.5670788014919733e-06,4,1427.0,2736.0,1254.0,692.0
STKL,1,0.32160677868361776,0.0,2.393155683737797e-06,4,1427.0,2816.0,1254.0,707.0
STKS,1,0.3884032703433076,0.0,2.8902049198372176e-06,4,1427.0,2579.0,1254.0,673.0
STLA,1,0.5868291645871179,0.0,4.56309223904692e-13,31,1427.0,1798.0,1254.0,3071.0
STN,1,0.5209388204749501,0.0,6.99256086060067e-08,54,1427.0,2088.0,1254.0,1384.0
CSL,1,0.5979555107764573,0.0,6.378932838398808e-08,16,1427.0,1753.0,1254.0,1402.0
CSPI,1,0.24398530202515584,0.0,3.741832595255635e-07,42,1427.0,3027.0,1254.0,1107.0
CSR,1,0.6290730893250491,0.0,4.435894960446281e-11,11,1427.0,1643.0,1254.0,2652.0
CSTE,1,0.29934547167025144,0.0,2.227503785402456e-06,4,1427.0,2880.0,1254.0,717.0
CSTM,1,0.6056984818327739,0.0,1.6767651075151149e-15,24,1427.0,1727.0,1254.0,3386.0
CSV,1,0.4751404999711397,0.0,1.1885211017514271e-07,29,1427.0,2262.0,1254.0,1295.0
CSW,1,0.5960847213382368,0.0,4.4356140274736935e-06,4,1427.0,1762.0,1254.0,545.0
BSM,1,0.5882081536869188,0.0,4.134559054890269e-09,10,1427.0,1790.0,1254.0,1798.0
BSX,1,0.6580933758618198,0.0,2.5822432296494256e-11,50,1427.0,1522.0,1254.0,2684.0
SUN,1,0.6488507051238236,0.0,2.3467617846204203e-09,10,1427.0,1570.0,1254.0,1917.0
SUNE,1,0.15240962639637126,0.0,1.8048081728982334e-11,5,1427.0,3312.0,1254.0,2740.0
SUPN,1,0.3535371178015752,0.0,1.772941424883359e-09,20,1427.0,2707.0,1254.0,2022.0
SUZ,1,0.33585070049053695,0.0,1.8067383110569532e-13,24,1427.0,2762.0,1254.0,3142.0
BUI,1,0.6957878278287241,0.0,4.2373895164340836e-07,29,1427.0,1392.0,1254.0,1065.0
CRT,1,0.4745472673026709,0.0,3.3356281934818844e-09,10,1427.0,2263.0,1254.0,1837.0
CRTO,1,0.3521671521630336,0.0,2.620562990849758e-06,4,1427.0,2712.0,1254.0,689.0
CRUS,1,0.6728543757803677,0.0,1.112665425169585e-11,57,1427.0,1464.0,1254.0,2793.0
CRDF,1,0.2664490935989055,0.0,1.3362066157540074e-09,20,1427.0,2958.0,1254.0,2118.0
CREG,1,0.15747205051166624,0.0,1.3867745001209206e-16,24,1427.0,3295.0,1254.0,3436.0
CREX,1,0.15672447126956746,0.0,2.403574027630482e-07,42,1427.0,3296.0,1254.0,1215.0
CRH,1,0.6537463855970841,0.0,4.864688750710654e-06,4,1427.0,1545.0,1254.0,520.0
CRI,1,0.5349285385845041,0.0,3.8813407048671583e-10,48,1427.0,2030.0,1254.0,2349.0
SVA,1,0.13688373836314752,0.0,4.381821039841422e-11,4,1427.0,3355.0,1254.0,2654.0
SW,1,0.26837632075416623,0.0,4.973544509970866e-07,29,1427.0,2954.0,1254.0,1009.0
SWBI,1,0.6351456158887477,0.0,2.4320484718683726e-10,4,1427.0,1625.0,1254.0,2421.0
AHRT,1,0.7249490326130418,0.0,5.08575461838375e-10,11,1427.0,1329.0,1254.0,2296.0
TARA,1,0.2582545154347745,0.0,1.9952456754520588e-11,10,1427.0,2986.0,1254.0,2726.0
TATT,1,0.20442549528488288,0.0,3.014190250919332e-07,29,1427.0,3140.0,1254.0,1172.0
SXC,1,0.5487817620263634,0.0,3.1245069363356594e-14,24,1427.0,1973.0,1254.0,3255.0
SXI,1,0.6235258921436204,0.0,4.6398105750405915e-06,4,1427.0,1663.0,1254.0,530.0
SXT,1,0.5695579180818799,0.0,1.8482740065858817e-11,31,1427.0,1871.0,1254.0,2735.0
SYNA,1,0.6044532156586466,0.0,1.8926429891167893e-10,57,1427.0,1733.0,1254.0,2453.0
SYPR,1,0.1753937352051033,0.0,1.8140317137897873e-09,42,1427.0,3229.0,1254.0,2006.0
SYRE,1,0.25257084416625974,0.0,1.2666090485510727e-09,20,1427.0,3006.0,1254.0,2129.0
TAC,1,0.46995828249160493,0.0,6.308249189939692e-08,54,1427.0,2281.0,1254.0,1404.0
TAK,1,0.39494053385434025,0.0,8.343326783909385e-07,29,1427.0,2559.0,1254.0,823.0
TANH,1,0.2086094693671119,0.0,6.813597640653769e-14,59,1427.0,3125.0,1254.0,3216.0
TAOP,1,0.17014012317132488,0.0,0.00015911239930151076,40,1427.0,3249.0,1254.0,332.0
TAP,1,0.4778151506272877,0.0,1.668530583972158e-05,54,1427.0,2248.0,1254.0,434.0
STZ,1,0.505083483022664,0.0,9.161181412091156e-16,7,1427.0,2143.0,1254.0,3403.0
SUIG,1,0.09865329161012265,0.0,3.797573543519453e-17,21,1427.0,3438.0,1254.0,3452.0
CRMD,1,0.26195721944649075,0.0,4.017455371906922e-07,42,1427.0,2974.0,1254.0,1080.0
CRMT,1,0.5092609932785669,0.0,1.4915887494814185e-11,31,1427.0,2127.0,1254.0,2765.0
CRNT,1,0.353404760402774,0.0,5.419922597044594e-07,42,1427.0,2709.0,1254.0,984.0
CROX,1,0.5153880295268071,0.0,4.354569117171559e-12,48,1427.0,2101.0,1254.0,2923.0
CPB,1,0.6641462726045403,0.0,1.4789984501878668e-14,15,1427.0,1501.0,1254.0,3289.0
CPHC,1,0.16412054818607702,0.0,1.9463167679131587e-11,11,1427.0,3275.0,1254.0,2730.0
CPHI,1,0.15605076733385775,0.0,2.7961271618418172e-11,4,1427.0,3299.0,1254.0,2678.0
CPIX,1,0.13346837731829003,0.0,7.002438930787984e-12,20,1427.0,3365.0,1254.0,2846.0
CPK,1,0.6998301099956522,0.0,1.0136029817139537e-09,8,1427.0,1379.0,1254.0,2179.0
CPRI,1,0.6103114926707923,0.0,4.099594656833944e-08,48,1427.0,1717.0,1254.0,1478.0
CPRT,1,0.5620677848671861,0.0,1.5840790494182578e-08,30,1427.0,1897.0,1254.0,1616.0
CPRX,1,0.4134418019372467,0.0,2.0733554144241226e-09,20,1427.0,2502.0,1254.0,1941.0
AGPU,1,0.16805554849831875,0.0,2.577350864849369e-07,42,1427.0,3259.0,1254.0,1206.0
AGRO,1,0.4341533242329562,0.0,7.359460529939814e-14,24,1427.0,2432.0,1254.0,3210.0
AGX,1,0.4362184119209766,0.0,4.2636796267798645e-12,16,1427.0,2427.0,1254.0,2926.0
AGYS,1,0.48677143749548235,0.0,7.465274408499632e-07,42,1427.0,2215.0,1254.0,853.0
TAYD,1,0.18811116324518456,0.0,7.363539038690457e-12,11,1427.0,3194.0,1254.0,2839.0
TBBK,1,0.6613980606150536,0.0,0.0008916957397587953,40,1427.0,1513.0,1254.0,179.0
TBCH,1,0.3166310472505041,0.0,4.855949778274893e-07,42,1427.0,2828.0,1254.0,1020.0
TBI,1,0.4479713996062969,0.0,5.010404462814617e-06,41,1427.0,2381.0,1254.0,509.0
TBPH,1,0.35567072267948896,0.0,1.7836411683629511e-09,20,1427.0,2699.0,1254.0,2016.0
TBRG,1,0.3629853013720867,0.0,5.566852679232075e-07,42,1427.0,2675.0,1254.0,970.0
TCI,1,0.2710699843802577,0.0,9.465764296957786e-06,54,1427.0,2945.0,1254.0,456.0
TCMD,1,0.3725535856191023,0.0,5.713594788608812e-07,42,1427.0,2640.0,1254.0,958.0
TCRT,1,0.308510951300314,0.0,1.8967973807325525e-11,20,1427.0,2852.0,1254.0,2733.0
TCX,1,0.34119261061707146,0.0,2.5388987094417915e-06,4,1427.0,2746.0,1254.0,697.0
TDAY,1,0.4519087526078923,0.0,6.930609698832684e-07,42,1427.0,2361.0,1254.0,883.0
TAP-A,1,0.15467826766300447,0.0,2.5976161983682195e-07,29,1427.0,3303.0,1254.0,1203.0
AGEN,1,0.36081581031880483,0.0,1.8094430956506933e-09,20,1427.0,2680.0,1254.0,2007.0
AGIO,1,0.46870840519522033,0.0,2.3505100478663492e-09,20,1427.0,2290.0,1254.0,1915.0
AGM-A,1,0.37707140392931204,0.0,4.150440638613738e-06,2,1427.0,2627.0,1254.0,567.0
CRK,1,0.5397257388632525,0.0,9.697474469273334e-14,10,1427.0,2009.0,1254.0,3197.0
COO,1,0.5730134231962609,0.0,2.2484043942431814e-11,50,1427.0,1857.0,1254.0,2706.0
TGTX,1,0.4039060458247986,0.0,2.025534871200151e-09,20,1427.0,2535.0,1254.0,1950.0
THM,1,0.46772458585029303,0.0,1.0531340528031992e-10,26,1427.0,2297.0,1254.0,2548.0
THR,1,0.5810179653608772,0.0,0.0008429645125881938,40,1427.0,1824.0,1254.0,189.0
THRM,1,0.611184692251062,0.0,1.983006581585821e-11,31,1427.0,1713.0,1254.0,2727.0
THW,1,0.7802606084538741,0.0,1.8044085267784414e-07,29,1427.0,1281.0,1254.0,1252.0
TDOC,1,0.44622314564570265,0.0,3.579029106351452e-15,35,1427.0,2388.0,1254.0,3364.0
TDW,1,0.5151517307416164,0.0,2.013476224501612e-09,10,1427.0,2102.0,1254.0,1953.0
TDY,1,0.6785589412123331,0.0,1.43349150147354e-06,29,1427.0,1447.0,1254.0,749.0
TECH,1,0.648335836330196,0.0,3.136000779174801e-10,53,1427.0,1572.0,1254.0,2393.0
TEI,1,0.595331561173818,0.0,8.687788454497968e-08,29,1427.0,1763.0,1254.0,1337.0
TEN,1,0.6207970465589466,0.0,1.3236232907459936e-14,49,1427.0,1668.0,1254.0,3297.0
TENX,1,0.1301265513318666,0.0,2.034893401929198e-09,42,1427.0,3379.0,1254.0,1949.0
TEO,1,0.6311687317151171,0.0,3.067106544616975e-13,24,1427.0,1639.0,1254.0,3093.0
TEVA,1,0.4140264772168235,0.0,1.9470398372166808e-08,4,1427.0,2496.0,1254.0,1584.0
TFII,1,0.4964640257386016,0.0,1.1677249917263257e-12,16,1427.0,2179.0,1254.0,3010.0
TFX,1,0.578700895561915,0.0,2.270721039839104e-11,50,1427.0,1836.0,1254.0,2702.0
TG,1,0.5109152693534594,0.0,0.0006688660147670222,40,1427.0,2122.0,1254.0,230.0
TGEN,1,0.1716331889029753,0.0,1.142904922330159e-12,16,1427.0,3244.0,1254.0,3013.0
TGLS,1,0.45287822880094103,0.0,6.945477879781936e-07,42,1427.0,2356.0,1254.0,881.0
TGT,1,0.4744781553975761,0.0,6.230118016311901e-16,55,1427.0,2264.0,1254.0,3414.0
CPS,1,0.5021182601852398,0.0,1.5015673942947577e-11,31,1427.0,2154.0,1254.0,2763.0
CPSH,1,0.24949725034291043,0.0,1.842337338978956e-11,42,1427.0,3011.0,1254.0,2736.0
CPSS,1,0.2753720544122286,0.0,5.4125484407674694e-11,55,1427.0,2938.0,1254.0,2634.0
CQP,1,0.6315171392766753,0.0,2.2840697823019636e-09,10,1427.0,1637.0,1254.0,1925.0
CRAI,1,0.48616710579047495,0.0,0.00047717086914743405,40,1427.0,2218.0,1254.0,282.0
CRBP,1,0.25000740046943987,0.0,1.2806636201129509e-09,20,1427.0,3009.0,1254.0,2128.0
CRD-B,1,0.7783693356116858,0.0,1.3559683968043302e-11,31,1427.0,1282.0,1254.0,2776.0
COHN,1,0.19249654050572437,0.0,1.5461921642271905e-13,5,1427.0,3178.0,1254.0,3156.0
COHU,1,0.6701326879980607,0.0,2.5036921631730576e-10,57,1427.0,1474.0,1254.0,2420.0
COKE,1,0.3847262984955148,0.0,7.815136466021951e-11,15,1427.0,2593.0,1254.0,2590.0
COLL,1,0.3370091638686808,0.0,1.7263304003961718e-09,20,1427.0,2756.0,1254.0,2036.0
TOVX,1,0.21291286559069125,0.0,3.26529628548933e-07,42,1427.0,3114.0,1254.0,1141.0
TPB,1,0.30451953805372317,0.0,2.2660052946813384e-06,4,1427.0,2865.0,1254.0,714.0
TPCS,1,0.14928580258764285,0.0,1.9944258098656398e-07,29,1427.0,3321.0,1254.0,1237.0
TILE,1,0.6128561145746716,0.0,0.0007660107057474114,40,1427.0,1702.0,1254.0,207.0
TIPT,1,0.46487265428018915,0.0,0.0005844526856694509,40,1427.0,2312.0,1254.0,244.0
TISI,1,0.308291769904004,0.0,4.7280560914956e-07,42,1427.0,2854.0,1254.0,1027.0
TITN,1,0.5017574002879823,0.0,9.435417786184683e-08,16,1427.0,2159.0,1254.0,1329.0
TKC,1,0.2793093879273039,0.0,1.7801963377353835e-10,22,1427.0,2932.0,1254.0,2463.0
TKO,1,0.34234145107276615,0.0,6.374545760354132e-05,54,1427.0,2742.0,1254.0,380.0
TLF,1,0.213479125112496,0.0,2.1419536861027844e-11,5,1427.0,3112.0,1254.0,2715.0
TLK,1,0.38149175335097224,0.0,7.069797402935346e-07,29,1427.0,2608.0,1254.0,871.0
TLPH,1,0.2546251546685122,0.0,3.9050086025769834e-07,42,1427.0,2998.0,1254.0,1091.0
TLYS,1,0.40645927246666397,0.0,6.617915959780191e-14,48,1427.0,2524.0,1254.0,3219.0
TM,1,0.7329767589447732,0.0,1.1791916337762685e-10,54,1427.0,1318.0,1254.0,2532.0
TMQ,1,0.23136411575991522,0.0,4.367363342585996e-12,24,1427.0,3055.0,1254.0,2921.0
TFIN,1,0.6984477754951917,0.0,0.0010133364607287526,40,1427.0,1386.0,1254.0,169.0
TNXP,1,0.1621803014848945,0.0,2.6112206666281214e-09,42,1427.0,3281.0,1254.0,1882.0
TOMZ,1,0.08704436701404782,0.0,2.6533782563107924e-16,20,1427.0,3449.0,1254.0,3426.0
CORT,1,0.2815202875609731,0.0,1.411786640431766e-09,20,1427.0,2924.0,1254.0,2097.0
COSM,1,0.11197607454508895,0.0,5.9545936944401064e-12,20,1427.0,3418.0,1254.0,2871.0
COTY,1,0.4816675460747998,0.0,4.48726222597183e-12,18,1427.0,2234.0,1254.0,2916.0
CPA,1,0.6318458909717534,0.0,7.106673097777665e-13,18,1427.0,1634.0,1254.0,3039.0
CPAC,1,0.13095108876364114,0.0,4.463038769659319e-10,29,1427.0,3373.0,1254.0,2322.0
CNDT,1,0.4420640212216206,0.0,0.0005556215549416073,40,1427.0,2404.0,1254.0,251.0
CNET,1,0.17433496121492004,0.0,1.907882896177592e-16,22,1427.0,3235.0,1254.0,3430.0
CNH,1,0.7037236187891837,0.0,1.3718693281487854e-09,16,1427.0,1368.0,1254.0,2109.0
CNI,1,0.7842090715724964,0.0,1.18141387951929e-13,16,1427.0,1278.0,1254.0,3174.0
CNS,1,0.6546630540023393,0.0,4.871509907320344e-06,4,1427.0,1541.0,1254.0,519.0
CNTY,1,0.5247081182108849,0.0,6.222549195959383e-11,11,1427.0,2073.0,1254.0,2618.0
TONX,1,0.13151287973892625,0.0,2.0587324660353126e-09,42,1427.0,3371.0,1254.0,1944.0
TOON,1,0.24219134257201383,0.0,6.074401478962388e-15,11,1427.0,3031.0,1254.0,3337.0
TOUR,1,0.3272986602883577,0.0,1.0617639652714088e-15,22,1427.0,2796.0,1254.0,3397.0
CMCT,1,0.15240996811414992,0.0,9.617787750349863e-07,40,1427.0,3311.0,1254.0,802.0
CMP,1,0.4780941623128883,0.0,3.5576170582723138e-06,4,1427.0,2247.0,1254.0,616.0
AEYE,1,0.24631857771997218,0.0,3.777616419019192e-07,42,1427.0,3018.0,1254.0,1100.0
AFB,1,0.678543455179192,0.0,5.3492893685048e-10,33,1427.0,1448.0,1254.0,2286.0
AFBI,1,0.23554773833633658,0.0,5.189464652186031e-05,40,1427.0,3047.0,1254.0,387.0
TRNS,1,0.42040128787249637,0.0,6.447401663094489e-07,42,1427.0,2478.0,1254.0,915.0
TROO,1,0.11783213798867197,0.0,7.145821835542806e-12,42,1427.0,3411.0,1254.0,2845.0
TPR,1,0.6576756801091761,0.0,5.532833938033572e-10,48,1427.0,1526.0,1254.0,2276.0
TRAK,1,0.3242620048137616,0.0,4.972980458017297e-07,42,1427.0,2807.0,1254.0,1010.0
TREE,1,0.4757635255544622,0.0,7.296453732152932e-07,42,1427.0,2261.0,1254.0,860.0
TREX,1,0.615238842439636,0.0,1.5524079881798803e-11,55,1427.0,1694.0,1254.0,2755.0
TRI,1,0.5288146574683134,0.0,2.3593971981593293e-10,30,1427.0,2052.0,1254.0,2423.0
AEF,1,0.7169845957836493,0.0,4.5697473981685223e-10,22,1427.0,1343.0,1254.0,2318.0
TMUS,1,0.4359290881481928,0.0,1.1597187630292528e-08,0,1427.0,2429.0,1254.0,1653.0
TNC,1,0.5735785347151553,0.0,5.090653974674775e-10,4,1427.0,1854.0,1254.0,2295.0
TNDM,1,0.36179063292144487,0.0,2.3950209547092498e-15,50,1427.0,2678.0,1254.0,3375.0
TSCO,1,0.5423848963222601,0.0,6.109344910337229e-13,55,1427.0,1995.0,1254.0,3046.0
TSEM,1,0.5280755871689428,0.0,5.999869197545393e-09,57,1427.0,2057.0,1254.0,1746.0
TSI,1,0.48865960745032405,0.0,7.647808220724579e-08,29,1427.0,2210.0,1254.0,1357.0
TSLA,1,0.49075402029285586,0.0,1.7249530526232563e-07,29,1427.0,2202.0,1254.0,1261.0
AEG,1,0.7239504512722595,0.0,8.935543968271927e-11,7,1427.0,1331.0,1254.0,2569.0
AER,1,0.6640873050840463,0.0,8.936936783690239e-11,11,1427.0,1502.0,1254.0,2568.0
AES,1,0.5428208035695486,0.0,2.974463906320278e-09,8,1427.0,1994.0,1254.0,1862.0
CNX,1,0.676094064985426,0.0,1.2147643784596096e-13,10,1427.0,1456.0,1254.0,3173.0
CNXN,1,0.43699185288625575,0.0,2.9589538055425668e-08,4,1427.0,2423.0,1254.0,1524.0
COCP,1,0.1680749661248341,0.0,1.0911468322178315e-11,42,1427.0,3258.0,1254.0,2795.0
CODA,1,0.17517690553393855,0.0,1.9174288731687487e-08,16,1427.0,3230.0,1254.0,1586.0
CODI,1,0.39189254793946166,0.0,1.2972563057101688e-08,29,1427.0,2572.0,1254.0,1641.0
COE,1,0.2824848016352096,0.0,2.97583374581632e-16,22,1427.0,2920.0,1254.0,3424.0
COFS,1,0.3266134905148009,0.0,0.0003389644918437667,40,1427.0,2799.0,1254.0,302.0
CMCM,1,0.3089597000261297,0.0,3.604945709468941e-15,22,1427.0,2850.0,1254.0,3363.0
CMCO,1,0.5952743734273924,0.0,4.429584027992404e-06,4,1427.0,1764.0,1254.0,546.0
TRVG,1,0.3304492274581597,0.0,1.5923468947453248e-15,11,1427.0,2783.0,1254.0,3390.0
CMPR,1,0.50793828008008,0.0,3.7796945292541577e-06,4,1427.0,2133.0,1254.0,601.0
CMT,1,0.23951437249986782,0.0,2.550722657665843e-06,40,1427.0,3040.0,1254.0,695.0
CMTL,1,0.3934142974451685,0.0,6.033520992453767e-07,42,1427.0,2567.0,1254.0,933.0
CMTV,1,0.1502265111042219,0.0,1.7540263747145496e-08,54,1427.0,3319.0,1254.0,1601.0
CMU,1,0.6393428115508322,0.0,2.035957338746792e-11,33,1427.0,1606.0,1254.0,2720.0
CLMB,1,0.30721922455188844,0.0,4.711607210660905e-07,42,1427.0,2858.0,1254.0,1029.0
CLMT,1,0.40539130478341523,0.0,1.9163803054778502e-09,10,1427.0,2529.0,1254.0,1982.0
CLNE,1,0.49492990402731246,0.0,7.590395125783263e-07,42,1427.0,2184.0,1254.0,846.0
CLPR,1,0.4379508172204575,0.0,3.650887280837859e-10,11,1427.0,2419.0,1254.0,2363.0
CLPT,1,0.2595603899358491,0.0,1.3617875136018601e-11,20,1427.0,2982.0,1254.0,2774.0
CLRB,1,0.19864557837757865,0.0,9.96181043356448e-10,20,1427.0,3163.0,1254.0,2182.0
CLRO,1,0.1387347952402516,0.0,4.196691077790201e-07,54,1427.0,3349.0,1254.0,1067.0
CLS,1,0.5723723867457742,0.0,5.36530826298068e-10,4,1427.0,1862.0,1254.0,2284.0
TRX,1,0.44994435673907024,0.0,1.0130998848464983e-10,26,1427.0,2368.0,1254.0,2554.0
TSAT,1,0.4335969988999374,0.0,6.64977508981376e-07,42,1427.0,2435.0,1254.0,899.0
TWLO,1,0.541279748143799,0.0,5.025386123174636e-15,35,1427.0,2000.0,1254.0,3341.0
TWN,1,0.5755237181351768,0.0,1.3754083680374624e-10,57,1427.0,1848.0,1254.0,2503.0
TX,1,0.6259812081856213,0.0,3.8153269621832904e-13,24,1427.0,1653.0,1254.0,3077.0
TXMD,1,0.25511551098946905,0.0,3.912528855845574e-07,42,1427.0,2996.0,1254.0,1089.0
TSQ,1,0.3965725780032167,0.0,6.08195734103278e-07,42,1427.0,2556.0,1254.0,931.0
TSSI,1,0.11385346353501104,0.0,9.197828536843917e-13,16,1427.0,3415.0,1254.0,3026.0
TTC,1,0.5894818680622054,0.0,1.2238687968614862e-09,16,1427.0,1786.0,1254.0,2141.0
TTD,1,0.5063832784242283,0.0,3.104682089464309e-09,59,1427.0,2138.0,1254.0,1853.0
TTEC,1,0.4130358778001818,0.0,3.0735022520078075e-06,4,1427.0,2505.0,1254.0,658.0
TTGT,1,0.42792928257340357,0.0,6.562853273150135e-07,42,1427.0,2461.0,1254.0,908.0
TTI,1,0.5340020979070451,0.0,2.735104331196602e-09,10,1427.0,2033.0,1254.0,1872.0
TTMI,1,0.5500257496085693,0.0,7.37076414579318e-12,4,1427.0,1963.0,1254.0,2838.0
TU,1,0.7387129656631239,0.0,5.9034700040365825e-12,8,1427.0,1312.0,1254.0,2873.0
TRS,1,0.5680793652753618,0.0,0.000794887747188303,40,1427.0,1877.0,1254.0,203.0
TRT,1,0.1900827179532543,0.0,2.255351328656469e-07,29,1427.0,3189.0,1254.0,1218.0
TRUP,1,0.3844648922764132,0.0,5.896270200333975e-07,42,1427.0,2594.0,1254.0,940.0
CL,1,0.7223018031440497,0.0,2.956950378691033e-13,15,1427.0,1335.0,1254.0,3096.0
CLAR,1,0.47000373315959343,0.0,7.20811980897765e-07,42,1427.0,2280.0,1254.0,866.0
UAN,1,0.46932109764022917,0.0,5.057073139846268e-12,10,1427.0,2286.0,1254.0,2893.0
UAVS,1,0.21527359208721375,0.0,3.3015011030739784e-07,42,1427.0,3106.0,1254.0,1138.0
UBCP,1,0.16690357851858792,0.0,2.3158706471526314e-13,14,1427.0,3264.0,1254.0,3120.0
UCIB,1,0.45342831365246267,0.0,7.770982882470849e-11,10,1427.0,2353.0,1254.0,2591.0
UEIC,1,0.35848904671073034,0.0,5.497896753982655e-07,42,1427.0,2691.0,1254.0,977.0
TULP,1,0.11186307331648383,0.0,3.077288913663325e-11,29,1427.0,3419.0,1254.0,2671.0
TUSK,1,0.35298156890504423,0.0,1.8079356276820873e-09,10,1427.0,2710.0,1254.0,2010.0
TV,1,0.5466572643996693,0.0,1.4802428109588509e-08,32,1427.0,1983.0,1254.0,1630.0
TVE,1,0.39707163974114085,0.0,4.692933299031132e-13,29,1427.0,2555.0,1254.0,3067.0
TVRD,1,0.259758845284009,0.0,1.3026559140635592e-09,20,1427.0,2981.0,1254.0,2125.0
TVTX,1,0.41586128652866816,0.0,2.085488806482332e-09,20,1427.0,2490.0,1254.0,1940.0
TWAV,1,0.15872435415181055,0.0,2.434244838098755e-07,42,1427.0,3290.0,1254.0,1213.0
TWI,1,0.47329362931456015,0.0,1.2832515230597746e-11,16,1427.0,2269.0,1254.0,2785.0
TWIN,1,0.3816268197708723,0.0,5.852744659570793e-07,42,1427.0,2607.0,1254.0,945.0
ULTA,1,0.5223670173658419,0.0,4.575524273365277e-10,4,1427.0,2084.0,1254.0,2316.0
TXNM,1,0.6690015831023568,0.0,1.9511514683430492e-09,8,1427.0,1481.0,1254.0,1969.0
TXRH,1,0.7071888772476279,0.0,3.3173188447071765e-13,19,1427.0,1358.0,1254.0,3086.0
TYL,1,0.5807201244276093,0.0,8.459734208824278e-11,35,1427.0,1826.0,1254.0,2575.0
TZOO,1,0.38667442329292157,0.0,5.930156238177896e-07,42,1427.0,2587.0,1254.0,937.0
UA,1,0.9775740228528278,0.0,8.201202844254539e-12,48,1427.0,1182.0,1254.0,2823.0
UAMY,1,0.22934562566906425,0.0,4.338673782514679e-14,26,1427.0,3059.0,1254.0,3239.0
CLSK,1,0.33675081153401265,0.0,5.2715736277000235e-09,42,1427.0,2759.0,1254.0,1763.0
CLW,1,0.4140677474482789,0.0,4.8095619405069264e-08,31,1427.0,2495.0,1254.0,1451.0
CLX,1,0.5925165900437593,0.0,1.1286288624761155e-14,15,1427.0,1773.0,1254.0,3305.0
CMBT,1,0.6407784508280847,0.0,4.991335858584963e-12,49,1427.0,1592.0,1254.0,2897.0
CMCL,1,0.4523948163075342,0.0,1.0186173677383847e-10,26,1427.0,2357.0,1254.0,2552.0
CIK,1,0.6672128645926851,0.0,3.45586533253954e-07,29,1427.0,1489.0,1254.0,1124.0
CIVB,1,0.6896044219377959,0.0,0.0007983309022489386,40,1427.0,1411.0,1254.0,202.0
CIX,1,0.30976618345452855,0.0,1.6193146426870604e-05,1,1427.0,2847.0,1254.0,435.0
CKX,1,0.10036365678893672,0.0,1.1031877374747553e-16,31,1427.0,3435.0,1254.0,3440.0
BWG,1,0.6892670938513719,0.0,1.0058607825552198e-07,29,1427.0,1414.0,1254.0,1324.0
BWXT,1,0.5549028432656063,0.0,5.067316345073566e-10,4,1427.0,1939.0,1254.0,2297.0
UONE,1,0.5516987844685413,0.0,3.9483665627648704e-15,5,1427.0,1951.0,1254.0,3359.0
UPLD,1,0.37828338766360714,0.0,5.801468770674512e-07,42,1427.0,2622.0,1254.0,950.0
UPS,1,0.6170468668608227,0.0,3.732391854737682e-08,4,1427.0,1688.0,1254.0,1490.0
UFCS,1,0.5789124057881077,0.0,1.8165336094236984e-07,54,1427.0,1834.0,1254.0,1251.0
UFI,1,0.38353886148032784,0.0,2.8540076488527224e-06,4,1427.0,2599.0,1254.0,677.0
UFPT,1,0.43612895601246326,0.0,6.688605952061539e-07,42,1427.0,2428.0,1254.0,897.0
UG,1,0.19199781910350136,0.0,3.3369094633166783e-07,29,1427.0,3182.0,1254.0,1135.0
UGI,1,0.6826984069169119,0.0,4.108787645209011e-10,8,1427.0,1435.0,1254.0,2339.0
UHAL,1,0.5417603632801042,0.0,4.031373026135578e-06,4,1427.0,1997.0,1254.0,583.0
UI,1,0.4436814746315867,0.0,6.804433668365319e-07,42,1427.0,2401.0,1254.0,888.0
UIS,1,0.4176305828451008,0.0,3.107692590091946e-06,4,1427.0,2485.0,1254.0,654.0
UL,1,0.5240918110673783,0.0,2.145522506695153e-13,15,1427.0,2075.0,1254.0,3131.0
ULBI,1,0.3174671818776165,0.0,4.868772992525001e-07,42,1427.0,2823.0,1254.0,1019.0
ULH,1,0.47670483285483695,0.0,1.6173300625589002e-14,16,1427.0,2252.0,1254.0,3286.0
UMH,1,0.6495660120074389,0.0,4.580400348856964e-11,11,1427.0,1566.0,1254.0,2650.0
UNB,1,0.37952329366294685,0.0,2.9401773016176736e-08,47,1427.0,2616.0,1254.0,1525.0
UNF,1,0.5279328448745451,0.0,1.8749618611759696e-08,43,1427.0,2060.0,1254.0,1591.0
UNFI,1,0.2725776081131976,0.0,1.8308426480514216e-13,45,1427.0,2943.0,1254.0,3141.0
UNIT,1,0.4438494551977132,0.0,3.3027937121785533e-06,4,1427.0,2398.0,1254.0,637.0
CLDX,1,0.3477681860264376,0.0,1.7440110025806132e-09,20,1427.0,2726.0,1254.0,2027.0
CLF,1,0.6557654246272656,0.0,2.3248538760098693e-14,24,1427.0,1537.0,1254.0,3272.0
CLFD,1,0.48673809510831173,0.0,7.464763059536875e-07,42,1427.0,2216.0,1254.0,854.0
CLH,1,0.6707468156235442,0.0,1.4169879747202712e-06,29,1427.0,1470.0,1254.0,752.0
CLIR,1,0.24433403513474958,0.0,4.541849700063044e-12,14,1427.0,3024.0,1254.0,2913.0
CLLS,1,0.3604766655249287,0.0,1.8077423298085838e-09,20,1427.0,2683.0,1254.0,2011.0
CLM,1,0.942660644540999,0.0,3.2514914052448184e-08,29,1427.0,1198.0,1254.0,1510.0
BVN,1,0.6617311728585461,0.0,1.489961511010265e-10,26,1427.0,1510.0,1254.0,2493.0
BW,1,0.35856997235162075,0.0,5.499137854156976e-07,42,1427.0,2689.0,1254.0,975.0
BWA,1,0.7619390471257251,0.0,2.4721334721178946e-11,31,1427.0,1294.0,1254.0,2693.0
BWEN,1,0.2998510311110018,0.0,4.5986063611983935e-07,42,1427.0,2879.0,1254.0,1039.0
UTMD,1,0.3853508258401931,0.0,0.0004832626505673591,40,1427.0,2590.0,1254.0,280.0
UTSI,1,0.13319257616831578,0.0,1.5544646684391645e-15,22,1427.0,3367.0,1254.0,3391.0
UUU,1,0.21699767407640844,0.0,7.054263027408261e-17,11,1427.0,3102.0,1254.0,3448.0
URG,1,0.6688468742247369,0.0,2.106109072127874e-10,42,1427.0,1482.0,1254.0,2437.0
URGN,1,0.31585512616917993,0.0,1.5839712699870963e-09,20,1427.0,2832.0,1254.0,2064.0
USAC,1,0.6921127858894093,0.0,3.0296225069209544e-08,10,1427.0,1402.0,1254.0,1520.0
USAS,1,0.5822704146223973,0.0,1.3110467556776202e-10,26,1427.0,1821.0,1254.0,2512.0
USAU,1,0.3645959585774701,0.0,8.209284518765942e-11,26,1427.0,2670.0,1254.0,2581.0
USBC,1,0.08328198555821045,0.0,4.948618470026716e-12,59,1427.0,3453.0,1254.0,2900.0
USIO,1,0.21272003559025468,0.0,3.262338986115202e-07,42,1427.0,3117.0,1254.0,1143.0
USLM,1,0.48038065121006296,0.0,3.5746313883883417e-06,4,1427.0,2239.0,1254.0,615.0
USNA,1,0.4558369329198932,0.0,4.54008469451036e-10,31,1427.0,2346.0,1254.0,2319.0
USPH,1,0.5417059539596694,0.0,4.0309681529081545e-06,4,1427.0,1998.0,1254.0,584.0
UTHR,1,0.4026046752322089,0.0,2.0190086715008838e-09,20,1427.0,2539.0,1254.0,1951.0
UTI,1,0.3298406999164261,0.0,2.4544263307011325e-06,4,1427.0,2785.0,1254.0,701.0
UMC,1,0.5223736297463646,0.0,2.6479248028755284e-12,57,1427.0,2082.0,1254.0,2963.0
ADEA,1,0.4554163703745666,0.0,6.984403588800956e-07,42,1427.0,2347.0,1254.0,877.0
ADM,1,0.6574531168460974,0.0,3.8466972517543523e-10,4,1427.0,1527.0,1254.0,2351.0
ADMA,1,0.3110726295382491,0.0,4.770704198311305e-07,42,1427.0,2845.0,1254.0,1024.0
ADNT,1,0.7014884021788912,0.0,2.2759995957991234e-11,31,1427.0,1376.0,1254.0,2700.0
BXC,1,0.48797470577737995,0.0,3.901637019380684e-14,55,1427.0,2212.0,1254.0,3243.0
CIG-C,1,0.5224847749048416,0.0,2.055602623678425e-15,24,1427.0,2080.0,1254.0,3381.0
CIIT,1,0.09681875780138652,0.0,2.379841585069743e-09,4,1427.0,3441.0,1254.0,1910.0
CHRD,1,0.33295176675427784,0.0,9.383216988166553e-10,10,1427.0,2772.0,1254.0,2192.0
CHRS,1,0.38104413979258656,0.0,1.9108854660870507e-09,20,1427.0,2610.0,1254.0,1985.0
CHRW,1,0.5751767245794558,0.0,1.567891392950126e-14,16,1427.0,1850.0,1254.0,3287.0
CHSCL,1,0.7060402763441574,0.0,1.2377925522290044e-10,29,1427.0,1363.0,1254.0,2523.0
CHSCP,1,0.4884320431314899,0.0,7.296609053173353e-11,29,1427.0,2211.0,1254.0,2598.0
ADTN,1,0.44324401087962423,0.0,6.797724591577717e-07,42,1427.0,2403.0,1254.0,890.0
ADUS,1,0.3973107455347184,0.0,2.5167862171825003e-12,52,1427.0,2554.0,1254.0,2965.0
AEC,1,0.26073780910102234,0.0,8.210283833642643e-11,42,1427.0,2978.0,1254.0,2580.0
UTL,1,0.6651015891138323,0.0,1.210740816164281e-09,8,1427.0,1495.0,1254.0,2144.0
CHDN,1,0.6555690655883226,0.0,1.0218233927293968e-13,58,1427.0,1539.0,1254.0,3192.0
VIASP,1,0.5094213467610176,0.0,3.1024064921490033e-07,29,1427.0,2126.0,1254.0,1161.0
VIAV,1,0.536891564130223,0.0,1.5297109138450026e-13,57,1427.0,2019.0,1254.0,3157.0
VICR,1,0.48480987985568674,0.0,1.4809514342921438e-10,57,1427.0,2221.0,1254.0,2494.0
VIPS,1,0.5406545546406171,0.0,8.444820694865336e-15,22,1427.0,2003.0,1254.0,3320.0
VIRC,1,0.20408404669073146,0.0,0.0002805395369331766,40,1427.0,3142.0,1254.0,315.0
VIRT,1,0.20741566939167438,0.0,1.06339777713351e-08,54,1427.0,3129.0,1254.0,1667.0
VIV,1,0.7968124291459374,0.0,8.630740854890535e-15,24,1427.0,1269.0,1254.0,3318.0
UVV,1,0.4158843526537524,0.0,2.7420695669426736e-12,15,1427.0,2489.0,1254.0,2961.0
VABK,1,0.2579786465478807,0.0,1.4497868104538435e-06,56,1427.0,2987.0,1254.0,746.0
VALU,1,0.3171809550039331,0.0,1.148424468697008e-06,34,1427.0,2826.0,1254.0,782.0
VATE,1,0.3288715037938439,0.0,5.043673132486929e-07,42,1427.0,2787.0,1254.0,1007.0
VBF,1,0.4470254975241909,0.0,3.1152372049591108e-09,29,1427.0,2384.0,1254.0,1851.0
VC,1,0.722191078816108,0.0,2.3431700324851604e-11,31,1427.0,1336.0,1254.0,2699.0
VCEL,1,0.450464913767138,0.0,6.908466548438879e-07,42,1427.0,2366.0,1254.0,885.0
AD,1,0.8772251633138942,0.0,2.468784518070617e-08,51,1427.0,1237.0,1254.0,1553.0
VEON,1,0.37210850096467535,0.0,7.1849693081396405e-09,29,1427.0,2642.0,1254.0,1732.0
VFC,1,0.5798925806338415,0.0,3.895264227620377e-08,48,1427.0,1830.0,1254.0,1485.0
VFL,1,0.6446237499584389,0.0,4.30544149241782e-10,33,1427.0,1579.0,1254.0,2328.0
VGZ,1,0.5312760017145943,0.0,1.1962271502364423e-10,26,1427.0,2040.0,1254.0,2530.0
VHI,1,0.44186476949699155,0.0,3.60174340100718e-16,31,1427.0,2406.0,1254.0,3421.0
CHT,1,0.34980403634530055,0.0,2.22949850911592e-10,22,1427.0,2720.0,1254.0,2429.0
CI,1,0.6593884644545951,0.0,2.3489029853461565e-09,21,1427.0,1519.0,1254.0,1916.0
CIA,1,0.3598066680142936,0.0,0.0005034611873687361,40,1427.0,2687.0,1254.0,275.0
CIEN,1,0.5652186465356421,0.0,1.610420064036837e-13,57,1427.0,1887.0,1254.0,3153.0
CIF,1,0.6099689685877773,0.0,1.8926061557409296e-07,29,1427.0,1718.0,1254.0,1241.0
BVFL,1,0.18272836666711945,0.0,2.535446879248989e-13,14,1427.0,3205.0,1254.0,3109.0
CGC,1,0.6697533170499608,0.0,7.851106565339873e-09,42,1427.0,1477.0,1254.0,1721.0
CGEN,1,0.36063670913275947,0.0,5.530833956296226e-07,42,1427.0,2681.0,1254.0,971.0
CGNX,1,0.5749888236238185,0.0,2.1482238339123495e-10,57,1427.0,1851.0,1254.0,2436.0
CHCI,1,0.14153557626870597,0.0,1.0864201734466848e-07,29,1427.0,3339.0,1254.0,1309.0
CHCT,1,0.6536725688854286,0.0,1.5462519521987522e-11,11,1427.0,1547.0,1254.0,2757.0
VIVS,1,0.20025379428880186,0.0,1.4901380746823077e-06,4,1427.0,3154.0,1254.0,743.0
VLRS,1,0.5132257188287067,0.0,1.3897166107027905e-08,32,1427.0,2108.0,1254.0,1635.0
CHEF,1,0.6530505052637017,0.0,4.253388659342539e-12,11,1427.0,1551.0,1254.0,2927.0
CHKP,1,0.4337223315905274,0.0,3.614299655629345e-15,35,1427.0,2434.0,1254.0,3362.0
CHNR,1,0.17165398757644773,0.0,3.0912047329963817e-16,59,1427.0,3243.0,1254.0,3423.0
CELH,1,0.3369909433901859,0.0,5.168195320850622e-07,42,1427.0,2757.0,1254.0,1002.0
CELZ,1,0.0957519455216217,0.0,6.851914342643052e-10,42,1427.0,3442.0,1254.0,2224.0
CENX,1,0.6956266723013212,0.0,3.2213150264637e-13,24,1427.0,1393.0,1254.0,3091.0
CERS,1,0.4743097823025394,0.0,7.27415868470533e-07,42,1427.0,2266.0,1254.0,861.0
VNCE,1,0.26373358283697923,0.0,5.571510839939655e-07,29,1427.0,2969.0,1254.0,969.0
VNDA,1,0.36886381971265975,0.0,1.8498027877975354e-09,20,1427.0,2658.0,1254.0,1997.0
VNET,1,0.5146325918339055,0.0,4.890573430880907e-15,22,1427.0,2104.0,1254.0,3342.0
VNRX,1,0.2027718286455298,0.0,1.402072839288203e-10,29,1427.0,3147.0,1254.0,2501.0
VOC,1,0.4486110870761222,0.0,3.1533208451123815e-09,10,1427.0,2374.0,1254.0,1848.0
VOD,1,0.4979514698600986,0.0,5.66560904553603e-13,7,1427.0,2173.0,1254.0,3051.0
VPG,1,0.5311205063903202,0.0,2.5288966094156315e-13,57,1427.0,2041.0,1254.0,3111.0
VRA,1,0.4568100702486377,0.0,3.212598207481365e-10,48,1427.0,2340.0,1254.0,2387.0
VRDN,1,0.23413909695957333,0.0,1.1741762982167752e-09,20,1427.0,3049.0,1254.0,2155.0
VRE,1,0.6506944841916218,0.0,3.785713745080337e-10,11,1427.0,1557.0,1254.0,2355.0
VREX,1,0.43622141127788344,0.0,6.69002387405471e-07,42,1427.0,2426.0,1254.0,896.0
VRME,1,0.1322472785640099,0.0,5.5854580711019304e-11,29,1427.0,3369.0,1254.0,2628.0
VRNS,1,0.5041781939979185,0.0,8.562680428247934e-15,35,1427.0,2146.0,1254.0,3319.0
VRRM,1,0.5411598216449789,0.0,4.026904247108894e-06,4,1427.0,2001.0,1254.0,585.0
VRSK,1,0.6186183740209575,0.0,1.743455918043131e-08,30,1427.0,1681.0,1254.0,1602.0
VRSN,1,0.5775629837519877,0.0,4.034206297094091e-09,35,1427.0,1842.0,1254.0,1804.0
VRTS,1,0.6456309754283159,0.0,7.580598674857537e-08,54,1427.0,1577.0,1254.0,1361.0
VRTX,1,0.536967583397828,0.0,2.692820709252653e-09,20,1427.0,2018.0,1254.0,1874.0
VS,1,0.11985034053396078,0.0,4.691445888711288e-12,20,1427.0,3406.0,1254.0,2906.0
VSA,1,0.10858908906551551,0.0,1.1487945622981399e-12,0,1427.0,3426.0,1254.0,3012.0
VSAT,1,0.46659704367563143,0.0,7.155873785765699e-07,42,1427.0,2304.0,1254.0,868.0
VSEC,1,0.5239017620978912,0.0,8.03471632863279e-07,42,1427.0,2076.0,1254.0,833.0
VIVK,1,0.10561783213449767,0.0,3.335129610025868e-12,42,1427.0,3431.0,1254.0,2947.0
ACU,1,0.21952375946989713,0.0,2.549855971885413e-08,31,1427.0,3093.0,1254.0,1547.0
VZ,1,0.6752440647001114,0.0,7.461657373567546e-08,54,1427.0,1460.0,1254.0,1366.0
WAB,1,0.6770160887240947,0.0,4.313906663785165e-06,16,1427.0,1453.0,1254.0,553.0
WAT,1,0.7323981828271424,0.0,3.5426103922669785e-10,53,1427.0,1320.0,1254.0,2366.0
VSTM,1,0.3292529605284191,0.0,1.6511596197653842e-09,20,1427.0,2786.0,1254.0,2056.0
VTGN,1,0.21455932241774492,0.0,1.1332202960587587e-11,20,1427.0,3109.0,1254.0,2791.0
VTOL,1,0.5274425383912973,0.0,3.936845485396521e-09,10,1427.0,2065.0,1254.0,1806.0
VTSI,1,0.18070778879479538,0.0,2.771389459597995e-07,42,1427.0,3211.0,1254.0,1189.0
VTVT,1,0.15060348977152133,0.0,2.1274635437189138e-07,29,1427.0,3317.0,1254.0,1229.0
VVV,1,0.5694331035984971,0.0,1.2029574221037214e-06,29,1427.0,1872.0,1254.0,773.0
VVX,1,0.37778603661262367,0.0,2.8111994543673868e-06,4,1427.0,2623.0,1254.0,681.0
VYGR,1,0.4124399218525189,0.0,2.068331119619181e-09,20,1427.0,2509.0,1254.0,1943.0
VYX,1,0.6070674340583244,0.0,4.5173391126118605e-06,4,1427.0,1724.0,1254.0,539.0
ACHV,1,0.18720580187602165,0.0,2.871044959129604e-07,42,1427.0,3198.0,1254.0,1182.0
ACIC,1,0.29450342491604986,0.0,6.094206612281866e-15,44,1427.0,2891.0,1254.0,3336.0
ACIU,1,0.2843672606538835,0.0,1.4260638302257964e-09,20,1427.0,2913.0,1254.0,2095.0
ACNT,1,0.2726717751926407,0.0,9.521698834740395e-06,54,1427.0,2941.0,1254.0,455.0
ACR,1,0.6338110740961425,0.0,4.4193655637896613e-13,14,1427.0,1631.0,1254.0,3073.0
CETX,1,0.16663177177226515,0.0,1.6334470424901554e-13,55,1427.0,3267.0,1254.0,3151.0
CEV,1,0.6650885964642046,0.0,3.470700162289576e-10,33,1427.0,1496.0,1254.0,2373.0
CEVA,1,0.5922478152878431,0.0,1.8091426912864928e-10,57,1427.0,1777.0,1254.0,2458.0
CFBK,1,0.2027958652219069,0.0,3.513989026853337e-05,40,1427.0,3146.0,1254.0,392.0
CFFI,1,0.4877251278614111,0.0,0.0006731325162097604,40,1427.0,2213.0,1254.0,227.0
CGAU,1,0.6407415897055121,0.0,1.4427011246545396e-10,26,1427.0,1593.0,1254.0,2498.0
CCLD,1,0.20346931375541008,0.0,3.1204671102116484e-07,42,1427.0,3145.0,1254.0,1160.0
CCM,1,0.12510622661088885,0.0,6.185006803298163e-11,33,1427.0,3393.0,1254.0,2619.0
CCO,1,0.47627760464407115,0.0,3.544099602801505e-06,4,1427.0,2254.0,1254.0,619.0
CCOI,1,0.3432298447317891,0.0,2.5540582729954434e-06,4,1427.0,2740.0,1254.0,694.0
CCU,1,0.5293913742131986,0.0,3.1505543539039976e-10,12,1427.0,2048.0,1254.0,2391.0
CD,1,0.17041223267823694,0.0,8.918856267020731e-12,20,1427.0,3247.0,1254.0,2811.0
ACRS,1,0.22770810795513843,0.0,1.1419257473393249e-09,20,1427.0,3067.0,1254.0,2162.0
ACTG,1,0.3502258108521231,0.0,5.371169262525897e-07,42,1427.0,2716.0,1254.0,986.0
WCC,1,0.6769741019124513,0.0,1.2730322419347638e-07,16,1427.0,1454.0,1254.0,1286.0
WD,1,0.6027486912613608,0.0,4.485202277954778e-06,4,1427.0,1737.0,1254.0,541.0
CDNA,1,0.4065465749694063,0.0,7.683891729339201e-09,42,1427.0,2523.0,1254.0,1724.0
CDZI,1,0.28813716112719495,0.0,4.418958898182775e-07,42,1427.0,2904.0,1254.0,1053.0
CE,1,0.7040634329730832,0.0,5.002314887156173e-13,31,1427.0,1366.0,1254.0,3063.0
CECO,1,0.44576827797110613,0.0,6.836437517330301e-07,42,1427.0,2391.0,1254.0,886.0
CBAT,1,0.2486116012680127,0.0,2.1856086787595201e-16,24,1427.0,3012.0,1254.0,3429.0
CBFV,1,0.3230177306869367,0.0,0.00039513832333096303,40,1427.0,2812.0,1254.0,294.0
CBIO,1,0.242459451920297,0.0,1.2159017670045802e-09,20,1427.0,3029.0,1254.0,2142.0
CBOE,1,0.5600792750551863,0.0,1.3235859197244392e-13,30,1427.0,1908.0,1254.0,3166.0
CBRL,1,0.6388221754622638,0.0,7.972300830534063e-16,19,1427.0,1610.0,1254.0,3407.0
WDFC,1,0.3632337038310786,0.0,2.2119706847584365e-13,31,1427.0,2674.0,1254.0,3126.0
WDS,1,0.6313055952319486,0.0,4.712082172983024e-09,10,1427.0,1638.0,1254.0,1779.0
WEA,1,0.559198300277782,0.0,1.7350753888943561e-07,29,1427.0,1916.0,1254.0,1259.0
WEYS,1,0.4918787914891081,0.0,5.86443506542319e-06,47,1427.0,2199.0,1254.0,500.0
ACIW,1,0.5879723790827136,0.0,4.375248079788478e-06,4,1427.0,1793.0,1254.0,549.0
WMT,1,0.5649567007041298,0.0,3.115167180185092e-14,55,1427.0,1888.0,1254.0,3256.0
WNC,1,0.5661242811558735,0.0,1.0645820287930245e-07,16,1427.0,1884.0,1254.0,1312.0
WF,1,0.7143157943827295,0.0,1.6247788420152544e-13,22,1427.0,1347.0,1254.0,3152.0
WFCF,1,0.2806577555868789,0.0,9.737539656244102e-12,20,1427.0,2931.0,1254.0,2801.0
WFG,1,0.5590596764525391,0.0,4.779711993325158e-15,55,1427.0,1917.0,1254.0,3343.0
WGO,1,0.7906918941088396,0.0,7.006392396021231e-10,4,1427.0,1272.0,1254.0,2221.0
WHG,1,0.49210977835196296,0.0,1.0396078250760905e-06,29,1427.0,2197.0,1254.0,795.0
WHLR,1,0.1554698969085487,0.0,1.1570954514500491e-09,42,1427.0,3300.0,1254.0,2160.0
WHLRP,1,0.25858009033800333,0.0,6.883384274644654e-08,29,1427.0,2984.0,1254.0,1388.0
WHR,1,0.6197999790873375,0.0,1.5639169245154793e-11,55,1427.0,1676.0,1254.0,2753.0
WIA,1,0.6386279707014816,0.0,2.3988830747007906e-09,29,1427.0,1612.0,1254.0,1908.0
WILC,1,0.19506221401697912,0.0,3.572791954653146e-08,29,1427.0,3169.0,1254.0,1496.0
WINA,1,0.47694246232805193,0.0,3.5490469734751197e-06,4,1427.0,2251.0,1254.0,618.0
WING,1,0.4132970970266383,0.0,7.676632450869009e-09,29,1427.0,2504.0,1254.0,1725.0
WIT,1,0.588122672832058,0.0,3.296401903578578e-15,0,1427.0,1791.0,1254.0,3368.0
WIX,1,0.5570314002013265,0.0,9.460241171137738e-15,35,1427.0,1925.0,1254.0,3314.0
WKHS,1,0.2653184079841301,0.0,4.0690035788051377e-07,42,1427.0,2961.0,1254.0,1074.0
WKSP,1,0.1280811782933443,0.0,8.228699058758674e-12,20,1427.0,3383.0,1254.0,2822.0
WLDN,1,0.41370060578652795,0.0,3.078448657569203e-06,4,1427.0,2499.0,1254.0,656.0
WLFC,1,0.46811343113198944,0.0,0.00019308880562810858,54,1427.0,2295.0,1254.0,328.0
WLKP,1,0.5116358529448638,0.0,2.2396111255903605e-08,10,1427.0,2120.0,1254.0,1562.0
CCEL,1,0.14558664385095632,0.0,8.97397892197334e-09,29,1427.0,3329.0,1254.0,1708.0
CCEP,1,0.5364501754401052,0.0,1.0897178941911356e-10,15,1427.0,2022.0,1254.0,2547.0
CCJ,1,0.6703620400299317,0.0,9.27944586545229e-14,42,1427.0,1472.0,1254.0,3202.0
BYRN,1,0.13078589022031928,0.0,9.869484420399176e-15,16,1427.0,3375.0,1254.0,3309.0
BYSI,1,0.17974129218669893,0.0,9.013785731329084e-10,20,1427.0,3217.0,1254.0,2200.0
BZUN,1,0.5756939685555695,0.0,1.7124115382939967e-13,22,1427.0,1847.0,1254.0,3145.0
CAAS,1,0.17492817511844483,0.0,2.682751551237899e-07,42,1427.0,3232.0,1254.0,1197.0
CABO,1,0.5032524462908752,0.0,4.92328334361441e-10,54,1427.0,2148.0,1254.0,2300.0
CACC,1,0.5498982100223786,0.0,3.2415200173571126e-05,54,1427.0,1965.0,1254.0,396.0
WLYB,1,0.5562429330230635,0.0,2.859079263888195e-08,4,1427.0,1930.0,1254.0,1531.0
WMS,1,0.5918009554692099,0.0,4.403737464799168e-06,4,1427.0,1779.0,1254.0,548.0
CAPR,1,0.18504152284931027,0.0,2.83785291952663e-07,42,1427.0,3200.0,1254.0,1186.0
CAPS,1,0.08257794067432492,0.0,8.679271210880576e-17,35,1427.0,3455.0,1254.0,3444.0
WVVIP,1,0.07914710781091176,0.0,6.162181278448326e-15,42,1427.0,3457.0,1254.0,3335.0
WWW,1,0.5578262898255261,0.0,3.923012767961805e-10,48,1427.0,1922.0,1254.0,2347.0
ABEV,1,0.6480858786853995,0.0,2.3547816309542295e-14,24,1427.0,1573.0,1254.0,3270.0
WNEB,1,0.634319219699464,0.0,0.0008719526246555114,40,1427.0,1628.0,1254.0,183.0
WOR,1,0.6548154319093585,0.0,2.347836220083333e-14,24,1427.0,1540.0,1254.0,3271.0
WPP,1,0.575750536574935,0.0,1.7119378650398287e-06,54,1427.0,1846.0,1254.0,735.0
WRLD,1,0.4642847202222477,0.0,0.0001293604268978984,54,1427.0,2313.0,1254.0,338.0
WRN,1,0.4057407931975451,0.0,4.0736754982080863e-13,24,1427.0,2527.0,1254.0,3075.0
WSBF,1,0.6703947006907855,0.0,0.0008407318688775691,40,1427.0,1471.0,1254.0,191.0
WSC,1,0.5984529029503617,0.0,9.178055236916775e-07,42,1427.0,1751.0,1254.0,811.0
WSO-B,1,0.30919251040361245,0.0,3.458559380965546e-14,16,1427.0,2848.0,1254.0,3249.0
WST,1,0.4675606850202627,0.0,5.076078877968687e-12,53,1427.0,2299.0,1254.0,2892.0
WT,1,0.5934019975553015,0.0,0.0002726841321290292,54,1427.0,1770.0,1254.0,316.0
WKC,1,0.548837949888464,0.0,6.779802305632716e-10,10,1427.0,1972.0,1254.0,2226.0
WTI,1,0.6492110002830075,0.0,2.8733061609647487e-09,10,1427.0,1567.0,1254.0,1867.0
WTM,1,0.461658154174712,0.0,1.6121103497228684e-05,54,1427.0,2321.0,1254.0,436.0
WTW,1,0.6922464674554596,0.0,1.0407064769725547e-07,54,1427.0,1401.0,1254.0,1317.0
WU,1,0.4808409452231718,0.0,4.590174313570268e-09,54,1427.0,2236.0,1254.0,1784.0
WULF,1,0.314440410567311,0.0,4.922321547774419e-09,42,1427.0,2838.0,1254.0,1772.0
WVE,1,0.2698361619901106,0.0,1.353192311329079e-09,20,1427.0,2949.0,1254.0,2114.0
WVVI,1,0.1407338183646128,0.0,5.075686837965103e-11,11,1427.0,3344.0,1254.0,2642.0
CAE,1,0.6158144417051276,0.0,1.3009404416539573e-06,29,1427.0,1691.0,1254.0,761.0
CAF,1,0.63968267036495,0.0,8.546626815916844e-12,22,1427.0,1602.0,1254.0,2814.0
CAG,1,0.5923086814046901,0.0,1.3190291887881823e-14,15,1427.0,1776.0,1254.0,3298.0
CBAN,1,0.47308628839577455,0.0,0.0006597325602250625,40,1427.0,2270.0,1254.0,233.0
CALM,1,0.2609057913160561,0.0,0.00036507366640059914,40,1427.0,2976.0,1254.0,299.0
CALX,1,0.4585478649451011,0.0,7.032429139350978e-07,42,1427.0,2332.0,1254.0,874.0
CAMT,1,0.6393269687982112,0.0,1.7839720815885442e-10,57,1427.0,1607.0,1254.0,2461.0
CANF,1,0.13672264908042042,0.0,1.1199827443386452e-11,20,1427.0,3356.0,1254.0,2792.0
CAPL,1,0.6399987373661971,0.0,6.554033016120859e-09,10,1427.0,1599.0,1254.0,1739.0
AAON,1,0.5280276963833429,0.0,4.874059405557464e-10,16,1427.0,2058.0,1254.0,2302.0
ABEO,1,0.3016899759701425,0.0,1.5129349337617125e-09,20,1427.0,2874.0,1254.0,2081.0
YRD,1,0.34617356195939003,0.0,4.6251314543774416e-12,22,1427.0,2732.0,1254.0,2909.0
YTRA,1,0.34584585447052446,0.0,5.848498536509465e-10,10,1427.0,2734.0,1254.0,2261.0
ZYME,1,0.3392947874970175,0.0,1.7015180407376483e-09,20,1427.0,2754.0,1254.0,2040.0
YUMC,1,0.49396765879317367,0.0,5.586808172813968e-16,22,1427.0,2188.0,1254.0,3417.0
Z,1,0.9925462091184284,0.0,1.802889980699233e-08,42,1427.0,1175.0,1254.0,1595.0
ZBH,1,0.6504656124088689,0.0,2.5523132216027915e-11,50,1427.0,1560.0,1254.0,2687.0
YHGJ,1,0.12381465052765332,0.0,1.879972372776537e-14,48,1427.0,3395.0,1254.0,3278.0
ZUMZ,1,0.557491762671901,0.0,9.07698263454193e-14,48,1427.0,1924.0,1254.0,3203.0
ZVRA,1,0.2325414423267519,0.0,1.166164273630064e-09,20,1427.0,3051.0,1254.0,2158.0
ZWS,1,0.640101671388095,0.0,2.733010675015536e-06,16,1427.0,1598.0,1254.0,685.0
ABAT,1,0.1845597302632495,0.0,2.830464002293879e-07,42,1427.0,3203.0,1254.0,1188.0
ABM,1,0.5400146719383102,0.0,0.0007376850430635027,40,1427.0,2006.0,1254.0,211.0
ABR,1,0.7104784010154922,0.0,1.462659443652013e-11,14,1427.0,1353.0,1254.0,2768.0
ABTS,1,0.17792008751448377,0.0,9.865135915267614e-11,10,1427.0,3222.0,1254.0,2557.0
XWEL,1,0.20369102719119472,0.0,3.488036192716525e-07,29,1427.0,3144.0,1254.0,1120.0
XWIN,1,0.15836676637201616,0.0,2.0117218740277927e-12,22,1427.0,3291.0,1254.0,2979.0
XXII,1,0.23670268369061087,0.0,3.630144151579838e-07,42,1427.0,3045.0,1254.0,1114.0
YDKG,1,0.16222053209945453,0.0,1.516599872670387e-09,42,1427.0,3280.0,1254.0,2080.0
YELP,1,0.500345772332395,0.0,3.723196798874956e-06,4,1427.0,2165.0,1254.0,605.0
YEXT,1,0.4224466160456652,0.0,7.174703026421924e-15,35,1427.0,2471.0,1254.0,3325.0
XPO,1,0.6402176938833772,0.0,1.5058454762805326e-12,16,1427.0,1596.0,1254.0,2997.0
XPRO,1,0.6250027546761641,0.0,2.4428301636587677e-09,10,1427.0,1656.0,1254.0,1903.0
XRN,1,0.5974727354829223,0.0,2.2725049537634055e-10,11,1427.0,1755.0,1254.0,2426.0
XRX,1,0.5149283100102253,0.0,7.897096745670892e-07,42,1427.0,2103.0,1254.0,838.0
XTIA,1,0.14384392365056844,0.0,2.2060340425355626e-07,42,1427.0,3335.0,1254.0,1219.0
XTLB,1,0.12759246987512662,0.0,1.0154318704003988e-07,29,1427.0,3386.0,1254.0,1322.0
XTNT,1,0.1252713395721137,0.0,3.249115812248202e-13,42,1427.0,3392.0,1254.0,3088.0
AB,1,0.679181045102609,0.0,1.4348057287065505e-06,29,1427.0,1444.0,1254.0,748.0
AAPL,1,0.6642433696206541,0.0,8.32115788062322e-07,29,1427.0,1500.0,1254.0,824.0
AAP,1,0.5202479025662207,0.0,5.673246972492078e-12,27,1427.0,2091.0,1254.0,2877.0
